customer_id,days_since_last_purchase,orders_30d,app_sessions_30d,average_order_value,loyalty_score,price_sensitivity,offer_affinity,expected_order_margin,expected_coupon_cost,coupon_sent,purchased_7d
CAFE-000001,23.5,4,4,12.11,0.4495,0.4376,0.5986,8.72,1.22,0,0
CAFE-000002,39.3,3,8,18.05,0.5544,0.7918,0.4135,13.0,1.9,1,1
CAFE-000003,22.1,2,7,10.55,0.656,0.7249,0.2464,7.6,1.28,0,0
CAFE-000004,31.3,4,4,16.59,0.541,0.5281,0.641,11.94,1.77,0,0
CAFE-000005,12.4,5,10,19.75,0.699,0.3824,0.3891,14.22,2.56,0,1
CAFE-000006,31.0,6,4,18.8,0.777,0.5836,0.358,13.54,2.45,0,0
CAFE-000007,34.6,1,4,16.48,0.5438,0.7516,0.5568,11.87,1.75,0,0
CAFE-000008,14.4,5,3,12.23,0.3252,0.7797,0.1474,8.81,1.12,1,0
CAFE-000009,15.2,3,5,14.87,0.6785,0.6243,0.2297,10.71,1.88,0,0
CAFE-000010,4.8,1,8,19.64,0.8447,0.1876,0.3398,14.14,2.88,1,0
CAFE-000011,63.9,2,0,14.69,0.3758,0.4846,0.4477,10.58,1.15,0,0
CAFE-000012,71.9,1,7,21.14,0.5516,0.587,0.772,15.22,1.97,0,0
CAFE-000013,7.5,3,8,16.75,0.8499,0.4332,0.6538,12.06,2.45,0,1
CAFE-000014,65.3,2,3,16.06,0.4922,0.6204,0.429,11.56,1.44,0,0
CAFE-000015,17.3,2,7,19.02,0.7524,0.5596,0.4619,13.69,2.53,1,1
CAFE-000016,73.5,1,4,9.92,0.4315,0.7044,0.2662,7.14,0.8,0,0
CAFE-000017,18.6,2,2,13.51,0.32,0.5214,0.6563,9.73,1.21,0,0
CAFE-000018,21.8,1,3,12.23,0.4521,0.6008,0.4569,8.81,1.24,0,0
CAFE-000019,32.0,2,6,18.79,0.6379,0.4152,0.6918,13.53,2.18,1,0
CAFE-000020,15.5,1,5,19.22,0.5511,0.601,0.2382,13.84,2.18,0,0
CAFE-000021,7.6,8,5,16.07,0.7197,0.2596,0.2731,11.57,2.14,1,1
CAFE-000022,20.2,1,6,15.64,0.3538,0.2262,0.1763,11.26,1.44,1,0
CAFE-000023,3.6,2,7,18.72,0.7134,0.5196,0.5268,13.48,2.51,0,0
CAFE-000024,16.6,1,6,8.07,0.4441,0.3734,0.353,5.81,0.83,0,1
CAFE-000025,40.9,2,4,15.62,0.6684,0.6926,0.4991,11.25,1.81,0,1
CAFE-000026,11.1,2,5,17.13,0.6611,0.6272,0.8052,12.33,2.16,1,0
CAFE-000027,30.5,2,3,12.51,0.2198,0.4307,0.6859,9.01,0.94,0,0
CAFE-000028,18.8,6,7,18.61,0.7141,0.7133,0.4206,13.4,2.39,0,1
CAFE-000029,8.1,2,2,15.3,0.4977,0.1562,0.4386,11.02,1.7,0,1
CAFE-000030,26.0,2,8,18.04,0.8833,0.2185,0.1966,12.99,2.58,1,0
CAFE-000031,22.4,4,1,12.5,0.4217,0.7963,0.828,9.0,1.23,0,1
CAFE-000032,17.6,1,6,18.06,0.8279,0.8214,0.3556,13.0,2.54,0,0
CAFE-000033,81.5,1,5,20.67,0.3448,0.6696,0.3897,14.88,1.43,1,0
CAFE-000034,7.3,2,3,9.55,0.1894,0.7779,0.5505,6.88,0.77,0,0
CAFE-000035,10.9,4,7,18.0,0.7309,0.4171,0.6168,12.96,2.4,0,1
CAFE-000036,53.4,1,2,13.08,0.2006,0.8069,0.8018,9.42,0.85,0,0
CAFE-000037,2.3,0,4,9.23,0.2495,0.7893,0.6838,6.65,0.81,0,0
CAFE-000038,19.6,5,6,19.45,0.8447,0.6154,0.572,14.0,2.75,0,0
CAFE-000039,21.0,2,8,11.9,0.4936,0.5179,0.399,8.57,1.26,0,0
CAFE-000040,13.9,4,5,21.03,0.6419,0.6807,0.7007,15.14,2.59,1,1
CAFE-000041,8.9,2,4,17.18,0.6857,0.6355,0.8396,12.37,2.22,1,0
CAFE-000042,31.5,4,8,17.43,0.7009,0.1535,0.7643,12.55,2.14,0,1
CAFE-000043,19.2,1,4,14.45,0.4915,0.5207,0.5985,10.4,1.54,0,0
CAFE-000044,51.4,2,0,8.07,0.1157,0.6995,0.1443,5.81,0.46,0,0
CAFE-000045,69.1,0,4,12.43,0.3002,0.4334,0.5853,8.95,0.86,0,0
CAFE-000046,34.1,1,6,11.35,0.3732,0.7432,0.4495,8.17,1.01,0,1
CAFE-000047,2.6,2,2,17.83,0.8252,0.6952,0.5334,12.84,2.6,1,1
CAFE-000048,11.4,5,8,18.61,0.8144,0.5333,0.722,13.4,2.63,1,0
CAFE-000049,1.7,0,3,9.56,0.2155,0.7863,0.5319,6.88,0.81,1,0
CAFE-000050,27.1,4,9,18.53,0.4648,0.7879,0.3022,13.34,1.87,1,0
CAFE-000051,8.0,2,9,16.46,0.9198,0.5649,0.5159,11.85,2.52,0,0
CAFE-000052,11.0,1,1,12.76,0.5483,0.1352,0.3177,9.19,1.47,0,1
CAFE-000053,2.8,1,6,16.4,0.667,0.3894,0.6396,11.81,2.13,1,0
CAFE-000054,5.3,2,6,17.02,0.6718,0.7134,0.694,12.25,2.2,1,0
CAFE-000055,3.5,3,5,16.22,0.6469,0.3958,0.4964,11.68,2.07,0,0
CAFE-000056,5.1,4,6,12.68,0.4529,0.2111,0.8005,9.13,1.36,0,0
CAFE-000057,20.0,1,4,9.52,0.2102,0.2539,0.404,6.85,0.74,0,0
CAFE-000058,9.7,7,6,17.31,0.6978,0.5201,0.8774,12.46,2.26,0,0
CAFE-000059,25.2,3,3,17.11,0.7234,0.6363,0.8185,12.32,2.18,1,0
CAFE-000060,45.0,0,3,15.43,0.2403,0.2136,0.6938,11.11,1.11,0,0
CAFE-000061,11.0,3,6,18.22,0.8982,0.3354,0.511,13.12,2.73,1,1
CAFE-000062,27.5,0,0,7.13,0.0531,0.595,0.3933,5.13,0.42,0,0
CAFE-000063,26.4,0,1,13.5,0.0759,0.5954,0.4845,9.72,0.84,0,0
CAFE-000064,34.7,1,2,9.91,0.2182,0.3391,0.2917,7.14,0.73,0,0
CAFE-000065,22.7,1,3,12.3,0.4035,0.6729,0.3153,8.86,1.18,0,0
CAFE-000066,44.5,5,2,15.19,0.5509,0.4327,0.4684,10.94,1.57,0,0
CAFE-000067,9.9,2,1,17.98,0.4835,0.5754,0.4657,12.95,1.96,0,0
CAFE-000068,33.0,3,5,16.52,0.5459,0.6061,0.3638,11.89,1.76,0,0
CAFE-000069,21.3,3,2,14.44,0.4034,0.4992,0.7371,10.4,1.4,0,0
CAFE-000070,16.8,3,8,17.63,0.8515,0.4263,0.4517,12.69,2.52,0,0
CAFE-000071,44.2,2,2,10.93,0.3762,0.5995,0.3931,7.87,0.94,1,1
CAFE-000072,15.0,2,1,10.64,0.4506,0.1726,0.727,7.66,1.1,0,0
CAFE-000073,22.1,0,3,8.6,0.2627,0.1981,0.6963,6.19,0.71,0,0
CAFE-000074,46.7,2,0,19.46,0.5233,0.5993,0.204,14.01,1.94,0,0
CAFE-000075,3.9,2,12,17.97,0.7726,0.608,0.708,12.94,2.51,1,1
CAFE-000076,26.5,5,11,19.32,0.8943,0.7131,0.3233,13.91,2.78,0,0
CAFE-000077,4.8,4,2,15.13,0.6374,0.4928,0.4978,10.89,1.91,1,0
CAFE-000078,10.5,1,3,15.63,0.584,0.6481,0.3126,11.25,1.85,1,0
CAFE-000079,44.1,2,6,9.07,0.4294,0.8737,0.7632,6.53,0.83,0,0
CAFE-000080,16.7,0,4,18.76,0.6447,0.5378,0.4694,13.51,2.3,0,0
CAFE-000081,15.5,1,3,11.8,0.3726,0.6335,0.7468,8.5,1.13,0,0
CAFE-000082,39.3,3,5,19.03,0.6418,0.7689,0.7654,13.7,2.17,0,0
CAFE-000083,12.3,2,6,11.59,0.5248,0.6722,0.2454,8.34,1.3,0,0
CAFE-000084,4.0,2,6,16.37,0.6213,0.3361,0.7099,11.79,2.04,1,1
CAFE-000085,14.8,5,8,20.52,0.8111,0.6071,0.2951,14.77,2.87,0,0
CAFE-000086,54.6,0,2,13.11,0.2359,0.6599,0.6652,9.44,0.89,0,0
CAFE-000087,35.9,2,4,15.5,0.5749,0.2376,0.6856,11.16,1.68,0,0
CAFE-000088,37.8,0,3,14.61,0.494,0.5667,0.2879,10.52,1.46,0,0
CAFE-000089,42.7,3,3,17.93,0.609,0.6375,0.2508,12.91,1.96,1,0
CAFE-000090,14.5,4,5,17.83,0.6181,0.5191,0.6372,12.84,2.15,0,0
CAFE-000091,6.1,1,4,17.28,0.6038,0.4259,0.2368,12.44,2.11,1,0
CAFE-000092,11.2,6,5,18.6,0.7924,0.3961,0.5398,13.39,2.59,0,1
CAFE-000093,19.9,4,3,17.86,0.8526,0.2702,0.3718,12.86,2.54,0,1
CAFE-000094,19.4,0,5,8.4,0.4478,0.4517,0.7451,6.05,0.86,0,0
CAFE-000095,20.1,1,2,10.43,0.3234,0.4445,0.1192,7.51,0.93,1,0
CAFE-000096,20.8,1,0,10.07,0.1791,0.6902,0.1713,7.25,0.75,0,0
CAFE-000097,36.5,3,14,19.06,0.8925,0.3555,0.4277,13.72,2.67,0,0
CAFE-000098,53.9,2,2,7.67,0.2863,0.4799,0.5691,5.52,0.56,0,1
CAFE-000099,9.1,4,3,11.51,0.4543,0.2652,0.4988,8.29,1.22,1,0
CAFE-000100,13.9,1,2,16.83,0.5101,0.4591,0.6536,12.12,1.85,0,1
CAFE-000101,32.0,1,4,5.66,0.354,0.5836,0.8466,4.08,0.5,0,0
CAFE-000102,13.9,4,3,15.93,0.5059,0.3586,0.5253,11.47,1.75,0,0
CAFE-000103,27.7,3,7,19.55,0.8686,0.664,0.4867,14.08,2.75,1,0
CAFE-000104,18.6,0,3,5.7,0.05,0.3936,0.732,4.1,0.36,0,0
CAFE-000105,21.6,1,8,15.67,0.3476,0.7223,0.733,11.28,1.43,0,0
CAFE-000106,47.1,1,2,14.65,0.3933,0.9283,0.1994,10.55,1.27,0,0
CAFE-000107,17.4,2,4,21.33,0.6637,0.4576,0.7081,15.36,2.65,0,0
CAFE-000108,67.8,0,4,9.81,0.2342,0.7776,0.6028,7.06,0.62,0,0
CAFE-000109,36.9,1,5,12.94,0.4546,0.5036,0.6261,9.32,1.24,0,1
CAFE-000110,18.4,1,5,10.49,0.3478,0.4971,0.1141,7.55,0.97,0,0
CAFE-000111,49.6,2,8,17.61,0.5621,0.5916,0.6051,12.68,1.8,0,0
CAFE-000112,25.2,1,1,11.15,0.4264,0.6181,0.7612,8.03,1.09,1,0
CAFE-000113,25.1,1,3,11.98,0.2934,0.7025,0.4078,8.63,1.01,1,1
CAFE-000114,6.2,1,7,20.49,0.7188,0.634,0.273,14.75,2.74,1,0
CAFE-000115,46.6,5,9,19.48,0.7735,0.6256,0.3347,14.03,2.43,0,0
CAFE-000116,24.9,6,4,17.06,0.6377,0.4494,0.2442,12.28,2.03,0,1
CAFE-000117,5.7,3,4,18.65,0.8721,0.3537,0.8019,13.43,2.78,0,1
CAFE-000118,56.4,3,4,11.92,0.3531,0.6447,0.2194,8.58,0.94,0,0
CAFE-000119,30.1,1,6,15.53,0.6392,0.6131,0.7378,11.18,1.82,0,0
CAFE-000120,10.8,1,6,12.96,0.3665,0.3423,0.5444,9.33,1.25,1,1
CAFE-000121,34.9,1,8,13.94,0.6901,0.4645,0.3872,10.04,1.68,1,0
CAFE-000122,27.3,2,5,12.7,0.5504,0.5495,0.6032,9.14,1.39,0,0
CAFE-000123,2.1,3,6,15.41,0.6782,0.4291,0.2165,11.1,2.02,0,0
CAFE-000124,37.6,1,2,11.0,0.2639,0.6972,0.1434,7.92,0.85,0,0
CAFE-000125,21.8,4,12,18.55,0.7405,0.7265,0.4199,13.36,2.42,1,1
CAFE-000126,13.3,1,5,15.77,0.8581,0.784,0.5824,11.35,2.29,0,0
CAFE-000127,19.4,0,3,12.06,0.058,0.5585,0.5239,8.68,0.76,0,0
CAFE-000128,62.1,1,2,10.78,0.1276,0.3462,0.3457,7.76,0.59,1,0
CAFE-000129,6.8,4,7,19.61,0.7722,0.0982,0.5141,14.12,2.72,1,0
CAFE-000130,33.8,2,4,11.86,0.408,0.2329,0.1296,8.54,1.1,0,0
CAFE-000131,19.3,3,5,13.39,0.4853,0.2716,0.5001,9.64,1.41,1,1
CAFE-000132,7.4,1,3,7.68,0.17,0.4034,0.2562,5.53,0.6,0,0
CAFE-000133,20.3,1,2,12.72,0.51,0.621,0.8728,9.16,1.37,0,0
CAFE-000134,25.6,1,4,12.9,0.6436,0.2944,0.4483,9.29,1.54,0,0
CAFE-000135,19.8,2,5,21.55,0.7891,0.5681,0.8345,15.52,2.93,0,1
CAFE-000136,37.5,5,4,22.93,0.9295,0.7518,0.457,16.51,3.29,0,1
CAFE-000137,14.3,1,2,7.65,0.1594,0.7458,0.5742,5.51,0.57,0,0
CAFE-000138,48.0,1,6,17.36,0.4423,0.4685,0.2204,12.5,1.58,1,0
CAFE-000139,24.2,5,5,16.59,0.576,0.3221,0.3256,11.94,1.87,1,0
CAFE-000140,18.2,3,4,15.34,0.5965,0.2678,0.5498,11.04,1.8,1,0
CAFE-000141,22.3,0,7,18.75,0.6608,0.572,0.7915,13.5,2.29,0,0
CAFE-000142,20.6,4,2,12.26,0.442,0.4541,0.3563,8.83,1.24,0,0
CAFE-000143,45.0,3,5,9.91,0.3831,0.7599,0.4088,7.14,0.85,0,0
CAFE-000144,36.9,1,5,13.68,0.4006,0.4554,0.468,9.85,1.24,0,0
CAFE-000145,27.8,0,5,7.53,0.1993,0.6198,0.5886,5.42,0.56,0,0
CAFE-000146,5.9,0,6,15.14,0.3452,0.374,0.4833,10.9,1.46,0,0
CAFE-000147,21.4,0,4,7.5,0.5397,0.6568,0.2935,5.4,0.83,0,0
CAFE-000148,24.4,4,5,22.4,0.8431,0.63,0.8513,16.13,3.13,0,0
CAFE-000149,18.1,7,4,17.71,0.8051,0.236,0.1448,12.75,2.44,1,1
CAFE-000150,25.7,2,13,19.5,0.8269,0.6008,0.9133,14.04,2.68,0,1
CAFE-000151,48.8,3,4,14.65,0.3594,0.4854,0.5682,10.55,1.21,0,0
CAFE-000152,74.6,2,3,16.9,0.4776,0.6822,0.8624,12.17,1.43,1,0
CAFE-000153,22.2,5,5,16.63,0.8122,0.1157,0.6441,11.97,2.28,0,1
CAFE-000154,2.6,2,6,20.53,0.9121,0.377,0.8656,14.78,3.17,0,0
CAFE-000155,22.9,5,4,13.92,0.6492,0.3844,0.9059,10.02,1.68,0,1
CAFE-000156,50.3,2,2,11.86,0.2589,0.4319,0.5795,8.54,0.85,1,0
CAFE-000157,8.4,3,3,14.47,0.4972,0.3847,0.6599,10.42,1.6,0,0
CAFE-000158,34.9,3,4,13.66,0.4899,0.2033,0.7118,9.84,1.37,0,0
CAFE-000159,11.9,2,5,15.52,0.6758,0.8067,0.5,11.17,1.98,0,0
CAFE-000160,19.1,6,7,22.88,0.8084,0.4862,0.7126,16.47,3.16,0,1
CAFE-000161,9.1,2,3,15.02,0.507,0.6808,0.503,10.81,1.67,0,0
CAFE-000162,4.8,3,8,22.29,0.8779,0.5052,0.8965,16.05,3.34,0,0
CAFE-000163,69.9,5,5,12.08,0.8327,0.5852,0.6103,8.7,1.48,0,0
CAFE-000164,19.7,2,11,21.43,0.8489,0.6555,0.4315,15.43,3.04,0,1
CAFE-000165,15.4,7,3,10.44,0.2811,0.8097,0.584,7.52,0.9,0,0
CAFE-000166,7.2,2,9,13.91,0.6713,0.6273,0.8622,10.02,1.79,0,0
CAFE-000167,44.2,3,4,6.99,0.1949,0.7011,0.2621,5.03,0.47,0,0
CAFE-000168,27.4,2,0,13.72,0.3345,0.4646,0.4234,9.88,1.2,0,0
CAFE-000169,24.9,8,4,18.53,0.8419,0.4698,0.2056,13.34,2.58,1,1
CAFE-000170,27.8,3,2,13.7,0.2995,0.6406,0.3602,9.86,1.15,1,1
CAFE-000171,17.8,2,5,11.64,0.2598,0.3469,0.0981,8.38,0.97,0,0
CAFE-000172,16.2,2,9,18.89,0.7689,0.1815,0.3277,13.6,2.55,0,0
CAFE-000173,32.1,3,3,11.64,0.4547,0.1478,0.7463,8.38,1.14,1,0
CAFE-000174,39.1,2,6,19.07,0.3141,0.4181,0.428,13.73,1.55,0,0
CAFE-000175,44.1,0,5,16.94,0.383,0.6748,0.4229,12.2,1.46,0,1
CAFE-000176,6.8,2,7,19.72,0.8116,0.3971,0.3641,14.2,2.81,0,0
CAFE-000177,5.5,1,3,12.14,0.1704,0.6241,0.3354,8.74,0.96,1,0
CAFE-000178,11.0,5,4,23.73,0.8535,0.4473,0.5089,17.09,3.45,0,1
CAFE-000179,16.8,4,6,17.32,0.8322,0.3866,0.8433,12.47,2.45,0,1
CAFE-000180,43.0,1,6,10.85,0.4893,0.5148,0.7455,7.81,1.06,0,0
CAFE-000181,38.8,2,2,6.81,0.3562,0.4555,0.6867,4.9,0.58,0,0
CAFE-000182,73.5,0,5,14.32,0.2606,0.306,0.315,10.31,0.91,0,0
CAFE-000183,27.8,2,7,22.16,0.9375,0.7369,0.6198,15.96,3.27,0,0
CAFE-000184,34.1,2,0,10.27,0.2967,0.3788,0.4991,7.39,0.84,0,0
CAFE-000185,6.7,0,3,7.44,0.2328,0.4682,0.4505,5.36,0.63,0,0
CAFE-000186,12.4,2,4,16.13,0.5701,0.7391,0.4961,11.61,1.88,1,1
CAFE-000187,8.3,5,10,20.59,0.9055,0.3889,0.5938,14.82,3.12,0,1
CAFE-000188,50.2,6,5,19.83,0.8438,0.5936,0.3038,14.28,2.58,0,0
CAFE-000189,45.0,1,3,16.32,0.2771,0.3373,0.5739,11.75,1.23,1,0
CAFE-000190,10.9,4,6,10.97,0.4549,0.7457,0.5058,7.9,1.16,1,1
CAFE-000191,106.6,1,3,12.12,0.1327,0.4926,0.5053,8.73,0.48,0,0
CAFE-000192,46.8,0,1,10.17,0.2481,0.5217,0.6441,7.32,0.73,0,0
CAFE-000193,28.2,3,6,12.93,0.5956,0.3228,0.708,9.31,1.47,0,0
CAFE-000194,38.2,2,5,18.02,0.5717,0.3126,0.6262,12.97,1.94,0,1
CAFE-000195,53.9,0,2,12.97,0.1075,0.2958,0.5222,9.34,0.72,1,0
CAFE-000196,40.9,3,4,14.74,0.5708,0.4854,0.921,10.61,1.57,0,0
CAFE-000197,25.3,1,4,16.52,0.2965,0.8309,0.517,11.89,1.4,1,0
CAFE-000198,16.4,0,3,10.61,0.2558,0.8069,0.7155,7.64,0.89,0,0
CAFE-000199,12.0,4,4,15.01,0.5219,0.8022,0.642,10.81,1.68,1,1
CAFE-000200,47.0,2,2,11.69,0.4589,0.4756,0.8006,8.42,1.09,0,0
CAFE-000201,33.7,4,8,16.55,0.9107,0.1844,0.1845,11.92,2.37,1,1
CAFE-000202,10.3,2,4,19.57,0.5152,0.4616,0.3476,14.09,2.19,0,0
CAFE-000203,41.7,1,0,16.55,0.3026,0.2699,0.0878,11.92,1.31,0,0
CAFE-000204,14.6,4,4,18.28,0.7383,0.4744,0.6611,13.16,2.42,1,0
CAFE-000205,27.4,2,5,12.22,0.5077,0.4888,0.5169,8.8,1.28,0,0
CAFE-000206,42.8,5,10,18.38,0.695,0.2665,0.1689,13.23,2.17,1,0
CAFE-000207,31.6,3,5,10.14,0.4011,0.3421,0.7398,7.3,0.94,1,0
CAFE-000208,19.6,1,8,14.41,0.6919,0.5322,0.5988,10.38,1.82,0,0
CAFE-000209,37.0,0,1,12.32,0.1509,0.4972,0.3517,8.87,0.81,0,0
CAFE-000210,32.8,3,5,17.07,0.6456,0.5694,0.6813,12.29,1.99,0,0
CAFE-000211,17.3,1,6,16.15,0.4493,0.7308,0.4708,11.63,1.66,0,1
CAFE-000212,4.9,0,4,9.88,0.2141,0.4223,0.1645,7.11,0.83,0,0
CAFE-000213,46.6,2,5,12.14,0.5344,0.2141,0.8949,8.74,1.22,0,0
CAFE-000214,31.5,1,4,5.52,0.1694,0.2193,0.7681,3.97,0.38,0,1
CAFE-000215,86.1,1,6,15.63,0.4599,0.2279,0.1019,11.25,1.23,0,0
CAFE-000216,20.5,2,3,11.57,0.6238,0.7791,0.3615,8.33,1.38,0,0
CAFE-000217,2.5,3,7,17.53,0.7734,0.5363,0.8496,12.62,2.46,0,0
CAFE-000218,18.8,1,7,13.48,0.6598,0.3016,0.5256,9.71,1.66,1,0
CAFE-000219,27.8,2,5,11.25,0.3576,0.829,0.7517,8.1,1.01,0,0
CAFE-000220,67.1,2,5,16.21,0.4493,0.2706,0.8785,11.67,1.37,1,0
CAFE-000221,16.6,0,2,11.72,0.15,0.2452,0.6461,8.44,0.86,0,0
CAFE-000222,70.6,1,3,10.97,0.4668,0.5864,0.4387,7.9,0.94,0,0
CAFE-000223,6.2,3,4,17.43,0.5399,0.4988,0.4778,12.55,2.02,1,1
CAFE-000224,4.1,7,6,16.46,0.8369,0.5044,0.9389,11.85,2.41,0,1
CAFE-000225,40.4,1,4,14.56,0.5125,0.3634,0.5289,10.48,1.47,1,0
CAFE-000226,4.6,0,1,12.05,0.3149,0.5613,0.8345,8.68,1.13,0,0
CAFE-000227,13.1,2,4,13.73,0.623,0.3626,0.6342,9.89,1.67,0,0
CAFE-000228,17.4,2,6,11.27,0.45,0.1621,0.4655,8.11,1.16,0,1
CAFE-000229,25.5,2,2,14.46,0.6924,0.4106,0.7454,10.41,1.79,1,1
CAFE-000230,60.4,2,5,16.73,0.4535,0.7584,0.8689,12.05,1.47,0,0
CAFE-000231,21.0,2,4,7.32,0.5274,0.2129,0.4565,5.27,0.8,0,0
CAFE-000232,46.9,0,1,12.79,0.4453,0.5037,0.8464,9.21,1.17,0,0
CAFE-000233,12.5,1,2,13.73,0.5309,0.8437,0.7179,9.89,1.55,0,0
CAFE-000234,55.0,0,10,13.38,0.4834,0.7283,0.8219,9.63,1.24,1,0
CAFE-000235,19.9,2,4,17.22,0.6532,0.2742,0.6912,12.4,2.1,0,0
CAFE-000236,7.4,0,1,6.66,0.1784,0.908,0.5819,4.8,0.53,0,0
CAFE-000237,25.0,3,2,9.22,0.4766,0.326,0.5656,6.64,0.95,1,0
CAFE-000238,33.1,1,5,13.85,0.5171,0.1762,0.5983,9.97,1.44,0,0
CAFE-000239,39.6,4,12,17.8,0.8954,0.7189,0.4242,12.82,2.48,0,0
CAFE-000240,1.6,3,5,20.97,0.7414,0.6142,0.7199,15.1,2.88,0,0
CAFE-000241,12.6,2,5,14.82,0.4348,0.4215,0.2892,10.67,1.53,0,0
CAFE-000242,25.6,2,8,20.51,0.8818,0.2734,0.6352,14.77,2.93,0,0
CAFE-000243,12.4,1,5,16.78,0.5725,0.3551,0.4096,12.08,1.96,0,0
CAFE-000244,16.1,3,4,13.09,0.7213,0.6127,0.2655,9.42,1.71,1,1
CAFE-000245,9.7,3,12,16.88,0.7628,0.1905,0.4077,12.15,2.31,1,0
CAFE-000246,21.0,3,4,13.99,0.8998,0.1752,0.4964,10.07,2.05,0,0
CAFE-000247,17.6,1,4,11.87,0.5651,0.4766,0.6592,8.55,1.36,1,0
CAFE-000248,20.9,1,3,21.41,0.849,0.5787,0.476,15.42,3.03,0,1
CAFE-000249,47.5,2,2,20.19,0.3263,0.1626,0.3005,14.54,1.61,0,0
CAFE-000250,3.5,5,9,23.79,0.784,0.4392,0.7973,17.13,3.36,1,1
CAFE-000251,35.5,8,3,15.95,0.6291,0.5327,0.1621,11.48,1.82,0,1
CAFE-000252,37.4,3,4,9.77,0.6009,0.3252,0.5478,7.03,1.08,0,0
CAFE-000253,16.0,2,7,12.51,0.4102,0.4628,0.6297,9.01,1.24,0,1
CAFE-000254,22.5,4,4,20.14,0.8548,0.4409,0.5039,14.5,2.85,1,1
CAFE-000255,11.2,2,7,17.68,0.6606,0.666,0.457,12.73,2.23,0,1
CAFE-000256,42.3,4,6,14.19,0.6045,0.5306,0.2254,10.22,1.55,1,0
CAFE-000257,37.5,4,5,16.76,0.5126,0.3781,0.4531,12.07,1.71,0,1
CAFE-000258,50.5,1,0,12.34,0.1034,0.468,0.3973,8.88,0.69,0,0
CAFE-000259,3.2,4,8,17.49,0.7844,0.5155,0.4667,12.59,2.47,0,1
CAFE-000260,16.8,1,3,13.4,0.2727,0.7691,0.158,9.65,1.14,0,0
CAFE-000261,16.2,5,4,15.23,0.8177,0.3081,0.7702,10.97,2.13,0,0
CAFE-000262,37.1,7,3,19.12,0.7761,0.3541,0.3675,13.77,2.45,0,0
CAFE-000263,10.7,3,7,16.73,0.6322,0.6065,0.8672,12.05,2.06,1,1
CAFE-000264,66.1,3,6,11.69,0.2586,0.2273,0.7421,8.42,0.77,0,1
CAFE-000265,43.2,0,2,11.63,0.2263,0.5884,0.1934,8.37,0.83,0,0
CAFE-000266,23.0,0,5,16.37,0.5794,0.3938,0.4255,11.79,1.86,1,0
CAFE-000267,11.6,2,7,17.01,0.5757,0.832,0.5575,12.25,2.0,1,0
CAFE-000268,29.1,0,2,5.0,0.1484,0.4093,0.4145,3.6,0.34,1,0
CAFE-000269,10.0,3,5,16.74,0.5371,0.141,0.6642,12.05,1.91,1,0
CAFE-000270,33.6,1,3,13.21,0.1792,0.2807,0.7002,9.51,0.92,0,0
CAFE-000271,17.2,1,5,7.33,0.3698,0.1915,0.2884,5.28,0.69,0,0
CAFE-000272,35.3,1,7,14.98,0.5818,0.3693,0.2699,10.79,1.64,1,0
CAFE-000273,105.7,3,5,13.44,0.1672,0.5057,0.4856,9.68,0.57,0,0
CAFE-000274,33.8,1,2,14.14,0.2853,0.6055,0.3751,10.18,1.14,0,0
CAFE-000275,49.2,1,4,13.02,0.4264,0.2415,0.2975,9.37,1.16,0,0
CAFE-000276,31.2,0,7,16.12,0.6144,0.7647,0.4576,11.61,1.84,0,0
CAFE-000277,51.0,3,7,17.0,0.4931,0.4454,0.1543,12.24,1.61,0,0
CAFE-000278,56.1,2,2,8.55,0.2456,0.1404,0.3685,6.16,0.58,0,0
CAFE-000279,21.6,1,5,17.45,0.5249,0.4413,0.8311,12.56,1.9,0,0
CAFE-000280,18.0,3,4,19.15,0.614,0.1843,0.558,13.79,2.28,0,1
CAFE-000281,39.8,2,4,13.32,0.328,0.4678,0.69,9.59,1.1,1,0
CAFE-000282,10.0,3,7,15.98,0.538,0.6611,0.6487,11.51,1.82,0,0
CAFE-000283,5.5,9,10,21.65,0.9153,0.3178,0.4153,15.59,3.32,0,1
CAFE-000284,28.2,1,3,9.89,0.2688,0.352,0.4457,7.12,0.8,0,1
CAFE-000285,14.1,1,6,15.66,0.7119,0.7445,0.6982,11.28,2.04,0,1
CAFE-000286,20.9,4,8,18.2,0.9457,0.4883,0.5248,13.1,2.75,1,1
CAFE-000287,18.1,1,5,13.3,0.3089,0.3872,0.3952,9.58,1.18,0,1
CAFE-000288,55.5,2,3,6.71,0.2912,0.6462,0.3376,4.83,0.49,1,0
CAFE-000289,25.3,1,8,17.02,0.7714,0.4185,0.8292,12.25,2.25,0,0
CAFE-000290,65.9,0,3,8.52,0.3157,0.5176,0.3314,6.13,0.61,0,0
CAFE-000291,26.6,0,3,9.3,0.2964,0.816,0.683,6.7,0.78,1,0
CAFE-000292,7.9,3,0,16.26,0.3757,0.5025,0.7323,11.71,1.61,0,0
CAFE-000293,41.4,4,4,15.08,0.8179,0.6922,0.7381,10.86,1.97,0,0
CAFE-000294,22.4,3,6,12.21,0.2948,0.463,0.6342,8.79,1.04,0,0
CAFE-000295,19.1,2,2,10.24,0.1847,0.8936,0.2195,7.37,0.77,0,0
CAFE-000296,12.1,2,4,13.45,0.4517,0.215,0.8629,9.68,1.41,1,0
CAFE-000297,48.6,4,10,17.56,0.8655,0.396,0.2806,12.64,2.34,1,0
CAFE-000298,2.9,3,5,14.22,0.6179,0.199,0.2758,10.24,1.77,1,0
CAFE-000299,29.8,4,6,13.36,0.5601,0.2264,0.5395,9.62,1.46,0,0
CAFE-000300,6.0,6,8,20.3,0.8915,0.2024,0.3857,14.62,3.07,1,0
CAFE-000301,41.0,0,2,13.42,0.4061,0.7594,0.4961,9.66,1.21,0,0
CAFE-000302,4.9,3,8,14.23,0.6482,0.513,0.5001,10.25,1.81,1,1
CAFE-000303,12.4,1,4,16.38,0.3029,0.6349,0.0964,11.79,1.47,1,0
CAFE-000304,63.4,2,6,13.84,0.5849,0.3527,0.1817,9.96,1.38,0,0
CAFE-000305,37.4,7,5,16.27,0.8165,0.7483,0.2668,11.71,2.15,1,0
CAFE-000306,12.5,2,5,15.3,0.5227,0.1262,0.795,11.02,1.71,0,0
CAFE-000307,32.2,4,1,13.05,0.5639,0.5395,0.9243,9.4,1.42,0,0
CAFE-000308,23.5,2,4,12.64,0.3206,0.3046,0.8122,9.1,1.11,0,0
CAFE-000309,27.4,3,5,13.13,0.2863,0.5101,0.6785,9.45,1.09,0,0
CAFE-000310,31.9,1,2,13.12,0.2802,0.5203,0.1849,9.45,1.06,1,0
CAFE-000311,36.8,7,6,16.18,0.878,0.6347,0.7039,11.65,2.24,1,0
CAFE-000312,63.7,0,4,13.45,0.4121,0.3984,0.3041,9.68,1.11,0,0
CAFE-000313,43.9,0,4,16.02,0.4785,0.5482,0.6706,11.53,1.54,0,0
CAFE-000314,21.0,1,7,17.76,0.6969,0.7277,0.6363,12.79,2.24,1,1
CAFE-000315,85.4,0,3,16.2,0.4119,0.6338,0.495,11.66,1.21,0,0
CAFE-000316,29.0,4,3,15.85,0.4166,0.2167,0.6303,11.41,1.51,0,0
CAFE-000317,31.7,3,2,13.14,0.4645,0.4442,0.4251,9.46,1.3,0,0
CAFE-000318,26.2,3,1,13.52,0.5336,0.6182,0.4365,9.73,1.46,1,0
CAFE-000319,23.5,1,8,16.24,0.6783,0.567,0.7315,11.69,2.0,0,1
CAFE-000320,27.6,1,2,14.45,0.2854,0.8133,0.5263,10.4,1.19,0,0
CAFE-000321,17.6,4,4,28.17,0.918,0.3499,0.7366,20.28,4.21,0,0
CAFE-000322,20.9,3,2,16.35,0.6125,0.3233,0.5878,11.77,1.92,0,0
CAFE-000323,51.3,3,6,13.4,0.3817,0.3428,0.5409,9.65,1.12,0,0
CAFE-000324,22.8,3,11,19.23,0.8973,0.2186,0.3834,13.85,2.8,1,1
CAFE-000325,10.3,2,5,17.59,0.7752,0.5926,0.7907,12.66,2.42,1,0
CAFE-000326,23.2,2,10,18.97,0.8355,0.5166,0.6874,13.66,2.64,0,1
CAFE-000327,11.4,6,3,23.35,0.9756,0.2554,0.3836,16.81,3.68,0,1
CAFE-000328,10.6,3,8,20.31,0.7657,0.4505,0.5071,14.62,2.78,1,0
CAFE-000329,31.5,2,2,11.95,0.5874,0.1554,0.5407,8.6,1.33,1,1
CAFE-000330,22.8,6,3,20.55,0.7203,0.122,0.3966,14.8,2.63,1,0
CAFE-000331,21.2,1,7,17.11,0.7937,0.6089,0.5601,12.32,2.32,1,0
CAFE-000332,27.4,1,2,8.2,0.1196,0.9695,0.5516,5.9,0.54,0,0
CAFE-000333,60.1,0,1,9.55,0.1319,0.43,0.3255,6.88,0.53,0,0
CAFE-000334,17.3,1,3,11.07,0.2687,0.4155,0.4989,7.97,0.94,0,0
CAFE-000335,20.8,6,5,13.76,0.6824,0.7525,0.2364,9.91,1.72,1,0
CAFE-000336,69.6,0,5,12.59,0.4105,0.4484,0.5025,9.06,1.01,0,0
CAFE-000337,51.6,0,4,12.93,0.1541,0.3277,0.2304,9.31,0.79,0,0
CAFE-000338,4.6,4,6,5.83,0.4034,0.6643,0.3679,4.2,0.6,1,1
CAFE-000339,3.1,0,4,16.41,0.5591,0.4889,0.3791,11.82,1.95,1,1
CAFE-000340,31.1,4,8,16.89,0.7021,0.4673,0.6084,12.16,2.08,1,1
CAFE-000341,36.9,1,3,16.85,0.3284,0.6616,0.3686,12.13,1.41,0,0
CAFE-000342,31.3,2,4,17.23,0.6004,0.5216,0.7102,12.41,1.94,0,0
CAFE-000343,4.9,4,12,12.2,0.5724,0.455,0.5095,8.78,1.46,1,1
CAFE-000344,3.3,7,6,19.15,0.9065,0.2598,0.734,13.79,2.94,0,1
CAFE-000345,14.1,3,5,16.84,0.5584,0.2341,0.384,12.12,1.93,0,0
CAFE-000346,21.2,4,9,17.93,0.7623,0.3032,0.3626,12.91,2.38,1,0
CAFE-000347,38.8,1,5,21.03,0.763,0.5127,0.6286,15.14,2.66,0,0
CAFE-000348,15.8,1,3,7.18,0.1659,0.5754,0.1341,5.17,0.54,0,0
CAFE-000349,50.9,1,5,10.02,0.3221,0.7475,0.2552,7.21,0.78,0,0
CAFE-000350,26.0,5,4,19.51,0.7916,0.777,0.3327,14.05,2.61,0,1
CAFE-000351,25.8,1,4,18.21,0.568,0.4679,0.6222,13.11,2.03,0,0
CAFE-000352,18.0,4,5,14.43,0.5291,0.2375,0.4898,10.39,1.59,0,1
CAFE-000353,19.2,1,6,16.41,0.2897,0.2734,0.562,11.82,1.41,0,1
CAFE-000354,29.8,8,6,19.12,0.8407,0.3211,0.3406,13.77,2.63,1,0
CAFE-000355,5.4,2,6,12.63,0.6779,0.5444,0.4803,9.09,1.64,0,0
CAFE-000356,4.6,2,3,9.24,0.2748,0.4698,0.6196,6.65,0.83,0,0
CAFE-000357,6.4,0,3,12.81,0.2173,0.2464,0.2809,9.22,1.07,1,0
CAFE-000358,58.5,5,9,19.72,0.8081,0.5956,0.8687,14.2,2.44,0,0
CAFE-000359,78.3,2,5,12.74,0.2061,0.5282,0.2768,9.17,0.72,1,0
CAFE-000360,30.8,1,10,13.31,0.6391,0.7812,0.7105,9.58,1.55,0,0
CAFE-000361,36.9,2,10,11.83,0.6898,0.4564,0.3725,8.52,1.42,1,0
CAFE-000362,3.8,3,8,20.94,0.8258,0.1205,0.7617,15.08,3.04,0,1
CAFE-000363,32.5,2,9,21.19,0.6874,0.4704,0.3435,15.26,2.56,0,1
CAFE-000364,36.9,1,0,12.89,0.4898,0.7758,0.5556,9.28,1.29,1,0
CAFE-000365,15.5,9,4,16.2,0.7282,0.7214,0.6043,11.66,2.13,0,0
CAFE-000366,13.2,3,3,12.09,0.599,0.3918,0.3219,8.7,1.44,1,0
CAFE-000367,19.2,6,4,20.84,0.6753,0.6575,0.2783,15.0,2.6,0,1
CAFE-000368,7.3,5,3,16.1,0.7251,0.5853,0.3546,11.59,2.16,0,1
CAFE-000369,93.5,1,3,7.25,0.0912,0.5043,0.0716,5.22,0.29,0,0
CAFE-000370,7.8,6,6,13.35,0.5633,0.2028,0.4202,9.61,1.57,1,0
CAFE-000371,34.1,2,4,18.73,0.6828,0.5825,0.5816,13.49,2.25,0,0
CAFE-000372,4.4,3,2,14.73,0.5644,0.4641,0.444,10.61,1.75,1,1
CAFE-000373,32.2,4,6,12.97,0.5525,0.4516,0.5464,9.34,1.4,0,0
CAFE-000374,23.7,4,5,13.61,0.5541,0.2856,0.7839,9.8,1.51,1,0
CAFE-000375,24.0,1,2,10.88,0.3479,0.8402,0.1556,7.83,0.98,0,0
CAFE-000376,6.0,1,5,16.03,0.6204,0.5311,0.6551,11.54,1.99,0,1
CAFE-000377,27.7,3,6,15.14,0.453,0.4392,0.3391,10.9,1.5,1,0
CAFE-000378,25.3,0,2,10.34,0.1141,0.3406,0.2385,7.44,0.69,0,0
CAFE-000379,13.8,5,1,18.37,0.7495,0.791,0.5077,13.23,2.46,0,1
CAFE-000380,10.8,1,4,18.66,0.721,0.4732,0.737,13.44,2.47,0,0
CAFE-000381,41.4,3,4,17.35,0.5753,0.3506,0.5662,12.49,1.85,0,0
CAFE-000382,83.4,0,3,16.34,0.4911,0.3463,0.2009,11.76,1.36,0,0
CAFE-000383,24.3,2,2,18.06,0.6151,0.284,0.5241,13.0,2.11,0,1
CAFE-000384,5.2,3,2,15.45,0.5559,0.413,0.486,11.12,1.82,0,1
CAFE-000385,12.4,3,6,11.49,0.3031,0.5053,0.5705,8.27,1.03,0,0
CAFE-000386,43.3,1,5,18.12,0.4569,0.4769,0.6892,13.05,1.71,1,1
CAFE-000387,42.9,1,2,12.6,0.2827,0.5973,0.3728,9.07,0.97,0,0
CAFE-000388,3.9,3,6,16.88,0.4746,0.4115,0.603,12.15,1.86,0,0
CAFE-000389,50.5,2,0,15.78,0.4172,0.784,0.4038,11.36,1.38,1,0
CAFE-000390,11.7,1,2,22.71,0.8595,0.6625,0.4605,16.35,3.31,1,0
CAFE-000391,14.8,1,4,13.34,0.4895,0.3481,0.2928,9.6,1.44,0,0
CAFE-000392,32.7,1,4,8.8,0.1547,0.8019,0.5273,6.34,0.6,0,0
CAFE-000393,2.4,1,5,15.94,0.6171,0.2618,0.3152,11.48,1.99,1,0
CAFE-000394,8.0,2,8,17.31,0.7641,0.3797,0.3102,12.46,2.38,0,1
CAFE-000395,24.7,2,9,13.19,0.7521,0.6501,0.8079,9.5,1.72,1,0
CAFE-000396,51.9,0,7,10.7,0.3716,0.5439,0.5779,7.7,0.88,0,0
CAFE-000397,29.4,4,2,19.66,0.5617,0.6713,0.5366,14.16,2.15,0,1
CAFE-000398,19.6,0,3,10.34,0.1734,0.2113,0.4345,7.44,0.77,0,0
CAFE-000399,67.5,1,1,6.33,0.1124,0.5812,0.5472,4.56,0.32,0,0
CAFE-000400,10.8,4,10,10.52,0.6378,0.5681,0.6713,7.57,1.3,0,1
CAFE-000401,10.2,5,5,16.77,0.4657,0.6793,0.4389,12.07,1.79,0,0
CAFE-000402,7.4,4,7,18.25,0.9106,0.5748,0.6647,13.14,2.78,1,1
CAFE-000403,56.3,0,3,9.87,0.3687,0.4125,0.604,7.11,0.8,0,0
CAFE-000404,46.4,1,8,15.99,0.5251,0.2838,0.5018,11.51,1.6,0,0
CAFE-000405,18.5,1,1,16.04,0.5891,0.5635,0.246,11.55,1.86,0,0
CAFE-000406,50.1,2,1,16.31,0.3652,0.5312,0.5369,11.74,1.35,0,0
CAFE-000407,9.1,3,6,16.08,0.5361,0.5824,0.6954,11.58,1.84,1,0
CAFE-000408,28.9,3,8,19.86,0.3999,0.2756,0.3834,14.3,1.86,0,1
CAFE-000409,45.8,6,10,19.76,0.7712,0.4707,0.8774,14.23,2.46,1,1
CAFE-000410,22.3,5,5,14.28,0.5415,0.6175,0.2228,10.28,1.57,0,0
CAFE-000411,34.1,1,1,11.57,0.3382,0.6884,0.5228,8.33,0.99,0,0
CAFE-000412,36.1,1,2,16.24,0.413,0.3419,0.33,11.69,1.5,0,0
CAFE-000413,28.7,3,2,13.2,0.3054,0.4982,0.5335,9.5,1.11,0,1
CAFE-000414,31.4,2,5,11.28,0.317,0.6911,0.3305,8.12,0.95,0,0
CAFE-000415,15.6,2,6,19.03,0.5155,0.4051,0.5669,13.7,2.09,0,0
CAFE-000416,30.9,2,5,17.66,0.4861,0.8638,0.6758,12.72,1.79,0,0
CAFE-000417,95.8,2,2,13.87,0.323,0.3194,0.3386,9.99,0.86,0,0
CAFE-000418,13.9,3,11,19.03,0.7308,0.3698,0.6075,13.7,2.51,0,1
CAFE-000419,10.3,2,3,16.42,0.5579,0.6689,0.2222,11.82,1.91,0,0
CAFE-000420,60.0,1,9,13.03,0.4508,0.6258,0.388,9.38,1.14,0,0
CAFE-000421,40.4,1,3,13.76,0.4543,0.5097,0.2542,9.91,1.31,0,1
CAFE-000422,51.9,1,4,15.14,0.353,0.661,0.6778,10.9,1.22,1,0
CAFE-000423,8.5,2,9,20.03,0.7909,0.4739,0.3813,14.42,2.8,0,0
CAFE-000424,13.1,3,19,18.83,0.9228,0.3556,0.8209,13.56,2.85,1,1
CAFE-000425,9.1,7,9,19.04,0.7432,0.6634,0.3919,13.71,2.57,0,1
CAFE-000426,1.6,3,6,18.65,0.9339,0.2447,0.5959,13.43,2.92,1,1
CAFE-000427,15.2,2,3,13.07,0.4832,0.8139,0.4237,9.41,1.4,0,0
CAFE-000428,60.2,1,4,18.75,0.7254,0.118,0.5922,13.5,2.15,1,0
CAFE-000429,27.6,1,2,6.43,0.0873,0.4802,0.3266,4.63,0.4,0,0
CAFE-000430,24.7,6,3,18.59,0.6513,0.5725,0.6065,13.38,2.24,0,0
CAFE-000431,65.4,1,8,15.38,0.5411,0.4931,0.1666,11.07,1.45,0,0
CAFE-000432,31.7,1,2,11.83,0.139,0.8395,0.2808,8.52,0.79,0,0
CAFE-000433,43.5,2,2,21.63,0.4716,0.8137,0.7162,15.57,2.07,0,0
CAFE-000434,8.0,5,11,19.74,0.907,0.6836,0.724,14.21,3.0,0,1
CAFE-000435,55.8,6,1,11.69,0.3211,0.7695,0.2127,8.42,0.89,1,1
CAFE-000436,29.3,4,6,19.3,0.7733,0.1527,0.5438,13.9,2.52,0,0
CAFE-000437,5.8,3,4,12.76,0.3136,0.3114,0.6976,9.19,1.19,1,0
CAFE-000438,8.1,4,10,21.37,0.799,0.5166,0.6496,15.39,3.01,1,0
CAFE-000439,34.2,4,3,14.11,0.6079,0.4206,0.5509,10.16,1.59,0,0
CAFE-000440,7.0,0,2,13.83,0.3579,0.6839,0.3675,9.96,1.35,0,0
CAFE-000441,11.2,1,7,19.23,0.8733,0.5644,0.325,13.85,2.83,0,1
CAFE-000442,18.2,0,3,10.67,0.283,0.6686,0.7247,7.68,0.91,0,0
CAFE-000443,39.3,1,3,17.74,0.541,0.3649,0.4557,12.77,1.84,1,0
CAFE-000444,14.0,3,10,16.4,0.7222,0.1919,0.5564,11.81,2.15,0,0
CAFE-000445,34.2,2,0,5.0,0.1784,0.2229,0.0405,3.6,0.35,0,0
CAFE-000446,71.9,0,3,11.32,0.113,0.5514,0.4172,8.15,0.56,0,0
CAFE-000447,16.1,4,4,11.85,0.5866,0.3216,0.5336,8.53,1.38,0,0
CAFE-000448,47.1,0,3,14.01,0.4955,0.2772,0.777,10.09,1.35,0,0
CAFE-000449,23.0,1,1,7.8,0.3649,0.409,0.4392,5.62,0.72,1,0
CAFE-000450,6.9,1,3,11.67,0.4496,0.4681,0.428,8.4,1.24,0,0
CAFE-000451,25.4,0,2,10.31,0.1356,0.8969,0.1695,7.42,0.71,0,0
CAFE-000452,37.6,0,3,10.47,0.2905,0.6426,0.2209,7.54,0.83,0,0
CAFE-000453,12.0,1,3,9.81,0.3481,0.748,0.4475,7.06,0.93,1,0
CAFE-000454,4.5,4,4,18.32,0.5176,0.5023,0.7032,13.19,2.09,0,1
CAFE-000455,22.2,2,9,18.17,0.4747,0.7453,0.5327,13.08,1.88,0,0
CAFE-000456,50.4,2,6,13.7,0.583,0.7744,0.4909,9.86,1.43,0,0
CAFE-000457,62.9,1,8,19.1,0.6708,0.5181,0.722,13.75,2.07,0,0
CAFE-000458,7.4,4,8,18.52,0.8303,0.3369,0.5935,13.33,2.67,0,1
CAFE-000459,27.7,0,1,14.57,0.2836,0.6325,0.5882,10.49,1.2,1,1
CAFE-000460,22.9,2,4,16.35,0.5958,0.7409,0.4359,11.77,1.89,1,1
CAFE-000461,4.3,1,6,17.6,0.7612,0.2784,0.3559,12.67,2.44,0,1
CAFE-000462,14.7,10,9,20.47,0.8944,0.3477,0.7597,14.74,3.03,1,0
CAFE-000463,38.3,0,2,8.77,0.1806,0.6849,0.5524,6.31,0.6,0,0
CAFE-000464,114.5,2,6,13.93,0.4358,0.6788,0.6446,10.03,0.92,0,0
CAFE-000465,13.3,4,4,13.33,0.6794,0.6699,0.5782,9.6,1.69,1,1
CAFE-000466,35.6,8,9,14.05,0.7304,0.6517,0.3865,10.12,1.75,0,1
CAFE-000467,40.8,9,10,17.1,0.945,0.676,0.3834,12.31,2.46,0,0
CAFE-000468,13.6,2,5,18.05,0.7169,0.6287,0.6757,13.0,2.36,1,0
CAFE-000469,15.0,1,4,15.65,0.5378,0.6243,0.5577,11.27,1.76,0,0
CAFE-000470,21.1,5,8,17.99,0.7621,0.8388,0.1966,12.95,2.39,0,0
CAFE-000471,98.0,1,5,10.35,0.1627,0.5982,0.5278,7.45,0.47,0,0
CAFE-000472,19.1,3,10,15.87,0.8028,0.221,0.3232,11.43,2.18,1,0
CAFE-000473,19.4,3,4,21.95,0.7135,0.4475,0.5715,15.8,2.82,0,0
CAFE-000474,18.8,0,1,10.54,0.2694,0.4127,0.2272,7.59,0.89,0,0
CAFE-000475,12.9,2,8,9.88,0.5113,0.3091,0.5185,7.11,1.09,1,0
CAFE-000476,19.4,5,6,17.11,0.9012,0.46,0.6361,12.32,2.52,0,0
CAFE-000477,8.6,2,4,14.89,0.5042,0.5428,0.7279,10.72,1.66,0,1
CAFE-000478,11.2,2,7,14.94,0.499,0.122,0.3329,10.76,1.64,0,0
CAFE-000479,38.6,2,4,20.23,0.7184,0.0988,0.4798,14.57,2.47,0,0
CAFE-000480,39.9,7,2,14.77,0.4741,0.5782,0.2049,10.63,1.43,0,0
CAFE-000481,59.5,1,5,13.07,0.4524,0.2293,0.2774,9.41,1.15,0,0
CAFE-000482,12.0,10,6,20.92,0.9349,0.4234,0.6293,15.06,3.2,0,1
CAFE-000483,30.5,3,3,16.15,0.3052,0.4596,0.3725,11.63,1.35,0,0
CAFE-000484,35.7,11,3,19.52,0.7543,0.3009,0.2481,14.05,2.47,1,1
CAFE-000485,17.9,0,6,16.87,0.6257,0.533,0.361,12.15,2.03,0,1
CAFE-000486,46.8,1,5,9.94,0.3926,0.6874,0.7934,7.16,0.86,0,0
CAFE-000487,19.7,3,5,13.63,0.4483,0.769,0.3416,9.81,1.39,0,0
CAFE-000488,9.9,8,9,17.34,0.6268,0.5716,0.422,12.48,2.13,1,0
CAFE-000489,10.8,1,3,14.85,0.7096,0.3637,0.3543,10.69,1.95,0,1
CAFE-000490,26.0,1,5,21.55,0.6476,0.698,0.7353,15.52,2.57,1,0
CAFE-000491,13.9,1,7,16.36,0.478,0.6715,0.4464,11.78,1.75,0,0
CAFE-000492,22.5,1,6,11.98,0.4686,0.5199,0.6594,8.63,1.23,0,0
CAFE-000493,28.2,2,10,10.9,0.6354,0.4821,0.3885,7.85,1.28,0,0
CAFE-000494,51.0,3,2,8.51,0.1837,0.8524,0.1213,6.13,0.54,1,0
CAFE-000495,21.9,1,2,13.87,0.6126,0.2649,0.3723,9.99,1.63,1,0
CAFE-000496,69.5,0,2,8.41,0.2123,0.4379,0.5575,6.06,0.51,0,0
CAFE-000497,34.0,1,4,8.07,0.3526,0.6593,0.3876,5.81,0.7,0,0
CAFE-000498,14.9,3,5,16.77,0.8646,0.6198,0.474,12.07,2.43,0,0
CAFE-000499,31.5,1,4,12.17,0.3558,0.5546,0.5876,8.76,1.07,0,0
CAFE-000500,10.8,2,4,11.94,0.4962,0.6029,0.3482,8.6,1.31,1,0
CAFE-000501,9.2,3,5,10.35,0.3183,0.4119,0.1542,7.45,0.96,0,0
CAFE-000502,39.0,1,2,10.96,0.3836,0.2729,0.3146,7.89,0.97,0,0
CAFE-000503,16.3,2,8,19.74,0.8929,0.6743,0.6972,14.21,2.91,0,0
CAFE-000504,36.8,3,8,16.84,0.5375,0.2115,0.094,12.12,1.76,0,0
CAFE-000505,19.4,1,3,8.44,0.3286,0.2434,0.4722,6.08,0.76,1,0
CAFE-000506,17.8,1,3,20.0,0.6333,0.802,0.2629,14.4,2.42,0,0
CAFE-000507,11.3,4,5,14.83,0.772,0.3779,0.4556,10.68,2.03,1,0
CAFE-000508,23.7,1,1,15.37,0.2529,0.6284,0.3458,11.07,1.24,0,0
CAFE-000509,25.9,6,6,17.49,0.5728,0.3273,0.7094,12.59,1.96,1,1
CAFE-000510,5.0,4,3,16.5,0.8401,0.7738,0.5477,11.88,2.41,1,1
CAFE-000511,43.9,1,6,10.09,0.5588,0.6921,0.5588,7.26,1.05,1,0
CAFE-000512,23.8,2,2,11.31,0.1982,0.305,0.5412,8.14,0.85,0,0
CAFE-000513,57.1,0,4,14.95,0.3124,0.7148,0.5272,10.76,1.12,0,1
CAFE-000514,19.2,0,4,19.09,0.6805,0.3204,0.5378,13.74,2.39,0,1
CAFE-000515,62.8,0,2,15.03,0.1294,0.4259,0.3828,10.82,0.82,0,0
CAFE-000516,32.4,1,11,20.91,0.9261,0.4187,0.501,15.06,3.03,0,0
CAFE-000517,12.7,0,5,16.84,0.8113,0.6211,0.2615,12.12,2.37,1,0
CAFE-000518,18.4,4,8,22.31,0.7019,0.5336,0.7416,16.06,2.85,0,0
CAFE-000519,20.9,1,2,14.67,0.3695,0.4359,0.7178,10.56,1.37,1,0
CAFE-000520,25.7,1,9,17.96,0.5339,0.5107,0.5897,12.93,1.94,0,0
CAFE-000521,7.9,1,5,16.82,0.6222,0.6329,0.2262,12.11,2.08,0,0
CAFE-000522,10.4,2,2,17.35,0.4413,0.125,0.4886,12.49,1.81,1,0
CAFE-000523,6.0,2,6,20.03,0.8439,0.358,0.5116,14.42,2.93,1,1
CAFE-000524,63.7,2,4,14.43,0.4384,0.5573,0.2719,10.39,1.23,0,0
CAFE-000525,5.3,1,4,11.73,0.5995,0.2442,0.4985,8.45,1.43,0,0
CAFE-000526,12.0,3,7,16.49,0.4663,0.432,0.5408,11.87,1.75,1,1
CAFE-000527,45.7,0,3,14.71,0.3718,0.4848,0.3382,10.59,1.25,0,0
CAFE-000528,39.3,1,9,16.72,0.7493,0.632,0.1692,12.04,2.09,0,0
CAFE-000529,25.8,1,6,20.14,0.6207,0.3547,0.1864,14.5,2.35,1,0
CAFE-000530,34.6,1,1,8.87,0.3265,0.3683,0.8136,6.39,0.75,0,0
CAFE-000531,27.4,1,8,11.18,0.6017,0.6488,0.6191,8.05,1.28,0,0
CAFE-000532,24.9,2,7,22.66,0.9046,0.3966,0.2724,16.32,3.3,0,1
CAFE-000533,99.7,1,4,15.73,0.4075,0.4487,0.1611,11.33,1.08,0,0
CAFE-000534,0.9,6,7,14.56,0.6914,0.6632,0.684,10.48,1.93,1,1
CAFE-000535,44.3,2,6,10.0,0.5065,0.1751,0.7906,7.2,0.99,1,0
CAFE-000536,12.6,5,4,18.59,0.7323,0.7571,0.3111,13.38,2.47,1,1
CAFE-000537,44.5,2,7,16.52,0.6236,0.2195,0.7014,11.89,1.82,1,1
CAFE-000538,35.5,4,0,12.92,0.565,0.7657,0.8422,9.3,1.39,0,0
CAFE-000539,21.7,2,4,13.35,0.4102,0.2712,0.5335,9.61,1.3,0,0
CAFE-000540,8.9,4,2,15.63,0.503,0.5911,0.609,11.25,1.74,0,0
CAFE-000541,9.3,3,6,17.93,0.9591,0.6677,0.4804,12.91,2.81,1,1
CAFE-000542,29.4,0,4,14.16,0.2259,0.5775,0.4401,10.2,1.08,0,0
CAFE-000543,17.3,3,7,19.99,0.8172,0.6402,0.8522,14.39,2.79,0,0
CAFE-000544,31.6,4,6,19.06,0.594,0.4113,0.7911,13.72,2.14,0,0
CAFE-000545,34.9,2,8,16.48,0.5991,0.4594,0.3961,11.87,1.83,0,0
CAFE-000546,77.7,0,5,8.85,0.3637,0.5348,0.6262,6.37,0.64,0,0
CAFE-000547,19.7,1,6,8.46,0.3363,0.6236,0.6891,6.09,0.77,0,0
CAFE-000548,53.1,2,2,5.0,0.4449,0.6541,0.7713,3.6,0.45,0,0
CAFE-000549,51.8,1,5,8.79,0.3526,0.7533,0.5287,6.33,0.71,1,0
CAFE-000550,15.1,0,3,11.04,0.3834,0.8638,0.5477,7.95,1.07,0,0
CAFE-000551,34.6,1,13,13.24,0.7645,0.6843,0.8716,9.53,1.69,1,0
CAFE-000552,26.8,0,2,11.63,0.2459,0.4514,0.4805,8.37,0.92,0,0
CAFE-000553,14.7,4,4,19.66,0.8403,0.6037,0.4856,14.16,2.81,0,1
CAFE-000554,46.9,3,3,13.32,0.3493,0.3624,0.2746,9.59,1.09,0,1
CAFE-000555,24.4,1,3,5.9,0.1885,0.7901,0.6839,4.25,0.44,0,0
CAFE-000556,15.9,0,2,9.53,0.1836,0.299,0.3466,6.86,0.73,1,0
CAFE-000557,56.1,4,0,9.17,0.2129,0.2981,0.6862,6.6,0.6,1,0
CAFE-000558,44.0,2,2,14.11,0.2238,0.5664,0.7406,10.16,1.0,1,1
CAFE-000559,15.3,2,10,14.65,0.6321,0.6762,0.5926,10.55,1.78,0,0
CAFE-000560,4.3,4,12,22.76,0.9752,0.0197,0.3425,16.39,3.64,0,0
CAFE-000561,24.2,1,5,13.82,0.466,0.5726,0.5371,9.95,1.41,1,1
CAFE-000562,18.9,2,7,13.19,0.5553,0.7151,0.7983,9.5,1.49,1,0
CAFE-000563,38.6,4,4,15.91,0.6098,0.3208,0.5981,11.46,1.77,0,0
CAFE-000564,78.3,1,2,9.54,0.3655,0.563,0.5021,6.87,0.69,0,0
CAFE-000565,29.3,4,4,15.9,0.5376,0.2656,0.7122,11.45,1.7,0,0
CAFE-000566,99.2,3,5,14.75,0.4837,0.3072,0.1817,10.62,1.13,0,0
CAFE-000567,4.4,2,2,18.06,0.6044,0.7274,0.3732,13.0,2.22,0,0
CAFE-000568,35.5,1,5,17.47,0.5241,0.6449,0.5765,12.58,1.81,0,0
CAFE-000569,29.7,10,4,23.41,0.8804,0.4546,0.5749,16.86,3.31,1,1
CAFE-000570,32.0,2,3,10.01,0.3677,0.2788,0.518,7.21,0.89,1,0
CAFE-000571,27.4,0,4,15.88,0.6012,0.4511,0.2671,11.43,1.81,1,0
CAFE-000572,24.2,2,2,16.86,0.4394,0.5232,0.4603,12.14,1.67,0,0
CAFE-000573,9.3,5,7,16.29,0.6656,0.3268,0.7658,11.73,2.07,1,0
CAFE-000574,4.5,5,8,14.42,0.7522,0.487,0.251,10.38,1.98,0,0
CAFE-000575,25.6,8,12,19.79,0.9763,0.0212,0.5318,14.25,3.02,1,0
CAFE-000576,14.0,0,1,8.47,0.0867,0.4908,0.1688,6.1,0.57,0,0
CAFE-000577,17.4,0,2,12.72,0.3041,0.5037,0.3039,9.16,1.12,0,0
CAFE-000578,92.3,0,1,8.59,0.1315,0.7537,0.4621,6.18,0.38,1,0
CAFE-000579,14.8,1,9,15.93,0.4568,0.3498,0.6974,11.47,1.66,0,0
CAFE-000580,24.9,0,2,7.43,0.0728,0.6888,0.2949,5.35,0.46,1,0
CAFE-000581,1.0,1,6,8.62,0.2686,0.6772,0.7724,6.21,0.78,0,0
CAFE-000582,22.3,1,8,19.93,0.6422,0.57,0.3805,14.35,2.4,0,0
CAFE-000583,36.1,0,2,9.01,0.2641,0.6489,0.582,6.49,0.7,0,0
CAFE-000584,39.7,3,4,13.72,0.4671,0.4908,0.4156,9.88,1.32,0,1
CAFE-000585,19.5,2,2,10.04,0.159,0.6415,0.1334,7.23,0.73,0,0
CAFE-000586,18.2,4,6,18.07,0.834,0.3806,0.6421,13.01,2.55,0,0
CAFE-000587,6.7,0,4,10.95,0.3242,0.573,0.76,7.88,1.03,0,0
CAFE-000588,7.0,4,3,12.37,0.3716,0.4915,0.581,8.91,1.22,0,1
CAFE-000589,30.7,4,2,14.59,0.5901,0.7153,0.5593,10.5,1.63,1,0
CAFE-000590,19.4,0,2,8.09,0.1443,0.7937,0.7575,5.82,0.58,0,0
CAFE-000591,35.1,0,1,6.32,0.1047,0.402,0.6305,4.55,0.39,1,0
CAFE-000592,32.4,3,4,16.11,0.46,0.4976,0.5378,11.6,1.58,0,0
CAFE-000593,42.2,6,2,15.08,0.4365,0.6471,0.5147,10.86,1.39,1,0
CAFE-000594,40.7,6,3,13.36,0.4919,0.7232,0.1811,9.62,1.32,0,0
CAFE-000595,13.7,5,8,16.56,0.7449,0.6072,0.623,11.92,2.21,0,0
CAFE-000596,4.9,7,5,19.45,0.9594,0.4303,0.3939,14.0,3.08,1,0
CAFE-000597,29.6,2,7,15.77,0.7514,0.2925,0.5599,11.35,2.03,0,1
CAFE-000598,18.9,2,5,23.71,0.8135,0.5275,0.3767,17.07,3.28,0,1
CAFE-000599,13.0,9,10,20.01,0.924,0.4244,0.4501,14.41,3.04,1,1
CAFE-000600,20.9,4,10,17.31,0.7307,0.4847,0.3655,12.46,2.24,0,0
CAFE-000601,7.3,6,7,17.37,0.8319,0.6572,0.467,12.51,2.51,1,0
CAFE-000602,35.1,1,2,12.9,0.366,0.6413,0.2877,9.29,1.13,1,0
CAFE-000603,56.5,2,4,7.77,0.1985,0.7394,0.3602,5.59,0.49,0,0
CAFE-000604,42.1,3,5,19.07,0.7371,0.7283,0.5304,13.73,2.34,1,0
CAFE-000605,10.6,1,2,19.93,0.7244,0.4864,0.747,14.35,2.64,0,0
CAFE-000606,3.0,2,3,15.14,0.7456,0.4671,0.4946,10.9,2.08,1,0
CAFE-000607,21.7,5,3,19.31,0.6946,0.538,0.4268,13.9,2.43,0,0
CAFE-000608,5.7,2,4,19.83,0.9372,0.1116,0.6886,14.28,3.09,0,0
CAFE-000609,27.5,1,3,6.16,0.2961,0.6436,0.5673,4.44,0.52,1,1
CAFE-000610,8.0,1,2,13.63,0.4778,0.4334,0.6554,9.81,1.48,0,0
CAFE-000611,49.2,3,9,15.13,0.7196,0.5977,0.3838,10.89,1.79,0,0
CAFE-000612,14.9,5,6,20.22,0.7586,0.6898,0.4505,14.56,2.72,1,0
CAFE-000613,42.8,1,5,10.91,0.0773,0.639,0.6354,7.86,0.61,0,0
CAFE-000614,24.2,2,5,14.21,0.7408,0.1275,0.8128,10.23,1.84,0,1
CAFE-000615,81.0,5,3,13.6,0.4893,0.8734,0.579,9.79,1.14,0,0
CAFE-000616,12.1,5,10,20.53,0.6921,0.44,0.7862,14.78,2.65,1,1
CAFE-000617,47.4,2,5,12.22,0.529,0.7191,0.5179,8.8,1.22,0,1
CAFE-000618,2.4,0,9,14.93,0.7145,0.6487,0.359,10.75,2.01,1,0
CAFE-000619,77.5,2,2,15.48,0.3279,0.8899,0.5879,11.15,1.07,0,0
CAFE-000620,32.6,0,5,14.28,0.4883,0.6489,0.2378,10.28,1.44,0,0
CAFE-000621,24.0,1,5,14.56,0.606,0.8296,0.4615,10.48,1.69,0,0
CAFE-000622,59.8,1,2,13.39,0.3715,0.5375,0.4034,9.64,1.07,0,1
CAFE-000623,12.0,0,4,14.54,0.5484,0.143,0.6096,10.47,1.67,0,0
CAFE-000624,26.6,2,7,17.7,0.6606,0.6423,0.3428,12.74,2.13,1,0
CAFE-000625,36.0,1,2,9.68,0.2242,0.9121,0.3111,6.97,0.71,0,0
CAFE-000626,81.5,0,4,11.67,0.3368,0.1685,0.7038,8.4,0.8,1,0
CAFE-000627,31.2,1,7,17.37,0.6616,0.32,0.5004,12.51,2.07,0,0
CAFE-000628,18.3,1,3,14.35,0.6782,0.8022,0.7607,10.33,1.8,0,1
CAFE-000629,37.2,0,2,11.3,0.1358,0.8688,0.3839,8.14,0.73,0,0
CAFE-000630,4.7,6,3,16.46,0.4607,0.2739,0.5752,11.85,1.78,0,0
CAFE-000631,43.6,1,7,9.46,0.1786,0.7812,0.3319,6.81,0.63,0,0
CAFE-000632,25.2,9,3,14.62,0.6326,0.6163,0.4349,10.53,1.73,1,1
CAFE-000633,81.5,1,4,9.01,0.1533,0.5228,0.1616,6.49,0.45,0,0
CAFE-000634,25.8,2,2,17.43,0.4245,0.5747,0.4913,12.55,1.69,0,0
CAFE-000635,17.5,0,5,12.6,0.2818,0.5274,0.5773,9.07,1.08,0,0
CAFE-000636,72.6,2,2,9.55,0.2705,0.5637,0.0913,6.88,0.62,1,0
CAFE-000637,18.5,1,6,15.15,0.495,0.3691,0.7266,10.91,1.62,0,1
CAFE-000638,21.8,4,3,13.12,0.4907,0.5237,0.2666,9.45,1.38,0,0
CAFE-000639,22.4,0,1,12.57,0.1679,0.7719,0.3132,9.05,0.91,0,0
CAFE-000640,7.4,1,5,17.72,0.6218,0.2129,0.3974,12.76,2.19,1,1
CAFE-000641,34.8,0,7,12.36,0.4585,0.4032,0.3424,8.9,1.2,1,0
CAFE-000642,9.2,1,1,9.24,0.3121,0.3348,0.6445,6.65,0.85,0,0
CAFE-000643,3.9,2,5,17.12,0.7877,0.4661,0.1555,12.33,2.42,1,1
CAFE-000644,36.0,1,4,10.1,0.4022,0.2752,0.4321,7.27,0.92,0,0
CAFE-000645,16.2,2,7,18.66,0.6998,0.1699,0.72,13.44,2.39,1,0
CAFE-000646,10.4,2,4,13.55,0.3842,0.2742,0.5536,9.76,1.34,0,0
CAFE-000647,22.0,1,3,9.1,0.1621,0.7433,0.3663,6.55,0.66,1,0
CAFE-000648,18.5,4,4,20.93,0.5962,0.7409,0.8683,15.07,2.45,0,1
CAFE-000649,27.8,4,1,10.93,0.4154,0.4321,0.7305,7.87,1.04,0,0
CAFE-000650,45.7,3,2,15.29,0.3559,0.7221,0.1928,11.01,1.27,0,0
CAFE-000651,13.9,4,2,11.45,0.2758,0.2116,0.609,8.24,0.99,0,0
CAFE-000652,23.6,4,6,19.43,0.7239,0.2631,0.4635,13.99,2.48,1,0
CAFE-000653,33.2,1,2,15.42,0.3325,0.6906,0.0851,11.1,1.32,0,0
CAFE-000654,22.3,4,5,16.51,0.6092,0.3071,0.3887,11.89,1.93,1,0
CAFE-000655,10.1,5,8,19.31,0.7109,0.4192,0.2964,13.9,2.54,1,0
CAFE-000656,9.0,0,5,10.96,0.6043,0.4235,0.4615,7.89,1.33,1,0
CAFE-000657,9.6,8,4,18.08,0.9711,0.4383,0.5991,13.02,2.85,0,0
CAFE-000658,1.3,1,2,18.84,0.4824,0.3138,0.5479,13.56,2.11,0,0
CAFE-000659,82.8,0,4,9.06,0.2674,0.3122,0.6156,6.52,0.55,0,0
CAFE-000660,13.7,3,3,17.06,0.7176,0.527,0.5234,12.28,2.23,0,1
CAFE-000661,29.1,1,1,11.86,0.6028,0.5903,0.6916,8.54,1.35,1,0
CAFE-000662,25.5,0,1,12.6,0.2049,0.807,0.4953,9.07,0.95,1,1
CAFE-000663,4.8,2,6,17.08,0.5445,0.3608,0.3498,12.3,1.99,0,1
CAFE-000664,15.6,2,4,14.61,0.5329,0.4375,0.3201,10.52,1.63,0,0
CAFE-000665,24.5,5,4,11.95,0.6307,0.5786,0.7287,8.6,1.41,0,0
CAFE-000666,10.4,2,9,13.5,0.6003,0.7814,0.147,9.72,1.62,1,0
CAFE-000667,110.0,0,5,11.1,0.3018,0.526,0.5785,7.99,0.61,1,0
CAFE-000668,44.5,4,1,12.27,0.3041,0.6077,0.6302,8.83,0.96,0,0
CAFE-000669,9.3,4,4,19.4,0.7258,0.4568,0.6093,13.97,2.58,0,0
CAFE-000670,28.1,0,1,11.31,0.1628,0.3199,0.4464,8.14,0.79,0,0
CAFE-000671,4.2,7,8,25.11,0.9822,0.335,0.2646,18.08,4.02,0,1
CAFE-000672,14.2,1,5,14.07,0.3838,0.6364,0.4363,10.13,1.37,0,0
CAFE-000673,34.5,2,1,10.89,0.2857,0.2678,0.1178,7.84,0.87,0,0
CAFE-000674,11.9,9,7,15.92,0.7715,0.1378,0.4522,11.46,2.18,0,1
CAFE-000675,52.0,6,4,16.44,0.6896,0.2892,0.6241,11.84,1.88,1,0
CAFE-000676,13.5,2,3,15.1,0.4908,0.7086,0.436,10.87,1.63,1,0
CAFE-000677,47.7,2,6,12.04,0.5587,0.4929,0.5127,8.67,1.24,0,0
CAFE-000678,10.0,2,8,18.51,0.5209,0.2465,0.6816,13.33,2.08,0,1
CAFE-000679,9.8,0,5,11.99,0.2719,0.6547,0.7688,8.63,1.05,0,0
CAFE-000680,18.7,2,2,20.59,0.9164,0.665,0.6623,14.82,3.07,0,0
CAFE-000681,22.5,2,6,21.36,0.7771,0.1678,0.7799,15.38,2.85,0,1
CAFE-000682,30.6,2,10,18.01,0.7189,0.5719,0.1974,12.97,2.25,0,0
CAFE-000683,26.7,2,11,14.16,0.7867,0.2469,0.4693,10.2,1.88,0,0
CAFE-000684,20.6,0,2,13.92,0.4348,0.2002,0.2592,10.02,1.39,0,0
CAFE-000685,102.5,1,1,13.86,0.118,0.7452,0.2658,9.98,0.55,0,0
CAFE-000686,22.7,0,2,8.82,0.1732,0.8211,0.4788,6.35,0.65,0,0
CAFE-000687,35.7,6,9,11.92,0.5531,0.585,0.3783,8.58,1.27,0,0
CAFE-000688,32.0,0,0,9.08,0.1728,0.8057,0.5329,6.54,0.63,0,0
CAFE-000689,11.8,2,5,17.8,0.6594,0.5033,0.2861,12.82,2.24,0,0
CAFE-000690,57.7,3,2,14.12,0.2416,0.796,0.3421,10.17,0.95,0,0
CAFE-000691,12.8,3,5,22.89,0.5562,0.3105,0.5681,16.48,2.63,0,1
CAFE-000692,19.2,5,6,13.89,0.4626,0.2285,0.7571,10.0,1.44,0,0
CAFE-000693,26.4,0,7,14.03,0.3158,0.6835,0.1287,10.1,1.21,0,0
CAFE-000694,16.9,3,6,20.08,0.6139,0.1149,0.5329,14.46,2.4,0,0
CAFE-000695,42.4,4,8,21.28,0.8358,0.3787,0.7138,15.32,2.82,0,0
CAFE-000696,20.1,2,5,21.71,0.9037,0.7346,0.4606,15.63,3.19,1,0
CAFE-000697,43.1,3,2,11.49,0.3063,0.8465,0.3713,8.27,0.91,0,0
CAFE-000698,49.7,1,4,12.07,0.5352,0.4467,0.1529,8.69,1.2,0,0
CAFE-000699,3.4,5,7,15.64,0.5112,0.7281,0.6764,11.26,1.78,0,1
CAFE-000700,18.3,0,1,15.72,0.7779,0.2801,0.5578,11.32,2.13,0,1
CAFE-000701,65.8,0,0,11.37,0.2345,0.3556,0.5944,8.19,0.72,0,0
CAFE-000702,3.8,3,7,21.42,0.7031,0.2358,0.7851,15.42,2.85,0,1
CAFE-000703,29.4,5,3,18.99,0.3459,0.6428,0.5055,13.67,1.67,1,1
CAFE-000704,6.2,1,3,22.03,0.5547,0.6009,0.3598,15.86,2.58,1,0
CAFE-000705,31.7,4,6,19.63,0.5757,0.7542,0.8379,14.13,2.16,1,1
CAFE-000706,22.5,1,1,15.57,0.4389,0.4475,0.5813,11.21,1.55,0,0
CAFE-000707,26.8,2,4,11.8,0.4529,0.4995,0.4471,8.5,1.18,1,0
CAFE-000708,39.3,2,3,7.9,0.3236,0.2097,0.5908,5.69,0.65,1,0
CAFE-000709,38.3,2,6,18.73,0.7286,0.5644,0.3905,13.49,2.31,0,0
CAFE-000710,25.1,0,2,9.89,0.231,0.7254,0.4155,7.12,0.77,0,0
CAFE-000711,12.7,0,1,8.7,0.1209,0.5915,0.5277,6.26,0.62,0,0
CAFE-000712,18.9,2,8,16.91,0.7469,0.2493,0.3563,12.18,2.23,0,0
CAFE-000713,14.0,3,13,18.05,0.7001,0.2734,0.679,13.0,2.33,0,0
CAFE-000714,28.2,2,2,11.77,0.3542,0.2855,0.5666,8.47,1.05,0,0
CAFE-000715,30.2,0,3,17.4,0.4827,0.2773,0.4459,12.53,1.76,0,0
CAFE-000716,43.6,2,5,17.83,0.5547,0.7473,0.4023,12.84,1.85,0,1
CAFE-000717,20.3,2,4,15.42,0.3893,0.5578,0.2362,11.1,1.47,1,1
CAFE-000718,13.2,2,6,15.36,0.67,0.289,0.8456,11.06,1.94,0,0
CAFE-000719,74.0,2,3,12.95,0.4017,0.7263,0.4512,9.32,1.0,0,0
CAFE-000720,22.0,5,4,9.0,0.3319,0.4071,0.7405,6.48,0.8,0,1
CAFE-000721,48.2,4,5,13.0,0.5319,0.7521,0.4111,9.36,1.3,1,0
CAFE-000722,57.5,2,3,11.91,0.3309,0.8536,0.8159,8.58,0.91,0,0
CAFE-000723,18.5,2,1,8.9,0.0301,0.4109,0.1702,6.41,0.54,1,0
CAFE-000724,45.5,5,11,13.31,0.6426,0.7028,0.6389,9.58,1.49,0,1
CAFE-000725,24.0,1,6,18.03,0.6941,0.5201,0.4779,12.98,2.25,0,0
CAFE-000726,29.6,3,3,17.19,0.6227,0.1096,0.4329,12.38,1.99,0,0
CAFE-000727,17.6,0,6,10.51,0.3248,0.3513,0.4751,7.57,0.95,1,0
CAFE-000728,14.0,1,2,14.16,0.4659,0.3682,0.6996,10.2,1.49,0,0
CAFE-000729,26.5,1,2,9.46,0.2072,0.5112,0.6049,6.81,0.71,0,0
CAFE-000730,41.0,0,4,12.93,0.4303,0.3166,0.3247,9.31,1.19,0,0
CAFE-000731,50.3,3,4,15.05,0.4052,0.4664,0.3108,10.84,1.3,0,0
CAFE-000732,12.2,5,4,17.86,0.7081,0.8842,0.3306,12.86,2.33,0,1
CAFE-000733,16.8,0,1,6.87,0.078,0.5955,0.3027,4.95,0.45,0,0
CAFE-000734,42.7,5,2,19.63,0.8079,0.2351,0.3032,14.13,2.54,0,1
CAFE-000735,15.6,4,2,20.78,0.576,0.3901,0.4662,14.96,2.41,1,1
CAFE-000736,67.0,1,4,8.21,0.4342,0.3422,0.6584,5.91,0.68,1,0
CAFE-000737,18.9,1,8,23.09,0.6918,0.5068,0.7294,16.62,2.92,0,0
CAFE-000738,27.9,3,9,18.86,0.7064,0.3844,0.523,13.58,2.35,0,0
CAFE-000739,16.3,1,5,12.27,0.4256,0.7461,0.2885,8.83,1.24,0,0
CAFE-000740,19.8,2,10,20.21,0.7718,0.7624,0.8557,14.55,2.71,0,0
CAFE-000741,22.6,1,3,13.63,0.4943,0.5101,0.4482,9.81,1.44,0,1
CAFE-000742,14.1,0,5,13.2,0.4834,0.2174,0.3611,9.5,1.42,0,0
CAFE-000743,18.5,4,9,22.68,0.896,0.7362,0.6128,16.33,3.33,0,1
CAFE-000744,35.9,2,5,18.62,0.85,0.5678,0.4048,13.41,2.53,0,1
CAFE-000745,38.0,4,11,22.58,0.8918,0.8136,0.3383,16.26,3.15,0,0
CAFE-000746,21.6,0,3,14.8,0.2745,0.2897,0.1895,10.66,1.24,0,0
CAFE-000747,62.3,3,7,20.85,0.7105,0.4656,0.7043,15.01,2.35,0,0
CAFE-000748,7.8,5,4,15.78,0.6623,0.1569,0.6367,11.36,2.01,0,0
CAFE-000749,22.3,1,2,11.56,0.4549,0.5949,0.7156,8.32,1.17,1,0
CAFE-000750,14.0,2,6,13.33,0.3742,0.5965,0.2085,9.6,1.28,0,0
CAFE-000751,47.3,1,4,9.95,0.2144,0.2988,0.8064,7.16,0.68,0,1
CAFE-000752,15.7,7,5,11.11,0.5598,0.6532,0.6596,8.0,1.27,0,0
CAFE-000753,34.3,3,3,10.43,0.6284,0.2134,0.3852,7.51,1.19,0,0
CAFE-000754,33.5,2,5,15.08,0.5384,0.3938,0.3882,10.86,1.6,0,0
CAFE-000755,8.2,3,3,13.39,0.5084,0.7616,0.6672,9.64,1.5,1,0
CAFE-000756,26.9,0,5,11.09,0.3857,0.8049,0.2787,7.98,1.03,1,1
CAFE-000757,120.0,0,5,10.49,0.3536,0.539,0.178,7.55,0.59,0,0
CAFE-000758,33.7,2,4,14.4,0.3845,0.5202,0.3881,10.37,1.3,0,0
CAFE-000759,56.4,4,4,10.96,0.431,0.368,0.5478,7.89,0.95,0,0
CAFE-000760,9.5,1,4,7.41,0.5578,0.4137,0.199,5.34,0.86,0,0
CAFE-000761,6.4,1,6,17.43,0.7604,0.6877,0.4578,12.55,2.4,0,0
CAFE-000762,38.8,2,3,8.46,0.4298,0.8794,0.5777,6.09,0.79,1,0
CAFE-000763,48.7,1,3,16.59,0.7647,0.3363,0.145,11.94,2.04,1,0
CAFE-000764,37.7,4,6,19.55,0.8591,0.4633,0.4192,14.08,2.67,0,0
CAFE-000765,42.6,2,4,11.99,0.3058,0.5516,0.4894,8.63,0.95,1,0
CAFE-000766,12.3,2,3,9.88,0.2132,0.7234,0.5542,7.11,0.8,0,0
CAFE-000767,19.8,2,7,12.79,0.5649,0.5934,0.3589,9.21,1.45,0,0
CAFE-000768,32.0,3,5,13.96,0.4253,0.801,0.4482,10.05,1.33,0,0
CAFE-000769,13.4,3,6,20.45,0.7215,0.7849,0.4725,14.72,2.69,1,1
CAFE-000770,20.9,3,3,21.98,0.6824,0.3911,0.456,15.83,2.74,1,0
CAFE-000771,14.5,3,6,19.42,0.714,0.6555,0.5859,13.98,2.53,0,0
CAFE-000772,15.7,4,6,16.13,0.5847,0.3765,0.7266,11.61,1.88,0,0
CAFE-000773,7.1,2,11,15.51,0.6765,0.3953,0.8357,11.17,2.0,1,1
CAFE-000774,28.4,3,2,15.06,0.2465,0.8366,0.8243,10.84,1.18,0,0
CAFE-000775,46.9,3,6,11.14,0.5214,0.2123,0.6675,8.02,1.11,0,0
CAFE-000776,35.8,3,3,14.66,0.5319,0.2071,0.3155,10.56,1.53,0,0
CAFE-000777,16.3,1,4,16.15,0.5262,0.2695,0.3536,11.63,1.79,1,0
CAFE-000778,37.0,0,0,10.66,0.171,0.7495,0.3588,7.68,0.72,0,0
CAFE-000779,47.6,2,4,16.61,0.3911,0.7719,0.4591,11.96,1.43,1,0
CAFE-000780,11.8,0,3,14.05,0.5048,0.138,0.3264,10.12,1.55,0,0
CAFE-000781,22.8,5,4,9.92,0.4623,0.3263,0.6088,7.14,1.01,0,0
CAFE-000782,19.3,2,5,11.59,0.3698,0.6013,0.2597,8.34,1.09,0,1
CAFE-000783,9.5,3,2,16.76,0.4242,0.278,0.1817,12.07,1.73,0,0
CAFE-000784,73.2,2,2,14.82,0.3009,0.3129,0.5511,10.67,1.0,0,1
CAFE-000785,5.5,2,1,12.6,0.5791,0.5774,0.5782,9.07,1.51,1,1
CAFE-000786,7.9,2,5,15.13,0.6728,0.5513,0.4841,10.89,1.94,1,0
CAFE-000787,5.6,1,7,14.14,0.6339,0.4224,0.8173,10.18,1.77,1,1
CAFE-000788,27.4,0,4,6.98,0.1537,0.4503,0.1445,5.03,0.49,0,0
CAFE-000789,7.4,2,7,17.16,0.8637,0.5554,0.785,12.36,2.53,0,1
CAFE-000790,16.1,5,6,21.11,0.8591,0.5569,0.3815,15.2,3.04,1,1
CAFE-000791,14.4,3,4,18.18,0.6966,0.6039,0.7381,13.09,2.34,0,1
CAFE-000792,26.5,3,7,18.26,0.6301,0.7728,0.5728,13.15,2.15,0,0
CAFE-000793,23.1,0,8,15.75,0.7245,0.5403,0.4267,11.34,2.02,0,1
CAFE-000794,16.8,2,2,11.64,0.2694,0.5199,0.6708,8.38,0.99,0,0
CAFE-000795,1.1,4,7,18.65,0.7516,0.4837,0.6303,13.43,2.59,1,0
CAFE-000796,35.1,5,5,19.9,0.6894,0.2364,0.3286,14.33,2.39,0,0
CAFE-000797,25.6,2,7,16.37,0.7292,0.6318,0.5491,11.79,2.09,0,0
CAFE-000798,40.9,2,4,13.21,0.4066,0.9136,0.6274,9.51,1.19,0,0
CAFE-000799,44.1,2,5,14.3,0.6691,0.4097,0.7785,10.3,1.64,0,1
CAFE-000800,26.5,0,3,9.11,0.2347,0.3527,0.3019,6.56,0.71,1,0
CAFE-000801,33.0,6,6,18.18,0.7844,0.6116,0.7997,13.09,2.37,0,1
CAFE-000802,58.5,1,1,10.47,0.1009,0.5491,0.547,7.54,0.56,0,0
CAFE-000803,18.4,7,5,20.84,0.5733,0.3028,0.5422,15.0,2.39,0,1
CAFE-000804,1.2,3,10,18.43,0.8417,0.8082,0.4356,13.27,2.72,0,0
CAFE-000805,17.1,3,1,8.25,0.3143,0.905,0.1171,5.94,0.74,0,0
CAFE-000806,21.6,3,8,20.23,0.837,0.1848,0.5426,14.57,2.83,0,1
CAFE-000807,26.5,2,2,15.32,0.5698,0.6742,0.5895,11.03,1.71,0,0
CAFE-000808,44.6,1,7,18.9,0.6211,0.69,0.3506,13.61,2.08,0,0
CAFE-000809,24.9,5,2,20.58,0.802,0.6495,0.4955,14.82,2.78,0,0
CAFE-000810,96.4,1,1,11.19,0.1347,0.3506,0.7449,8.06,0.48,0,0
CAFE-000811,3.2,3,4,12.76,0.6034,0.6547,0.4376,9.19,1.57,0,1
CAFE-000812,38.0,4,8,11.71,0.4278,0.7029,0.6138,8.43,1.09,0,0
CAFE-000813,26.8,1,3,16.71,0.7028,0.2681,0.4621,12.03,2.08,0,0
CAFE-000814,72.3,2,4,11.45,0.1507,0.3091,0.4123,8.24,0.61,0,0
CAFE-000815,17.6,3,4,14.68,0.4398,0.5163,0.4924,10.57,1.49,0,0
CAFE-000816,24.3,2,3,15.79,0.51,0.6685,0.3798,11.37,1.68,0,0
CAFE-000817,37.2,3,3,9.22,0.2767,0.3465,0.256,6.64,0.72,0,1
CAFE-000818,14.7,3,6,16.52,0.512,0.2031,0.5435,11.89,1.82,1,0
CAFE-000819,17.3,4,4,15.85,0.4883,0.3291,0.4051,11.41,1.69,0,0
CAFE-000820,19.2,3,7,18.87,0.5936,0.7592,0.3449,13.59,2.2,0,0
CAFE-000821,15.7,5,6,18.86,0.7219,0.292,0.5494,13.58,2.46,1,0
CAFE-000822,3.2,7,3,12.18,0.6102,0.3107,0.7899,8.77,1.51,0,0
CAFE-000823,31.0,4,8,13.87,0.7784,0.334,0.4071,9.99,1.81,1,0
CAFE-000824,13.0,4,4,15.14,0.7079,0.3929,0.5319,10.9,1.97,1,1
CAFE-000825,26.6,1,4,20.45,0.6042,0.7767,0.5773,14.72,2.35,1,0
CAFE-000826,21.1,2,7,20.82,0.5913,0.7641,0.4393,14.99,2.41,0,1
CAFE-000827,24.5,1,4,13.52,0.6017,0.2689,0.7425,9.73,1.56,0,0
CAFE-000828,15.4,2,1,12.68,0.3879,0.2477,0.4792,9.13,1.23,0,0
CAFE-000829,18.3,2,1,9.05,0.1251,0.1539,0.1039,6.52,0.63,0,0
CAFE-000830,17.1,4,4,16.43,0.6948,0.386,0.3466,11.83,2.09,1,1
CAFE-000831,52.2,2,7,16.7,0.741,0.5499,0.8968,12.02,1.99,0,0
CAFE-000832,23.2,5,3,21.3,0.7514,0.5852,0.3801,15.34,2.79,0,1
CAFE-000833,22.9,0,1,6.29,0.0186,0.4626,0.8064,4.53,0.36,0,0
CAFE-000834,12.5,1,8,11.11,0.3316,0.34,0.6467,8.0,1.03,0,0
CAFE-000835,17.3,1,1,14.1,0.4782,0.7151,0.5562,10.15,1.49,0,0
CAFE-000836,63.3,1,5,14.96,0.4773,0.5109,0.46,10.77,1.33,0,0
CAFE-000837,7.6,4,7,15.95,0.796,0.545,0.3079,11.48,2.25,1,1
CAFE-000838,47.1,1,1,11.33,0.4154,0.5532,0.5835,8.16,1.0,0,0
CAFE-000839,47.4,2,1,12.11,0.2969,0.6692,0.4897,8.72,0.93,0,1
CAFE-000840,8.0,0,4,18.66,0.7863,0.1988,0.4965,13.44,2.61,1,1
CAFE-000841,26.5,2,5,21.48,0.836,0.6356,0.5824,15.47,2.97,0,1
CAFE-000842,13.8,2,2,14.79,0.473,0.3552,0.2197,10.65,1.57,1,0
CAFE-000843,3.0,1,8,23.78,0.7875,0.7884,0.4785,17.12,3.37,1,0
CAFE-000844,16.7,1,1,7.93,0.12,0.4795,0.3933,5.71,0.56,0,0
CAFE-000845,11.3,3,5,19.17,0.7368,0.4044,0.7072,13.8,2.56,0,0
CAFE-000846,24.9,2,7,17.86,0.709,0.5389,0.1627,12.86,2.25,0,0
CAFE-000847,4.8,2,8,15.68,0.8789,0.6505,0.4981,11.29,2.35,1,0
CAFE-000848,35.3,0,0,9.1,0.0923,0.6772,0.5757,6.55,0.55,0,0
CAFE-000849,35.6,1,1,12.17,0.2854,0.453,0.4635,8.76,0.97,0,0
CAFE-000850,26.6,1,8,10.36,0.5512,0.5888,0.5981,7.46,1.13,1,0
CAFE-000851,26.2,1,7,18.1,0.6282,0.2139,0.5627,13.03,2.12,1,0
CAFE-000852,7.9,2,2,21.06,0.8207,0.4503,0.8451,15.16,3.02,0,0
CAFE-000853,98.0,3,4,14.13,0.3878,0.6614,0.4684,10.17,0.95,0,0
CAFE-000854,46.5,1,4,7.77,0.2072,0.511,0.4376,5.59,0.53,0,0
CAFE-000855,20.2,1,3,14.1,0.3558,0.5891,0.4651,10.15,1.3,1,0
CAFE-000856,35.7,1,10,17.24,0.5589,0.3909,0.2382,12.41,1.85,0,0
CAFE-000857,18.5,0,0,11.12,0.0713,0.3328,0.1912,8.01,0.72,0,0
CAFE-000858,4.5,2,5,18.63,0.7007,0.3206,0.4141,13.41,2.47,0,0
CAFE-000859,17.4,0,6,13.9,0.466,0.3615,0.2691,10.01,1.45,0,1
CAFE-000860,48.1,0,1,12.53,0.1969,0.5779,0.1127,9.02,0.83,0,0
CAFE-000861,21.7,3,5,13.11,0.5092,0.3933,0.3049,9.44,1.4,0,0
CAFE-000862,56.4,3,2,6.57,0.1137,0.4228,0.468,4.73,0.36,0,0
CAFE-000863,10.0,1,9,18.48,0.7969,0.2007,0.7464,13.31,2.59,1,0
CAFE-000864,14.4,2,9,16.21,0.7794,0.1459,0.4957,11.67,2.22,0,0
CAFE-000865,21.7,2,7,13.51,0.5356,0.4035,0.5769,9.73,1.48,0,0
CAFE-000866,9.7,2,3,11.17,0.6314,0.1242,0.5012,8.04,1.38,0,1
CAFE-000867,27.4,1,5,9.66,0.3292,0.3768,0.5288,6.96,0.84,0,0
CAFE-000868,4.3,5,5,15.57,0.5807,0.2808,0.751,11.21,1.88,0,1
CAFE-000869,47.8,2,2,14.49,0.5334,0.3606,0.5143,10.43,1.45,0,0
CAFE-000870,62.1,3,1,17.82,0.6043,0.3062,0.6622,12.83,1.82,0,0
CAFE-000871,11.9,6,3,14.33,0.397,0.8046,0.4184,10.32,1.42,0,1
CAFE-000872,12.3,2,3,14.82,0.7299,0.4895,0.3656,10.67,1.96,0,0
CAFE-000873,44.4,1,3,15.48,0.5091,0.6784,0.72,11.15,1.53,1,0
CAFE-000874,34.6,1,2,14.34,0.6784,0.5999,0.3898,10.32,1.71,1,0
CAFE-000875,20.2,3,6,11.85,0.6659,0.5537,0.6478,8.53,1.46,0,0
CAFE-000876,37.2,7,4,17.68,0.8703,0.8306,0.8978,12.73,2.43,1,0
CAFE-000877,25.3,3,3,14.24,0.5521,0.4938,0.5104,10.25,1.57,0,1
CAFE-000878,16.3,0,6,11.54,0.4476,0.6658,0.2968,8.31,1.19,1,0
CAFE-000879,4.6,4,5,20.15,0.6347,0.3928,0.4654,14.51,2.54,1,0
CAFE-000880,17.8,1,1,16.91,0.5529,0.5755,0.3556,12.18,1.91,0,0
CAFE-000881,6.7,2,10,19.03,0.8533,0.8101,0.3074,13.7,2.8,1,1
CAFE-000882,63.7,0,2,10.64,0.2322,0.6092,0.2782,7.66,0.68,0,0
CAFE-000883,6.9,6,9,20.59,0.7096,0.2581,0.4228,14.82,2.73,0,0
CAFE-000884,19.7,3,4,16.7,0.5003,0.7954,0.5711,12.02,1.79,0,1
CAFE-000885,16.6,2,1,10.95,0.1302,0.5785,0.342,7.88,0.78,0,0
CAFE-000886,30.7,3,4,18.57,0.5596,0.2402,0.5528,13.37,2.02,0,0
CAFE-000887,20.2,6,1,12.25,0.5826,0.5451,0.306,8.82,1.41,1,0
CAFE-000888,17.2,0,4,15.16,0.4849,0.1787,0.3742,10.92,1.61,0,0
CAFE-000889,7.6,1,0,13.17,0.0872,0.213,0.6558,9.48,0.92,0,0
CAFE-000890,15.4,3,3,10.75,0.2319,0.6729,0.3095,7.74,0.88,1,0
CAFE-000891,80.4,5,6,17.52,0.6716,0.2588,0.4009,12.61,1.79,1,0
CAFE-000892,32.1,2,6,15.43,0.6542,0.7665,0.5656,11.11,1.82,0,1
CAFE-000893,14.2,3,7,21.68,0.8826,0.4528,0.4346,15.61,3.19,0,1
CAFE-000894,14.8,3,6,11.52,0.5085,0.3846,0.3828,8.29,1.26,0,0
CAFE-000895,32.6,3,4,14.58,0.4226,0.7687,0.4047,10.5,1.38,0,0
CAFE-000896,27.6,2,7,15.68,0.6782,0.3463,0.7248,11.29,1.91,1,0
CAFE-000897,4.1,2,3,14.23,0.4139,0.4799,0.6001,10.25,1.48,0,0
CAFE-000898,9.9,3,5,19.39,0.7833,0.5924,0.5035,13.96,2.69,0,0
CAFE-000899,9.3,5,3,17.92,0.6089,0.7375,0.2239,12.9,2.18,0,0
CAFE-000900,14.5,3,1,14.36,0.3866,0.8007,0.5954,10.34,1.4,0,0
CAFE-000901,51.6,0,2,8.11,0.2483,0.7748,0.7149,5.84,0.57,0,0
CAFE-000902,6.6,5,5,16.63,0.7268,0.2714,0.33,11.97,2.23,1,0
CAFE-000903,38.8,1,0,12.61,0.1289,0.4588,0.256,9.08,0.79,0,0
CAFE-000904,14.3,1,2,12.0,0.104,0.448,0.0713,8.64,0.83,1,0
CAFE-000905,13.1,5,11,20.35,0.7386,0.7548,0.5655,14.65,2.71,0,1
CAFE-000906,16.8,3,2,13.09,0.443,0.7488,0.3404,9.42,1.34,0,0
CAFE-000907,5.3,1,5,15.48,0.4464,0.5654,0.5814,11.15,1.65,0,0
CAFE-000908,21.2,1,1,7.05,0.2999,0.2154,0.8,5.08,0.61,0,0
CAFE-000909,70.4,4,7,16.53,0.4551,0.4053,0.3642,11.9,1.39,0,1
CAFE-000910,2.7,5,5,21.55,0.8711,0.8075,0.3986,15.52,3.24,0,0
CAFE-000911,24.4,1,2,12.99,0.2832,0.78,0.6487,9.35,1.09,0,0
CAFE-000912,30.5,2,10,19.5,0.9275,0.3334,0.5344,14.04,2.84,1,0
CAFE-000913,58.9,3,4,18.21,0.7012,0.1128,0.5148,13.11,2.06,0,0
CAFE-000914,36.9,2,5,15.19,0.4415,0.4197,0.8455,10.94,1.44,0,0
CAFE-000915,39.4,2,2,12.11,0.393,0.28,0.5829,8.72,1.08,0,0
CAFE-000916,70.7,4,6,9.89,0.3808,0.5001,0.5105,7.12,0.76,0,0
CAFE-000917,19.6,3,7,18.28,0.7863,0.4467,0.2753,13.16,2.48,0,1
CAFE-000918,15.6,3,1,13.88,0.4019,0.4408,0.4817,9.99,1.37,1,0
CAFE-000919,3.9,1,8,19.2,0.4579,0.5911,0.1653,13.82,2.08,0,0
CAFE-000920,49.3,2,8,15.29,0.4169,0.3306,0.4795,11.01,1.34,1,0
CAFE-000921,25.2,6,4,17.49,0.6781,0.6053,0.8795,12.59,2.15,0,0
CAFE-000922,31.3,5,5,14.58,0.6235,0.541,0.7208,10.5,1.68,1,0
CAFE-000923,18.3,2,1,10.64,0.285,0.5025,0.8408,7.66,0.91,0,0
CAFE-000924,55.0,2,5,9.83,0.4542,0.8824,0.8091,7.08,0.88,1,1
CAFE-000925,42.8,1,2,15.36,0.4495,0.3464,0.3005,11.06,1.44,1,0
CAFE-000926,19.4,0,5,13.85,0.5886,0.6986,0.6035,9.97,1.6,0,0
CAFE-000927,4.9,2,8,16.04,0.7094,0.3024,0.6897,11.55,2.14,0,1
CAFE-000928,40.5,3,3,10.33,0.2246,0.4147,0.58,7.44,0.74,0,0
CAFE-000929,27.9,6,3,13.47,0.5981,0.3419,0.2096,9.7,1.53,0,1
CAFE-000930,25.8,4,3,16.85,0.6988,0.5413,0.4893,12.13,2.1,1,0
CAFE-000931,29.0,5,1,12.01,0.4603,0.5789,0.6676,8.65,1.2,0,0
CAFE-000932,32.4,0,0,11.77,0.2839,0.7363,0.6221,8.47,0.95,0,0
CAFE-000933,14.9,4,4,13.36,0.4601,0.2591,0.6312,9.62,1.4,0,0
CAFE-000934,51.3,1,1,14.44,0.6805,0.5427,0.4604,10.4,1.64,0,1
CAFE-000935,7.1,0,12,15.04,0.5934,0.2865,0.3574,10.83,1.82,0,0
CAFE-000936,61.9,2,5,10.94,0.5199,0.0965,0.4987,7.88,1.03,0,0
CAFE-000937,55.7,2,3,9.9,0.3691,0.5304,0.2926,7.13,0.8,1,0
CAFE-000938,14.3,4,4,19.33,0.8349,0.6288,0.6523,13.92,2.75,0,1
CAFE-000939,32.1,2,2,10.84,0.4461,0.6405,0.1666,7.8,1.05,0,0
CAFE-000940,7.5,0,4,10.52,0.3997,0.9014,0.4722,7.57,1.07,1,1
CAFE-000941,34.2,3,12,18.48,0.8306,0.5808,0.4486,13.31,2.49,0,0
CAFE-000942,49.9,0,1,13.56,0.3498,0.3343,0.5171,9.76,1.1,0,0
CAFE-000943,20.4,6,4,14.9,0.3228,0.4424,0.4665,10.73,1.33,0,0
CAFE-000944,32.3,2,5,12.5,0.3282,0.3222,0.283,9.0,1.06,1,0
CAFE-000945,10.6,1,4,12.36,0.0441,0.4333,0.4936,8.9,0.8,1,0
CAFE-000946,31.0,7,6,16.45,0.655,0.2906,0.7384,11.84,1.95,0,0
CAFE-000947,36.8,2,5,12.36,0.5685,0.3168,0.2653,8.9,1.33,0,0
CAFE-000948,25.1,1,2,9.37,0.2792,0.6581,0.6314,6.75,0.78,1,0
CAFE-000949,63.8,2,6,16.42,0.6886,0.331,0.2336,11.82,1.8,0,0
CAFE-000950,27.3,2,6,12.6,0.324,0.2755,0.7173,9.07,1.09,1,0
CAFE-000951,4.5,4,7,20.2,0.7582,0.7289,0.8724,14.54,2.79,0,0
CAFE-000952,22.0,1,1,15.23,0.2763,0.3384,0.5538,10.97,1.27,1,0
CAFE-000953,16.1,7,4,23.34,0.6828,0.8119,0.417,16.8,2.95,0,0
CAFE-000954,41.0,2,4,7.35,0.2072,0.7339,0.4029,5.29,0.51,1,0
CAFE-000955,29.6,3,4,13.3,0.562,0.3708,0.6331,9.58,1.46,0,1
CAFE-000956,54.1,2,2,18.83,0.5652,0.6498,0.5105,13.56,1.9,1,0
CAFE-000957,35.5,1,2,11.14,0.2388,0.4359,0.1282,8.02,0.84,0,0
CAFE-000958,85.0,1,5,8.18,0.3683,0.3648,0.2921,5.89,0.57,0,0
CAFE-000959,64.1,2,11,15.72,0.5382,0.3865,0.477,11.32,1.49,0,0
CAFE-000960,25.8,3,8,12.93,0.5423,0.4949,0.4394,9.31,1.41,0,0
CAFE-000961,11.4,3,5,17.01,0.63,0.5081,0.5649,12.25,2.09,0,0
CAFE-000962,61.3,0,4,12.31,0.3367,0.3943,0.2459,8.86,0.93,0,0
CAFE-000963,23.7,2,6,13.65,0.5293,0.5623,0.3196,9.83,1.48,0,1
CAFE-000964,12.5,4,4,13.48,0.5418,0.1498,0.599,9.71,1.53,0,1
CAFE-000965,4.0,0,6,16.4,0.6208,0.42,0.4007,11.81,2.04,0,0
CAFE-000966,29.5,6,8,17.52,0.7091,0.5939,0.255,12.61,2.18,0,1
CAFE-000967,13.9,0,5,10.73,0.2651,0.4375,0.3677,7.73,0.92,1,1
CAFE-000968,31.2,3,6,15.51,0.6786,0.6334,0.452,11.17,1.87,1,1
CAFE-000969,28.5,2,5,20.86,0.9216,0.7215,0.666,15.02,3.04,0,0
CAFE-000970,30.4,0,1,5.04,0.0626,0.9006,0.5389,3.63,0.3,0,0
CAFE-000971,61.2,1,4,11.44,0.2978,0.4628,0.4475,8.24,0.82,0,0
CAFE-000972,20.1,1,2,11.71,0.3324,0.7716,0.6831,8.43,1.05,1,1
CAFE-000973,30.3,1,5,11.74,0.3536,0.6064,0.7951,8.45,1.04,0,0
CAFE-000974,3.4,3,7,15.72,0.8884,0.3784,0.306,11.32,2.38,1,0
CAFE-000975,42.0,1,2,14.25,0.2626,0.2924,0.1448,10.26,1.07,0,0
CAFE-000976,7.0,3,5,15.52,0.6612,0.3401,0.3234,11.17,1.98,0,1
CAFE-000977,13.9,2,1,10.82,0.37,0.7471,0.4268,7.79,1.04,0,0
CAFE-000978,41.7,1,1,17.85,0.4335,0.5168,0.4699,12.85,1.65,1,0
CAFE-000979,13.3,0,4,15.13,0.5079,0.3211,0.7649,10.89,1.66,0,0
CAFE-000980,17.3,1,7,18.01,0.6673,0.4102,0.8341,12.97,2.24,1,0
CAFE-000981,35.5,3,9,12.66,0.5111,0.558,0.7487,9.12,1.3,0,0
CAFE-000982,46.9,4,8,17.09,0.5075,0.5613,0.4898,12.3,1.67,1,0
CAFE-000983,25.6,3,6,17.21,0.6386,0.4056,0.1195,12.39,2.04,0,1
CAFE-000984,23.4,1,3,17.32,0.6949,0.775,0.756,12.47,2.17,0,0
CAFE-000985,7.4,3,5,19.11,0.7639,0.435,0.3477,13.76,2.63,0,1
CAFE-000986,20.7,3,9,18.77,0.7003,0.4509,0.3609,13.51,2.38,1,1
CAFE-000987,32.9,1,4,14.06,0.4518,0.7463,0.077,10.12,1.37,0,0
CAFE-000988,35.6,1,12,20.74,0.6535,0.1409,0.8041,14.93,2.42,0,0
CAFE-000989,31.5,3,8,18.83,0.6189,0.297,0.7238,13.56,2.16,0,0
CAFE-000990,14.7,3,7,14.49,0.6615,0.5771,0.561,10.43,1.81,0,1
CAFE-000991,32.5,0,4,14.32,0.3654,0.6461,0.5856,10.31,1.27,0,1
CAFE-000992,13.1,4,9,18.15,0.7902,0.2064,0.4736,13.07,2.51,1,1
CAFE-000993,31.2,3,3,14.67,0.5221,0.4115,0.2995,10.56,1.54,1,0
CAFE-000994,8.4,3,10,18.29,0.7804,0.2305,0.3362,13.17,2.54,1,1
CAFE-000995,110.2,1,3,7.22,0.3014,0.8659,0.5958,5.2,0.39,1,0
CAFE-000996,84.4,2,5,15.9,0.6103,0.2026,0.8256,11.45,1.5,1,1
CAFE-000997,22.2,4,6,14.15,0.788,0.5168,0.3157,10.19,1.91,0,0
CAFE-000998,15.0,4,3,21.76,0.8244,0.6708,0.4747,15.67,3.07,1,0
CAFE-000999,22.8,4,5,15.28,0.4817,0.6139,0.3949,11.0,1.59,1,0
CAFE-001000,17.1,1,5,21.32,0.7553,0.7775,0.7357,15.35,2.84,0,1
CAFE-001001,15.3,4,4,18.78,0.757,0.5094,0.5996,13.52,2.52,0,0
CAFE-001002,29.9,5,9,22.74,0.8801,0.7229,0.482,16.37,3.21,0,0
CAFE-001003,14.4,3,6,14.35,0.5509,0.6126,0.268,10.33,1.63,0,0
CAFE-001004,7.8,3,3,12.6,0.3638,0.7,0.609,9.07,1.23,0,0
CAFE-001005,4.6,1,1,14.39,0.3454,0.5816,0.7289,10.36,1.39,0,0
CAFE-001006,51.1,1,5,16.3,0.4947,0.6177,0.4838,11.74,1.55,1,0
CAFE-001007,4.4,3,1,16.09,0.5656,0.4446,0.3346,11.58,1.91,0,1
CAFE-001008,4.1,4,4,16.11,0.6986,0.7096,0.775,11.6,2.13,0,0
CAFE-001009,18.4,4,7,14.26,0.7233,0.3669,0.3356,10.27,1.85,0,1
CAFE-001010,53.8,1,3,14.2,0.5545,0.2145,0.577,10.22,1.42,1,0
CAFE-001011,1.2,3,10,17.97,0.7547,0.7498,0.4311,12.94,2.5,1,0
CAFE-001012,55.4,1,1,7.68,0.0688,0.6346,0.5961,5.53,0.39,0,0
CAFE-001013,14.7,1,12,15.67,0.6838,0.395,0.3741,11.28,1.99,0,0
CAFE-001014,5.7,4,5,14.98,0.8169,0.2966,0.382,10.79,2.15,0,1
CAFE-001015,42.6,1,1,9.09,0.1658,0.4803,0.4329,6.54,0.59,1,0
CAFE-001016,35.7,2,4,12.32,0.2877,0.646,0.4787,8.87,0.98,0,0
CAFE-001017,49.4,3,3,14.08,0.5427,0.6695,0.2288,10.14,1.41,1,1
CAFE-001018,15.4,2,6,19.34,0.7638,0.7468,0.6698,13.92,2.61,1,1
CAFE-001019,12.0,4,3,22.47,0.9417,0.2645,0.7146,16.18,3.46,0,0
CAFE-001020,9.5,2,7,13.56,0.652,0.6033,0.3946,9.76,1.71,0,0
CAFE-001021,72.7,2,8,15.1,0.5755,0.1819,0.3992,10.87,1.44,0,0
CAFE-001022,35.8,6,3,20.89,0.8094,0.4314,0.5081,15.04,2.76,1,0
CAFE-001023,57.0,6,4,18.16,0.6213,0.5471,0.5203,13.08,1.92,1,0
CAFE-001024,57.4,1,5,16.4,0.4801,0.373,0.5137,11.81,1.5,0,1
CAFE-001025,19.9,3,2,14.85,0.3215,0.9481,0.4031,10.69,1.32,0,0
CAFE-001026,19.2,2,5,17.77,0.7876,0.139,0.2541,12.79,2.41,1,0
CAFE-001027,37.5,6,11,16.95,0.8689,0.2963,0.5801,12.2,2.33,0,1
CAFE-001028,28.6,2,1,16.87,0.543,0.5777,0.4571,12.15,1.82,1,1
CAFE-001029,32.0,4,9,19.26,0.8527,0.5894,0.5937,13.87,2.65,0,0
CAFE-001030,20.1,2,9,17.97,0.9562,0.1093,0.6622,12.94,2.74,0,1
CAFE-001031,3.8,3,5,17.28,0.8528,0.4452,0.4639,12.44,2.56,0,0
CAFE-001032,40.5,1,4,5.49,0.2284,0.6883,0.2788,3.95,0.4,0,0
CAFE-001033,19.2,2,16,18.72,0.8441,0.5666,0.8679,13.48,2.65,1,0
CAFE-001034,26.3,0,0,9.67,0.213,0.4394,0.1794,6.96,0.73,0,0
CAFE-001035,29.5,1,3,12.31,0.2467,0.7249,0.617,8.86,0.96,0,0
CAFE-001036,12.4,2,5,14.95,0.7631,0.828,0.9257,10.76,2.03,1,1
CAFE-001037,20.4,1,2,14.1,0.3691,0.716,0.3575,10.15,1.32,1,0
CAFE-001038,42.5,2,1,13.55,0.3576,0.4361,0.5624,9.76,1.14,0,0
CAFE-001039,20.4,3,9,18.41,0.7671,0.866,0.2604,13.26,2.46,0,1
CAFE-001040,27.8,0,0,11.59,0.1856,0.3037,0.4964,8.34,0.84,1,0
CAFE-001041,36.9,7,6,17.5,0.8265,0.6564,0.8644,12.6,2.33,1,1
CAFE-001042,25.8,3,9,22.26,0.7453,0.2074,0.6754,16.03,2.88,0,1
CAFE-001043,21.8,4,10,21.73,0.9241,0.1786,0.4838,15.65,3.23,1,0
CAFE-001044,1.6,7,3,14.76,0.8278,0.4369,0.3672,10.63,2.16,1,1
CAFE-001045,7.1,2,7,20.53,0.7271,0.3775,0.6021,14.78,2.75,1,1
CAFE-001046,27.0,1,5,19.24,0.606,0.3603,0.5226,13.85,2.21,0,0
CAFE-001047,10.8,1,2,13.15,0.3396,0.6916,0.8405,9.47,1.24,0,0
CAFE-001048,30.4,1,3,12.81,0.5285,0.4143,0.4597,9.22,1.36,0,0
CAFE-001049,19.2,3,10,21.0,0.9214,0.6592,0.6662,15.12,3.13,0,1
CAFE-001050,8.3,3,8,21.77,0.7229,0.6099,0.523,15.67,2.9,0,0
CAFE-001051,29.2,6,10,21.17,0.8479,0.1165,0.6665,15.24,2.93,1,1
CAFE-001052,9.8,3,4,13.65,0.6783,0.2808,0.4663,9.83,1.75,0,0
CAFE-001053,53.3,2,4,17.06,0.5078,0.5377,0.2797,12.28,1.63,0,0
CAFE-001054,27.0,2,3,14.99,0.5254,0.7195,0.3842,10.79,1.6,0,0
CAFE-001055,33.8,3,5,10.36,0.5273,0.627,0.4626,7.46,1.08,0,0
CAFE-001056,12.6,2,7,15.73,0.4576,0.3707,0.339,11.33,1.66,0,0
CAFE-001057,34.7,2,5,20.72,0.7562,0.419,0.6062,14.92,2.63,0,0
CAFE-001058,3.1,0,3,5.0,0.0738,0.4107,0.5862,3.6,0.35,0,0
CAFE-001059,70.6,4,5,14.39,0.6693,0.7909,0.6081,10.36,1.52,0,0
CAFE-001060,15.1,1,6,13.99,0.5672,0.3181,0.4733,10.07,1.61,1,1
CAFE-001061,33.2,3,9,20.47,0.8863,0.4208,0.3098,14.74,2.88,1,0
CAFE-001062,46.1,1,5,11.1,0.5246,0.3902,0.6828,7.99,1.11,0,0
CAFE-001063,31.1,5,6,19.03,0.7182,0.3162,0.1875,13.7,2.37,1,1
CAFE-001064,7.0,3,4,17.09,0.6077,0.4604,0.8292,12.3,2.09,1,1
CAFE-001065,15.6,0,5,15.74,0.6007,0.4169,0.5342,11.33,1.86,1,0
CAFE-001066,23.8,3,5,15.95,0.5938,0.3512,0.3961,11.48,1.83,0,0
CAFE-001067,39.4,3,4,9.92,0.3417,0.2785,0.2315,7.14,0.83,0,0
CAFE-001068,21.0,0,5,14.12,0.2379,0.3363,0.7683,10.17,1.13,0,0
CAFE-001069,35.4,2,3,18.27,0.5961,0.6017,0.6664,13.15,2.03,0,0
CAFE-001070,18.1,5,3,13.67,0.4816,0.5384,0.5602,9.84,1.44,0,1
CAFE-001071,14.2,1,8,11.6,0.5268,0.2727,0.4574,8.35,1.29,0,1
CAFE-001072,46.7,1,3,16.89,0.5417,0.5351,0.4347,12.16,1.71,0,0
CAFE-001073,9.7,5,6,16.54,0.7979,0.4949,0.6993,11.91,2.32,1,1
CAFE-001074,34.8,6,8,15.33,0.7314,0.3115,0.4616,11.04,1.91,0,0
CAFE-001075,54.9,1,2,10.62,0.2013,0.4371,0.476,7.65,0.68,0,0
CAFE-001076,14.8,2,4,12.35,0.3404,0.3235,0.6006,8.89,1.14,0,0
CAFE-001077,19.5,3,4,15.55,0.6564,0.5303,0.2953,11.2,1.91,1,1
CAFE-001078,10.2,0,6,14.2,0.5498,0.2258,0.1267,10.22,1.64,0,0
CAFE-001079,10.3,1,1,8.88,0.1316,0.7882,0.4872,6.39,0.65,0,0
CAFE-001080,15.2,3,5,13.25,0.6129,0.2675,0.3485,9.54,1.59,0,0
CAFE-001081,25.1,1,8,19.11,0.6356,0.3493,0.4341,13.76,2.26,1,1
CAFE-001082,12.6,4,6,18.07,0.7507,0.4283,0.946,13.01,2.43,0,0
CAFE-001083,19.0,4,6,17.08,0.7396,0.3947,0.859,12.3,2.24,0,0
CAFE-001084,51.9,5,6,20.33,0.6597,0.2957,0.1847,14.64,2.26,0,0
CAFE-001085,26.0,0,3,12.97,0.0757,0.7193,0.6021,9.34,0.81,0,1
CAFE-001086,7.5,8,6,19.98,0.825,0.1624,0.709,14.39,2.87,0,0
CAFE-001087,63.4,1,3,9.22,0.1866,0.5443,0.355,6.64,0.55,0,1
CAFE-001088,28.6,0,1,14.3,0.2933,0.4781,0.3642,10.3,1.19,0,0
CAFE-001089,41.9,2,10,20.82,0.7173,0.4477,0.639,14.99,2.51,0,0
CAFE-001090,32.2,4,8,16.84,0.696,0.487,0.3718,12.12,2.05,0,0
CAFE-001091,21.4,1,6,12.74,0.1759,0.2702,0.3235,9.17,0.94,0,0
CAFE-001092,13.0,2,4,12.19,0.5672,0.322,0.494,8.78,1.41,0,1
CAFE-001093,24.2,6,3,18.15,0.745,0.415,0.4013,13.07,2.36,1,1
CAFE-001094,5.1,6,4,18.35,0.6597,0.447,0.449,13.21,2.35,0,1
CAFE-001095,39.9,5,3,13.02,0.6217,0.728,0.593,9.37,1.46,0,0
CAFE-001096,61.2,2,1,10.07,0.2954,0.6247,0.1238,7.25,0.72,1,0
CAFE-001097,14.5,1,5,15.35,0.6782,0.4406,0.2043,11.05,1.94,1,1
CAFE-001098,30.9,6,9,16.86,0.653,0.567,0.4188,12.14,1.99,1,0
CAFE-001099,9.8,3,11,15.42,0.903,0.7837,0.2109,11.1,2.32,1,0
CAFE-001100,46.2,1,3,16.68,0.2976,0.5378,0.4229,12.01,1.29,0,0
CAFE-001101,6.8,2,4,13.67,0.5033,0.2891,0.4047,9.84,1.53,0,0
CAFE-001102,11.0,6,5,16.66,0.5843,0.8452,0.4967,12.0,1.97,0,0
CAFE-001103,28.7,3,1,14.01,0.5256,0.3355,0.5713,10.09,1.49,0,0
CAFE-001104,24.3,4,4,23.78,0.8525,0.0709,0.6733,17.12,3.34,0,0
CAFE-001105,30.2,4,1,12.88,0.558,0.6937,0.69,9.27,1.4,0,0
CAFE-001106,9.0,2,3,18.55,0.5305,0.5261,0.2109,13.36,2.11,1,0
CAFE-001107,24.2,1,6,14.7,0.408,0.6658,0.1982,10.58,1.41,0,0
CAFE-001108,54.9,3,6,21.36,0.851,0.3305,0.4316,15.38,2.76,0,1
CAFE-001109,0.7,5,3,20.46,0.576,0.3447,0.1794,14.73,2.48,0,1
CAFE-001110,14.3,3,4,16.19,0.3172,0.4799,0.3419,11.66,1.47,0,0
CAFE-001111,29.7,3,6,20.31,0.642,0.4794,0.4087,14.62,2.39,0,0
CAFE-001112,37.3,1,4,13.66,0.2476,0.5221,0.5789,9.84,1.03,0,0
CAFE-001113,19.9,4,1,14.78,0.7102,0.2684,0.682,10.64,1.89,0,0
CAFE-001114,29.1,2,5,14.38,0.603,0.8494,0.4434,10.35,1.64,1,1
CAFE-001115,8.4,2,5,15.38,0.6941,0.2183,0.6097,11.07,2.01,0,0
CAFE-001116,68.4,2,4,10.78,0.3738,0.5262,0.429,7.76,0.83,0,0
CAFE-001117,41.0,3,8,15.34,0.5575,0.4795,0.4255,11.04,1.61,0,1
CAFE-001118,51.4,3,5,19.79,0.7898,0.2888,0.5606,14.25,2.46,0,0
CAFE-001119,34.5,1,5,16.57,0.2653,0.3525,0.1351,11.93,1.29,0,0
CAFE-001120,40.0,2,2,13.31,0.4033,0.3384,0.5178,9.58,1.2,0,0
CAFE-001121,16.4,0,1,11.17,0.237,0.6184,0.4828,8.04,0.91,0,0
CAFE-001122,12.1,2,4,15.74,0.6528,0.27,0.7592,11.33,1.97,1,0
CAFE-001123,5.2,2,5,19.72,0.7043,0.2168,0.7239,14.2,2.61,0,0
CAFE-001124,64.2,1,1,14.15,0.1094,0.5855,0.3371,10.19,0.73,0,0
CAFE-001125,37.3,4,2,15.11,0.5696,0.7596,0.731,10.88,1.62,0,0
CAFE-001126,50.1,0,1,15.16,0.2582,0.2485,0.7827,10.92,1.09,1,0
CAFE-001127,28.2,4,5,10.88,0.689,0.5928,0.5746,7.83,1.34,1,1
CAFE-001128,27.2,1,1,13.54,0.179,0.621,0.2635,9.75,0.98,0,0
CAFE-001129,12.8,2,3,12.57,0.4585,0.4789,0.3481,9.05,1.32,1,0
CAFE-001130,10.5,5,8,15.36,0.7628,0.592,0.3796,11.06,2.1,0,1
CAFE-001131,17.8,1,7,12.8,0.5924,0.5821,0.1692,9.22,1.5,0,0
CAFE-001132,32.2,2,4,13.47,0.3836,0.3502,0.3273,9.7,1.22,0,0
CAFE-001133,9.9,0,4,11.19,0.1717,0.3956,0.6796,8.06,0.87,1,0
CAFE-001134,40.3,1,4,17.65,0.4521,0.7273,0.8208,12.71,1.67,0,0
CAFE-001135,48.0,2,3,13.43,0.5779,0.3952,0.3358,9.67,1.4,0,1
CAFE-001136,47.2,5,6,20.22,0.9945,0.3574,0.694,14.56,2.96,1,1
CAFE-001137,20.8,0,8,19.07,0.7928,0.6829,0.4471,13.73,2.59,0,0
CAFE-001138,14.9,1,6,11.74,0.4515,0.837,0.3445,8.45,1.22,1,0
CAFE-001139,12.9,3,5,14.63,0.83,0.1179,0.3263,10.53,2.08,0,0
CAFE-001140,31.9,2,1,16.36,0.5072,0.1914,0.6614,11.78,1.69,0,0
CAFE-001141,54.2,0,2,22.64,0.6126,0.5661,0.529,16.3,2.39,0,0
CAFE-001142,11.1,2,15,22.9,0.9007,0.5385,0.5742,16.49,3.44,1,0
CAFE-001143,42.2,1,4,11.83,0.2633,0.8278,0.4055,8.52,0.89,0,0
CAFE-001144,13.9,1,2,12.61,0.4066,0.5345,0.6335,9.08,1.26,0,0
CAFE-001145,33.8,2,4,17.49,0.6093,0.56,0.5803,12.59,1.97,0,0
CAFE-001146,21.5,3,6,20.31,0.7716,0.1656,0.3049,14.62,2.71,1,0
CAFE-001147,20.1,1,3,12.67,0.5872,0.3023,0.1142,9.12,1.46,0,0
CAFE-001148,12.5,4,11,17.12,0.7847,0.7185,0.4902,12.33,2.36,0,0
CAFE-001149,20.0,1,9,17.86,0.8661,0.3722,0.6399,12.86,2.56,0,0
CAFE-001150,8.4,5,10,16.51,0.8841,0.389,0.4169,11.89,2.47,0,1
CAFE-001151,21.8,1,4,14.76,0.6341,0.6983,0.5098,10.63,1.76,0,1
CAFE-001152,9.7,3,8,18.06,0.5962,0.6653,0.3478,13.0,2.17,0,1
CAFE-001153,3.4,3,5,19.16,0.828,0.398,0.3163,13.8,2.79,1,0
CAFE-001154,25.3,2,8,14.29,0.4398,0.42,0.3961,10.29,1.41,0,0
CAFE-001155,37.6,2,6,18.68,0.5042,0.6265,0.5723,13.45,1.88,0,0
CAFE-001156,20.8,2,1,13.69,0.5377,0.6063,0.1594,9.86,1.51,1,1
CAFE-001157,56.0,1,8,20.03,0.696,0.3766,0.4904,14.42,2.27,0,1
CAFE-001158,38.2,3,4,13.04,0.4212,0.6731,0.7382,9.39,1.2,0,0
CAFE-001159,7.4,5,5,19.45,0.7563,0.3059,0.7668,14.0,2.66,0,0
CAFE-001160,43.8,2,5,13.34,0.4993,0.5902,0.3082,9.6,1.31,0,0
CAFE-001161,23.7,3,1,14.89,0.4058,0.4399,0.4561,10.72,1.43,1,0
CAFE-001162,13.0,0,3,13.82,0.257,0.2762,0.2544,9.95,1.17,0,0
CAFE-001163,1.7,2,6,19.83,0.7903,0.6784,0.789,14.28,2.82,0,0
CAFE-001164,30.3,1,3,8.52,0.4094,0.4459,0.5466,6.13,0.8,0,0
CAFE-001165,61.8,4,3,15.92,0.5066,0.7617,0.7183,11.46,1.47,0,0
CAFE-001166,34.2,0,2,11.45,0.1528,0.2145,0.3334,8.24,0.77,0,0
CAFE-001167,9.5,3,3,15.44,0.5421,0.4854,0.5274,11.12,1.77,1,1
CAFE-001168,3.1,1,3,8.08,0.2977,0.6069,0.2482,5.82,0.75,1,1
CAFE-001169,8.8,3,4,16.2,0.6529,0.4647,0.6581,11.66,2.04,0,0
CAFE-001170,20.9,2,6,12.03,0.3809,0.5962,0.2203,8.66,1.14,0,0
CAFE-001171,17.6,1,3,20.48,0.5636,0.4944,0.408,14.75,2.34,0,0
CAFE-001172,95.2,3,1,16.13,0.104,0.4007,0.8007,11.61,0.65,0,0
CAFE-001173,15.3,0,8,16.77,0.7518,0.4624,0.8834,12.07,2.24,0,0
CAFE-001174,4.5,6,7,15.91,0.4145,0.6488,0.6897,11.46,1.65,1,1
CAFE-001175,10.1,2,5,12.22,0.278,0.7837,0.3396,8.8,1.08,0,0
CAFE-001176,25.9,4,8,20.95,0.9823,0.5512,0.3967,15.08,3.2,1,0
CAFE-001177,50.9,1,3,11.3,0.4726,0.3781,0.6512,8.14,1.05,0,0
CAFE-001178,32.7,2,3,11.14,0.4077,0.5904,0.7767,8.02,1.04,1,1
CAFE-001179,7.9,0,4,11.81,0.2021,0.8289,0.2871,8.5,0.96,0,0
CAFE-001180,27.8,4,8,14.42,0.6202,0.3541,0.356,10.38,1.67,0,0
CAFE-001181,21.6,2,4,17.41,0.7055,0.6192,0.7075,12.54,2.21,0,0
CAFE-001182,57.1,3,2,16.38,0.5461,0.4237,0.5225,11.79,1.61,1,0
CAFE-001183,27.7,5,7,15.5,0.8276,0.4229,0.3688,11.16,2.12,1,0
CAFE-001184,17.1,8,3,15.76,0.5795,0.539,0.2153,11.35,1.82,0,0
CAFE-001185,10.7,8,9,18.12,0.7447,0.2804,0.3102,13.05,2.44,0,0
CAFE-001186,38.5,1,4,14.45,0.2997,0.9256,0.6028,10.4,1.16,0,0
CAFE-001187,91.4,1,2,13.3,0.3806,0.6543,0.2824,9.58,0.92,0,0
CAFE-001188,4.9,3,5,15.98,0.6796,0.5218,0.6709,11.51,2.08,1,0
CAFE-001189,4.8,2,6,12.37,0.2872,0.5084,0.3463,8.91,1.13,1,0
CAFE-001190,57.8,3,4,20.05,0.5123,0.7175,0.3375,14.44,1.89,0,0
CAFE-001191,83.1,0,3,10.8,0.2569,0.4654,0.224,7.78,0.65,0,0
CAFE-001192,29.2,11,7,20.13,0.6606,0.4907,0.725,14.49,2.41,1,1
CAFE-001193,15.9,0,1,8.29,0.2093,0.4843,0.3565,5.97,0.66,0,0
CAFE-001194,33.4,2,5,11.81,0.6423,0.1818,0.5263,8.5,1.37,1,0
CAFE-001195,41.2,2,1,12.72,0.2305,0.5694,0.7572,9.16,0.92,0,0
CAFE-001196,4.8,0,4,10.09,0.3736,0.557,0.7764,7.26,1.01,1,0
CAFE-001197,15.2,2,6,17.57,0.6187,0.5761,0.4508,12.65,2.12,1,1
CAFE-001198,4.6,4,5,19.24,0.8545,0.397,0.6132,13.85,2.84,1,0
CAFE-001199,25.3,0,7,16.9,0.5438,0.1632,0.4856,12.17,1.85,1,0
CAFE-001200,26.9,2,2,14.62,0.2791,0.3242,0.2083,10.53,1.2,0,0
CAFE-001201,23.8,3,3,17.78,0.7109,0.5527,0.243,12.8,2.25,0,0
CAFE-001202,56.4,3,3,13.57,0.6216,0.4331,0.5248,9.77,1.44,0,0
CAFE-001203,48.0,1,5,14.16,0.2504,0.5954,0.4987,10.2,1.02,0,0
CAFE-001204,51.5,1,4,8.97,0.4852,0.6938,0.535,6.46,0.84,1,0
CAFE-001205,10.1,1,8,14.92,0.693,0.6057,0.3164,10.74,1.93,0,0
CAFE-001206,33.1,4,3,17.64,0.6775,0.1908,0.3501,12.7,2.11,0,0
CAFE-001207,39.6,1,1,11.54,0.2206,0.8655,0.5376,8.31,0.83,0,0
CAFE-001208,7.6,4,7,15.49,0.7932,0.3682,0.5476,11.15,2.18,1,0
CAFE-001209,19.4,0,3,11.46,0.1979,0.9226,0.4386,8.25,0.88,0,0
CAFE-001210,29.7,0,7,15.78,0.7963,0.2364,0.3809,11.36,2.1,0,0
CAFE-001211,12.6,2,6,19.31,0.7845,0.3878,0.5861,13.9,2.66,0,1
CAFE-001212,52.8,1,6,17.43,0.7906,0.5231,0.6169,12.55,2.16,0,0
CAFE-001213,34.3,1,1,5.41,0.1239,0.5524,0.7017,3.9,0.35,0,0
CAFE-001214,30.2,1,6,15.67,0.5926,0.6379,0.6092,11.28,1.76,0,0
CAFE-001215,49.4,0,3,15.54,0.1953,0.8366,0.4914,11.19,1.02,0,0
CAFE-001216,31.5,6,8,21.35,0.7161,0.6758,0.3949,15.37,2.65,0,1
CAFE-001217,53.9,0,4,19.45,0.3297,0.2292,0.8037,14.0,1.51,0,1
CAFE-001218,37.4,3,3,17.04,0.6012,0.1183,0.2645,12.27,1.89,1,0
CAFE-001219,22.7,4,7,18.05,0.8178,0.2015,0.4569,13.0,2.48,1,1
CAFE-001220,31.5,1,3,12.58,0.263,0.6584,0.7429,9.06,0.99,0,0
CAFE-001221,39.5,2,4,19.13,0.5771,0.5961,0.6606,13.77,2.06,0,1
CAFE-001222,6.5,1,8,16.52,0.6907,0.2442,0.7361,11.89,2.16,0,1
CAFE-001223,61.5,5,4,14.56,0.5945,0.2095,0.6901,10.48,1.48,1,0
CAFE-001224,64.5,4,3,11.82,0.3908,0.6138,0.5413,8.51,0.94,0,0
CAFE-001225,29.6,2,3,9.58,0.1492,0.4235,0.7874,6.9,0.65,0,0
CAFE-001226,1.6,2,2,14.43,0.429,0.5069,0.4689,10.39,1.53,0,0
CAFE-001227,14.5,2,1,13.65,0.123,0.62,0.4621,9.83,0.97,0,1
CAFE-001228,32.8,3,7,17.66,0.6362,0.7618,0.5218,12.72,2.05,1,0
CAFE-001229,7.2,2,14,18.08,0.8154,0.1138,0.2779,13.02,2.58,0,1
CAFE-001230,16.9,0,7,10.08,0.4495,0.2219,0.4336,7.26,1.04,0,0
CAFE-001231,35.8,3,1,19.7,0.6423,0.5957,0.8891,14.18,2.27,0,0
CAFE-001232,44.0,0,1,13.0,0.2841,0.157,0.5428,9.36,1.0,0,0
CAFE-001233,25.3,2,2,16.0,0.3378,0.5384,0.3073,11.52,1.42,0,0
CAFE-001234,26.8,2,3,17.57,0.3301,0.6242,0.678,12.65,1.53,1,0
CAFE-001235,33.3,0,3,12.03,0.4337,0.8115,0.4925,8.66,1.15,0,0
CAFE-001236,28.7,3,1,13.59,0.3527,0.3248,0.6429,9.78,1.21,1,0
CAFE-001237,59.5,3,5,14.83,0.4827,0.7189,0.2874,10.68,1.35,1,1
CAFE-001238,23.1,4,5,10.9,0.5002,0.5984,0.7823,7.85,1.15,0,1
CAFE-001239,5.1,5,12,14.62,0.7557,0.3177,0.3805,10.53,2.01,1,0
CAFE-001240,59.7,3,3,12.2,0.3667,0.4891,0.3181,8.78,0.97,0,0
CAFE-001241,5.9,4,4,19.08,0.9059,0.7782,0.6989,13.74,2.91,1,0
CAFE-001242,16.4,0,3,8.12,0.1867,0.5938,0.3873,5.85,0.62,0,0
CAFE-001243,22.0,1,4,22.71,0.7815,0.5046,0.5939,16.35,3.05,1,1
CAFE-001244,15.7,2,4,10.94,0.344,0.629,0.5835,7.88,1.01,1,0
CAFE-001245,13.7,1,6,17.2,0.4533,0.3628,0.5876,12.38,1.8,1,0
CAFE-001246,37.1,2,4,16.08,0.6256,0.4613,0.1414,11.58,1.82,0,0
CAFE-001247,11.7,4,5,19.76,0.8752,0.4581,0.7168,14.23,2.91,0,0
CAFE-001248,82.7,1,2,13.87,0.2492,0.417,0.5675,9.99,0.82,1,0
CAFE-001249,75.2,0,4,10.25,0.24,0.3484,0.3948,7.38,0.62,0,0
CAFE-001250,46.6,3,6,12.27,0.5532,0.4703,0.3437,8.83,1.26,0,1
CAFE-001251,58.7,0,4,8.15,0.4882,0.4315,0.2239,5.87,0.75,1,0
CAFE-001252,92.9,1,8,12.13,0.3468,0.5964,0.1557,8.73,0.79,0,0
CAFE-001253,11.0,1,2,6.03,0.0901,0.6517,0.5171,4.34,0.42,0,0
CAFE-001254,4.6,1,8,20.81,0.8188,0.4668,0.3146,14.98,3.0,0,0
CAFE-001255,1.8,2,8,14.43,0.6263,0.5824,0.3402,10.39,1.82,1,0
CAFE-001256,35.4,4,2,15.4,0.7903,0.5072,0.7714,11.09,2.01,0,0
CAFE-001257,11.9,3,7,21.15,0.8682,0.3435,0.6977,15.23,3.1,0,1
CAFE-001258,4.6,4,4,11.34,0.4509,0.3052,0.558,8.16,1.22,1,0
CAFE-001259,2.6,1,5,16.49,0.6899,0.6575,0.6662,11.87,2.18,0,0
CAFE-001260,34.9,1,1,17.04,0.4628,0.619,0.2761,12.27,1.67,0,0
CAFE-001261,42.5,1,8,12.03,0.5246,0.576,0.7077,8.66,1.22,0,0
CAFE-001262,1.2,8,12,20.78,0.906,0.2991,0.5307,14.96,3.2,1,1
CAFE-001263,20.1,0,5,14.68,0.4918,0.6963,0.7828,10.57,1.56,0,0
CAFE-001264,27.5,6,5,14.92,0.6059,0.5299,0.6273,10.74,1.71,0,0
CAFE-001265,12.0,0,4,18.14,0.4524,0.5626,0.7589,13.06,1.9,0,1
CAFE-001266,4.3,3,3,10.28,0.3129,0.2265,0.6223,7.4,0.96,1,0
CAFE-001267,18.0,2,9,14.98,0.8121,0.3173,0.6519,10.79,2.08,0,0
CAFE-001268,16.2,2,3,9.63,0.1965,0.554,0.7016,6.93,0.75,0,0
CAFE-001269,52.8,1,4,12.44,0.1907,0.7772,0.6773,8.96,0.8,1,0
CAFE-001270,42.0,2,4,15.45,0.8394,0.5585,0.7336,11.12,2.05,0,1
CAFE-001271,21.1,0,2,12.41,0.21,0.5511,0.4076,8.94,0.96,0,0
CAFE-001272,11.0,3,0,14.91,0.3821,0.3622,0.5624,10.74,1.46,0,0
CAFE-001273,2.7,2,5,13.26,0.5165,0.2875,0.7182,9.55,1.52,0,0
CAFE-001274,54.0,0,5,12.89,0.2806,0.8883,0.4636,9.28,0.94,1,0
CAFE-001275,34.8,1,4,20.77,0.7783,0.2792,0.3124,14.95,2.69,0,0
CAFE-001276,19.8,2,8,17.75,0.6228,0.5174,0.1419,12.78,2.11,0,0
CAFE-001277,3.5,3,2,16.08,0.3461,0.5435,0.6726,11.58,1.57,0,1
CAFE-001278,31.7,3,2,17.21,0.756,0.5555,0.6778,12.39,2.21,0,0
CAFE-001279,14.0,2,6,15.67,0.6394,0.0962,0.398,11.28,1.93,0,0
CAFE-001280,4.5,3,3,12.4,0.7088,0.6626,0.4175,8.93,1.65,1,1
CAFE-001281,33.5,4,8,10.2,0.5934,0.2966,0.561,7.34,1.14,0,0
CAFE-001282,106.1,0,4,7.89,0.0758,0.832,0.6272,5.68,0.32,0,0
CAFE-001283,13.6,0,2,9.28,0.2814,0.4787,0.5638,6.68,0.81,0,0
CAFE-001284,17.7,1,3,15.09,0.4193,0.7024,0.5931,10.86,1.5,1,0
CAFE-001285,13.6,3,3,12.58,0.5312,0.7246,0.4839,9.06,1.41,0,1
CAFE-001286,49.5,0,2,9.23,0.2744,0.3726,0.6301,6.65,0.68,0,1
CAFE-001287,2.4,2,6,19.69,0.7977,0.3212,0.2108,14.18,2.81,1,1
CAFE-001288,18.4,3,10,11.54,0.5652,0.8224,0.6046,8.31,1.31,0,1
CAFE-001289,40.0,0,3,11.51,0.1824,0.7085,0.429,8.29,0.78,0,0
CAFE-001290,6.2,4,4,21.06,0.959,0.5016,0.6779,15.16,3.32,1,1
CAFE-001291,25.3,1,5,15.25,0.4075,0.3225,0.6725,10.98,1.46,0,0
CAFE-001292,26.8,5,5,14.68,0.5524,0.5738,0.805,10.57,1.61,0,0
CAFE-001293,12.0,3,7,24.16,0.7418,0.6967,0.5507,17.4,3.23,0,0
CAFE-001294,37.3,2,5,10.35,0.5135,0.5969,0.8159,7.45,1.05,1,0
CAFE-001295,7.6,5,6,20.18,0.8596,0.622,0.7232,14.53,2.97,1,1
CAFE-001296,10.0,2,7,18.48,0.5851,0.5856,0.2706,13.31,2.2,0,1
CAFE-001297,22.5,3,1,13.65,0.3261,0.858,0.5042,9.83,1.21,0,0
CAFE-001298,4.8,2,6,19.52,0.6325,0.4688,0.8914,14.05,2.45,1,0
CAFE-001299,35.0,5,3,14.02,0.7252,0.3399,0.2458,10.09,1.74,0,0
CAFE-001300,120.0,3,2,12.86,0.2195,0.5216,0.2538,9.26,0.55,1,0
CAFE-001301,7.3,2,6,19.75,0.9351,0.5445,0.6034,14.22,3.06,0,0
CAFE-001302,15.1,5,7,11.78,0.5254,0.309,0.6578,8.48,1.31,1,1
CAFE-001303,94.2,0,4,20.96,0.539,0.2161,0.5457,15.09,1.76,1,0
CAFE-001304,39.3,0,1,9.45,0.0674,0.4593,0.5314,6.8,0.53,0,0
CAFE-001305,17.4,1,4,13.67,0.4216,0.6683,0.3968,9.84,1.37,1,0
CAFE-001306,10.6,3,8,15.14,0.639,0.7296,0.3227,10.9,1.88,1,1
CAFE-001307,35.2,5,4,17.41,0.6353,0.4161,0.1486,12.54,2.0,1,0
CAFE-001308,14.7,0,4,13.78,0.4251,0.7584,0.7172,9.92,1.39,0,0
CAFE-001309,120.0,1,1,13.64,0.2582,0.6368,0.1142,9.82,0.64,1,0
CAFE-001310,13.9,5,2,17.44,0.5705,0.7203,0.653,12.56,2.02,0,1
CAFE-001311,50.3,0,0,12.25,0.1653,0.55,0.2378,8.82,0.76,0,0
CAFE-001312,19.3,4,7,18.67,0.792,0.4171,0.6754,13.44,2.54,0,0
CAFE-001313,67.1,1,0,7.21,0.1435,0.5534,0.3079,5.19,0.39,0,0
CAFE-001314,60.4,3,6,19.5,0.7712,0.6289,0.8595,14.04,2.33,0,0
CAFE-001315,20.9,3,4,16.08,0.3756,0.2851,0.7435,11.58,1.51,0,0
CAFE-001316,28.1,4,4,18.85,0.7816,0.2921,0.701,13.57,2.49,1,0
CAFE-001317,35.5,2,5,18.04,0.2802,0.4873,0.2309,12.99,1.43,0,0
CAFE-001318,101.8,0,0,9.0,0.2114,0.556,0.5207,6.48,0.44,1,0
CAFE-001319,35.0,2,3,10.71,0.5484,0.5608,0.5612,7.71,1.14,0,1
CAFE-001320,3.8,2,4,14.46,0.695,0.5213,0.7525,10.41,1.91,0,0
CAFE-001321,7.9,3,2,19.77,0.768,0.434,0.413,14.23,2.73,1,0
CAFE-001322,17.7,2,5,14.8,0.4434,0.7603,0.4767,10.66,1.51,0,0
CAFE-001323,9.1,2,4,11.99,0.3346,0.2956,0.2678,8.63,1.13,0,0
CAFE-001324,29.9,3,2,12.13,0.2559,0.6203,0.7426,8.73,0.96,1,0
CAFE-001325,15.4,0,4,9.42,0.391,0.5696,0.2451,6.78,0.92,0,0
CAFE-001326,1.4,0,2,10.67,0.0917,0.3579,0.5075,7.68,0.78,0,0
CAFE-001327,3.5,1,6,14.27,0.3952,0.653,0.432,10.27,1.46,0,0
CAFE-001328,33.9,1,2,16.22,0.7179,0.3671,0.7572,11.68,2.0,0,1
CAFE-001329,22.2,2,6,14.25,0.5394,0.5103,0.5791,10.26,1.57,0,0
CAFE-001330,17.8,6,3,12.07,0.5665,0.6894,0.4007,8.69,1.38,0,0
CAFE-001331,74.2,3,5,18.94,0.5481,0.5695,0.8778,13.64,1.74,0,0
CAFE-001332,18.7,2,5,16.42,0.5655,0.7381,0.5618,11.82,1.87,0,0
CAFE-001333,14.0,1,1,8.49,0.2177,0.29,0.4534,6.11,0.69,0,1
CAFE-001334,31.2,2,8,15.88,0.4569,0.4176,0.5815,11.43,1.56,0,0
CAFE-001335,19.0,2,10,18.75,0.6758,0.1265,0.7119,13.5,2.34,0,0
CAFE-001336,14.7,2,2,13.79,0.4773,0.5831,0.3235,9.93,1.47,1,0
CAFE-001337,16.1,1,0,10.53,0.201,0.7736,0.7252,7.58,0.82,1,0
CAFE-001338,11.5,5,7,14.43,0.5194,0.5607,0.4964,10.39,1.61,0,0
CAFE-001339,24.1,4,3,18.42,0.7021,0.5237,0.6182,13.26,2.31,1,1
CAFE-001340,31.1,3,5,21.12,0.7237,0.6719,0.8353,15.21,2.64,1,1
CAFE-001341,40.3,7,6,16.25,0.791,0.4702,0.5782,11.7,2.09,0,0
CAFE-001342,39.7,2,4,14.57,0.4016,0.4763,0.5117,10.49,1.31,0,1
CAFE-001343,49.0,3,3,12.81,0.532,0.5028,0.4887,9.22,1.28,1,0
CAFE-001344,52.7,3,5,11.13,0.3488,0.51,0.8924,8.01,0.89,0,0
CAFE-001345,64.4,4,8,15.45,0.4989,0.5094,0.2459,11.12,1.4,0,0
CAFE-001346,32.2,4,4,22.41,0.9118,0.6566,0.5713,16.14,3.22,0,0
CAFE-001347,57.7,6,12,20.57,0.7558,0.7012,0.4804,14.81,2.44,0,1
CAFE-001348,13.0,5,9,18.06,0.8654,0.4823,0.3573,13.0,2.63,0,0
CAFE-001349,26.1,2,1,16.34,0.2046,0.5762,0.7423,11.76,1.23,0,0
CAFE-001350,31.6,0,2,9.95,0.2298,0.5818,0.3591,7.16,0.75,0,0
CAFE-001351,14.0,3,7,13.25,0.6767,0.2724,0.2267,9.54,1.68,0,0
CAFE-001352,21.7,4,3,19.25,0.706,0.3277,0.4248,13.86,2.44,0,0
CAFE-001353,17.5,4,10,16.0,0.7649,0.6271,0.851,11.52,2.15,0,0
CAFE-001354,59.0,3,4,18.87,0.9047,0.7483,0.5688,13.59,2.51,0,1
CAFE-001355,21.6,3,3,19.19,0.5055,0.1555,0.8271,13.82,2.05,0,0
CAFE-001356,11.6,1,5,13.65,0.356,0.6401,0.371,9.83,1.3,0,0
CAFE-001357,10.2,1,5,13.4,0.3995,0.4626,0.6257,9.65,1.34,1,0
CAFE-001358,15.5,5,8,26.63,0.9216,0.1535,0.223,19.17,4.01,1,0
CAFE-001359,32.8,3,10,13.69,0.7496,0.3535,0.2827,9.86,1.74,1,0
CAFE-001360,15.3,5,12,17.73,0.8589,0.0952,0.5046,12.77,2.56,0,1
CAFE-001361,96.5,0,0,8.98,0.1049,0.7062,0.6403,6.47,0.36,0,0
CAFE-001362,30.8,3,9,16.15,0.8114,0.3272,0.766,11.63,2.16,0,0
CAFE-001363,68.7,1,6,11.05,0.2193,0.3051,0.3446,7.96,0.68,0,1
CAFE-001364,15.8,1,7,14.15,0.6487,0.5044,0.3867,10.19,1.74,0,0
CAFE-001365,8.6,2,4,15.95,0.5597,0.3446,0.5105,11.48,1.86,0,0
CAFE-001366,45.5,1,0,11.89,0.2259,0.4656,0.2875,8.56,0.83,0,0
CAFE-001367,7.5,2,6,20.98,0.6353,0.5545,0.8636,15.11,2.62,1,0
CAFE-001368,49.4,3,4,11.42,0.366,0.2221,0.8143,8.22,0.95,0,0
CAFE-001369,14.1,1,3,13.95,0.3756,0.5383,0.6807,10.04,1.35,1,0
CAFE-001370,13.1,2,3,18.06,0.3554,0.3298,0.5155,13.0,1.71,1,0
CAFE-001371,5.6,3,1,10.99,0.2941,0.5827,0.43,7.91,1.0,0,0
CAFE-001372,36.6,1,3,20.14,0.6728,0.3572,0.2662,14.5,2.38,0,0
CAFE-001373,26.2,4,8,10.57,0.6442,0.1797,0.2255,7.61,1.26,0,0
CAFE-001374,6.6,0,6,14.89,0.4849,0.189,0.2982,10.72,1.64,1,0
CAFE-001375,23.8,2,1,14.76,0.2753,0.5722,0.5649,10.63,1.22,0,1
CAFE-001376,16.8,0,1,14.16,0.4005,0.8123,0.2672,10.2,1.39,0,0
CAFE-001377,20.4,5,6,19.5,0.7812,0.2823,0.5657,14.04,2.63,1,0
CAFE-001378,20.8,2,2,14.39,0.4159,0.3032,0.5951,10.36,1.41,0,0
CAFE-001379,10.6,3,9,14.82,0.636,0.5609,0.4968,10.67,1.83,1,1
CAFE-001380,22.3,2,4,15.31,0.4543,0.7178,0.6148,11.02,1.55,1,1
CAFE-001381,16.5,0,3,10.17,0.2624,0.5273,0.6636,7.32,0.86,1,0
CAFE-001382,44.0,3,3,17.03,0.444,0.3327,0.7762,12.26,1.58,0,0
CAFE-001383,16.1,2,0,9.28,0.2623,0.3252,0.5894,6.68,0.78,0,0
CAFE-001384,6.0,3,4,14.11,0.4601,0.1841,0.5468,10.16,1.52,0,0
CAFE-001385,10.6,3,8,17.76,0.6536,0.3188,0.5902,12.79,2.23,0,0
CAFE-001386,11.9,3,5,15.84,0.6845,0.7779,0.1668,11.4,2.03,1,0
CAFE-001387,35.9,2,6,15.67,0.6872,0.5441,0.4585,11.28,1.88,0,0
CAFE-001388,53.4,2,1,8.32,0.1969,0.4493,0.7054,5.99,0.54,0,0
CAFE-001389,10.3,3,4,11.04,0.3581,0.5457,0.8572,7.95,1.06,0,1
CAFE-001390,76.6,3,4,7.34,0.1098,0.5794,0.4944,5.28,0.35,0,0
CAFE-001391,2.5,4,5,17.01,0.7568,0.5869,0.5201,12.25,2.36,1,1
CAFE-001392,28.7,2,6,15.13,0.3546,0.4451,0.2673,10.89,1.35,1,0
CAFE-001393,57.1,3,5,15.8,0.5379,0.481,0.5797,11.38,1.54,1,0
CAFE-001394,62.8,0,1,11.59,0.4806,0.4753,0.1159,8.34,1.04,1,0
CAFE-001395,11.9,2,4,17.7,0.5968,0.8273,0.6391,12.74,2.11,0,1
CAFE-001396,17.7,1,1,11.41,0.4394,0.671,0.4499,8.22,1.16,1,0
CAFE-001397,9.8,3,8,19.35,0.6671,0.4447,0.2011,13.93,2.46,1,0
CAFE-001398,39.1,3,5,14.82,0.5549,0.3902,0.5723,10.67,1.56,1,1
CAFE-001399,18.4,3,4,13.42,0.4101,0.635,0.5704,9.66,1.32,0,0
CAFE-001400,10.0,1,2,14.07,0.2732,0.7997,0.6225,10.13,1.23,0,0
CAFE-001401,27.0,2,4,17.35,0.5024,0.4206,0.7501,12.49,1.81,1,1
CAFE-001402,25.6,4,6,10.74,0.7472,0.4746,0.4264,7.73,1.39,1,1
CAFE-001403,38.3,3,7,11.64,0.3633,0.2475,0.6365,8.38,1.01,0,0
CAFE-001404,28.9,1,2,15.24,0.5676,0.6949,0.6323,10.97,1.68,0,0
CAFE-001405,25.6,1,2,13.27,0.1321,0.7391,0.5304,9.55,0.9,0,1
CAFE-001406,25.4,3,2,15.58,0.5384,0.7754,0.7226,11.22,1.69,0,1
CAFE-001407,28.5,0,2,11.54,0.3324,0.7358,0.7286,8.31,1.0,0,0
CAFE-001408,4.3,0,9,20.2,0.9115,0.4671,0.8195,14.54,3.1,0,1
CAFE-001409,64.9,2,2,7.3,0.1607,0.5083,0.4313,5.26,0.41,0,0
CAFE-001410,33.7,4,4,13.98,0.7488,0.3173,0.6088,10.07,1.77,0,0
CAFE-001411,93.0,1,2,12.59,0.1383,0.2256,0.4865,9.06,0.56,0,0
CAFE-001412,29.5,1,6,18.43,0.6435,0.5878,0.7434,13.27,2.17,1,0
CAFE-001413,25.3,2,7,16.45,0.6302,0.2336,0.7236,11.84,1.94,0,1
CAFE-001414,20.2,1,3,12.08,0.5156,0.2875,0.4191,8.7,1.31,1,0
CAFE-001415,11.4,2,8,15.79,0.5986,0.5364,0.8511,11.37,1.89,0,0
CAFE-001416,6.7,1,3,7.32,0.1678,0.5067,0.3161,5.27,0.57,0,0
CAFE-001417,34.4,2,3,13.33,0.5016,0.2965,0.8455,9.6,1.36,0,0
CAFE-001418,68.2,1,2,5.95,0.1519,0.6059,0.3518,4.28,0.33,0,0
CAFE-001419,43.6,0,1,13.45,0.3481,0.3733,0.6006,9.68,1.12,0,0
CAFE-001420,11.2,2,3,16.36,0.3632,0.701,0.248,11.78,1.58,1,1
CAFE-001421,20.8,4,2,15.77,0.6912,0.4288,0.5215,11.35,1.98,0,1
CAFE-001422,34.5,1,4,13.35,0.3707,0.3154,0.8059,9.61,1.18,0,0
CAFE-001423,25.2,1,3,13.65,0.195,0.3626,0.6102,9.83,1.02,0,0
CAFE-001424,4.8,2,5,11.27,0.4078,0.6562,0.6034,8.11,1.16,1,0
CAFE-001425,3.9,3,7,16.62,0.8655,0.3969,0.5405,11.97,2.48,0,0
CAFE-001426,38.3,1,2,16.79,0.3535,0.376,0.176,12.09,1.44,1,0
CAFE-001427,33.6,1,3,11.5,0.5523,0.4437,0.4142,8.28,1.23,0,0
CAFE-001428,5.2,1,6,17.46,0.8777,0.1945,0.3116,12.57,2.62,0,0
CAFE-001429,43.9,3,10,23.52,0.9643,0.3798,0.5251,16.93,3.4,0,0
CAFE-001430,3.0,4,5,21.65,0.7775,0.6532,0.4916,15.59,3.05,1,0
CAFE-001431,15.5,3,6,23.1,0.9069,0.4807,0.6915,16.63,3.44,1,0
CAFE-001432,34.7,5,4,16.07,0.5513,0.3298,0.6375,11.57,1.71,0,0
CAFE-001433,14.3,3,8,19.93,0.9149,0.6545,0.947,14.35,3.0,0,0
CAFE-001434,30.1,3,2,7.15,0.3171,0.8547,0.4836,5.15,0.61,0,0
CAFE-001435,36.8,6,9,17.54,0.8323,0.5972,0.8283,12.63,2.35,0,0
CAFE-001436,8.9,4,2,9.05,0.3055,0.5801,0.3307,6.52,0.83,0,0
CAFE-001437,11.9,3,8,18.72,0.881,0.7173,0.9267,13.48,2.77,0,0
CAFE-001438,36.5,0,7,18.48,0.5624,0.3366,0.6097,13.31,1.98,0,0
CAFE-001439,21.8,3,3,14.83,0.3151,0.5657,0.2978,10.68,1.3,0,1
CAFE-001440,46.0,0,3,8.37,0.1917,0.5483,0.5063,6.03,0.56,0,0
CAFE-001441,30.0,0,3,15.17,0.337,0.8613,0.6353,10.92,1.32,1,0
CAFE-001442,18.1,4,6,18.83,0.7304,0.5664,0.7664,13.56,2.46,0,0
CAFE-001443,36.3,2,4,11.68,0.4215,0.5186,0.5609,8.41,1.09,0,0
CAFE-001444,47.3,0,3,13.62,0.2246,0.4213,0.5414,9.81,0.95,0,0
CAFE-001445,29.9,2,6,12.85,0.6592,0.7962,0.8189,9.25,1.53,1,0
CAFE-001446,40.4,0,6,22.26,0.8916,0.5051,0.1827,16.03,3.09,0,0
CAFE-001447,43.4,2,3,10.36,0.3206,0.5142,0.4663,7.46,0.83,0,0
CAFE-001448,11.9,2,5,11.11,0.6754,0.4995,0.389,8.0,1.41,1,0
CAFE-001449,44.5,1,2,11.55,0.179,0.735,0.1301,8.32,0.76,0,0
CAFE-001450,19.6,3,3,14.52,0.4902,0.4474,0.5815,10.45,1.54,0,0
CAFE-001451,24.5,1,7,17.09,0.4962,0.5573,0.4766,12.3,1.79,1,1
CAFE-001452,59.1,1,3,14.48,0.4275,0.7419,0.3508,10.43,1.24,0,0
CAFE-001453,45.7,0,0,10.25,0.0824,0.2321,0.821,7.38,0.57,0,0
CAFE-001454,23.7,4,6,16.63,0.6953,0.3009,0.6943,11.97,2.08,0,1
CAFE-001455,8.8,3,6,11.02,0.5979,0.6624,0.4832,7.93,1.33,1,0
CAFE-001456,30.1,3,3,19.9,0.6795,0.417,0.8721,14.33,2.41,0,0
CAFE-001457,30.4,0,6,11.05,0.4164,0.4686,0.333,7.96,1.05,0,0
CAFE-001458,32.8,2,9,20.2,0.5867,0.2948,0.6985,14.54,2.24,0,0
CAFE-001459,30.9,4,6,19.29,0.4524,0.5846,0.2165,13.89,1.89,0,0
CAFE-001460,17.8,4,5,17.23,0.784,0.2865,0.7581,12.41,2.34,0,1
CAFE-001461,46.3,5,5,13.16,0.4659,0.5746,0.7118,9.48,1.24,1,0
CAFE-001462,15.0,4,7,16.69,0.8603,0.7415,0.8191,12.02,2.41,0,0
CAFE-001463,46.8,3,4,10.41,0.5651,0.8199,0.3944,7.5,1.08,0,0
CAFE-001464,17.8,2,4,10.21,0.3913,0.725,0.5232,7.35,0.99,1,1
CAFE-001465,11.1,1,4,14.05,0.5264,0.4818,0.4852,10.12,1.58,0,0
CAFE-001466,63.1,3,2,14.18,0.356,0.4991,0.273,10.21,1.09,1,0
CAFE-001467,27.7,3,3,12.91,0.5399,0.1798,0.1485,9.3,1.39,0,1
CAFE-001468,4.6,2,2,12.64,0.3831,0.6191,0.3092,9.1,1.27,0,0
CAFE-001469,29.1,4,5,13.94,0.4369,0.3251,0.4269,10.04,1.36,1,0
CAFE-001470,27.8,4,6,16.68,0.6561,0.7219,0.6159,12.01,1.99,0,1
CAFE-001471,13.3,2,7,11.76,0.5472,0.3091,0.2575,8.47,1.34,0,0
CAFE-001472,15.5,2,4,13.89,0.5693,0.6501,0.3854,10.0,1.6,1,0
CAFE-001473,36.3,0,7,19.53,0.7546,0.5097,0.3512,14.06,2.47,1,0
CAFE-001474,42.4,0,3,12.39,0.3884,0.6357,0.5378,8.92,1.09,0,0
CAFE-001475,88.4,2,6,12.25,0.5308,0.4432,0.7924,8.82,1.04,0,0
CAFE-001476,11.5,2,7,12.39,0.4563,0.2851,0.6865,8.92,1.31,0,1
CAFE-001477,75.7,2,2,10.26,0.1596,0.3391,0.3358,7.39,0.54,0,0
CAFE-001478,32.9,1,4,13.59,0.2876,0.4844,0.1597,9.78,1.1,0,0
CAFE-001479,26.7,3,5,16.99,0.5333,0.3629,0.7472,12.23,1.83,0,1
CAFE-001480,13.1,4,9,17.38,0.8186,0.4666,0.578,12.51,2.45,1,1
CAFE-001481,17.4,3,2,14.73,0.2631,0.3558,0.3121,10.61,1.24,1,0
CAFE-001482,27.7,1,1,6.23,0.1045,0.593,0.2437,4.49,0.4,1,0
CAFE-001483,38.1,6,2,14.01,0.5761,0.6221,0.5198,10.09,1.51,0,0
CAFE-001484,6.8,4,4,21.56,0.9361,0.2024,0.5102,15.52,3.35,1,0
CAFE-001485,6.6,2,6,21.61,0.6821,0.7438,0.4468,15.56,2.81,1,0
CAFE-001486,48.4,1,1,10.66,0.2974,0.4711,0.6271,7.68,0.81,0,0
CAFE-001487,26.0,2,4,14.73,0.4745,0.8558,0.7017,10.61,1.5,0,0
CAFE-001488,44.1,3,1,17.24,0.3478,0.2969,0.1877,12.41,1.43,0,0
CAFE-001489,11.5,3,8,14.64,0.6403,0.4499,0.7309,10.54,1.81,1,0
CAFE-001490,26.7,2,1,16.81,0.7799,0.4106,0.8428,12.1,2.23,0,0
CAFE-001491,26.6,8,4,14.76,0.5803,0.2995,0.6381,10.63,1.66,0,1
CAFE-001492,11.6,3,11,19.25,0.9536,0.3645,0.4334,13.86,2.99,0,0
CAFE-001493,15.1,7,8,15.57,0.464,0.5538,0.1739,11.21,1.63,0,0
CAFE-001494,26.0,5,8,16.25,0.759,0.4759,0.4603,11.7,2.12,0,0
CAFE-001495,14.1,3,7,16.02,0.5298,0.3355,0.3715,11.53,1.79,0,1
CAFE-001496,7.8,2,5,15.78,0.4181,0.3874,0.4541,11.36,1.63,0,0
CAFE-001497,25.6,1,6,11.46,0.3591,0.4409,0.7625,8.25,1.04,1,0
CAFE-001498,29.5,0,2,8.29,0.1234,0.5764,0.6005,5.97,0.54,0,0
CAFE-001499,79.7,1,3,10.67,0.2133,0.2476,0.6829,7.68,0.6,0,0
CAFE-001500,11.9,4,8,17.9,0.7071,0.5757,0.4098,12.89,2.33,1,1
CAFE-001501,9.6,1,6,20.54,0.7814,0.3785,0.9625,14.79,2.85,1,0
CAFE-001502,31.2,2,1,16.03,0.3964,0.8106,0.3609,11.54,1.48,0,0
CAFE-001503,46.6,2,6,14.35,0.3563,0.4362,0.3858,10.33,1.19,1,0
CAFE-001504,15.2,1,2,13.34,0.532,0.2399,0.5372,9.6,1.49,0,0
CAFE-001505,7.0,2,2,10.39,0.1346,0.7453,0.5046,7.48,0.78,0,0
CAFE-001506,14.5,0,3,7.55,0.1642,0.699,0.1793,5.44,0.57,0,0
CAFE-001507,10.9,1,4,13.81,0.528,0.2073,0.6763,9.94,1.56,0,0
CAFE-001508,25.9,1,2,10.66,0.4009,0.612,0.4491,7.68,1.01,0,0
CAFE-001509,20.1,7,9,14.64,0.728,0.1643,0.4683,10.54,1.9,1,1
CAFE-001510,24.1,1,2,18.15,0.5915,0.5489,0.2807,13.07,2.08,0,0
CAFE-001511,16.1,4,7,12.5,0.5389,0.6735,0.3667,9.0,1.4,0,0
CAFE-001512,13.3,2,5,13.53,0.6599,0.8147,0.5301,9.74,1.69,1,0
CAFE-001513,75.0,0,6,15.4,0.5268,0.359,0.3615,11.09,1.38,0,0
CAFE-001514,35.4,3,3,18.6,0.6421,0.4162,0.5801,13.39,2.15,0,0
CAFE-001515,28.3,6,3,13.61,0.5143,0.2716,0.8549,9.8,1.43,0,0
CAFE-001516,65.2,0,3,13.52,0.3063,0.5675,0.6539,9.73,0.96,0,0
CAFE-001517,47.3,2,3,10.86,0.2065,0.6251,0.778,7.82,0.73,0,0
CAFE-001518,11.1,4,8,18.6,0.7401,0.3716,0.5198,13.39,2.49,0,0
CAFE-001519,46.1,1,7,10.34,0.3817,0.8205,0.6662,7.44,0.88,1,0
CAFE-001520,44.3,6,6,17.01,0.5187,0.2431,0.7783,12.25,1.7,1,0
CAFE-001521,20.3,1,6,14.72,0.5828,0.2328,0.5117,10.6,1.69,1,0
CAFE-001522,1.9,2,7,16.73,0.632,0.6225,0.658,12.05,2.12,1,0
CAFE-001523,19.4,4,3,18.15,0.7618,0.631,0.7796,13.07,2.42,1,0
CAFE-001524,20.7,4,0,14.79,0.4741,0.7046,0.5445,10.65,1.54,1,0
CAFE-001525,44.0,0,5,17.65,0.3439,0.575,0.8362,12.71,1.46,0,0
CAFE-001526,27.8,6,4,16.3,0.6571,0.4522,0.74,11.74,1.95,0,1
CAFE-001527,41.9,1,6,12.52,0.3418,0.6806,0.6222,9.01,1.04,0,0
CAFE-001528,19.2,4,2,16.36,0.7396,0.4349,0.4468,11.78,2.14,0,0
CAFE-001529,15.6,3,2,16.96,0.5454,0.6755,0.1543,12.21,1.92,1,1
CAFE-001530,21.7,1,6,10.45,0.3373,0.3956,0.5347,7.52,0.94,0,0
CAFE-001531,8.8,2,1,11.85,0.4779,0.4136,0.658,8.53,1.29,0,0
CAFE-001532,14.7,3,9,19.4,0.7628,0.1489,0.282,13.97,2.62,0,1
CAFE-001533,22.8,1,1,10.98,0.1917,0.8762,0.5101,7.91,0.82,0,0
CAFE-001534,36.1,2,0,7.81,0.116,0.4046,0.3952,5.62,0.49,1,0
CAFE-001535,6.8,4,5,14.53,0.3744,0.5594,0.321,10.46,1.44,0,0
CAFE-001536,45.2,3,4,14.78,0.5647,0.6884,0.8788,10.64,1.54,1,1
CAFE-001537,14.5,2,6,15.9,0.6527,0.3384,0.2004,11.45,1.97,1,0
CAFE-001538,14.1,1,1,10.37,0.3059,0.8356,0.4824,7.47,0.93,1,0
CAFE-001539,43.9,2,4,17.47,0.2274,0.5324,0.1228,12.58,1.24,0,0
CAFE-001540,30.3,2,3,15.26,0.3689,0.3168,0.5281,10.99,1.37,0,0
CAFE-001541,22.1,1,3,13.53,0.0754,0.8013,0.4,9.74,0.86,1,0
CAFE-001542,5.0,2,2,13.13,0.3051,0.3856,0.6123,9.45,1.22,0,1
CAFE-001543,15.8,6,6,19.47,0.776,0.2674,0.7406,14.02,2.65,1,1
CAFE-001544,5.7,5,4,15.43,0.7017,0.4431,0.4794,11.11,2.04,0,1
CAFE-001545,26.2,2,8,22.9,0.7895,0.6416,0.4356,16.49,3.06,0,0
CAFE-001546,9.3,2,3,17.35,0.7178,0.6384,0.2642,12.49,2.3,0,1
CAFE-001547,4.0,0,3,9.23,0.2963,0.8133,0.4596,6.65,0.85,0,0
CAFE-001548,0.9,4,9,17.13,0.7878,0.8623,0.2677,12.33,2.44,1,1
CAFE-001549,47.0,3,5,10.95,0.5564,0.6664,0.107,7.88,1.12,0,0
CAFE-001550,2.4,2,5,12.69,0.3723,0.7131,0.4235,9.14,1.27,0,1
CAFE-001551,14.8,1,8,15.19,0.736,0.61,0.3984,10.94,2.01,1,0
CAFE-001552,4.3,1,5,17.3,0.5384,0.4103,0.481,12.46,2.01,0,0
CAFE-001553,10.3,0,3,13.3,0.3956,0.4317,0.6337,9.58,1.33,0,0
CAFE-001554,17.3,3,7,16.24,0.5407,0.8289,0.7717,11.69,1.82,0,0
CAFE-001555,15.2,3,9,19.48,0.7151,0.4317,0.6655,14.03,2.53,0,0
CAFE-001556,11.2,2,7,17.89,0.777,0.6953,0.6887,12.88,2.46,0,0
CAFE-001557,51.4,5,6,22.21,0.8609,0.2969,0.7047,15.99,2.92,0,0
CAFE-001558,19.0,5,6,21.88,0.8065,0.4321,0.4274,15.75,3.02,0,0
CAFE-001559,24.8,2,10,15.58,0.6473,0.6217,0.3782,11.22,1.87,0,0
CAFE-001560,63.3,4,6,14.38,0.5332,0.8503,0.4229,10.35,1.36,0,0
CAFE-001561,43.9,4,5,15.26,0.4826,0.192,0.7951,10.99,1.47,1,0
CAFE-001562,2.4,1,1,12.51,0.459,0.5749,0.6193,9.01,1.36,1,0
CAFE-001563,47.4,2,5,10.8,0.4449,0.5894,0.8811,7.78,0.99,0,0
CAFE-001564,5.3,2,6,16.53,0.6409,0.7331,0.7133,11.9,2.09,1,0
CAFE-001565,33.2,4,3,11.64,0.485,0.2328,0.4651,8.38,1.17,0,0
CAFE-001566,1.5,0,6,13.62,0.5131,0.3423,0.7148,9.81,1.56,1,1
CAFE-001567,39.2,2,2,15.08,0.3737,0.7864,0.6767,10.86,1.32,0,0
CAFE-001568,16.9,4,4,14.48,0.651,0.5633,0.6726,10.43,1.78,0,0
CAFE-001569,38.4,3,6,17.55,0.7755,0.7587,0.565,12.64,2.24,0,0
CAFE-001570,26.5,1,3,10.33,0.1603,0.6696,0.6196,7.44,0.73,0,0
CAFE-001571,23.4,4,7,20.9,0.7819,0.4262,0.3292,15.05,2.8,0,0
CAFE-001572,6.9,6,3,21.42,0.9298,0.1082,0.3741,15.42,3.31,1,1
CAFE-001573,31.8,2,7,10.21,0.6087,0.4525,0.8121,7.35,1.16,0,0
CAFE-001574,17.0,4,9,17.71,0.7745,0.3633,0.7671,12.75,2.4,1,0
CAFE-001575,9.3,3,7,15.07,0.6598,0.7621,0.1816,10.85,1.91,0,0
CAFE-001576,63.1,3,5,14.27,0.4946,0.1691,0.1582,10.27,1.29,0,0
CAFE-001577,10.4,1,7,14.61,0.3373,0.5843,0.7152,10.52,1.37,1,0
CAFE-001578,14.3,6,5,17.48,0.7712,0.5507,0.4203,12.59,2.38,1,0
CAFE-001579,16.2,1,4,14.82,0.1577,0.8603,0.4491,10.67,1.1,1,0
CAFE-001580,13.0,2,9,20.24,0.7522,0.6166,0.8109,14.57,2.72,0,0
CAFE-001581,2.3,1,10,20.21,0.805,0.4436,0.4067,14.55,2.9,1,0
CAFE-001582,5.7,3,4,11.4,0.4756,0.577,0.5484,8.21,1.25,0,0
CAFE-001583,21.2,0,3,10.46,0.2883,0.5606,0.7564,7.53,0.89,0,0
CAFE-001584,28.8,2,4,17.85,0.625,0.5588,0.3577,12.85,2.07,1,1
CAFE-001585,60.1,2,6,13.77,0.6447,0.5832,0.374,9.91,1.47,0,0
CAFE-001586,18.6,2,6,12.74,0.6034,0.3323,0.3009,9.17,1.5,1,1
CAFE-001587,105.2,0,0,11.49,0.1451,0.2997,0.3932,8.27,0.47,0,0
CAFE-001588,19.5,0,8,18.41,0.7804,0.6276,0.422,13.26,2.49,0,0
CAFE-001589,36.0,2,4,14.55,0.4324,0.5086,0.4915,10.48,1.37,0,0
CAFE-001590,22.4,4,3,14.01,0.7025,0.6047,0.6305,10.09,1.77,1,1
CAFE-001591,14.8,1,1,7.91,0.1013,0.5586,0.6082,5.7,0.54,0,0
CAFE-001592,13.7,2,2,11.08,0.1723,0.6222,0.2822,7.98,0.85,0,0
CAFE-001593,14.2,1,2,12.32,0.2438,0.3793,0.4126,8.87,1.03,1,1
CAFE-001594,4.6,2,4,19.21,0.7523,0.3127,0.3824,13.83,2.64,0,0
CAFE-001595,27.6,5,7,16.56,0.8103,0.7651,0.4071,11.92,2.24,0,1
CAFE-001596,81.7,1,2,9.95,0.1536,0.6885,0.2993,7.16,0.5,0,0
CAFE-001597,19.5,1,5,16.0,0.6165,0.7321,0.6275,11.52,1.9,0,1
CAFE-001598,22.6,2,3,14.82,0.8333,0.2914,0.3761,10.67,2.06,0,0
CAFE-001599,35.1,1,0,12.91,0.0935,0.3568,0.1997,9.3,0.78,1,0
CAFE-001600,6.0,3,7,16.72,0.7823,0.4319,0.7367,12.04,2.34,1,0
CAFE-001601,35.0,0,1,9.91,0.0467,0.4555,0.2802,7.14,0.56,0,0
CAFE-001602,72.5,5,5,15.58,0.4782,0.5009,0.5491,11.22,1.34,0,0
CAFE-001603,54.7,0,6,13.0,0.3838,0.7786,0.4226,9.36,1.07,0,0
CAFE-001604,29.7,3,2,14.86,0.4318,0.3683,0.5272,10.7,1.43,0,0
CAFE-001605,21.7,2,1,12.75,0.5499,0.4638,0.4652,9.18,1.42,0,0
CAFE-001606,16.3,1,10,17.1,0.7069,0.6451,0.4625,12.31,2.2,1,0
CAFE-001607,21.9,4,5,17.91,0.8157,0.6169,0.6339,12.9,2.47,0,1
CAFE-001608,1.8,4,4,20.74,0.7127,0.7413,0.4553,14.93,2.79,0,0
CAFE-001609,24.6,6,8,13.04,0.4998,0.6015,0.6356,9.39,1.37,1,1
CAFE-001610,41.2,2,2,8.84,0.2618,0.4381,0.5167,6.36,0.67,0,1
CAFE-001611,22.8,4,3,14.29,0.4611,0.5308,0.4884,10.29,1.46,1,0
CAFE-001612,34.1,1,3,11.46,0.2752,0.396,0.3359,8.25,0.91,0,0
CAFE-001613,23.0,3,6,15.35,0.6152,0.4878,0.5477,11.05,1.8,0,0
CAFE-001614,23.6,1,3,12.28,0.1816,0.5356,0.819,8.84,0.9,0,0
CAFE-001615,17.4,4,4,13.58,0.4644,0.3325,0.091,9.78,1.41,1,0
CAFE-001616,37.7,1,1,12.27,0.3495,0.467,0.6225,8.83,1.05,0,0
CAFE-001617,73.0,3,5,15.93,0.6739,0.298,0.293,11.47,1.67,0,0
CAFE-001618,22.7,5,7,21.09,0.8546,0.4317,0.7781,15.18,2.98,0,0
CAFE-001619,31.3,1,3,13.21,0.5573,0.7545,0.1449,9.51,1.43,1,0
CAFE-001620,46.9,2,2,13.34,0.3982,0.5747,0.3648,9.6,1.16,0,0
CAFE-001621,21.0,2,10,17.05,0.8251,0.6657,0.6203,12.28,2.37,1,1
CAFE-001622,41.8,2,8,17.06,0.5553,0.7119,0.8505,12.28,1.78,0,1
CAFE-001623,35.3,4,2,17.48,0.3295,0.4918,0.2261,12.59,1.47,0,0
CAFE-001624,14.6,2,7,13.17,0.3232,0.4669,0.2836,9.48,1.2,0,0
CAFE-001625,1.4,0,4,11.55,0.419,0.4617,0.8566,8.32,1.22,0,0
CAFE-001626,12.1,1,5,15.14,0.6575,0.1846,0.4149,10.9,1.9,0,1
CAFE-001627,68.3,3,4,18.67,0.4673,0.3062,0.4143,13.44,1.61,0,0
CAFE-001628,44.3,1,5,11.84,0.2914,0.6616,0.3272,8.52,0.91,1,0
CAFE-001629,29.5,4,6,15.31,0.471,0.3138,0.2941,11.02,1.54,1,0
CAFE-001630,17.4,4,8,14.45,0.8147,0.4016,0.4171,10.4,2.01,0,1
CAFE-001631,14.0,3,5,15.46,0.717,0.5879,0.7468,11.13,2.02,0,0
CAFE-001632,23.5,3,6,13.07,0.5217,0.6316,0.823,9.41,1.41,0,0
CAFE-001633,14.9,2,7,16.29,0.6169,0.6341,0.6171,11.73,1.96,1,1
CAFE-001634,12.2,2,5,13.86,0.7139,0.4671,0.3887,9.98,1.82,0,0
CAFE-001635,15.7,1,5,14.79,0.4428,0.6822,0.5679,10.65,1.52,1,0
CAFE-001636,13.8,2,8,12.43,0.5316,0.2745,0.7316,8.95,1.39,0,0
CAFE-001637,26.1,1,7,18.02,0.6062,0.2417,0.764,12.97,2.08,0,0
CAFE-001638,20.4,5,5,24.46,0.8053,0.3259,0.5845,17.61,3.36,1,1
CAFE-001639,6.1,2,8,19.53,0.8925,0.5725,0.5322,14.06,2.95,0,1
CAFE-001640,30.6,1,4,5.0,0.125,0.7192,0.5487,3.6,0.33,1,0
CAFE-001641,35.0,0,4,12.49,0.358,0.4365,0.4725,8.99,1.09,1,0
CAFE-001642,5.9,3,5,8.05,0.3351,0.5915,0.7893,5.8,0.77,1,0
CAFE-001643,36.5,3,8,16.61,0.7603,0.5762,0.6134,11.96,2.11,0,0
CAFE-001644,23.9,2,7,16.18,0.6985,0.6379,0.888,11.65,2.03,0,0
CAFE-001645,18.5,5,5,15.11,0.5594,0.2741,0.798,10.88,1.71,0,0
CAFE-001646,6.2,2,7,14.95,0.6712,0.2376,0.787,10.76,1.93,1,0
CAFE-001647,19.6,2,5,18.34,0.6424,0.3304,0.7357,13.2,2.22,0,1
CAFE-001648,12.5,3,9,16.07,0.7471,0.2271,0.5461,11.57,2.16,1,0
CAFE-001649,18.0,0,4,15.09,0.719,0.359,0.4302,10.86,1.95,1,0
CAFE-001650,36.5,4,7,17.6,0.8335,0.1952,0.6248,12.67,2.36,1,1
CAFE-001651,15.0,4,4,18.61,0.7131,0.6783,0.9449,13.4,2.42,0,0
CAFE-001652,23.5,3,6,17.36,0.6738,0.4709,0.6436,12.5,2.13,0,0
CAFE-001653,7.6,4,3,15.09,0.6058,0.7033,0.502,10.86,1.84,0,0
CAFE-001654,63.0,1,6,14.5,0.5538,0.4108,0.2971,10.44,1.4,0,0
CAFE-001655,14.9,2,5,10.6,0.5412,0.7368,0.6452,7.63,1.2,1,0
CAFE-001656,5.3,0,3,15.22,0.5829,0.726,0.7218,10.96,1.83,0,0
CAFE-001657,12.1,4,10,18.12,0.8007,0.1868,0.3716,13.05,2.53,0,1
CAFE-001658,4.5,10,10,13.87,0.6765,0.6421,0.3362,9.99,1.8,1,1
CAFE-001659,35.5,4,5,10.58,0.3961,0.7498,0.6166,7.62,0.96,0,0
CAFE-001660,22.0,0,1,10.51,0.0752,0.9171,0.2931,7.57,0.67,1,0
CAFE-001661,18.4,4,7,15.3,0.4697,0.2935,0.6653,11.02,1.6,1,1
CAFE-001662,28.0,5,7,14.7,0.7463,0.2537,0.3198,10.58,1.89,0,1
CAFE-001663,14.2,7,11,18.25,0.8038,0.4725,0.6398,13.14,2.54,0,1
CAFE-001664,6.1,1,5,16.64,0.5178,0.6567,0.4497,11.98,1.89,1,0
CAFE-001665,48.4,1,5,13.1,0.2875,0.6867,0.224,9.43,0.99,0,0
CAFE-001666,14.3,4,3,15.37,0.4211,0.2546,0.6033,11.07,1.55,1,0
CAFE-001667,43.1,1,7,14.28,0.7454,0.1892,0.2466,10.28,1.76,0,0
CAFE-001668,37.3,0,6,11.24,0.4894,0.2892,0.5431,8.09,1.12,1,0
CAFE-001669,2.9,3,6,20.08,0.633,0.1471,0.1183,14.46,2.54,0,1
CAFE-001670,4.9,4,7,14.62,0.4638,0.1703,0.4084,10.53,1.59,1,0
CAFE-001671,47.7,1,2,10.45,0.303,0.3933,0.2445,7.52,0.81,0,0
CAFE-001672,6.2,3,6,18.95,0.6768,0.5487,0.6732,13.64,2.45,1,0
CAFE-001673,22.4,2,1,16.28,0.4115,0.5933,0.2855,11.72,1.58,0,0
CAFE-001674,19.0,1,0,10.3,0.0594,0.4543,0.4969,7.42,0.65,0,1
CAFE-001675,9.8,5,1,16.01,0.3351,0.1789,0.2212,11.53,1.5,1,1
CAFE-001676,68.3,3,4,15.14,0.4184,0.7101,0.4837,10.9,1.23,0,0
CAFE-001677,36.3,3,7,16.1,0.7286,0.6739,0.3949,11.59,1.99,0,0
CAFE-001678,32.9,2,4,12.14,0.3505,0.3596,0.5027,8.74,1.06,0,0
CAFE-001679,10.7,3,8,16.07,0.7214,0.6819,0.3725,11.57,2.13,0,0
CAFE-001680,18.5,2,2,14.75,0.2891,0.7998,0.1811,10.62,1.27,0,0
CAFE-001681,20.2,0,3,15.64,0.473,0.6528,0.358,11.26,1.63,0,0
CAFE-001682,6.4,1,5,14.54,0.7818,0.5465,0.4837,10.47,2.03,0,1
CAFE-001683,28.0,3,6,12.16,0.6083,0.5678,0.1166,8.76,1.4,1,1
CAFE-001684,14.8,4,3,15.33,0.6354,0.246,0.3986,11.04,1.87,0,0
CAFE-001685,18.7,2,8,10.09,0.543,0.3416,0.8581,7.26,1.13,0,0
CAFE-001686,52.0,2,8,18.65,0.5284,0.2984,0.8192,13.43,1.83,0,1
CAFE-001687,28.9,2,7,16.94,0.61,0.7896,0.423,12.2,1.94,0,0
CAFE-001688,23.1,2,2,15.52,0.4434,0.3347,0.6835,11.17,1.55,0,0
CAFE-001689,39.6,1,2,5.56,0.1487,0.9215,0.1409,4.0,0.36,0,0
CAFE-001690,29.3,3,5,12.76,0.3587,0.7871,0.5491,9.19,1.14,0,0
CAFE-001691,18.9,3,8,11.53,0.4601,0.7102,0.3664,8.3,1.19,1,0
CAFE-001692,34.3,1,6,20.15,0.5867,0.7444,0.4243,14.51,2.22,0,0
CAFE-001693,74.7,2,5,19.73,0.6091,0.5844,0.6543,14.21,1.93,0,0
CAFE-001694,13.6,3,2,7.63,0.2818,0.3921,0.0979,5.49,0.67,0,1
CAFE-001695,34.2,2,3,13.87,0.3876,0.2343,0.8571,9.99,1.25,1,1
CAFE-001696,50.7,0,0,15.16,0.5678,0.342,0.4213,10.92,1.55,0,0
CAFE-001697,3.7,2,8,12.58,0.5794,0.2134,0.7431,9.06,1.52,0,0
CAFE-001698,23.3,2,8,18.85,0.677,0.7428,0.3352,13.57,2.32,0,0
CAFE-001699,7.8,5,2,20.0,0.5772,0.4057,0.5382,14.4,2.38,1,0
CAFE-001700,4.8,3,7,18.55,0.7801,0.3328,0.6765,13.36,2.6,0,0
CAFE-001701,53.8,0,2,11.76,0.1767,0.4476,0.4603,8.47,0.73,0,0
CAFE-001702,27.6,4,5,10.1,0.3308,0.7721,0.724,7.27,0.88,0,0
CAFE-001703,36.1,4,6,19.3,0.5336,0.1228,0.3575,13.9,2.01,0,0
CAFE-001704,43.2,2,4,15.28,0.4636,0.5615,0.5125,11.0,1.45,0,0
CAFE-001705,54.9,1,8,21.22,0.7065,0.5512,0.7176,15.28,2.44,0,0
CAFE-001706,16.0,0,1,13.02,0.2806,0.2465,0.5359,9.37,1.12,0,1
CAFE-001707,78.9,1,3,17.07,0.4743,0.4406,0.2452,12.29,1.42,0,0
CAFE-001708,26.7,4,5,14.36,0.6666,0.3015,0.6104,10.34,1.74,1,1
CAFE-001709,15.9,4,4,15.2,0.8068,0.4691,0.2283,10.94,2.11,0,1
CAFE-001710,12.8,5,4,22.51,0.7869,0.6825,0.4949,16.21,3.11,1,0
CAFE-001711,34.6,2,2,18.6,0.3067,0.4381,0.8264,13.39,1.53,1,1
CAFE-001712,9.6,1,6,13.33,0.5085,0.5431,0.5757,9.6,1.48,0,0
CAFE-001713,6.6,2,2,7.14,0.3716,0.1534,0.6688,5.14,0.71,0,0
CAFE-001714,35.0,4,2,13.74,0.4114,0.2274,0.3848,9.89,1.27,0,1
CAFE-001715,19.5,1,6,11.64,0.5616,0.3659,0.7835,8.38,1.32,0,0
CAFE-001716,64.5,6,6,18.86,0.761,0.15,0.3001,13.58,2.2,0,0
CAFE-001717,13.9,2,9,15.95,0.7446,0.4081,0.3341,11.48,2.13,1,0
CAFE-001718,6.4,2,7,19.66,0.8141,0.4026,0.6018,14.16,2.81,0,0
CAFE-001719,18.8,3,7,13.22,0.6801,0.8276,0.6891,9.52,1.66,1,1
CAFE-001720,68.3,1,2,11.83,0.4597,0.2563,0.2141,8.52,1.01,1,0
CAFE-001721,21.8,2,3,19.72,0.5871,0.4567,0.6349,14.2,2.27,1,0
CAFE-001722,21.3,1,3,14.24,0.4254,0.1042,0.4883,10.25,1.41,0,0
CAFE-001723,31.3,7,8,18.88,0.9016,0.2863,0.88,13.59,2.7,1,1
CAFE-001724,27.0,0,4,16.15,0.5509,0.7044,0.1512,11.63,1.77,0,0
CAFE-001725,40.9,3,11,18.45,0.7606,0.3365,0.3974,13.28,2.31,0,0
CAFE-001726,31.4,5,7,17.37,0.7982,0.517,0.4846,12.51,2.3,1,1
CAFE-001727,4.1,6,9,10.48,0.7002,0.4486,0.5492,7.55,1.39,0,0
CAFE-001728,31.2,0,9,10.77,0.3203,0.3075,0.2884,7.75,0.91,1,0
CAFE-001729,32.3,4,2,15.02,0.4211,0.3905,0.516,10.81,1.42,0,1
CAFE-001730,49.4,2,4,9.01,0.4758,0.3242,0.5175,6.49,0.85,0,0
CAFE-001731,43.9,1,3,11.06,0.2661,0.3301,0.1934,7.96,0.83,0,0
CAFE-001732,56.9,2,3,13.86,0.4721,0.2207,0.2766,9.98,1.26,0,0
CAFE-001733,20.9,3,2,16.53,0.7115,0.5868,0.8412,11.9,2.11,0,0
CAFE-001734,4.7,3,3,17.54,0.616,0.7629,0.3433,12.63,2.17,0,1
CAFE-001735,35.3,1,3,6.06,0.0932,0.8188,0.3828,4.36,0.37,0,0
CAFE-001736,7.1,1,3,18.83,0.5188,0.2431,0.49,13.56,2.13,1,0
CAFE-001737,2.9,3,7,18.56,0.792,0.5586,0.3124,13.36,2.64,0,0
CAFE-001738,21.9,1,4,10.85,0.2143,0.6114,0.7527,7.81,0.84,0,0
CAFE-001739,9.3,5,3,15.88,0.5616,0.6313,0.481,11.43,1.85,0,0
CAFE-001740,39.6,3,5,15.92,0.6805,0.5594,0.3237,11.46,1.88,0,0
CAFE-001741,18.6,3,4,14.93,0.4321,0.4963,0.2329,10.75,1.5,0,0
CAFE-001742,3.9,2,5,19.6,0.4807,0.5615,0.4992,14.11,2.17,0,0
CAFE-001743,9.8,5,9,12.84,0.6973,0.4754,0.3218,9.24,1.67,1,1
CAFE-001744,4.2,4,5,14.53,0.8305,0.3062,0.2205,10.46,2.11,1,1
CAFE-001745,25.7,1,7,18.99,0.5476,0.2986,0.6798,13.67,2.08,0,0
CAFE-001746,18.3,1,4,9.74,0.2484,0.8453,0.2347,7.01,0.8,0,0
CAFE-001747,15.8,1,7,14.87,0.2945,0.4963,0.4361,10.71,1.31,1,0
CAFE-001748,10.5,1,4,11.37,0.3214,0.7537,0.6645,8.19,1.05,0,0
CAFE-001749,32.7,4,4,12.6,0.3454,0.3372,0.1911,9.07,1.09,1,0
CAFE-001750,30.4,4,6,20.05,0.752,0.2021,0.5505,14.44,2.57,0,1
CAFE-001751,15.2,1,3,16.78,0.71,0.2541,0.4574,12.08,2.17,1,0
CAFE-001752,25.2,2,5,10.4,0.3502,0.605,0.6909,7.49,0.94,0,0
CAFE-001753,6.8,3,2,15.74,0.7166,0.3931,0.6452,11.33,2.1,0,0
CAFE-001754,31.8,5,4,15.69,0.6598,0.1468,0.7036,11.3,1.86,0,0
CAFE-001755,35.8,4,9,16.33,0.4006,0.7489,0.3224,11.76,1.49,0,1
CAFE-001756,21.8,3,5,15.11,0.4254,0.6278,0.4141,10.88,1.49,1,0
CAFE-001757,23.4,4,2,15.27,0.4115,0.6263,0.6985,10.99,1.48,0,0
CAFE-001758,16.3,2,6,20.75,0.9597,0.6411,0.4751,14.94,3.2,1,1
CAFE-001759,5.6,1,2,14.7,0.4109,0.3722,0.3723,10.58,1.52,0,0
CAFE-001760,26.3,0,3,18.59,0.4414,0.6981,0.4556,13.38,1.83,0,0
CAFE-001761,32.4,3,7,15.24,0.529,0.5089,0.2553,10.97,1.6,0,0
CAFE-001762,2.5,3,6,17.88,0.6699,0.7708,0.6096,12.87,2.33,0,0
CAFE-001763,59.1,1,3,13.36,0.1139,0.5729,0.5853,9.62,0.72,0,0
CAFE-001764,27.6,0,4,9.5,0.4102,0.6535,0.5063,6.84,0.9,0,0
CAFE-001765,20.8,2,5,14.38,0.6819,0.3338,0.7449,10.35,1.79,1,0
CAFE-001766,12.9,5,6,15.23,0.4112,0.2929,0.3671,10.97,1.53,0,0
CAFE-001767,17.1,1,1,10.81,0.2653,0.4577,0.2987,7.78,0.91,0,0
CAFE-001768,10.7,2,5,18.7,0.7194,0.2894,0.4879,13.46,2.47,1,1
CAFE-001769,9.7,1,7,17.23,0.8376,0.23,0.5753,12.41,2.49,0,0
CAFE-001770,26.7,3,3,16.29,0.71,0.5706,0.6893,11.73,2.04,1,1
CAFE-001771,46.7,3,2,12.55,0.4874,0.5085,0.2487,9.04,1.2,0,0
CAFE-001772,10.5,3,12,10.82,0.6506,0.7789,0.1782,7.79,1.36,0,1
CAFE-001773,15.2,6,5,16.61,0.7463,0.754,0.4227,11.96,2.21,0,0
CAFE-001774,5.6,0,0,14.91,0.2181,0.2207,0.5208,10.74,1.25,1,0
CAFE-001775,73.6,4,5,19.91,0.4962,0.7335,0.6229,14.34,1.73,0,0
CAFE-001776,21.3,3,4,20.29,0.4774,0.7624,0.7016,14.61,2.11,1,0
CAFE-001777,4.5,2,4,14.57,0.6381,0.3889,0.8208,10.49,1.84,1,1
CAFE-001778,17.3,4,8,18.72,0.8821,0.6019,0.4804,13.48,2.73,1,1
CAFE-001779,26.2,2,2,7.84,0.4541,0.64,0.3529,5.64,0.78,0,0
CAFE-001780,14.9,0,8,13.73,0.7457,0.5568,0.5011,9.89,1.83,1,0
CAFE-001781,56.9,1,5,18.57,0.5455,0.1276,0.5871,13.37,1.82,0,0
CAFE-001782,6.1,2,5,17.53,0.6054,0.549,0.6923,12.62,2.14,1,0
CAFE-001783,8.0,2,2,16.97,0.6202,0.2016,0.6841,12.22,2.09,0,0
CAFE-001784,28.7,1,3,10.6,0.2412,0.8048,0.7838,7.63,0.82,0,0
CAFE-001785,33.0,4,4,15.95,0.4513,0.6839,0.4713,11.48,1.55,0,0
CAFE-001786,16.3,2,3,6.26,0.2876,0.7575,0.4437,4.51,0.54,0,0
CAFE-001787,19.7,8,5,9.63,0.6125,0.4933,0.712,6.93,1.14,1,1
CAFE-001788,23.2,1,9,17.55,0.7449,0.6549,0.2121,12.64,2.28,0,0
CAFE-001789,2.8,4,3,12.51,0.479,0.4833,0.4419,9.01,1.39,0,0
CAFE-001790,10.2,0,4,17.16,0.4647,0.3677,0.3398,12.36,1.83,0,1
CAFE-001791,2.0,1,8,22.57,0.7451,0.2932,0.1795,16.25,3.11,0,1
CAFE-001792,31.1,5,6,16.1,0.5169,0.3942,0.3909,11.59,1.68,0,1
CAFE-001793,12.9,1,7,20.23,0.7435,0.2237,0.7133,14.57,2.7,1,0
CAFE-001794,8.6,2,3,11.73,0.5361,0.7376,0.1534,8.45,1.34,0,0
CAFE-001795,18.3,1,4,14.8,0.7059,0.3684,0.6599,10.66,1.89,0,0
CAFE-001796,21.6,3,6,13.45,0.6447,0.4017,0.7105,9.68,1.62,1,1
CAFE-001797,5.9,1,4,12.74,0.3747,0.5172,0.5632,9.17,1.27,0,1
CAFE-001798,35.4,0,5,7.25,0.2835,0.3321,0.3958,5.22,0.58,0,0
CAFE-001799,14.8,5,3,11.24,0.5632,0.8395,0.2945,8.09,1.29,1,0
CAFE-001800,65.1,1,1,15.92,0.4723,0.5194,0.5364,11.46,1.4,0,0
CAFE-001801,17.0,2,3,11.85,0.4616,0.7284,0.6446,8.53,1.23,0,0
CAFE-001802,20.5,3,8,18.26,0.7993,0.6431,0.4684,13.15,2.49,0,1
CAFE-001803,42.0,7,5,19.85,0.6974,0.3605,0.6669,14.29,2.35,0,0
CAFE-001804,27.2,0,2,16.39,0.6747,0.2465,0.5532,11.8,1.99,1,0
CAFE-001805,20.7,0,1,5.11,0.059,0.581,0.6442,3.68,0.32,0,0
CAFE-001806,24.8,4,5,13.37,0.6956,0.6463,0.3913,9.63,1.67,0,0
CAFE-001807,16.8,3,2,15.75,0.4561,0.1731,0.5029,11.34,1.63,0,1
CAFE-001808,27.0,0,7,17.48,0.6218,0.3104,0.8071,12.59,2.04,0,0
CAFE-001809,16.8,0,3,9.12,0.1728,0.6401,0.7275,6.57,0.69,0,0
CAFE-001810,71.4,1,3,11.46,0.3726,0.7643,0.3781,8.25,0.87,0,0
CAFE-001811,52.0,3,7,13.15,0.547,0.3241,0.7874,9.47,1.31,1,0
CAFE-001812,5.5,4,10,18.0,0.5578,0.7475,0.8112,12.96,2.12,1,0
CAFE-001813,73.2,2,8,10.63,0.4626,0.4404,0.4631,7.65,0.89,0,0
CAFE-001814,20.4,2,7,19.8,0.7729,0.6923,0.5624,14.26,2.65,0,1
CAFE-001815,28.0,2,2,13.24,0.4379,0.1239,0.2476,9.53,1.29,0,0
CAFE-001816,32.3,3,5,12.38,0.5866,0.6793,0.4044,8.91,1.37,1,0
CAFE-001817,29.8,2,1,14.31,0.2949,0.4709,0.0916,10.3,1.18,1,1
CAFE-001818,42.1,5,7,15.53,0.6227,0.5803,0.5337,11.18,1.73,0,0
CAFE-001819,14.0,2,6,14.64,0.6613,0.6331,0.5799,10.54,1.83,0,1
CAFE-001820,8.2,3,10,12.75,0.5953,0.4428,0.6237,9.18,1.54,0,0
CAFE-001821,37.1,0,5,17.52,0.6088,0.3506,0.4623,12.61,1.95,0,1
CAFE-001822,17.7,3,8,13.72,0.7278,0.3516,0.7703,9.88,1.79,0,0
CAFE-001823,30.5,4,2,14.09,0.5588,0.5066,0.4203,10.14,1.53,1,0
CAFE-001824,27.4,2,7,18.19,0.7183,0.7857,0.4248,13.1,2.29,0,0
CAFE-001825,11.7,3,4,14.98,0.4373,0.5396,0.4338,10.79,1.55,0,0
CAFE-001826,26.6,0,1,12.5,0.2658,0.7722,0.6212,9.0,1.01,0,0
CAFE-001827,7.0,4,4,16.59,0.5754,0.5905,0.6253,11.94,1.97,0,0
CAFE-001828,17.3,4,8,19.57,0.8676,0.2116,0.9432,14.09,2.83,0,0
CAFE-001829,11.7,2,1,9.28,0.2254,0.2278,0.6659,6.68,0.76,1,0
CAFE-001830,26.2,7,2,18.98,0.8919,0.7857,0.7033,13.67,2.73,1,1
CAFE-001831,12.2,4,0,15.19,0.3544,0.9138,0.505,10.94,1.44,1,0
CAFE-001832,58.1,4,8,15.82,0.4979,0.2555,0.611,11.39,1.47,0,0
CAFE-001833,17.8,3,5,15.12,0.3857,0.3838,0.1714,10.89,1.45,0,0
CAFE-001834,15.5,3,8,14.99,0.7112,0.4699,0.8615,10.79,1.94,1,1
CAFE-001835,22.6,4,9,19.04,0.6991,0.3365,0.7223,13.71,2.39,0,0
CAFE-001836,14.5,2,7,11.26,0.4926,0.7686,0.854,8.11,1.22,1,1
CAFE-001837,29.7,0,7,15.14,0.7852,0.3653,0.4525,10.9,2.0,0,0
CAFE-001838,10.3,3,3,15.75,0.8191,0.4071,0.5769,11.34,2.24,0,1
CAFE-001839,33.4,5,6,13.44,0.6472,0.2501,0.494,9.68,1.57,0,0
CAFE-001840,41.0,3,4,15.88,0.4764,0.1053,0.6665,11.43,1.54,1,0
CAFE-001841,29.6,2,1,18.19,0.5817,0.8085,0.6007,13.1,2.03,1,1
CAFE-001842,67.7,2,4,12.47,0.4381,0.4053,0.2824,8.98,1.04,0,0
CAFE-001843,7.0,0,6,13.64,0.3758,0.839,0.5652,9.82,1.35,1,0
CAFE-001844,38.3,1,1,14.23,0.2928,0.3652,0.5095,10.25,1.13,0,0
CAFE-001845,60.2,1,3,16.61,0.3962,0.3091,0.504,11.96,1.36,0,0
CAFE-001846,25.0,4,3,9.43,0.3711,0.7024,0.561,6.79,0.87,0,0
CAFE-001847,15.9,1,10,15.11,0.6481,0.4641,0.3976,10.88,1.86,0,0
CAFE-001848,20.8,1,10,14.42,0.6659,0.6653,0.6318,10.38,1.78,0,0
CAFE-001849,6.2,2,6,16.27,0.4627,0.1871,0.6606,11.71,1.76,0,1
CAFE-001850,11.9,3,2,11.1,0.2841,0.6633,0.6737,7.99,0.98,0,0
CAFE-001851,20.7,3,4,8.3,0.4747,0.5581,0.7306,5.98,0.86,0,0
CAFE-001852,17.7,5,7,24.01,0.9574,0.6623,0.365,17.29,3.68,0,1
CAFE-001853,30.1,1,8,15.63,0.3543,0.8292,0.6562,11.25,1.38,0,0
CAFE-001854,61.5,0,7,20.16,0.6905,0.7786,0.4514,14.52,2.24,1,0
CAFE-001855,8.9,1,6,15.43,0.4957,0.7711,0.6371,11.11,1.7,0,1
CAFE-001856,6.4,5,1,13.51,0.7554,0.2349,0.8123,9.73,1.85,0,0
CAFE-001857,40.0,1,1,8.74,0.1731,0.2108,0.5973,6.29,0.58,0,0
CAFE-001858,58.2,3,4,12.07,0.4257,0.5124,0.4997,8.69,1.03,0,0
CAFE-001859,28.2,7,6,14.72,0.6663,0.38,0.4779,10.6,1.77,1,1
CAFE-001860,3.5,1,4,15.19,0.2618,0.69,0.5621,10.94,1.35,1,1
CAFE-001861,46.6,2,4,17.93,0.5184,0.5971,0.6592,12.91,1.78,0,0
CAFE-001862,31.0,0,3,12.61,0.2291,0.7183,0.6654,9.08,0.96,0,0
CAFE-001863,37.5,2,4,9.47,0.1958,0.8073,0.7546,6.82,0.66,0,0
CAFE-001864,22.2,2,4,14.7,0.6269,0.4756,0.7046,10.58,1.74,0,0
CAFE-001865,7.8,2,2,15.19,0.6464,0.5483,0.1578,10.94,1.91,1,0
CAFE-001866,14.9,2,4,13.51,0.4801,0.3343,0.2596,9.73,1.44,0,0
CAFE-001867,24.6,1,6,15.49,0.583,0.3183,0.7581,11.15,1.76,0,1
CAFE-001868,17.2,3,7,21.76,0.7675,0.4225,0.8112,15.67,2.93,1,1
CAFE-001869,26.1,0,7,14.24,0.563,0.7337,0.6797,10.25,1.58,0,0
CAFE-001870,11.3,2,6,17.43,0.5322,0.3426,0.3287,12.55,1.97,1,0
CAFE-001871,11.8,1,4,15.27,0.2573,0.8687,0.6155,10.99,1.31,0,0
CAFE-001872,30.5,3,7,18.3,0.5376,0.584,0.4204,13.18,1.95,0,0
CAFE-001873,37.0,2,5,13.72,0.1771,0.4754,0.4591,9.88,0.94,0,0
CAFE-001874,27.1,0,2,14.42,0.3696,0.5008,0.4818,10.38,1.32,0,0
CAFE-001875,23.2,2,5,12.8,0.3329,0.3562,0.4254,9.22,1.14,1,0
CAFE-001876,60.7,1,1,8.62,0.1949,0.5541,0.3221,6.21,0.53,0,0
CAFE-001877,42.0,6,6,15.0,0.5464,0.2571,0.7,10.8,1.55,0,0
CAFE-001878,8.9,5,5,18.64,0.572,0.7697,0.7754,13.42,2.2,0,0
CAFE-001879,13.4,0,2,11.02,0.2004,0.2535,0.8324,7.93,0.87,1,1
CAFE-001880,24.2,4,4,15.8,0.4011,0.7928,0.5539,11.38,1.51,1,0
CAFE-001881,4.0,2,0,12.6,0.5245,0.7382,0.1904,9.07,1.45,1,0
CAFE-001882,79.4,1,3,12.3,0.3167,0.495,0.8223,8.86,0.83,0,0
CAFE-001883,36.3,3,10,15.23,0.7111,0.7169,0.4327,10.97,1.86,0,0
CAFE-001884,39.8,4,7,15.91,0.779,0.3011,0.7823,11.46,2.03,1,0
CAFE-001885,23.2,2,3,15.17,0.4752,0.2805,0.5546,10.92,1.57,1,1
CAFE-001886,19.9,4,5,17.74,0.5542,0.7003,0.6549,12.77,1.99,0,0
CAFE-001887,38.1,2,4,12.71,0.4966,0.3943,0.5632,9.15,1.27,0,0
CAFE-001888,78.9,1,2,16.16,0.3652,0.2635,0.6627,11.64,1.17,1,0
CAFE-001889,58.5,0,2,11.41,0.2268,0.6721,0.5369,8.22,0.75,1,0
CAFE-001890,27.2,1,4,5.0,0.1261,0.8556,0.7497,3.6,0.33,0,0
CAFE-001891,15.4,2,10,21.05,0.7681,0.4545,0.5345,15.16,2.85,0,1
CAFE-001892,26.1,1,3,9.76,0.4878,0.4464,0.676,7.03,1.01,1,1
CAFE-001893,9.7,1,11,22.2,0.8976,0.3958,0.3377,15.98,3.34,0,1
CAFE-001894,25.4,0,6,11.79,0.3963,0.4821,0.5987,8.49,1.11,0,1
CAFE-001895,33.6,3,1,11.81,0.2938,0.3162,0.1934,8.5,0.96,0,0
CAFE-001896,7.5,3,10,13.7,0.5592,0.2041,0.3629,9.86,1.61,0,0
CAFE-001897,25.4,0,1,17.86,0.2663,0.5527,0.2399,12.86,1.46,0,0
CAFE-001898,23.0,6,7,22.74,0.7675,0.0617,0.6109,16.37,3.01,1,0
CAFE-001899,9.3,3,5,16.33,0.5846,0.4917,0.6815,11.76,1.95,0,0
CAFE-001900,62.4,3,3,13.49,0.2256,0.7591,0.5673,9.71,0.86,1,1
CAFE-001901,34.9,1,4,11.36,0.2173,0.4608,0.2918,8.18,0.83,0,1
CAFE-001902,26.2,2,7,12.93,0.4032,0.4583,0.4081,9.31,1.23,0,1
CAFE-001903,34.2,1,5,12.98,0.4213,0.6586,0.4372,9.35,1.22,1,0
CAFE-001904,34.7,2,3,13.63,0.2003,0.2145,0.2817,9.81,0.98,0,0
CAFE-001905,15.8,4,6,19.84,0.9517,0.7693,0.4965,14.28,3.05,1,0
CAFE-001906,65.3,1,4,10.83,0.2251,0.4934,0.5026,7.8,0.68,0,0
CAFE-001907,42.1,2,1,16.48,0.505,0.4155,0.3402,11.87,1.64,0,0
CAFE-001908,22.3,2,5,13.32,0.4134,0.5603,0.3147,9.59,1.3,1,0
CAFE-001909,49.1,0,2,8.05,0.208,0.6208,0.3545,5.8,0.54,0,0
CAFE-001910,21.2,0,3,16.09,0.1462,0.7943,0.6212,11.58,1.14,0,0
CAFE-001911,46.4,2,4,14.08,0.8042,0.4029,0.151,10.14,1.8,0,0
CAFE-001912,10.1,2,4,10.52,0.3814,0.273,0.503,7.57,1.04,1,0
CAFE-001913,53.6,3,5,7.94,0.2934,0.6075,0.5162,5.72,0.59,1,0
CAFE-001914,64.9,1,7,10.97,0.4471,0.7437,0.3231,7.9,0.94,0,0
CAFE-001915,4.8,3,5,16.14,0.7582,0.6331,0.3133,11.62,2.23,0,1
CAFE-001916,17.2,4,3,14.3,0.3148,0.2063,0.4583,10.3,1.28,0,0
CAFE-001917,30.8,1,2,9.03,0.4851,0.1856,0.123,6.5,0.92,0,0
CAFE-001918,18.9,3,3,17.27,0.6761,0.7259,0.4185,12.43,2.16,0,0
CAFE-001919,9.1,0,6,13.12,0.5547,0.6588,0.6266,9.45,1.52,0,1
CAFE-001920,13.3,1,4,20.28,0.4778,0.6827,0.1415,14.6,2.17,0,0
CAFE-001921,17.4,0,3,19.86,0.7999,0.6273,0.6924,14.3,2.74,1,0
CAFE-001922,84.4,2,1,12.02,0.1619,0.5103,0.8468,8.65,0.6,0,0
CAFE-001923,9.9,1,1,9.26,0.3075,0.379,0.2536,6.67,0.84,0,0
CAFE-001924,12.6,5,9,17.48,0.8838,0.3384,0.2558,12.59,2.58,1,1
CAFE-001925,17.3,1,6,15.15,0.7073,0.6293,0.8431,10.91,1.95,0,0
CAFE-001926,36.4,4,1,11.35,0.4146,0.2609,0.5478,8.17,1.05,0,1
CAFE-001927,28.9,4,8,15.27,0.522,0.6381,0.5992,10.99,1.62,0,0
CAFE-001928,39.2,2,9,15.01,0.6457,0.8703,0.8333,10.81,1.72,0,0
CAFE-001929,9.1,7,8,18.83,0.8342,0.4603,0.4724,13.56,2.71,1,1
CAFE-001930,6.1,5,3,15.32,0.5639,0.4862,0.3462,11.03,1.81,1,1
CAFE-001931,10.1,3,2,14.54,0.433,0.3878,0.6773,10.47,1.51,0,0
CAFE-001932,47.0,1,4,10.1,0.2774,0.7025,0.7079,7.27,0.76,1,1
CAFE-001933,30.5,3,4,18.5,0.6165,0.6176,0.2259,13.32,2.12,1,1
CAFE-001934,30.9,1,3,10.79,0.2417,0.3409,0.3082,7.77,0.83,0,0
CAFE-001935,45.8,1,1,7.13,0.2619,0.5621,0.8092,5.13,0.53,0,1
CAFE-001936,19.6,1,5,17.86,0.5365,0.5153,0.6614,12.86,1.98,1,0
CAFE-001937,11.9,1,5,20.21,0.6242,0.2649,0.5658,14.55,2.47,0,0
CAFE-001938,37.2,2,1,8.77,0.1996,0.4259,0.3395,6.31,0.62,0,1
CAFE-001939,12.9,1,5,17.03,0.692,0.2463,0.3598,12.26,2.19,0,1
CAFE-001940,15.6,2,1,13.18,0.2732,0.2677,0.1624,9.49,1.13,0,0
CAFE-001941,41.0,2,4,14.78,0.4674,0.6186,0.7393,10.64,1.42,0,0
CAFE-001942,53.4,2,3,8.77,0.2188,0.5895,0.4179,6.31,0.58,1,0
CAFE-001943,27.9,0,3,14.52,0.1524,0.1623,0.2215,10.45,1.0,0,0
CAFE-001944,46.9,4,3,14.28,0.5271,0.5476,0.717,10.28,1.43,1,0
CAFE-001945,42.2,4,6,14.14,0.2368,0.6917,0.4684,10.18,1.02,0,0
CAFE-001946,23.0,0,3,11.01,0.1567,0.2716,0.2102,7.93,0.79,0,0
CAFE-001947,42.8,3,5,12.08,0.4342,0.5659,0.4528,8.7,1.11,0,0
CAFE-001948,24.4,1,5,16.69,0.5643,0.8898,0.4727,12.02,1.86,1,1
CAFE-001949,40.6,0,2,13.52,0.1778,0.87,0.6267,9.73,0.91,0,0
CAFE-001950,7.1,2,5,23.48,0.8307,0.4686,0.3882,16.91,3.39,0,0
CAFE-001951,12.1,4,4,21.6,0.7496,0.3356,0.3453,15.55,2.91,0,0
CAFE-001952,30.3,0,3,8.18,0.1352,0.5429,0.1884,5.89,0.54,0,0
CAFE-001953,57.9,2,3,18.94,0.6163,0.2238,0.5732,13.64,1.98,0,0
CAFE-001954,44.9,1,6,10.71,0.4209,0.8077,0.6737,7.71,0.96,0,0
CAFE-001955,49.0,3,4,13.69,0.3002,0.4448,0.3666,9.86,1.05,0,0
CAFE-001956,59.2,1,3,14.95,0.3583,0.6301,0.3082,10.76,1.17,0,0
CAFE-001957,94.0,1,6,14.02,0.3839,0.3957,0.1674,10.09,0.96,0,0
CAFE-001958,28.0,4,3,18.91,0.681,0.6699,0.1657,13.62,2.31,0,1
CAFE-001959,4.4,4,9,9.72,0.5559,0.709,0.691,7.0,1.15,1,0
CAFE-001960,76.9,2,0,11.69,0.3023,0.5541,0.2415,8.42,0.78,1,0
CAFE-001961,24.2,0,8,13.69,0.4834,0.6136,0.6609,9.86,1.42,0,0
CAFE-001962,22.3,0,3,21.35,0.8928,0.451,0.4519,15.37,3.1,0,0
CAFE-001963,20.9,1,4,8.81,0.1722,0.7525,0.76,6.34,0.65,0,0
CAFE-001964,27.7,2,7,17.54,0.5603,0.5352,0.7474,12.63,1.93,1,0
CAFE-001965,2.2,1,0,14.15,0.261,0.3888,0.3401,10.19,1.26,0,0
CAFE-001966,15.0,2,8,18.73,0.6752,0.3752,0.1844,13.49,2.36,0,0
CAFE-001967,9.7,2,2,13.41,0.3057,0.8346,0.42,9.66,1.22,0,0
CAFE-001968,16.8,1,1,13.76,0.2805,0.7619,0.6856,9.91,1.18,0,0
CAFE-001969,22.1,1,5,14.61,0.252,0.587,0.3312,10.52,1.19,0,0
CAFE-001970,31.7,2,2,10.62,0.2341,0.2758,0.6114,7.65,0.81,0,0
CAFE-001971,9.8,1,7,19.49,0.9265,0.4647,0.507,14.03,2.98,1,0
CAFE-001972,38.2,3,0,10.81,0.3333,0.4505,0.6521,7.78,0.9,0,0
CAFE-001973,16.8,3,7,20.19,0.9438,0.4613,0.5416,14.54,3.08,1,0
CAFE-001974,59.5,5,7,13.45,0.5389,0.4033,0.6754,9.68,1.3,1,0
CAFE-001975,13.6,0,4,16.25,0.4533,0.4271,0.2621,11.7,1.7,0,0
CAFE-001976,24.4,5,6,20.54,0.5807,0.6234,0.7894,14.79,2.33,1,0
CAFE-001977,14.8,2,3,11.92,0.2273,0.4986,0.6019,8.58,0.97,0,0
CAFE-001978,30.6,3,6,13.59,0.4665,0.2915,0.765,9.78,1.35,0,0
CAFE-001979,82.1,4,9,20.29,0.8835,0.7301,0.8651,14.61,2.49,1,1
CAFE-001980,31.6,3,1,14.97,0.6239,0.3262,0.6366,10.78,1.72,0,0
CAFE-001981,117.3,3,2,14.35,0.4236,0.399,0.3348,10.33,0.92,0,0
CAFE-001982,51.7,1,4,8.54,0.2476,0.4888,0.0806,6.15,0.6,0,0
CAFE-001983,29.9,2,11,20.69,0.6815,0.353,0.2948,14.9,2.51,0,0
CAFE-001984,18.1,4,6,15.48,0.6601,0.4815,0.7212,11.15,1.91,1,1
CAFE-001985,27.4,1,4,15.18,0.3256,0.3329,0.3452,10.93,1.32,0,1
CAFE-001986,17.9,6,5,16.68,0.7335,0.2102,0.5733,12.01,2.18,1,0
CAFE-001987,7.6,1,4,18.8,0.5676,0.1536,0.8289,13.54,2.22,1,1
CAFE-001988,58.7,5,3,15.32,0.5931,0.2059,0.2655,11.03,1.57,0,0
CAFE-001989,22.9,3,6,16.22,0.6958,0.2636,0.6702,11.68,2.03,0,0
CAFE-001990,16.9,2,13,17.93,0.7335,0.3653,0.3906,12.91,2.35,1,0
CAFE-001991,16.7,1,6,16.19,0.631,0.1909,0.5361,11.66,1.96,1,0
CAFE-001992,6.9,7,2,18.29,0.8498,0.6284,0.7538,13.17,2.68,1,1
CAFE-001993,15.1,5,6,19.2,0.7651,0.6129,0.268,13.82,2.59,0,0
CAFE-001994,32.7,2,0,11.21,0.4141,0.2252,0.2487,8.07,1.05,0,0
CAFE-001995,31.4,2,3,14.17,0.5196,0.4572,0.6711,10.2,1.48,0,1
CAFE-001996,24.6,2,4,21.01,0.7136,0.4825,0.5552,15.13,2.66,0,0
CAFE-001997,26.0,2,5,13.68,0.3289,0.4873,0.1653,9.85,1.2,0,0
CAFE-001998,70.6,3,4,14.89,0.6496,0.3094,0.4971,10.72,1.54,0,0
CAFE-001999,19.0,0,3,15.66,0.5433,0.7839,0.4116,11.28,1.75,0,0
CAFE-002000,8.2,0,7,14.7,0.4805,0.5499,0.4861,10.58,1.6,0,0
CAFE-002001,33.9,2,4,19.61,0.7363,0.1678,0.5487,14.12,2.46,0,0
CAFE-002002,85.2,0,0,9.04,0.0942,0.4794,0.2158,6.51,0.39,0,0
CAFE-002003,9.6,1,1,11.8,0.1987,0.8949,0.6886,8.5,0.95,0,0
CAFE-002004,12.9,2,6,15.1,0.5735,0.7181,0.6992,10.87,1.76,0,1
CAFE-002005,51.2,2,6,11.34,0.343,0.5887,0.2545,8.16,0.91,0,0
CAFE-002006,16.9,6,8,21.12,0.862,0.0371,0.3059,15.21,3.04,0,1
CAFE-002007,56.0,3,3,19.51,0.7356,0.6679,0.4868,14.05,2.29,0,0
CAFE-002008,14.8,1,0,8.28,0.1515,0.2615,0.5396,5.96,0.61,0,0
CAFE-002009,17.1,4,6,18.86,0.6089,0.32,0.7835,13.58,2.24,0,1
CAFE-002010,44.1,0,1,10.39,0.1773,0.7915,0.5295,7.48,0.68,0,0
CAFE-002011,33.3,4,5,10.1,0.5968,0.6787,0.4623,7.27,1.13,0,1
CAFE-002012,16.8,2,3,13.96,0.4069,0.3865,0.3593,10.05,1.38,1,0
CAFE-002013,8.8,2,5,12.81,0.4322,0.3358,0.6585,9.22,1.33,0,0
CAFE-002014,38.5,3,7,14.85,0.5129,0.3677,0.6625,10.69,1.51,0,0
CAFE-002015,5.3,4,8,21.62,0.7892,0.5652,0.3032,15.57,3.05,0,1
CAFE-002016,17.1,5,6,22.32,0.9388,0.5096,0.7826,16.07,3.39,0,0
CAFE-002017,2.4,1,10,15.07,0.8178,0.127,0.8095,10.85,2.18,0,1
CAFE-002018,30.3,5,8,19.89,0.7914,0.6375,0.6556,14.32,2.63,1,1
CAFE-002019,46.0,4,5,15.73,0.6822,0.5557,0.3667,11.33,1.82,1,0
CAFE-002020,18.0,2,5,17.34,0.4949,0.838,0.2883,12.48,1.86,1,0
CAFE-002021,14.7,3,7,22.95,0.7242,0.3985,0.4659,16.52,3.01,1,1
CAFE-002022,25.3,3,7,18.3,0.8231,0.5835,0.6072,13.18,2.51,0,0
CAFE-002023,32.7,1,11,17.65,0.6925,0.7603,0.4247,12.71,2.14,0,0
CAFE-002024,38.6,2,4,17.71,0.5179,0.3802,0.287,12.75,1.8,0,0
CAFE-002025,24.0,1,7,18.72,0.5816,0.7103,0.5852,13.48,2.13,0,1
CAFE-002026,44.0,1,3,19.23,0.701,0.6185,0.5479,13.85,2.27,1,0
CAFE-002027,26.6,2,6,9.44,0.3715,0.558,0.5154,6.8,0.86,0,0
CAFE-002028,40.2,3,3,8.58,0.3171,0.6069,0.4436,6.18,0.7,1,0
CAFE-002029,14.8,4,2,19.09,0.7408,0.5321,0.6216,13.74,2.53,1,0
CAFE-002030,7.1,5,7,13.98,0.7201,0.2829,0.6723,10.07,1.87,1,0
CAFE-002031,15.7,0,1,5.0,0.0976,0.4296,0.2303,3.6,0.34,0,0
CAFE-002032,10.9,2,5,20.25,0.8006,0.5753,0.665,14.58,2.84,0,0
CAFE-002033,16.1,0,2,6.93,0.4569,0.4732,0.66,4.99,0.72,0,0
CAFE-002034,14.8,3,5,16.06,0.737,0.1569,0.7349,11.56,2.13,0,0
CAFE-002035,43.6,1,5,11.91,0.4482,0.3886,0.8195,8.58,1.11,0,0
CAFE-002036,38.1,2,5,11.75,0.6232,0.2181,0.5481,8.46,1.32,0,1
CAFE-002037,7.6,1,4,11.42,0.6707,0.5823,0.3152,8.22,1.47,0,0
CAFE-002038,117.6,4,2,14.47,0.5293,0.1392,0.3405,10.42,1.08,0,0
CAFE-002039,19.3,4,8,16.55,0.6695,0.3105,0.517,11.92,2.05,0,1
CAFE-002040,14.8,1,3,11.37,0.263,0.7742,0.6405,8.19,0.97,0,0
CAFE-002041,18.0,0,5,14.96,0.4014,0.5375,0.5896,10.77,1.46,0,0
CAFE-002042,10.0,3,3,16.38,0.4905,0.7563,0.6497,11.79,1.79,0,0
CAFE-002043,8.2,3,2,10.38,0.4224,0.4931,0.3644,7.47,1.07,1,1
CAFE-002044,15.7,3,5,14.53,0.4956,0.4543,0.315,10.46,1.57,0,0
CAFE-002045,17.2,5,9,22.56,0.8634,0.2821,0.445,16.24,3.25,0,1
CAFE-002046,9.9,0,0,14.2,0.2202,0.1459,0.6496,10.22,1.17,0,0
CAFE-002047,23.3,6,8,12.25,0.7465,0.1825,0.3915,8.82,1.6,0,0
CAFE-002048,7.3,0,6,15.06,0.56,0.3017,0.6958,10.84,1.77,0,1
CAFE-002049,19.7,3,3,14.18,0.5844,0.3196,0.6159,10.21,1.64,0,1
CAFE-002050,4.2,3,13,21.05,0.8158,0.4077,0.4631,15.16,3.03,0,0
CAFE-002051,25.9,0,6,14.78,0.5686,0.8311,0.8335,10.64,1.65,0,0
CAFE-002052,5.2,1,6,17.36,0.7523,0.1496,0.3882,12.5,2.38,0,1
CAFE-002053,8.2,4,4,17.73,0.8197,0.4648,0.5846,12.77,2.54,1,1
CAFE-002054,36.9,1,7,13.73,0.4654,0.5296,0.354,9.89,1.34,0,0
CAFE-002055,31.7,2,6,20.38,0.589,0.7352,0.6573,14.67,2.27,0,1
CAFE-002056,25.2,4,2,5.54,0.2174,0.3688,0.5852,3.99,0.42,0,0
CAFE-002057,26.4,3,4,13.55,0.3207,0.8186,0.1288,9.76,1.17,0,0
CAFE-002058,14.2,4,3,10.88,0.3777,0.2499,0.3378,7.83,1.05,1,0
CAFE-002059,12.1,4,4,17.01,0.7082,0.3608,0.5832,12.25,2.22,0,0
CAFE-002060,22.8,1,4,8.96,0.227,0.544,0.4073,6.45,0.7,0,0
CAFE-002061,33.7,8,7,15.05,0.668,0.6988,0.5228,10.84,1.79,0,0
CAFE-002062,15.6,7,7,21.65,0.8182,0.2161,0.8517,15.59,3.04,0,0
CAFE-002063,42.5,2,3,18.66,0.4371,0.7169,0.8031,13.44,1.72,1,0
CAFE-002064,18.4,1,4,12.22,0.3439,0.7092,0.5756,8.8,1.12,1,0
CAFE-002065,23.9,3,3,15.67,0.6193,0.4641,0.4253,11.28,1.84,1,0
CAFE-002066,26.6,3,4,16.42,0.6044,0.6247,0.6716,11.82,1.89,1,1
CAFE-002067,23.0,3,4,15.83,0.5561,0.656,0.6278,11.4,1.76,0,0
CAFE-002068,53.3,4,4,17.44,0.7185,0.694,0.5575,12.56,2.03,1,1
CAFE-002069,12.1,3,7,16.65,0.775,0.23,0.6082,11.99,2.28,0,0
CAFE-002070,36.4,2,4,12.92,0.4872,0.4842,0.6402,9.3,1.29,0,0
CAFE-002071,53.6,0,1,9.31,0.2277,0.4793,0.456,6.7,0.63,0,0
CAFE-002072,21.6,4,3,12.12,0.4394,0.2126,0.128,8.73,1.21,0,0
CAFE-002073,26.4,2,3,10.41,0.3353,0.6715,0.3219,7.5,0.92,1,1
CAFE-002074,11.4,3,5,16.43,0.7659,0.439,0.4503,11.83,2.24,0,0
CAFE-002075,25.4,1,4,10.77,0.2805,0.331,0.7535,7.75,0.89,1,0
CAFE-002076,25.8,2,6,22.25,0.6417,0.3799,0.6024,16.02,2.65,0,0
CAFE-002077,25.8,3,7,15.05,0.6275,0.7043,0.1905,10.84,1.77,0,1
CAFE-002078,32.5,1,1,15.44,0.2891,0.4895,0.607,11.12,1.25,0,0
CAFE-002079,27.2,4,8,17.17,0.8674,0.3908,0.7264,12.36,2.42,0,1
CAFE-002080,31.7,2,7,19.62,0.7565,0.6151,0.3536,14.13,2.52,1,0
CAFE-002081,14.3,3,6,15.38,0.5779,0.6132,0.301,11.07,1.79,0,1
CAFE-002082,53.0,2,10,17.44,0.6323,0.3699,0.7359,12.56,1.89,0,0
CAFE-002083,17.4,2,2,13.29,0.4222,0.3548,0.4039,9.57,1.33,0,0
CAFE-002084,14.3,3,5,14.7,0.5858,0.5739,0.3262,10.58,1.73,0,0
CAFE-002085,21.3,0,2,6.88,0.1882,0.4042,0.4623,4.95,0.52,1,0
CAFE-002086,13.5,3,5,16.85,0.673,0.6487,0.622,12.13,2.13,0,0
CAFE-002087,23.1,0,2,12.51,0.3381,0.6862,0.3392,9.01,1.12,0,0
CAFE-002088,18.8,3,6,17.02,0.8309,0.7884,0.9395,12.25,2.39,1,0
CAFE-002089,26.8,1,4,9.15,0.3615,0.4689,0.5987,6.59,0.83,1,0
CAFE-002090,39.3,4,4,15.66,0.4784,0.2844,0.8269,11.28,1.53,1,0
CAFE-002091,8.6,4,4,16.25,0.6789,0.5942,0.8664,11.7,2.09,1,1
CAFE-002092,6.1,4,6,14.07,0.5394,0.1771,0.5321,10.13,1.63,1,0
CAFE-002093,19.3,2,4,20.56,0.554,0.3053,0.4504,14.8,2.31,0,0
CAFE-002094,56.7,2,5,7.28,0.2723,0.8228,0.4447,5.24,0.52,0,0
CAFE-002095,32.3,3,5,18.12,0.5068,0.7091,0.7254,13.05,1.87,0,0
CAFE-002096,18.9,2,2,15.22,0.5355,0.148,0.3447,10.96,1.69,0,1
CAFE-002097,27.3,3,2,12.58,0.5094,0.4473,0.1451,9.06,1.32,0,1
CAFE-002098,32.9,4,10,14.49,0.7513,0.6685,0.2722,10.43,1.84,1,0
CAFE-002099,65.3,6,4,10.73,0.3361,0.2896,0.4704,7.73,0.8,0,0
CAFE-002100,7.2,3,3,11.28,0.4855,0.3098,0.4598,8.12,1.24,1,0
CAFE-002101,32.7,1,3,8.53,0.1578,0.403,0.5088,6.14,0.58,0,0
CAFE-002102,9.1,1,2,11.63,0.4179,0.6458,0.7248,8.37,1.19,1,0
CAFE-002103,13.8,1,1,8.83,0.143,0.9123,0.6073,6.36,0.65,0,0
CAFE-002104,28.4,1,3,13.22,0.3703,0.2639,0.7204,9.52,1.2,0,0
CAFE-002105,16.7,3,8,12.35,0.8366,0.4906,0.7621,8.89,1.75,0,1
CAFE-002106,19.9,4,7,19.03,0.7257,0.2407,0.4041,13.7,2.46,0,0
CAFE-002107,26.2,2,6,19.23,0.7822,0.5772,0.3291,13.85,2.55,0,0
CAFE-002108,18.3,1,2,12.1,0.4567,0.5894,0.3351,8.71,1.25,0,0
CAFE-002109,7.0,1,5,19.33,0.5421,0.6308,0.2177,13.92,2.24,0,0
CAFE-002110,18.2,4,5,18.5,0.8132,0.4751,0.6656,13.32,2.57,0,1
CAFE-002111,75.5,3,4,10.33,0.4492,0.2162,0.5287,7.44,0.84,1,0
CAFE-002112,76.6,4,3,14.75,0.5664,0.4037,0.4571,10.62,1.37,0,1
CAFE-002113,43.2,2,5,12.01,0.348,0.3647,0.2085,8.65,1.0,0,0
CAFE-002114,5.0,5,7,18.79,0.6834,0.6766,0.1785,13.53,2.45,1,0
CAFE-002115,17.8,2,5,12.53,0.4462,0.1885,0.7582,9.02,1.28,0,0
CAFE-002116,15.1,6,5,16.43,0.6874,0.7871,0.4024,11.83,2.09,0,0
CAFE-002117,35.1,2,6,14.29,0.3507,0.4899,0.6335,10.29,1.24,0,0
CAFE-002118,14.5,2,3,16.72,0.7628,0.4033,0.286,12.04,2.26,0,0
CAFE-002119,65.1,2,2,13.16,0.3154,0.5168,0.5003,9.48,0.95,0,0
CAFE-002120,44.0,0,3,8.38,0.1248,0.4262,0.5182,6.03,0.51,0,0
CAFE-002121,9.7,2,2,12.28,0.4246,0.7126,0.2644,8.84,1.26,0,0
CAFE-002122,24.2,2,8,14.73,0.7535,0.7406,0.2391,10.61,1.92,0,0
CAFE-002123,30.2,1,3,10.31,0.3785,0.506,0.5194,7.42,0.94,0,0
CAFE-002124,10.9,5,5,16.65,0.56,0.5424,0.6463,11.99,1.93,1,1
CAFE-002125,56.9,2,1,14.35,0.3838,0.3415,0.6921,10.33,1.18,0,1
CAFE-002126,4.2,2,9,21.8,0.7091,0.1041,0.5418,15.7,2.91,0,0
CAFE-002127,31.0,4,7,23.5,0.8088,0.1535,0.4821,16.92,3.14,0,0
CAFE-002128,19.7,2,2,18.55,0.5067,0.3789,0.7133,13.36,2.0,1,0
CAFE-002129,32.4,2,2,14.63,0.2649,0.4116,0.6418,10.53,1.15,0,0
CAFE-002130,27.0,4,4,14.52,0.4864,0.5455,0.5891,10.45,1.49,0,0
CAFE-002131,24.4,6,8,23.08,0.7584,0.2174,0.749,16.62,3.02,1,0
CAFE-002132,39.8,1,7,14.64,0.2632,0.788,0.5596,10.54,1.11,0,0
CAFE-002133,27.7,2,4,19.97,0.5673,0.2808,0.6465,14.38,2.21,0,0
CAFE-002134,10.3,5,6,15.53,0.5297,0.6439,0.4769,11.18,1.76,0,0
CAFE-002135,75.2,0,1,11.06,0.0639,0.5752,0.4211,7.96,0.48,0,0
CAFE-002136,7.6,2,1,12.74,0.322,0.6183,0.4783,9.17,1.19,0,1
CAFE-002137,11.3,3,2,14.19,0.4007,0.1554,0.3035,10.22,1.42,0,0
CAFE-002138,41.3,4,4,13.8,0.7752,0.5347,0.5362,9.94,1.75,0,1
CAFE-002139,31.5,5,5,11.85,0.57,0.593,0.1614,8.53,1.3,0,0
CAFE-002140,12.4,5,4,16.34,0.504,0.5938,0.5605,11.76,1.8,1,0
CAFE-002141,4.6,3,1,14.47,0.7024,0.5548,0.621,10.42,1.92,0,1
CAFE-002142,9.9,3,7,18.61,0.7581,0.4995,0.5129,13.4,2.54,0,0
CAFE-002143,14.2,8,10,18.15,0.8596,0.752,0.7729,13.07,2.63,0,0
CAFE-002144,72.2,2,4,15.17,0.5713,0.3247,0.4778,10.92,1.44,0,0
CAFE-002145,48.8,4,4,9.16,0.3641,0.2041,0.2201,6.6,0.76,0,0
CAFE-002146,6.9,6,3,15.28,0.7265,0.7356,0.3494,11.0,2.05,0,0
CAFE-002147,52.3,1,4,15.21,0.4525,0.2534,0.4569,10.95,1.38,0,0
CAFE-002148,7.4,5,7,19.01,0.7084,0.5872,0.301,13.69,2.51,0,0
CAFE-002149,17.0,1,4,14.51,0.3613,0.8287,0.659,10.45,1.36,0,0
CAFE-002150,1.7,3,5,16.92,0.42,0.3193,0.6408,12.18,1.78,1,1
CAFE-002151,31.6,3,4,12.22,0.3293,0.4931,0.5996,8.8,1.05,0,0
CAFE-002152,29.8,3,1,13.19,0.5968,0.7259,0.4272,9.5,1.49,1,0
CAFE-002153,19.6,4,2,11.71,0.504,0.7514,0.2753,8.43,1.26,0,1
CAFE-002154,16.2,1,3,18.34,0.5281,0.3473,0.3425,13.2,2.04,1,0
CAFE-002155,43.9,6,5,15.1,0.6996,0.4118,0.2046,10.87,1.78,0,0
CAFE-002156,28.4,0,5,13.41,0.4533,0.5097,0.2345,9.66,1.33,1,0
CAFE-002157,28.4,1,3,10.02,0.4175,0.802,0.4833,7.21,0.96,0,0
CAFE-002158,59.3,1,6,13.54,0.5194,0.3217,0.4575,9.75,1.28,0,0
CAFE-002159,8.7,4,8,14.43,0.731,0.6044,0.413,10.39,1.93,1,1
CAFE-002160,41.0,3,11,22.02,0.8633,0.4319,0.4074,15.85,2.99,0,0
CAFE-002161,9.7,3,4,10.2,0.3317,0.5277,0.7517,7.34,0.96,0,0
CAFE-002162,13.7,5,9,20.26,0.9358,0.2732,0.4133,14.59,3.09,0,0
CAFE-002163,68.9,1,4,14.19,0.6612,0.6273,0.3098,10.22,1.49,1,0
CAFE-002164,35.9,2,6,15.3,0.3595,0.5547,0.6999,11.02,1.33,1,1
CAFE-002165,16.9,6,3,14.29,0.5134,0.6042,0.1708,10.29,1.56,0,0
CAFE-002166,38.4,0,3,16.39,0.2433,0.3224,0.6434,11.8,1.22,1,0
CAFE-002167,37.3,6,3,17.04,0.4524,0.2787,0.4211,12.27,1.63,0,0
CAFE-002168,19.0,7,7,19.53,0.7353,0.4226,0.4569,14.06,2.55,0,0
CAFE-002169,15.4,4,6,16.29,0.8186,0.6703,0.2665,11.73,2.29,1,1
CAFE-002170,14.6,1,3,12.61,0.2181,0.8643,0.6441,9.08,1.02,0,0
CAFE-002171,24.6,0,3,12.76,0.1768,0.5027,0.2663,9.19,0.93,1,0
CAFE-002172,26.4,5,6,7.24,0.467,0.0995,0.3651,5.21,0.73,0,0
CAFE-002173,16.9,5,1,13.3,0.4654,0.408,0.2907,9.58,1.39,0,0
CAFE-002174,12.6,4,8,17.53,0.7021,0.8433,0.6576,12.62,2.27,0,1
CAFE-002175,21.8,3,4,11.02,0.1712,0.5001,0.7822,7.93,0.81,0,0
CAFE-002176,29.0,2,4,17.9,0.6194,0.4823,0.6201,12.89,2.07,0,0
CAFE-002177,9.2,3,5,17.8,0.7987,0.3416,0.4148,12.82,2.5,0,0
CAFE-002178,9.2,7,6,17.08,0.9464,0.2162,0.6398,12.3,2.65,0,1
CAFE-002179,18.8,3,4,14.84,0.67,0.1086,0.8165,10.68,1.84,1,1
CAFE-002180,27.3,0,3,7.95,0.2538,0.2692,0.4606,5.72,0.63,0,0
CAFE-002181,71.7,3,6,9.56,0.3835,0.7605,0.5109,6.88,0.73,0,0
CAFE-002182,23.1,1,1,12.94,0.3452,0.8536,0.3646,9.32,1.17,1,0
CAFE-002183,20.6,6,7,18.16,0.5522,0.4175,0.4526,13.08,2.03,0,0
CAFE-002184,12.7,4,2,16.59,0.9011,0.2628,0.4388,11.94,2.48,0,0
CAFE-002185,7.5,0,2,11.9,0.3849,0.5772,0.6173,8.57,1.19,0,0
CAFE-002186,75.8,1,3,12.21,0.4725,0.3183,0.6675,8.79,1.03,1,0
CAFE-002187,11.1,1,3,9.33,0.0309,0.7849,0.5585,6.72,0.59,0,0
CAFE-002188,20.6,2,2,10.62,0.241,0.6542,0.4,7.65,0.86,0,0
CAFE-002189,28.9,4,5,13.47,0.3647,0.1441,0.2484,9.7,1.21,0,0
CAFE-002190,15.0,4,2,15.85,0.7583,0.6534,0.604,11.41,2.13,0,0
CAFE-002191,5.9,7,7,18.56,0.7198,0.4132,0.4349,13.36,2.48,0,1
CAFE-002192,61.1,7,5,16.08,0.7936,0.4614,0.3867,11.58,1.95,0,0
CAFE-002193,35.0,0,2,11.96,0.3232,0.2731,0.7362,8.61,1.0,0,0
CAFE-002194,38.1,5,5,18.16,0.7003,0.2781,0.3204,13.08,2.18,0,1
CAFE-002195,22.7,1,5,18.02,0.6164,0.6318,0.3332,12.97,2.12,1,0
CAFE-002196,16.4,3,6,20.12,0.6189,0.4549,0.6869,14.49,2.41,0,1
CAFE-002197,16.0,4,4,12.73,0.2045,0.8735,0.6978,9.17,1.0,1,1
CAFE-002198,64.4,2,5,16.51,0.6614,0.5326,0.5342,11.89,1.77,0,0
CAFE-002199,17.5,2,9,20.98,0.9357,0.159,0.6385,15.11,3.17,0,0
CAFE-002200,47.2,2,3,15.08,0.3571,0.7848,0.7484,10.86,1.25,0,0
CAFE-002201,14.0,1,3,7.21,0.2099,0.7477,0.5525,5.19,0.58,0,0
CAFE-002202,10.8,2,11,21.39,0.9778,0.4664,0.444,15.4,3.38,1,1
CAFE-002203,12.6,1,12,19.63,0.6669,0.4525,0.9123,14.13,2.48,1,0
CAFE-002204,46.1,3,7,17.4,0.7442,0.4663,0.405,12.53,2.12,0,1
CAFE-002205,33.1,3,7,19.91,0.8613,0.3111,0.255,14.34,2.75,0,0
CAFE-002206,11.6,8,8,18.81,0.8154,0.4987,0.3574,13.54,2.66,1,1
CAFE-002207,72.1,0,4,13.64,0.3711,0.3449,0.4037,9.82,1.03,1,0
CAFE-002208,7.3,1,1,11.53,0.2229,0.6579,0.7568,8.3,0.96,0,0
CAFE-002209,19.5,4,1,16.04,0.8056,0.5265,0.6643,11.55,2.21,0,0
CAFE-002210,7.4,0,5,16.3,0.4032,0.4215,0.5746,11.74,1.66,0,0
CAFE-002211,20.9,0,2,11.32,0.2765,0.3927,0.5803,8.15,0.95,1,0
CAFE-002212,22.5,6,6,15.76,0.8404,0.613,0.6745,11.35,2.21,1,1
CAFE-002213,28.7,1,4,11.48,0.2985,0.6975,0.4243,8.27,0.96,0,0
CAFE-002214,0.5,2,6,11.47,0.4361,0.401,0.2771,8.26,1.23,1,0
CAFE-002215,10.4,3,7,24.03,0.845,0.3575,0.5365,17.3,3.48,0,0
CAFE-002216,20.9,0,1,8.41,0.1554,0.8644,0.0448,6.06,0.61,1,0
CAFE-002217,26.4,3,11,19.45,0.9185,0.4618,0.4734,14.0,2.85,1,1
CAFE-002218,10.4,2,4,11.98,0.1568,0.5126,0.6876,8.63,0.91,0,0
CAFE-002219,50.6,1,6,8.69,0.4024,0.3847,0.4491,6.26,0.75,1,1
CAFE-002220,42.4,2,3,10.61,0.221,0.7193,0.5492,7.64,0.75,1,1
CAFE-002221,8.0,1,7,12.07,0.4604,0.664,0.6286,8.69,1.29,0,0
CAFE-002222,7.9,1,5,17.49,0.5808,0.668,0.5249,12.59,2.09,0,0
CAFE-002223,32.9,3,1,12.88,0.2902,0.6661,0.3171,9.27,1.05,0,0
CAFE-002224,49.1,2,1,11.96,0.4756,0.7905,0.7366,8.61,1.12,0,1
CAFE-002225,47.4,0,1,11.1,0.301,0.5639,0.805,7.99,0.86,0,0
CAFE-002226,30.6,3,4,16.94,0.4945,0.2864,0.3038,12.2,1.74,0,0
CAFE-002227,33.3,4,1,14.64,0.2788,0.2798,0.3641,10.54,1.17,0,0
CAFE-002228,11.6,1,9,11.27,0.5344,0.3664,0.6809,8.11,1.28,0,1
CAFE-002229,15.9,1,2,13.02,0.2793,0.7361,0.3559,9.37,1.12,0,0
CAFE-002230,16.3,1,5,16.97,0.536,0.5614,0.8109,12.22,1.9,0,0
CAFE-002231,66.4,0,3,7.92,0.2427,0.8812,0.3674,5.7,0.51,0,0
CAFE-002232,8.3,1,5,15.24,0.3991,0.6817,0.5085,10.97,1.54,0,0
CAFE-002233,98.3,1,8,16.16,0.5977,0.6715,0.7098,11.64,1.43,0,0
CAFE-002234,54.7,2,3,12.54,0.2916,0.654,0.5431,9.03,0.92,0,0
CAFE-002235,82.7,0,3,10.2,0.0955,0.7904,0.3585,7.34,0.45,0,0
CAFE-002236,27.5,1,2,10.06,0.0836,0.2829,0.7532,7.24,0.63,0,0
CAFE-002237,10.7,1,4,15.45,0.6186,0.871,0.7036,11.12,1.89,0,1
CAFE-002238,10.6,1,6,23.8,0.7268,0.245,0.5494,17.14,3.16,0,1
CAFE-002239,21.8,8,8,16.48,0.8548,0.6336,0.6795,11.87,2.33,1,0
CAFE-002240,23.9,2,3,18.96,0.7183,0.5278,0.1384,13.65,2.41,0,1
CAFE-002241,12.7,1,2,10.72,0.4583,0.71,0.7746,7.72,1.13,0,0
CAFE-002242,79.1,0,0,6.48,0.0222,0.4107,0.3933,4.67,0.26,1,0
CAFE-002243,13.7,0,0,12.49,0.2417,0.4215,0.674,8.99,1.04,0,0
CAFE-002244,28.5,5,7,17.44,0.5822,0.411,0.8823,12.56,1.95,0,0
CAFE-002245,17.1,1,5,12.55,0.286,0.4597,0.6973,9.04,1.08,0,0
CAFE-002246,19.6,3,6,13.06,0.6164,0.7244,0.6999,9.4,1.55,0,0
CAFE-002247,10.2,3,3,15.26,0.5869,0.1706,0.4468,10.99,1.82,0,1
CAFE-002248,28.5,2,8,18.63,0.6153,0.2053,0.7064,13.41,2.15,0,0
CAFE-002249,27.9,2,6,13.69,0.4268,0.4829,0.5328,9.86,1.32,0,0
CAFE-002250,45.5,5,8,20.91,0.8262,0.3197,0.6313,15.06,2.72,0,1
CAFE-002251,54.9,2,2,13.48,0.398,0.7711,0.267,9.71,1.13,0,0
CAFE-002252,19.2,4,3,18.12,0.8359,0.3262,0.7787,13.05,2.55,1,1
CAFE-002253,21.6,1,1,11.71,0.269,0.6417,0.3776,8.43,0.97,1,1
CAFE-002254,32.2,2,4,13.62,0.8009,0.6685,0.3647,9.81,1.8,0,0
CAFE-002255,8.2,2,10,9.2,0.5961,0.5509,0.8092,6.62,1.11,1,1
CAFE-002256,31.8,4,3,11.84,0.2597,0.811,0.4956,8.52,0.93,0,0
CAFE-002257,42.0,3,1,8.46,0.1158,0.5593,0.463,6.09,0.51,0,1
CAFE-002258,14.2,4,5,17.69,0.7185,0.7249,0.6546,12.74,2.31,1,0
CAFE-002259,9.2,4,3,13.44,0.4036,0.6762,0.2225,9.68,1.36,1,0
CAFE-002260,31.8,1,5,12.18,0.4368,0.8214,0.618,8.77,1.17,0,0
CAFE-002261,45.3,4,7,17.96,0.5729,0.3097,0.6815,12.93,1.89,0,1
CAFE-002262,22.5,1,1,13.44,0.4064,0.8792,0.3941,9.68,1.3,0,0
CAFE-002263,31.2,3,5,16.86,0.781,0.1871,0.4885,12.14,2.21,0,1
CAFE-002264,3.9,1,5,12.83,0.5698,0.6638,0.2247,9.24,1.53,0,0
CAFE-002265,11.0,2,6,14.66,0.8429,0.2619,0.5048,10.56,2.12,0,1
CAFE-002266,30.8,1,4,10.84,0.2813,0.6072,0.5811,7.8,0.88,1,1
CAFE-002267,13.3,4,9,18.35,0.4611,0.5051,0.7422,13.21,1.93,1,0
CAFE-002268,9.7,4,1,14.27,0.4492,0.4612,0.6612,10.27,1.5,1,0
CAFE-002269,33.7,1,2,9.41,0.2046,0.8586,0.0422,6.78,0.68,0,0
CAFE-002270,43.9,5,3,15.76,0.8286,0.688,0.7554,11.35,2.07,0,0
CAFE-002271,6.3,1,2,14.7,0.5344,0.1781,0.7606,10.58,1.69,0,0
CAFE-002272,55.0,3,7,14.07,0.3611,0.4609,0.4037,10.13,1.13,0,0
CAFE-002273,36.6,2,2,11.31,0.2674,0.5033,0.2372,8.14,0.88,1,0
CAFE-002274,20.3,1,3,11.6,0.5153,0.4384,0.2346,8.35,1.26,1,1
CAFE-002275,56.0,0,1,6.2,0.0865,0.4642,0.6599,4.46,0.33,0,0
CAFE-002276,36.2,2,6,12.47,0.4856,0.8355,0.5805,8.98,1.24,0,0
CAFE-002277,77.8,2,2,11.66,0.2979,0.5799,0.3705,8.4,0.77,1,0
CAFE-002278,25.5,0,4,11.95,0.4177,0.7372,0.1625,8.6,1.15,0,0
CAFE-002279,32.7,1,2,12.85,0.305,0.3741,0.7441,9.25,1.06,0,0
CAFE-002280,18.1,3,7,21.27,0.7623,0.095,0.239,15.31,2.84,1,1
CAFE-002281,15.0,1,6,15.28,0.6777,0.7393,0.7508,11.0,1.93,0,0
CAFE-002282,4.4,6,13,19.01,0.6969,0.6761,0.1622,13.69,2.51,0,1
CAFE-002283,15.3,0,9,13.48,0.3872,0.6806,0.8129,9.71,1.31,0,0
CAFE-002284,28.0,2,6,11.45,0.5461,0.5275,0.3402,8.24,1.24,0,0
CAFE-002285,44.7,0,2,11.63,0.221,0.7861,0.4904,8.37,0.81,0,0
CAFE-002286,31.4,7,3,14.4,0.4763,0.7122,0.26,10.37,1.44,0,0
CAFE-002287,7.5,5,8,17.61,0.9437,0.5053,0.2883,12.68,2.74,0,1
CAFE-002288,11.3,4,3,14.46,0.5891,0.3654,0.7028,10.41,1.72,0,1
CAFE-002289,11.6,5,10,18.04,0.889,0.2169,0.5931,12.99,2.68,1,0
CAFE-002290,45.0,1,1,7.42,0.1377,0.3937,0.3324,5.34,0.46,1,0
CAFE-002291,53.1,2,5,13.82,0.2929,0.2479,0.4513,9.95,1.03,1,0
CAFE-002292,10.1,4,5,15.79,0.5822,0.2758,0.6033,11.37,1.87,0,0
CAFE-002293,17.5,4,3,15.2,0.3985,0.4117,0.6273,10.94,1.48,0,1
CAFE-002294,21.9,4,4,15.59,0.7944,0.3884,0.735,11.22,2.11,0,0
CAFE-002295,20.3,6,6,13.63,0.7115,0.5273,0.6062,9.81,1.74,1,0
CAFE-002296,15.0,2,7,19.04,0.5497,0.6841,0.4093,13.71,2.16,0,1
CAFE-002297,34.9,3,4,18.94,0.4248,0.9089,0.4126,13.64,1.78,0,0
CAFE-002298,22.3,1,4,10.24,0.4034,0.2822,0.2132,7.37,0.99,1,1
CAFE-002299,11.3,1,5,12.39,0.4491,0.3608,0.5561,8.92,1.3,0,0
CAFE-002300,7.8,2,3,21.0,0.7383,0.3504,0.5137,15.12,2.84,0,0
CAFE-002301,31.8,1,1,8.26,0.1387,0.3438,0.2539,5.95,0.55,1,0
CAFE-002302,51.0,1,5,11.32,0.3073,0.6152,0.4831,8.15,0.86,1,0
CAFE-002303,39.1,0,2,8.7,0.174,0.5266,0.4401,6.26,0.59,0,0
CAFE-002304,7.6,2,2,8.36,0.3777,0.499,0.1953,6.02,0.83,0,0
CAFE-002305,49.8,1,4,13.57,0.2484,0.7836,0.4337,9.77,0.96,0,0
CAFE-002306,17.6,4,4,14.13,0.5598,0.5259,0.8977,10.17,1.61,0,0
CAFE-002307,25.8,0,3,13.19,0.4163,0.42,0.3018,9.5,1.27,1,0
CAFE-002308,30.6,1,3,14.95,0.3646,0.5286,0.2799,10.76,1.34,0,0
CAFE-002309,51.2,1,5,15.01,0.6809,0.1278,0.4891,10.81,1.71,0,0
CAFE-002310,19.5,3,5,14.8,0.7614,0.3124,0.3416,10.66,1.97,0,0
CAFE-002311,23.9,1,1,13.55,0.4901,0.6333,0.5552,9.76,1.41,0,1
CAFE-002312,107.9,0,3,9.94,0.158,0.3181,0.2524,7.16,0.41,1,0
CAFE-002313,23.8,3,6,16.75,0.5943,0.068,0.2384,12.06,1.92,0,0
CAFE-002314,34.1,1,5,13.02,0.3499,0.3081,0.4604,9.37,1.13,0,0
CAFE-002315,15.8,3,4,12.99,0.566,0.4621,0.6474,9.35,1.49,0,0
CAFE-002316,14.0,0,7,6.31,0.4159,0.2265,0.529,4.54,0.63,1,0
CAFE-002317,43.0,1,4,14.34,0.448,0.7139,0.8132,10.32,1.34,0,0
CAFE-002318,36.9,8,6,18.82,0.8385,0.6735,0.4461,13.55,2.53,1,0
CAFE-002319,45.0,2,0,12.81,0.2029,0.5044,0.6177,9.22,0.87,0,0
CAFE-002320,10.1,2,5,12.06,0.5608,0.6854,0.6661,8.68,1.4,1,0
CAFE-002321,36.6,3,2,13.77,0.459,0.556,0.5667,9.91,1.33,0,0
CAFE-002322,44.3,3,3,6.27,0.2627,0.5779,0.5362,4.51,0.47,0,1
CAFE-002323,30.8,3,5,17.56,0.5508,0.4904,0.4639,12.64,1.9,0,0
CAFE-002324,28.0,0,2,13.07,0.4276,0.6143,0.264,9.41,1.26,0,0
CAFE-002325,11.7,1,6,17.0,0.6534,0.6967,0.2498,12.24,2.13,1,1
CAFE-002326,22.3,1,7,18.27,0.5725,0.3624,0.643,13.15,2.07,1,0
CAFE-002327,22.9,3,7,17.71,0.7193,0.6218,0.7845,12.75,2.26,0,0
CAFE-002328,26.1,4,3,12.15,0.5485,0.3527,0.4501,8.75,1.33,0,0
CAFE-002329,30.9,2,12,17.13,0.7655,0.5332,0.6977,12.33,2.22,1,0
CAFE-002330,54.0,2,5,14.85,0.526,0.5507,0.2694,10.69,1.44,0,0
CAFE-002331,29.6,1,2,12.3,0.4587,0.7907,0.5629,8.86,1.22,0,0
CAFE-002332,18.9,2,5,17.41,0.6292,0.4908,0.4206,12.54,2.09,0,0
CAFE-002333,9.6,3,6,17.99,0.4751,0.3372,0.5124,12.95,1.94,0,0
CAFE-002334,45.9,1,2,12.91,0.421,0.2887,0.3364,9.3,1.16,0,0
CAFE-002335,25.4,3,2,10.7,0.4036,0.5459,0.2803,7.7,1.02,0,0
CAFE-002336,13.2,0,4,18.63,0.7229,0.7285,0.608,13.41,2.45,0,0
CAFE-002337,51.0,4,7,13.39,0.7436,0.7291,0.4568,9.64,1.61,0,0
CAFE-002338,12.7,1,5,13.37,0.3737,0.258,0.3769,9.63,1.29,1,0
CAFE-002339,5.6,6,8,19.31,0.92,0.5387,0.4316,13.9,2.97,1,1
CAFE-002340,7.6,1,5,12.78,0.5433,0.7563,0.1992,9.2,1.48,0,0
CAFE-002341,15.0,2,11,20.87,0.8693,0.6158,0.6456,15.03,3.04,0,0
CAFE-002342,27.8,1,1,12.18,0.3634,0.5585,0.3811,8.77,1.1,1,0
CAFE-002343,13.4,5,5,12.48,0.6143,0.6094,0.8657,8.99,1.51,0,1
CAFE-002344,56.2,0,5,12.32,0.3395,0.505,0.8293,8.87,0.96,1,0
CAFE-002345,28.4,6,6,23.37,0.7894,0.1262,0.4049,16.83,3.1,1,1
CAFE-002346,24.8,4,4,14.13,0.4591,0.8059,0.3819,10.17,1.43,0,1
CAFE-002347,10.3,2,3,13.61,0.493,0.4531,0.4533,9.8,1.49,0,0
CAFE-002348,24.7,3,4,13.09,0.4131,0.3606,0.4391,9.42,1.26,1,0
CAFE-002349,37.1,4,5,13.63,0.5061,0.5554,0.3749,9.81,1.38,1,1
CAFE-002350,20.9,2,5,17.69,0.7213,0.4698,0.5667,12.74,2.28,0,0
CAFE-002351,5.3,4,6,15.28,0.4047,0.566,0.628,11.0,1.57,0,0
CAFE-002352,19.0,3,7,17.66,0.6065,0.5112,0.5777,12.72,2.08,0,0
CAFE-002353,34.0,1,8,8.82,0.37,0.644,0.2644,6.35,0.78,0,1
CAFE-002354,7.6,4,4,7.27,0.3071,0.7037,0.8596,5.23,0.67,0,0
CAFE-002355,3.4,3,10,20.5,0.9294,0.4935,0.6974,14.76,3.19,0,0
CAFE-002356,10.3,1,4,8.08,0.3783,0.4665,0.599,5.82,0.79,0,1
CAFE-002357,9.2,1,12,16.64,0.743,0.4372,0.479,11.98,2.25,0,0
CAFE-002358,46.6,1,1,11.54,0.3242,0.5503,0.3788,8.31,0.92,0,0
CAFE-002359,19.2,0,2,15.82,0.3845,0.1666,0.6153,11.39,1.51,0,0
CAFE-002360,28.8,3,5,18.96,0.791,0.1031,0.5221,13.65,2.52,0,0
CAFE-002361,6.6,3,1,7.58,0.2927,0.5386,0.4035,5.46,0.69,1,1
CAFE-002362,18.1,3,4,11.97,0.4252,0.3099,0.6203,8.62,1.2,0,0
CAFE-002363,30.0,1,3,13.72,0.4664,0.334,0.1883,9.88,1.37,1,0
CAFE-002364,21.8,3,3,13.75,0.6389,0.8387,0.7523,9.9,1.65,0,0
CAFE-002365,3.3,5,1,8.32,0.3154,0.2268,0.1179,5.99,0.79,0,0
CAFE-002366,44.7,2,5,14.52,0.3668,0.5594,0.4038,10.45,1.23,0,1
CAFE-002367,39.9,4,9,13.46,0.6262,0.1753,0.3031,9.69,1.51,0,0
CAFE-002368,98.5,2,2,12.03,0.3479,0.7396,0.3016,8.66,0.76,0,0
CAFE-002369,20.4,3,4,17.64,0.7607,0.6195,0.628,12.7,2.34,0,0
CAFE-002370,12.1,1,5,15.09,0.6054,0.4336,0.1893,10.86,1.81,0,0
CAFE-002371,98.4,0,2,12.85,0.0491,0.7491,0.3754,9.25,0.51,1,0
CAFE-002372,12.5,3,1,14.31,0.563,0.2787,0.2176,10.3,1.66,0,0
CAFE-002373,21.3,4,8,15.54,0.5374,0.302,0.2245,11.19,1.71,1,0
CAFE-002374,5.8,5,5,17.52,0.9184,0.7216,0.6951,12.61,2.69,0,1
CAFE-002375,28.5,1,1,8.83,0.2645,0.3961,0.6397,6.36,0.71,0,0
CAFE-002376,1.5,2,2,14.54,0.3378,0.1095,0.3982,10.47,1.41,0,1
CAFE-002377,16.8,2,8,22.87,0.9676,0.1914,0.7494,16.47,3.54,0,0
CAFE-002378,28.9,3,7,11.83,0.4931,0.4018,0.3555,8.52,1.22,0,0
CAFE-002379,9.2,3,5,20.39,0.7394,0.6664,0.5438,14.68,2.75,0,0
CAFE-002380,18.5,4,6,20.42,0.8863,0.3197,0.7693,14.7,2.98,0,1
CAFE-002381,15.5,1,1,11.07,0.3236,0.483,0.244,7.97,1.0,0,0
CAFE-002382,18.2,6,6,18.34,0.5455,0.2763,0.5897,13.2,2.05,1,1
CAFE-002383,20.0,2,8,18.02,0.6616,0.4668,0.5958,12.97,2.22,1,1
CAFE-002384,13.9,5,7,13.62,0.558,0.5277,0.7861,9.81,1.56,1,1
CAFE-002385,1.0,3,6,17.46,0.7443,0.2975,0.4428,12.57,2.41,1,0
CAFE-002386,41.3,4,7,15.37,0.5391,0.8734,0.3034,11.07,1.58,0,0
CAFE-002387,19.8,3,6,24.94,0.8197,0.3905,0.6931,17.96,3.46,0,0
CAFE-002388,13.0,3,2,19.64,0.6169,0.4125,0.2482,14.14,2.38,0,0
CAFE-002389,32.0,4,2,14.89,0.4816,0.5517,0.7135,10.72,1.5,1,0
CAFE-002390,41.1,2,4,12.72,0.3804,0.3133,0.283,9.16,1.11,0,0
CAFE-002391,25.3,1,4,13.02,0.4663,0.6279,0.7242,9.37,1.32,0,0
CAFE-002392,8.0,0,4,11.67,0.5117,0.578,0.374,8.4,1.31,0,0
CAFE-002393,27.4,5,3,16.31,0.4799,0.3521,0.778,11.74,1.67,1,1
CAFE-002394,3.6,3,4,10.85,0.6425,0.4975,0.4291,7.81,1.38,0,0
CAFE-002395,25.6,2,2,13.15,0.5393,0.1744,0.3965,9.47,1.43,1,0
CAFE-002396,37.4,1,3,10.1,0.5294,0.6916,0.629,7.27,1.05,0,0
CAFE-002397,42.4,2,3,11.94,0.3377,0.8096,0.427,8.6,0.99,0,0
CAFE-002398,7.4,2,4,17.98,0.5758,0.6562,0.8033,12.95,2.14,0,1
CAFE-002399,8.0,4,9,16.35,0.8172,0.3362,0.8502,11.77,2.34,0,1
CAFE-002400,4.2,1,4,16.83,0.5853,0.5149,0.7271,12.12,2.04,0,0
CAFE-002401,24.4,2,5,19.21,0.7164,0.4412,0.6943,13.83,2.44,0,0
CAFE-002402,25.6,1,14,22.73,0.4994,0.2533,0.7551,16.37,2.38,0,0
CAFE-002403,19.2,2,4,20.19,0.6912,0.8007,0.5314,14.54,2.55,1,1
CAFE-002404,21.3,1,6,13.73,0.3778,0.8353,0.3469,9.89,1.29,0,0
CAFE-002405,29.8,3,8,16.81,0.4977,0.7252,0.5739,12.1,1.73,0,1
CAFE-002406,20.3,0,2,8.6,0.0403,0.6106,0.4613,6.19,0.52,0,0
CAFE-002407,64.8,2,3,8.01,0.3017,0.7518,0.7621,5.77,0.57,0,0
CAFE-002408,31.3,4,3,16.18,0.7406,0.1988,0.7415,11.65,2.05,0,0
CAFE-002409,43.2,7,10,20.05,0.9306,0.4333,0.806,14.44,2.84,0,0
CAFE-002410,4.5,2,6,17.74,0.5402,0.4428,0.3602,12.77,2.06,0,0
CAFE-002411,7.5,1,7,12.93,0.4327,0.7435,0.4179,9.31,1.35,0,0
CAFE-002412,24.6,2,3,11.72,0.5583,0.5314,0.3375,8.44,1.3,0,1
CAFE-002413,7.2,2,3,16.69,0.4734,0.3124,0.3883,12.02,1.82,1,0
CAFE-002414,15.5,1,8,10.4,0.5571,0.4596,0.4396,7.49,1.19,1,1
CAFE-002415,52.0,4,5,17.72,0.7,0.7567,0.8037,12.76,2.04,0,1
CAFE-002416,81.9,2,4,22.4,0.6779,0.2489,0.3793,16.13,2.29,1,0
CAFE-002417,19.3,6,6,16.08,0.704,0.196,0.2849,11.58,2.05,0,1
CAFE-002418,16.1,4,2,22.31,0.922,0.1039,0.5121,16.06,3.36,1,0
CAFE-002419,62.8,1,2,14.36,0.374,0.8489,0.4481,10.34,1.13,0,0
CAFE-002420,22.8,4,5,13.57,0.536,0.2265,0.2319,9.77,1.48,1,0
CAFE-002421,14.6,1,6,13.65,0.3034,0.5906,0.6149,9.83,1.22,0,0
CAFE-002422,32.7,4,3,16.39,0.496,0.6152,0.7124,11.8,1.67,0,1
CAFE-002423,26.8,1,2,16.36,0.4105,0.4407,0.4953,11.78,1.56,0,0
CAFE-002424,25.2,1,0,12.4,0.2958,0.3867,0.4986,8.93,1.05,0,0
CAFE-002425,26.5,3,3,18.81,0.645,0.2722,0.7303,13.54,2.24,0,0
CAFE-002426,16.8,1,4,14.5,0.5105,0.5451,0.3882,10.44,1.58,0,1
CAFE-002427,22.8,5,8,19.08,0.9947,0.3624,0.7871,13.74,2.96,1,1
CAFE-002428,10.0,3,3,20.5,0.8768,0.5325,0.8344,14.76,3.04,0,0
CAFE-002429,56.9,1,3,14.82,0.3139,0.5295,0.5639,10.67,1.11,0,0
CAFE-002430,15.3,2,9,16.73,0.6213,0.0775,0.5291,12.05,2.02,0,0
CAFE-002431,32.4,0,5,10.43,0.4596,0.5461,0.7093,7.51,1.03,0,0
CAFE-002432,99.8,3,3,10.55,0.1835,0.8308,0.6591,7.6,0.49,0,0
CAFE-002433,64.5,0,2,14.33,0.3714,0.2047,0.6588,10.32,1.12,0,0
CAFE-002434,43.5,4,3,13.82,0.4597,0.5866,0.2972,9.95,1.3,1,0
CAFE-002435,5.3,3,5,22.05,0.9216,0.1937,0.3998,15.88,3.4,0,1
CAFE-002436,39.1,4,3,15.95,0.4874,0.5772,0.3815,11.48,1.57,0,0
CAFE-002437,31.6,0,3,18.55,0.5749,0.179,0.1576,13.36,2.04,0,0
CAFE-002438,11.9,2,2,11.34,0.4268,0.2199,0.632,8.16,1.16,1,0
CAFE-002439,6.8,3,10,18.38,0.9142,0.6653,0.4104,13.23,2.81,1,1
CAFE-002440,59.3,1,3,11.95,0.2067,0.8628,0.7286,8.6,0.76,1,1
CAFE-002441,1.7,2,1,18.38,0.6056,0.3999,0.6316,13.23,2.28,0,0
CAFE-002442,18.8,2,4,19.17,0.6117,0.7736,0.5632,13.8,2.27,0,0
CAFE-002443,38.3,4,5,8.94,0.5686,0.4442,0.3658,6.44,0.96,1,1
CAFE-002444,7.9,0,3,14.32,0.315,0.8417,0.7291,10.31,1.33,0,0
CAFE-002445,17.7,2,10,19.54,0.7887,0.5775,0.4848,14.07,2.67,0,0
CAFE-002446,31.8,3,5,14.56,0.3579,0.4238,0.6846,10.48,1.29,0,0
CAFE-002447,1.7,0,2,12.8,0.385,0.1825,0.6892,9.22,1.3,0,0
CAFE-002448,2.6,2,4,19.03,0.6824,0.3895,0.6993,13.7,2.5,1,0
CAFE-002449,53.3,5,5,16.1,0.5881,0.3049,0.4886,11.59,1.67,0,0
CAFE-002450,20.8,1,7,14.58,0.6858,0.766,0.758,10.5,1.82,0,1
CAFE-002451,10.8,1,7,10.13,0.5667,0.6814,0.6568,7.29,1.18,1,0
CAFE-002452,10.1,0,0,5.0,0.1077,0.6567,0.4741,3.6,0.36,1,0
CAFE-002453,49.6,2,4,14.02,0.3414,0.614,0.2497,10.09,1.13,0,0
CAFE-002454,3.0,2,0,8.53,0.2491,0.8368,0.5442,6.14,0.75,0,0
CAFE-002455,18.5,5,13,19.99,0.8317,0.3002,0.4899,14.39,2.81,1,1
CAFE-002456,11.5,1,1,8.66,0.0486,0.489,0.6325,6.24,0.56,0,0
CAFE-002457,43.3,3,4,15.67,0.6123,0.3876,0.1541,11.28,1.72,0,0
CAFE-002458,13.5,0,0,8.21,0.0934,0.3084,0.6322,5.91,0.56,0,0
CAFE-002459,30.4,2,4,14.31,0.331,0.3509,0.2248,10.3,1.23,0,0
CAFE-002460,27.2,4,4,5.24,0.2573,0.5461,0.5867,3.77,0.42,0,0
CAFE-002461,47.6,1,11,19.06,0.6322,0.3589,0.7772,13.72,2.1,1,1
CAFE-002462,21.3,2,5,14.43,0.5059,0.0895,0.7712,10.39,1.54,0,0
CAFE-002463,26.2,6,5,22.46,0.8464,0.5462,0.8674,16.17,3.13,0,0
CAFE-002464,24.6,3,7,12.0,0.3441,0.3984,0.7637,8.64,1.07,1,0
CAFE-002465,10.6,3,4,16.09,0.4929,0.6694,0.4901,11.58,1.76,0,0
CAFE-002466,37.1,5,2,10.24,0.2675,0.5483,0.4798,7.37,0.79,0,1
CAFE-002467,31.8,4,9,20.05,0.8892,0.0489,0.9324,14.44,2.84,1,0
CAFE-002468,13.9,4,5,16.45,0.727,0.6699,0.6575,11.84,2.17,1,1
CAFE-002469,29.5,1,7,23.6,0.8364,0.4715,0.6238,16.99,3.23,0,0
CAFE-002470,9.7,2,5,8.9,0.4353,0.414,0.5294,6.41,0.93,0,0
CAFE-002471,28.2,1,5,12.96,0.5592,0.5103,0.1614,9.33,1.42,0,0
CAFE-002472,30.0,5,8,15.85,0.853,0.3839,0.8055,11.41,2.2,0,1
CAFE-002473,9.8,2,6,15.34,0.9378,0.5577,0.4042,11.04,2.37,1,0
CAFE-002474,43.6,2,4,16.31,0.7305,0.2602,0.3037,11.74,1.98,1,0
CAFE-002475,24.4,2,14,26.89,0.9881,0.5173,0.7115,19.36,4.14,0,0
CAFE-002476,4.2,2,7,18.18,0.7726,0.6985,0.299,13.09,2.54,1,0
CAFE-002477,58.2,0,4,17.45,0.4136,0.6667,0.4828,12.56,1.47,0,0
CAFE-002478,36.1,2,3,11.28,0.418,0.6356,0.2563,8.12,1.05,0,0
CAFE-002479,26.9,0,2,14.8,0.2707,0.3107,0.4538,10.66,1.2,0,0
CAFE-002480,23.8,0,4,15.04,0.5261,0.8301,0.3002,10.83,1.62,0,0
CAFE-002481,15.9,1,2,14.34,0.5082,0.1137,0.1351,10.32,1.56,0,0
CAFE-002482,3.2,1,3,14.22,0.4635,0.3856,0.6783,10.24,1.55,0,1
CAFE-002483,20.1,2,6,14.79,0.5452,0.2984,0.4857,10.65,1.65,0,1
CAFE-002484,10.9,3,4,22.13,0.5717,0.6864,0.6361,15.93,2.59,0,0
CAFE-002485,29.1,3,8,14.39,0.557,0.6077,0.6027,10.36,1.57,0,0
CAFE-002486,19.4,1,4,12.91,0.3322,0.576,0.7644,9.3,1.16,0,0
CAFE-002487,71.3,7,4,20.75,0.7598,0.176,0.8149,14.94,2.37,0,0
CAFE-002488,81.4,1,4,8.42,0.1414,0.4938,0.2443,6.06,0.41,1,0
CAFE-002489,5.7,5,5,25.19,0.94,0.2385,0.5962,18.14,3.93,1,1
CAFE-002490,10.7,3,7,13.83,0.597,0.2372,0.9011,9.96,1.66,0,0
CAFE-002491,19.2,0,1,15.01,0.3331,0.2555,0.6664,10.81,1.36,0,0
CAFE-002492,7.8,2,3,8.69,0.3328,0.4594,0.2591,6.26,0.82,0,0
CAFE-002493,29.4,3,2,12.42,0.3249,0.2338,0.8048,8.94,1.07,0,0
CAFE-002494,16.1,3,6,19.08,0.623,0.4101,0.3424,13.74,2.3,0,1
CAFE-002495,29.4,3,1,12.49,0.4851,0.2465,0.4683,8.99,1.27,1,0
CAFE-002496,56.1,3,5,14.17,0.6126,0.4364,0.4318,10.2,1.49,0,0
CAFE-002497,19.6,1,1,10.67,0.1763,0.5242,0.4615,7.68,0.8,0,0
CAFE-002498,40.7,8,5,17.57,0.6794,0.4701,0.4867,12.65,2.06,1,1
CAFE-002499,24.4,4,8,13.53,0.81,0.2545,0.7583,9.74,1.84,0,1
CAFE-002500,7.4,5,9,18.23,0.7556,0.7036,0.5901,13.13,2.5,1,1
CAFE-002501,25.8,2,6,18.27,0.8167,0.1808,0.5498,13.15,2.49,0,0
CAFE-002502,34.6,2,2,8.49,0.3096,0.7962,0.6565,6.11,0.7,0,0
CAFE-002503,29.9,2,4,13.89,0.2914,0.2612,0.5046,10.0,1.14,0,0
CAFE-002504,11.7,2,5,14.92,0.812,0.3895,0.5887,10.74,2.1,0,0
CAFE-002505,11.0,3,7,14.86,0.7978,0.4918,0.5482,10.7,2.08,0,0
CAFE-002506,6.9,1,1,6.67,0.072,0.358,0.6128,4.8,0.46,0,1
CAFE-002507,33.3,2,5,20.12,0.5952,0.1891,0.3375,14.49,2.24,0,0
CAFE-002508,4.3,5,14,17.84,0.8832,0.4887,0.2584,12.84,2.69,1,1
CAFE-002509,11.9,3,7,19.08,0.7067,0.6804,0.3188,13.74,2.49,0,1
CAFE-002510,10.9,5,6,20.28,0.6066,0.497,0.3056,14.6,2.45,1,1
CAFE-002511,28.5,2,7,15.47,0.6132,0.5308,0.465,11.14,1.78,0,0
CAFE-002512,43.1,2,7,15.88,0.6439,0.464,0.2398,11.43,1.79,1,0
CAFE-002513,28.2,2,8,15.27,0.6255,0.367,0.5393,10.99,1.78,0,0
CAFE-002514,11.3,0,4,10.12,0.1792,0.8568,0.6727,7.29,0.79,0,0
CAFE-002515,4.5,0,3,10.89,0.4547,0.7446,0.4253,7.84,1.17,1,0
CAFE-002516,15.0,3,4,10.82,0.4856,0.5497,0.4098,7.79,1.16,0,0
CAFE-002517,12.7,1,12,14.88,0.6686,0.5937,0.8667,10.71,1.88,1,0
CAFE-002518,9.1,3,7,18.96,0.8725,0.54,0.4179,13.65,2.81,0,0
CAFE-002519,34.1,1,2,13.83,0.4161,0.5398,0.5837,9.96,1.29,0,0
CAFE-002520,38.7,3,6,16.04,0.7508,0.7595,0.532,11.55,2.01,0,1
CAFE-002521,52.5,2,3,17.91,0.6149,0.4824,0.7701,12.9,1.91,0,1
CAFE-002522,39.6,0,3,14.25,0.427,0.6712,0.3979,10.26,1.32,1,0
CAFE-002523,29.3,2,5,17.42,0.5677,0.6092,0.3656,12.54,1.92,1,1
CAFE-002524,23.8,7,7,14.42,0.7799,0.4951,0.238,10.38,1.92,0,0
CAFE-002525,26.6,5,3,14.28,0.5592,0.2713,0.5782,10.28,1.58,0,0
CAFE-002526,50.7,2,1,17.86,0.6403,0.5074,0.4954,12.86,1.96,0,0
CAFE-002527,13.3,3,8,16.46,0.7893,0.5812,0.7137,11.85,2.27,1,1
CAFE-002528,69.6,0,4,11.4,0.3344,0.5669,0.4641,8.21,0.83,0,0
CAFE-002529,28.6,1,8,15.83,0.5577,0.4695,0.7365,11.4,1.73,1,1
CAFE-002530,11.4,1,4,14.68,0.6764,0.3966,0.2315,10.57,1.87,0,0
CAFE-002531,65.7,1,0,12.02,0.1597,0.5764,0.5127,8.65,0.68,1,0
CAFE-002532,88.4,0,5,10.58,0.2458,0.609,0.5136,7.62,0.6,1,0
CAFE-002533,12.2,3,3,13.09,0.6793,0.1211,0.257,9.42,1.67,0,0
CAFE-002534,18.0,1,0,13.0,0.285,0.7164,0.6232,9.36,1.12,0,0
CAFE-002535,20.3,0,6,19.05,0.7858,0.1425,0.5546,13.72,2.58,1,1
CAFE-002536,41.9,3,5,16.68,0.7252,0.295,0.5636,12.01,2.03,0,1
CAFE-002537,18.4,1,4,10.44,0.2079,0.4559,0.3495,7.52,0.82,0,0
CAFE-002538,36.5,2,3,8.98,0.1351,0.4284,0.1785,6.47,0.58,0,1
CAFE-002539,9.5,1,7,17.75,0.7778,0.2788,0.5572,12.78,2.46,1,0
CAFE-002540,97.1,1,3,12.83,0.1568,0.3174,0.5085,9.24,0.57,0,1
CAFE-002541,2.4,2,7,19.47,0.8413,0.3956,0.3009,14.02,2.87,1,0
CAFE-002542,14.1,6,8,16.21,0.5556,0.839,0.5368,11.67,1.86,0,1
CAFE-002543,19.2,0,5,10.55,0.4395,0.4882,0.6171,7.6,1.07,1,0
CAFE-002544,66.3,2,6,14.08,0.234,0.6555,0.4839,10.14,0.89,0,0
CAFE-002545,5.9,1,6,14.29,0.3714,0.2381,0.268,10.29,1.41,0,1
CAFE-002546,57.3,0,4,8.1,0.2034,0.6604,0.5658,5.83,0.52,0,0
CAFE-002547,13.3,2,11,15.98,0.6851,0.1673,0.5913,11.51,2.04,0,1
CAFE-002548,22.1,4,11,17.49,0.9463,0.4578,0.7221,12.59,2.64,1,1
CAFE-002549,23.6,3,9,10.53,0.3953,0.6101,0.3643,7.58,1.0,1,0
CAFE-002550,16.5,4,2,5.74,0.2983,0.3217,0.6502,4.13,0.5,0,0
CAFE-002551,41.9,0,2,13.74,0.2955,0.4977,0.6974,9.89,1.08,0,0
CAFE-002552,20.3,3,4,10.0,0.2886,0.4228,0.1164,7.2,0.86,0,0
CAFE-002553,37.4,2,2,14.67,0.2775,0.6089,0.5605,10.56,1.15,0,0
CAFE-002554,7.6,1,8,13.64,0.4916,0.4265,0.6292,9.82,1.51,0,0
CAFE-002555,19.1,0,4,10.91,0.2709,0.3099,0.5945,7.86,0.92,0,0
CAFE-002556,12.2,2,12,16.89,0.8341,0.0909,0.3827,12.16,2.42,0,1
CAFE-002557,15.4,3,3,17.29,0.5525,0.2058,0.5015,12.45,1.97,0,1
CAFE-002558,47.5,3,1,9.53,0.2282,0.4737,0.5721,6.86,0.66,0,0
CAFE-002559,10.7,4,5,13.31,0.765,0.6139,0.643,9.58,1.82,0,0
CAFE-002560,25.6,2,3,11.22,0.453,0.5436,0.5219,8.08,1.12,0,0
CAFE-002561,3.8,4,2,15.46,0.6346,0.5293,0.2296,11.13,1.95,1,1
CAFE-002562,52.7,3,4,9.61,0.2656,0.1634,0.5172,6.92,0.69,1,0
CAFE-002563,32.0,1,1,12.79,0.3098,0.6027,0.4624,9.21,1.07,0,0
CAFE-002564,8.5,3,2,13.65,0.7427,0.1126,0.5045,9.83,1.85,0,1
CAFE-002565,13.1,3,8,14.4,0.5501,0.3823,0.5906,10.37,1.65,1,0
CAFE-002566,29.6,1,3,8.83,0.1721,0.5039,0.6531,6.36,0.62,0,0
CAFE-002567,34.4,2,7,19.52,0.6445,0.6019,0.1976,14.05,2.27,1,0
CAFE-002568,32.7,2,7,15.25,0.4818,0.7371,0.2427,10.98,1.53,0,0
CAFE-002569,26.6,7,11,18.36,0.831,0.5558,0.6488,13.22,2.52,0,1
CAFE-002570,6.7,1,4,15.49,0.7051,0.3274,0.4002,11.15,2.05,0,0
CAFE-002571,2.1,1,4,15.76,0.6942,0.8481,0.872,11.35,2.09,0,0
CAFE-002572,3.8,1,3,14.7,0.3679,0.7055,0.6874,10.58,1.46,1,1
CAFE-002573,13.9,5,14,17.69,0.7758,0.2146,0.4346,12.74,2.42,0,1
CAFE-002574,71.6,0,2,12.41,0.1381,0.2545,0.6356,8.94,0.65,0,0
CAFE-002575,22.9,2,5,18.67,0.7743,0.3985,0.4819,13.44,2.49,0,0
CAFE-002576,19.8,1,2,12.33,0.2504,0.7788,0.5747,8.88,1.01,0,0
CAFE-002577,21.8,1,5,13.64,0.6334,0.2573,0.484,9.82,1.63,1,0
CAFE-002578,13.8,2,3,9.89,0.2914,0.5431,0.3701,7.12,0.87,0,0
CAFE-002579,14.5,3,5,20.45,0.8459,0.6086,0.5491,14.72,2.93,0,0
CAFE-002580,49.7,2,6,18.07,0.7669,0.6396,0.2283,13.01,2.22,0,0
CAFE-002581,12.8,3,3,22.16,0.9065,0.7089,0.7062,15.96,3.32,1,0
CAFE-002582,4.5,3,4,15.53,0.8395,0.41,0.4626,11.18,2.27,0,0
CAFE-002583,16.5,1,2,13.57,0.1761,0.9696,0.6978,9.77,1.03,0,0
CAFE-002584,16.7,2,4,18.14,0.5776,0.5704,0.1915,13.06,2.1,0,0
CAFE-002585,12.9,3,3,14.0,0.5365,0.2419,0.4593,10.08,1.58,0,0
CAFE-002586,18.5,3,2,18.47,0.8485,0.316,0.8377,13.3,2.63,0,0
CAFE-002587,16.2,3,3,18.23,0.5602,0.4274,0.3233,13.13,2.08,1,0
CAFE-002588,39.5,3,5,11.64,0.5592,0.7615,0.6795,8.38,1.23,0,0
CAFE-002589,53.5,1,1,14.34,0.3048,0.5652,0.5305,10.32,1.08,0,0
CAFE-002590,3.7,2,5,17.53,0.8549,0.3178,0.2567,12.62,2.6,1,0
CAFE-002591,9.7,1,1,8.52,0.0546,0.6236,0.4958,6.13,0.56,1,0
CAFE-002592,20.2,0,6,13.8,0.5457,0.432,0.6988,9.94,1.54,1,0
CAFE-002593,18.4,2,3,13.52,0.2782,0.7251,0.3161,9.73,1.15,0,1
CAFE-002594,19.6,3,9,13.6,0.5232,0.8387,0.3969,9.79,1.49,0,1
CAFE-002595,28.6,1,2,13.53,0.2791,0.3765,0.1727,9.74,1.1,0,0
CAFE-002596,83.1,2,2,15.05,0.2438,0.4371,0.2223,10.84,0.88,0,0
CAFE-002597,29.8,1,0,12.09,0.4092,0.54,0.5563,8.7,1.14,0,0
CAFE-002598,29.3,3,6,18.27,0.6482,0.2688,0.489,13.15,2.16,0,0
CAFE-002599,17.5,6,1,17.98,0.6219,0.4023,0.3982,12.95,2.16,0,0
CAFE-002600,30.8,1,4,14.0,0.5032,0.6032,0.2478,10.08,1.45,0,0
CAFE-002601,48.4,4,4,12.67,0.43,0.4498,0.3785,9.12,1.13,1,0
CAFE-002602,20.4,1,8,19.88,0.7487,0.2442,0.7397,14.31,2.61,0,0
CAFE-002603,30.6,1,5,18.58,0.4552,0.5774,0.7477,13.38,1.83,0,1
CAFE-002604,3.5,2,6,16.86,0.7755,0.1519,0.554,12.14,2.37,1,0
CAFE-002605,10.2,4,8,11.4,0.3732,0.7464,0.558,8.21,1.11,0,0
CAFE-002606,2.3,2,3,16.08,0.7088,0.2922,0.3371,11.58,2.16,0,0
CAFE-002607,48.1,0,1,13.5,0.3271,0.5591,0.4556,9.72,1.07,0,0
CAFE-002608,53.7,2,4,20.39,0.8135,0.2708,0.3923,14.68,2.57,0,0
CAFE-002609,4.8,1,6,17.7,0.6852,0.507,0.7549,12.74,2.32,0,0
CAFE-002610,21.2,3,5,14.22,0.73,0.5957,0.7875,10.24,1.84,0,0
CAFE-002611,4.0,2,2,13.34,0.2945,0.7726,0.3358,9.6,1.23,0,0
CAFE-002612,116.0,2,2,12.12,0.3535,0.8201,0.4426,8.73,0.7,0,0
CAFE-002613,79.6,2,7,10.88,0.3364,0.1643,0.2422,7.83,0.75,0,0
CAFE-002614,9.8,0,2,11.66,0.1996,0.3577,0.3984,8.4,0.94,0,0
CAFE-002615,10.3,1,2,9.51,0.2645,0.3364,0.4543,6.85,0.82,0,0
CAFE-002616,17.6,0,9,16.7,0.5094,0.529,0.7131,12.02,1.81,0,0
CAFE-002617,26.8,2,5,14.89,0.4028,0.4907,0.5329,10.72,1.41,0,0
CAFE-002618,26.7,4,3,15.01,0.4338,0.3358,0.3837,10.81,1.47,1,0
CAFE-002619,23.7,1,5,10.91,0.361,0.4699,0.617,7.86,1.0,1,0
CAFE-002620,33.4,0,4,14.78,0.4276,0.6822,0.3037,10.64,1.4,0,0
CAFE-002621,20.9,2,5,15.28,0.5925,0.5331,0.6172,11.0,1.77,0,0
CAFE-002622,13.1,2,3,14.37,0.3195,0.5127,0.5753,10.35,1.31,0,0
CAFE-002623,4.8,3,8,14.14,0.5201,0.4454,0.74,10.18,1.62,1,1
CAFE-002624,13.3,1,1,11.5,0.22,0.5327,0.5309,8.28,0.93,1,0
CAFE-002625,6.0,3,4,12.97,0.3156,0.4486,0.5716,9.34,1.21,1,1
CAFE-002626,16.2,7,3,17.76,0.6735,0.5949,0.4535,12.79,2.23,0,0
CAFE-002627,81.8,3,1,13.27,0.4189,0.5216,0.5897,9.55,1.01,1,0
CAFE-002628,7.8,1,1,11.35,0.1655,0.3577,0.1568,8.17,0.88,0,0
CAFE-002629,9.5,1,8,20.0,0.7813,0.5025,0.6056,14.4,2.77,0,0
CAFE-002630,22.6,5,8,16.53,0.7409,0.2197,0.2879,11.9,2.15,1,1
CAFE-002631,13.6,6,6,18.26,0.7264,0.3012,0.4901,13.15,2.41,1,0
CAFE-002632,21.0,3,8,20.05,0.8436,0.4559,0.4221,14.44,2.82,1,0
CAFE-002633,6.4,3,8,15.65,0.8448,0.3748,0.1952,11.27,2.29,0,1
CAFE-002634,33.2,3,6,23.17,0.8188,0.2431,0.2659,16.68,3.1,0,0
CAFE-002635,34.1,1,5,15.88,0.5001,0.2628,0.5041,11.43,1.62,1,0
CAFE-002636,14.5,1,9,13.32,0.6581,0.8544,0.9346,9.59,1.66,0,0
CAFE-002637,99.8,0,1,13.17,0.347,0.6575,0.3913,9.48,0.83,0,0
CAFE-002638,79.2,5,4,16.25,0.6485,0.8166,0.6016,11.7,1.63,0,1
CAFE-002639,55.3,2,6,15.31,0.6442,0.7409,0.4918,11.02,1.66,0,0
CAFE-002640,34.5,1,1,11.85,0.1212,0.3157,0.3901,8.53,0.75,0,0
CAFE-002641,49.2,0,1,5.0,0.2523,0.2584,0.1518,3.6,0.36,0,0
CAFE-002642,21.7,1,2,8.01,0.1321,0.7823,0.7088,5.77,0.56,0,0
CAFE-002643,20.3,2,3,10.16,0.2565,0.4497,0.2056,7.32,0.84,0,1
CAFE-002644,32.6,4,3,13.49,0.6522,0.3508,0.3989,9.71,1.58,0,0
CAFE-002645,7.1,3,7,16.49,0.737,0.2817,0.8735,11.87,2.23,0,0
CAFE-002646,26.8,1,6,17.72,0.6203,0.5767,0.6101,12.76,2.06,0,0
CAFE-002647,42.6,3,3,13.25,0.3107,0.2264,0.7905,9.54,1.06,1,0
CAFE-002648,4.6,0,1,11.23,0.5717,0.5627,0.3174,8.09,1.34,1,0
CAFE-002649,45.7,1,0,12.21,0.1103,0.4326,0.5613,8.79,0.72,0,0
CAFE-002650,17.4,2,4,15.71,0.5694,0.5961,0.7033,11.31,1.8,0,0
CAFE-002651,14.8,2,4,19.29,0.5695,0.6141,0.607,13.89,2.23,1,1
CAFE-002652,29.6,5,7,22.28,0.7746,0.3314,0.5029,16.04,2.91,0,0
CAFE-002653,14.6,0,0,7.7,0.1552,0.6974,0.2734,5.54,0.57,0,0
CAFE-002654,4.3,3,7,14.77,0.6823,0.501,0.4371,10.63,1.93,0,1
CAFE-002655,100.5,2,4,15.75,0.462,0.5552,0.5383,11.34,1.17,0,0
CAFE-002656,4.4,0,5,18.43,0.7408,0.7226,0.2484,13.27,2.52,0,0
CAFE-002657,54.0,2,5,17.88,0.4541,0.5898,0.2374,12.87,1.61,0,0
CAFE-002658,5.9,6,11,23.09,0.751,0.3195,0.6888,16.62,3.16,1,0
CAFE-002659,19.0,2,5,11.4,0.1451,0.8506,0.6527,8.21,0.82,0,1
CAFE-002660,33.4,5,7,14.25,0.65,0.6049,0.6062,10.26,1.67,0,0
CAFE-002661,18.9,3,4,12.69,0.4869,0.4783,0.213,9.14,1.34,0,0
CAFE-002662,33.0,4,5,12.04,0.6274,0.5345,0.8488,8.67,1.38,0,0
CAFE-002663,13.3,6,6,23.56,0.9626,0.5843,0.2865,16.96,3.66,1,1
CAFE-002664,28.2,5,6,17.34,0.5874,0.5279,0.706,12.48,1.95,1,1
CAFE-002665,25.5,0,3,11.9,0.5875,0.6032,0.324,8.57,1.35,0,0
CAFE-002666,17.7,3,6,21.38,0.7852,0.3445,0.2813,15.39,2.91,1,0
CAFE-002667,17.0,1,7,15.02,0.5834,0.7673,0.1648,10.81,1.75,1,1
CAFE-002668,46.8,2,1,15.17,0.3337,0.5092,0.2426,10.92,1.22,0,0
CAFE-002669,9.5,3,3,15.56,0.3286,0.4846,0.3612,11.2,1.45,0,0
CAFE-002670,29.0,3,8,23.85,0.9115,0.5223,0.2999,17.17,3.45,0,1
CAFE-002671,24.3,8,1,16.37,0.4742,0.2497,0.772,11.79,1.68,0,1
CAFE-002672,27.7,2,5,12.14,0.3781,0.5828,0.3911,8.74,1.11,1,0
CAFE-002673,14.6,3,8,17.76,0.8052,0.5154,0.3555,12.79,2.47,1,1
CAFE-002674,8.5,0,6,20.36,0.9265,0.1722,0.3222,14.66,3.13,1,1
CAFE-002675,47.1,1,4,14.52,0.3796,0.6796,0.2428,10.45,1.23,0,0
CAFE-002676,33.0,5,6,19.02,0.6817,0.5067,0.4263,13.69,2.29,0,0
CAFE-002677,4.1,0,7,21.51,0.8113,0.2203,0.4834,15.49,3.09,0,0
CAFE-002678,33.1,4,3,15.64,0.2881,0.2794,0.4757,11.26,1.27,0,0
CAFE-002679,34.6,1,6,13.74,0.4669,0.3091,0.6255,9.89,1.35,1,0
CAFE-002680,13.7,1,5,11.07,0.3639,0.7184,0.2674,7.97,1.06,0,0
CAFE-002681,28.0,2,3,14.58,0.288,0.2577,0.4546,10.5,1.21,0,0
CAFE-002682,5.7,7,9,19.48,0.8906,0.5089,0.3175,14.03,2.94,1,1
CAFE-002683,5.2,2,0,7.74,0.0189,0.6132,0.3088,5.57,0.5,0,0
CAFE-002684,1.0,4,8,18.9,0.8738,0.254,0.4178,13.61,2.85,1,0
CAFE-002685,14.4,3,7,23.47,0.788,0.5629,0.2765,16.9,3.23,0,1
CAFE-002686,30.9,1,2,9.53,0.1941,0.5266,0.5611,6.86,0.69,0,0
CAFE-002687,9.8,2,7,12.37,0.5369,0.7487,0.616,8.91,1.41,0,1
CAFE-002688,64.2,1,4,11.45,0.3315,0.6031,0.8486,8.24,0.85,0,0
CAFE-002689,11.9,0,6,14.88,0.666,0.5788,0.5611,10.71,1.88,1,1
CAFE-002690,12.9,2,3,21.19,0.9118,0.3983,0.6531,15.26,3.19,0,0
CAFE-002691,56.8,3,5,11.22,0.3875,0.7198,0.5313,8.08,0.92,0,0
CAFE-002692,47.8,5,7,18.74,0.6903,0.1558,0.4089,13.49,2.17,0,1
CAFE-002693,8.1,5,9,14.78,0.5355,0.5084,0.6177,10.64,1.69,0,0
CAFE-002694,69.3,1,4,9.49,0.3864,0.8066,0.1632,6.83,0.74,0,0
CAFE-002695,41.0,1,3,14.13,0.3701,0.3777,0.5307,10.17,1.22,0,0
CAFE-002696,29.3,1,6,23.13,0.687,0.5997,0.3495,16.65,2.83,0,1
CAFE-002697,5.1,3,9,17.25,0.84,0.719,0.1904,12.42,2.52,1,1
CAFE-002698,7.9,0,4,8.97,0.2,0.9325,0.1732,6.46,0.73,0,0
CAFE-002699,25.5,4,6,15.95,0.7006,0.0804,0.7902,11.48,1.99,0,0
CAFE-002700,31.0,2,3,11.26,0.2457,0.4627,0.2019,8.11,0.87,0,0
CAFE-002701,26.8,3,6,15.2,0.5066,0.2093,0.3498,10.94,1.6,0,0
CAFE-002702,19.7,1,7,14.28,0.3566,0.3205,0.3881,10.28,1.32,0,0
CAFE-002703,7.5,6,13,23.35,0.9624,0.3933,0.3325,16.81,3.68,0,0
CAFE-002704,95.6,2,5,10.37,0.384,0.3478,0.4858,7.47,0.7,0,0
CAFE-002705,20.2,4,3,18.6,0.7239,0.582,0.7461,13.39,2.4,1,1
CAFE-002706,30.7,6,13,27.03,0.8984,0.6807,0.8677,19.46,3.86,0,1
CAFE-002707,29.6,4,8,14.57,0.8688,0.5664,0.3727,10.49,2.04,1,0
CAFE-002708,30.8,2,6,21.96,0.8434,0.4247,0.4215,15.81,3.01,1,0
CAFE-002709,15.5,4,5,18.23,0.7446,0.4698,0.508,13.13,2.42,1,1
CAFE-002710,31.1,4,5,14.22,0.6603,0.6418,0.3351,10.24,1.69,0,0
CAFE-002711,31.2,3,3,14.87,0.6425,0.518,0.1647,10.71,1.74,1,0
CAFE-002712,1.7,3,4,20.94,0.6685,0.3888,0.3601,15.08,2.73,1,1
CAFE-002713,33.5,1,2,12.86,0.3506,0.5533,0.6294,9.26,1.12,0,0
CAFE-002714,37.1,1,1,13.58,0.1015,0.6639,0.1504,9.78,0.83,0,0
CAFE-002715,45.6,2,8,17.85,0.8355,0.4458,0.7589,12.85,2.34,1,0
CAFE-002716,65.6,4,4,18.3,0.5567,0.3014,0.6647,13.18,1.76,0,0
CAFE-002717,33.8,3,9,18.15,0.7667,0.4227,0.4434,13.07,2.33,1,1
CAFE-002718,32.0,2,3,17.15,0.7072,0.8036,0.5535,12.35,2.11,0,0
CAFE-002719,6.6,4,4,17.52,0.4282,0.5291,0.5935,12.61,1.83,1,1
CAFE-002720,13.0,1,4,22.93,0.6421,0.5639,0.3105,16.51,2.83,1,1
CAFE-002721,63.3,3,2,9.15,0.1788,0.3759,0.4275,6.59,0.54,0,0
CAFE-002722,31.0,4,8,16.67,0.7649,0.2636,0.3984,12.0,2.16,0,1
CAFE-002723,24.9,1,6,16.84,0.6931,0.509,0.6271,12.12,2.09,0,0
CAFE-002724,24.2,6,5,12.53,0.588,0.3326,0.2608,9.02,1.43,0,1
CAFE-002725,8.5,3,5,16.54,0.4528,0.4151,0.3185,11.91,1.76,0,0
CAFE-002726,29.8,1,5,9.1,0.5241,0.0845,0.5036,6.55,0.96,0,0
CAFE-002727,55.8,0,1,11.16,0.254,0.7404,0.3296,8.04,0.77,0,0
CAFE-002728,6.5,4,7,22.43,0.8298,0.4028,0.4609,16.15,3.24,0,0
CAFE-002729,21.5,7,7,17.5,0.9835,0.5855,0.2597,12.6,2.71,0,1
CAFE-002730,20.7,2,2,15.95,0.5834,0.1631,0.4116,11.48,1.83,1,0
CAFE-002731,8.8,2,3,16.78,0.5325,0.3606,0.3424,12.08,1.91,0,1
CAFE-002732,7.8,2,3,11.78,0.705,0.29,0.6032,8.48,1.55,1,1
CAFE-002733,16.1,1,9,22.2,0.7733,0.3943,0.796,15.98,3.01,0,1
CAFE-002734,37.4,0,0,12.14,0.1381,0.5897,0.6082,8.74,0.78,0,0
CAFE-002735,38.3,4,5,15.83,0.513,0.3719,0.69,11.4,1.61,1,0
CAFE-002736,23.2,4,7,18.67,0.699,0.1997,0.8569,13.44,2.34,1,0
CAFE-002737,51.1,3,4,13.17,0.2955,0.7846,0.2739,9.48,0.99,1,1
CAFE-002738,5.3,3,3,15.92,0.441,0.3395,0.2761,11.46,1.69,1,1
CAFE-002739,35.4,1,8,9.82,0.4153,0.5952,0.6928,7.07,0.91,1,0
CAFE-002740,5.4,1,3,8.34,0.4472,0.4414,0.5482,6.0,0.89,0,0
CAFE-002741,43.8,2,0,14.89,0.3078,0.5402,0.1031,10.72,1.18,0,0
CAFE-002742,113.5,0,5,12.91,0.2539,0.3276,0.5412,9.3,0.63,0,0
CAFE-002743,26.3,1,8,15.49,0.5512,0.8861,0.2752,11.15,1.7,0,0
CAFE-002744,11.0,2,9,18.89,0.6496,0.3457,0.4478,13.6,2.36,0,0
CAFE-002745,23.5,2,3,13.76,0.6569,0.4389,0.5527,9.91,1.67,0,0
CAFE-002746,9.2,3,3,11.71,0.2747,0.824,0.216,8.43,1.03,1,0
CAFE-002747,11.6,5,6,16.93,0.5385,0.5313,0.2358,12.19,1.92,0,1
CAFE-002748,45.1,1,4,14.41,0.4598,0.5925,0.3853,10.38,1.35,0,0
CAFE-002749,14.6,2,6,19.03,0.685,0.0944,0.621,13.7,2.42,1,0
CAFE-002750,56.9,1,5,7.47,0.4277,0.5561,0.5116,5.38,0.64,0,0
CAFE-002751,14.0,4,5,15.43,0.5769,0.6411,0.1915,11.11,1.8,0,1
CAFE-002752,12.3,2,5,17.48,0.4603,0.5104,0.4099,12.59,1.85,0,0
CAFE-002753,11.9,3,9,17.14,0.7778,0.4681,0.3068,12.34,2.36,1,0
CAFE-002754,4.2,5,10,14.67,0.7553,0.3341,0.7895,10.56,2.02,1,0
CAFE-002755,19.4,2,6,17.25,0.7177,0.2347,0.4998,12.42,2.22,1,1
CAFE-002756,94.2,2,2,16.92,0.5719,0.5312,0.8691,12.18,1.48,0,0
CAFE-002757,74.1,0,1,13.19,0.1301,0.7608,0.2916,9.5,0.66,0,0
CAFE-002758,55.9,3,4,16.18,0.4759,0.4585,0.6056,11.65,1.48,0,0
CAFE-002759,25.3,2,2,14.96,0.8008,0.403,0.6794,10.77,2.02,0,0
CAFE-002760,13.5,4,1,14.05,0.3758,0.6026,0.5058,10.12,1.36,0,1
CAFE-002761,7.0,5,7,18.15,0.7637,0.5281,0.7442,13.07,2.5,1,1
CAFE-002762,15.2,0,4,14.04,0.3891,0.6578,0.568,10.11,1.37,1,0
CAFE-002763,18.2,4,3,11.81,0.3053,0.4602,0.5649,8.5,1.04,0,0
CAFE-002764,11.9,2,9,17.94,0.6986,0.4964,0.5011,12.92,2.32,0,0
CAFE-002765,9.5,2,8,22.42,0.8401,0.28,0.401,16.14,3.24,0,0
CAFE-002766,16.2,3,4,15.38,0.4919,0.7753,0.4827,11.07,1.65,0,0
CAFE-002767,92.9,0,2,13.85,0.3189,0.5616,0.675,9.97,0.86,0,0
CAFE-002768,13.9,1,4,14.2,0.6428,0.3828,0.4785,10.22,1.75,0,0
CAFE-002769,12.5,0,2,10.98,0.4881,0.5424,0.3169,7.91,1.19,1,1
CAFE-002770,18.8,5,8,19.74,0.7963,0.2283,0.6666,14.21,2.7,0,1
CAFE-002771,24.2,5,1,21.07,0.6276,0.8245,0.6154,15.17,2.49,1,0
CAFE-002772,4.5,6,13,22.07,0.8588,0.3784,0.5627,15.89,3.27,1,0
CAFE-002773,10.5,2,7,14.26,0.6389,0.5502,0.6291,10.27,1.77,1,0
CAFE-002774,35.0,5,6,14.69,0.6269,0.3791,0.5647,10.58,1.68,0,0
CAFE-002775,5.0,5,4,20.38,0.7819,0.5569,0.5321,14.67,2.86,0,0
CAFE-002776,21.2,6,4,20.77,0.8189,0.396,0.3793,14.95,2.87,0,1
CAFE-002777,11.4,4,2,12.9,0.704,0.6537,0.4185,9.29,1.68,0,1
CAFE-002778,50.2,0,1,13.12,0.2449,0.6495,0.5519,9.45,0.92,0,0
CAFE-002779,26.7,4,6,19.56,0.6408,0.2942,0.4976,14.08,2.32,1,1
CAFE-002780,23.1,0,6,9.6,0.2183,0.5423,0.5349,6.91,0.74,0,0
CAFE-002781,69.2,3,8,15.46,0.7794,0.7635,0.2098,11.13,1.81,0,0
CAFE-002782,22.0,4,5,18.4,0.6378,0.7077,0.5931,13.25,2.21,0,0
CAFE-002783,10.4,4,9,15.87,0.7612,0.5434,0.67,11.43,2.16,0,1
CAFE-002784,60.1,1,3,5.69,0.0547,0.322,0.4703,4.1,0.27,0,0
CAFE-002785,39.1,0,3,14.51,0.4526,0.4613,0.744,10.45,1.38,0,1
CAFE-002786,56.5,1,2,14.77,0.5372,0.1634,0.3411,10.63,1.44,0,0
CAFE-002787,26.2,4,12,19.08,0.8499,0.4942,0.3321,13.74,2.66,0,0
CAFE-002788,5.1,4,3,19.45,0.8231,0.238,0.3718,14.0,2.81,0,0
CAFE-002789,34.4,1,1,15.08,0.5993,0.5966,0.8005,10.86,1.68,0,0
CAFE-002790,10.4,1,10,22.45,0.9121,0.4087,0.7577,16.16,3.4,1,0
CAFE-002791,17.5,3,4,20.17,0.8809,0.1346,0.8328,14.52,2.94,1,0
CAFE-002792,9.3,1,9,17.86,0.7462,0.3646,0.3973,12.86,2.42,0,0
CAFE-002793,27.1,1,8,19.06,0.7415,0.3734,0.3833,13.72,2.45,0,0
CAFE-002794,4.1,1,4,17.2,0.7632,0.4463,0.6921,12.38,2.39,0,0
CAFE-002795,42.6,0,2,10.4,0.1178,0.4721,0.7667,7.49,0.63,1,0
CAFE-002796,6.5,3,7,16.39,0.8302,0.4473,0.3806,11.8,2.37,0,0
CAFE-002797,3.9,5,2,15.56,0.4594,0.5702,0.6753,11.2,1.69,0,1
CAFE-002798,17.9,5,13,16.0,0.9487,0.2564,0.4496,11.52,2.44,0,1
CAFE-002799,39.5,2,6,10.29,0.4358,0.6333,0.4207,7.41,0.96,0,0
CAFE-002800,45.5,3,6,10.91,0.5221,0.357,0.5798,7.86,1.09,0,0
CAFE-002801,1.0,3,4,16.74,0.6563,0.1703,0.3131,12.05,2.16,0,0
CAFE-002802,9.1,0,9,18.55,0.6679,0.768,0.6211,13.36,2.37,1,0
CAFE-002803,17.6,3,4,14.26,0.6303,0.4532,0.7184,10.27,1.72,0,0
CAFE-002804,5.8,5,8,18.28,0.7634,0.1869,0.354,13.16,2.53,0,0
CAFE-002805,28.9,2,4,14.02,0.3028,0.7008,0.6267,10.09,1.18,0,0
CAFE-002806,62.2,2,6,9.77,0.2174,0.7082,0.3957,7.03,0.62,0,0
CAFE-002807,46.6,1,4,16.97,0.4392,0.3692,0.6649,12.22,1.55,0,0
CAFE-002808,11.7,2,6,15.3,0.6652,0.4037,0.6358,11.02,1.93,0,1
CAFE-002809,71.2,0,3,8.48,0.2252,0.1716,0.485,6.11,0.52,0,0
CAFE-002810,34.2,4,11,21.4,0.5389,0.4518,0.2848,15.41,2.26,0,0
CAFE-002811,9.7,1,6,10.96,0.366,0.3776,0.2387,7.89,1.06,0,0
CAFE-002812,7.4,0,2,16.25,0.214,0.4669,0.5474,11.7,1.34,1,0
CAFE-002813,2.7,4,7,21.24,0.988,0.2899,0.6926,15.29,3.4,0,1
CAFE-002814,35.6,4,8,17.9,0.7116,0.6077,0.4085,12.89,2.19,0,1
CAFE-002815,10.8,1,3,14.71,0.592,0.4733,0.7576,10.59,1.76,0,0
CAFE-002816,29.5,0,6,16.96,0.5847,0.5247,0.8161,12.21,1.9,0,0
CAFE-002817,37.7,1,1,6.92,0.0591,0.4357,0.3108,4.98,0.39,0,0
CAFE-002818,28.0,0,4,8.96,0.1091,0.8807,0.345,6.45,0.58,0,0
CAFE-002819,9.6,1,8,17.64,0.7334,0.3753,0.8491,12.7,2.36,0,0
CAFE-002820,6.7,2,10,17.05,0.7677,0.2978,0.4235,12.28,2.36,0,1
CAFE-002821,18.4,5,10,21.71,0.8579,0.5395,0.2627,15.63,3.11,0,0
CAFE-002822,7.8,0,7,14.78,0.6625,0.7842,0.6035,10.64,1.88,0,0
CAFE-002823,12.5,2,5,12.87,0.5039,0.1054,0.7476,9.27,1.41,0,0
CAFE-002824,11.3,2,8,16.71,0.6495,0.3575,0.674,12.03,2.09,1,0
CAFE-002825,25.9,1,3,9.63,0.2236,0.3523,0.6484,6.93,0.74,1,0
CAFE-002826,53.5,1,4,11.18,0.5858,0.4191,0.8569,8.05,1.16,0,0
CAFE-002827,14.6,3,7,17.22,0.8638,0.3382,0.7347,12.4,2.5,0,0
CAFE-002828,18.2,4,3,9.64,0.5991,0.1409,0.7504,6.94,1.13,1,0
CAFE-002829,16.9,2,6,15.28,0.4995,0.6559,0.3884,11.0,1.65,0,0
CAFE-002830,22.1,3,4,12.61,0.478,0.465,0.4843,9.08,1.31,0,0
CAFE-002831,11.0,3,3,17.17,0.9657,0.3328,0.2814,12.36,2.69,0,0
CAFE-002832,34.3,3,1,14.93,0.4346,0.4213,0.622,10.75,1.42,0,0
CAFE-002833,120.0,1,3,16.49,0.5327,0.371,0.3137,11.87,1.22,0,0
CAFE-002834,29.7,0,3,15.77,0.507,0.6274,0.6268,11.35,1.64,0,0
CAFE-002835,27.2,2,9,17.53,0.7521,0.1639,0.2651,12.62,2.27,1,0
CAFE-002836,72.2,2,2,15.98,0.3366,0.3421,0.7325,11.51,1.15,0,0
CAFE-002837,2.9,1,2,11.02,0.3995,0.3506,0.7801,7.93,1.13,1,0
CAFE-002838,13.7,6,2,14.5,0.6641,0.2444,0.7586,10.44,1.82,0,0
CAFE-002839,18.4,2,2,19.76,0.8919,0.417,0.7419,14.23,2.9,1,1
CAFE-002840,35.7,5,6,22.31,0.9249,0.3186,0.4981,16.06,3.2,0,0
CAFE-002841,46.0,5,10,18.17,0.6736,0.4785,0.5845,13.08,2.09,1,0
CAFE-002842,54.3,2,1,10.18,0.1259,0.5263,0.4034,7.33,0.58,0,0
CAFE-002843,21.9,3,3,9.99,0.3764,0.6268,0.5235,7.19,0.94,0,0
CAFE-002844,9.5,1,5,15.38,0.7457,0.2751,0.545,11.07,2.08,0,0
CAFE-002845,11.4,4,3,20.05,0.8381,0.5346,0.8722,14.44,2.88,1,1
CAFE-002846,18.1,0,5,14.86,0.4575,0.409,0.5939,10.7,1.53,0,0
CAFE-002847,13.4,1,1,13.84,0.4771,0.767,0.2013,9.96,1.48,0,0
CAFE-002848,13.9,10,7,18.9,0.7889,0.2555,0.7956,13.61,2.61,0,1
CAFE-002849,84.0,0,1,9.19,0.1844,0.4447,0.5873,6.62,0.48,1,0
CAFE-002850,10.4,1,2,5.0,0.0401,0.5456,0.3347,3.6,0.32,0,0
CAFE-002851,4.9,0,2,11.79,0.2057,0.8832,0.3605,8.49,0.98,0,0
CAFE-002852,31.6,1,4,14.1,0.3096,0.5625,0.4007,10.15,1.18,0,1
CAFE-002853,88.4,0,1,10.07,0.2762,0.8711,0.2436,7.25,0.6,1,0
CAFE-002854,34.8,1,2,13.31,0.1372,0.7003,0.4161,9.58,0.87,1,1
CAFE-002855,33.9,2,3,16.41,0.5087,0.5398,0.6558,11.82,1.68,0,0
CAFE-002856,11.3,2,4,16.6,0.492,0.3888,0.354,11.95,1.81,0,0
CAFE-002857,37.9,1,2,14.67,0.5423,0.4211,0.1512,10.56,1.53,1,0
CAFE-002858,14.3,0,3,7.81,0.3936,0.5811,0.7097,5.62,0.77,0,0
CAFE-002859,19.7,2,7,15.76,0.5114,0.5002,0.3355,11.35,1.7,0,0
CAFE-002860,31.5,2,4,10.82,0.1795,0.51,0.8271,7.79,0.76,0,0
CAFE-002861,22.0,2,2,14.54,0.6342,0.6495,0.3484,10.47,1.74,0,0
CAFE-002862,5.0,6,3,17.18,0.6694,0.5044,0.6707,12.37,2.22,1,0
CAFE-002863,18.8,2,6,18.15,0.7387,0.2303,0.5164,13.07,2.38,0,0
CAFE-002864,43.6,2,4,14.9,0.4407,0.3678,0.2859,10.73,1.38,0,0
CAFE-002865,53.1,3,4,18.91,0.8491,0.4839,0.5792,13.62,2.45,0,0
CAFE-002866,101.3,1,6,18.39,0.6829,0.1723,0.7438,13.24,1.76,0,0
CAFE-002867,35.7,3,6,21.02,0.6939,0.6531,0.6143,15.13,2.53,0,1
CAFE-002868,6.5,2,5,17.75,0.6017,0.1642,0.2787,12.78,2.16,0,1
CAFE-002869,47.9,1,5,14.94,0.4752,0.6372,0.8422,10.76,1.41,0,0
CAFE-002870,7.4,2,5,21.14,0.789,0.2153,0.8402,15.22,2.96,1,0
CAFE-002871,9.8,2,8,13.76,0.3756,0.7805,0.7212,9.91,1.35,0,0
CAFE-002872,4.6,2,2,11.87,0.3323,0.6996,0.4317,8.55,1.13,0,0
CAFE-002873,33.9,2,4,7.95,0.1514,0.351,0.3351,5.72,0.53,0,0
CAFE-002874,63.6,5,10,18.94,0.6335,0.711,0.3549,13.64,1.98,1,0
CAFE-002875,7.4,4,7,11.91,0.7544,0.6969,0.361,8.58,1.63,1,1
CAFE-002876,18.7,7,8,17.18,0.7824,0.8365,0.565,12.37,2.33,1,1
CAFE-002877,11.5,0,6,5.44,0.2345,0.4031,0.0671,3.92,0.45,0,0
CAFE-002878,20.7,2,2,13.66,0.5777,0.5218,0.4743,9.84,1.56,0,0
CAFE-002879,23.0,4,11,20.91,0.8545,0.5471,0.4716,15.06,2.95,1,1
CAFE-002880,8.3,2,3,10.94,0.6037,0.184,0.5165,7.88,1.33,0,0
CAFE-002881,13.9,2,3,16.75,0.5728,0.5986,0.3932,12.06,1.95,0,1
CAFE-002882,26.7,6,4,20.75,0.8042,0.3882,0.6539,14.94,2.8,1,0
CAFE-002883,13.8,5,2,13.85,0.4501,0.7571,0.4765,9.97,1.44,0,0
CAFE-002884,19.1,2,3,12.48,0.3314,0.5797,0.2658,8.99,1.13,0,0
CAFE-002885,36.8,3,6,22.41,0.7747,0.2024,0.5126,16.14,2.87,1,1
CAFE-002886,12.0,6,2,15.76,0.8176,0.5541,0.5304,11.35,2.23,0,1
CAFE-002887,32.2,4,3,16.28,0.604,0.1705,0.8449,11.72,1.84,0,1
CAFE-002888,70.2,1,3,11.07,0.2773,0.4711,0.3019,7.97,0.74,0,0
CAFE-002889,50.1,4,9,17.67,0.6621,0.3813,0.7405,12.72,1.98,0,0
CAFE-002890,15.6,1,11,12.33,0.4591,0.5449,0.5677,8.88,1.29,0,0
CAFE-002891,21.8,4,8,13.4,0.6902,0.271,0.1843,9.65,1.68,0,1
CAFE-002892,22.4,0,2,9.17,0.3126,0.8342,0.2818,6.6,0.8,1,1
CAFE-002893,26.1,1,2,16.92,0.5054,0.2166,0.5959,12.18,1.78,0,0
CAFE-002894,4.1,2,2,17.29,0.5582,0.4368,0.2758,12.45,2.05,1,0
CAFE-002895,3.3,5,2,16.81,0.8642,0.5034,0.8523,12.1,2.51,1,0
CAFE-002896,3.7,2,7,18.67,0.8718,0.5409,0.5335,13.44,2.8,0,1
CAFE-002897,15.0,1,3,13.44,0.4271,0.436,0.2745,9.68,1.36,0,0
CAFE-002898,27.5,6,10,21.63,0.9314,0.6475,0.7748,15.57,3.18,0,1
CAFE-002899,47.7,1,1,10.36,0.2694,0.5258,0.3351,7.46,0.76,0,0
CAFE-002900,1.2,6,7,18.91,0.8291,0.7028,0.7913,13.62,2.77,0,1
CAFE-002901,13.8,0,4,13.35,0.369,0.8522,0.4152,9.61,1.28,0,0
CAFE-002902,13.2,1,3,12.2,0.3585,0.7474,0.3955,8.78,1.16,0,0
CAFE-002903,32.6,2,3,18.3,0.5779,0.4239,0.7667,13.18,2.01,0,0
CAFE-002904,34.5,2,1,15.71,0.3973,0.2592,0.1761,11.31,1.43,0,0
CAFE-002905,2.0,2,6,19.71,0.843,0.8501,0.8198,14.19,2.91,0,1
CAFE-002906,63.7,6,2,11.99,0.5329,0.6129,0.5383,8.63,1.13,0,0
CAFE-002907,11.8,2,4,19.83,0.703,0.3026,0.3534,14.28,2.58,1,0
CAFE-002908,3.9,1,4,12.76,0.4913,0.6663,0.329,9.19,1.43,0,1
CAFE-002909,1.9,1,6,18.36,0.6826,0.852,0.7671,13.22,2.42,0,0
CAFE-002910,27.4,6,8,14.36,0.6563,0.5691,0.6819,10.34,1.72,0,0
CAFE-002911,10.6,4,2,18.41,0.4758,0.3974,0.4837,13.26,1.98,1,1
CAFE-002912,4.8,2,3,10.89,0.349,0.3643,0.5793,7.84,1.06,0,0
CAFE-002913,63.2,2,3,13.12,0.3699,0.7792,0.4138,9.45,1.03,0,0
CAFE-002914,21.7,2,3,13.06,0.2454,0.332,0.8315,9.4,1.05,0,0
CAFE-002915,9.9,5,7,19.94,0.8956,0.3545,0.9468,14.36,2.99,1,1
CAFE-002916,16.3,2,7,14.4,0.4708,0.7746,0.2892,10.37,1.52,0,0
CAFE-002917,37.9,2,2,7.78,0.221,0.6308,0.339,5.6,0.56,0,0
CAFE-002918,10.2,0,1,8.14,0.1802,0.8685,0.7489,5.86,0.64,0,0
CAFE-002919,8.9,3,9,14.89,0.6552,0.4551,0.7573,10.72,1.88,0,0
CAFE-002920,59.0,3,3,14.2,0.3449,0.7853,0.6262,10.22,1.1,0,0
CAFE-002921,4.0,7,6,20.43,0.7766,0.3569,0.7766,14.71,2.86,0,1
CAFE-002922,17.0,3,1,13.38,0.3341,0.5385,0.3087,9.63,1.22,0,0
CAFE-002923,25.4,4,4,18.08,0.4333,0.5201,0.6794,13.02,1.78,0,0
CAFE-002924,20.2,3,5,14.61,0.5352,0.525,0.5097,10.52,1.61,0,0
CAFE-002925,15.3,1,1,14.42,0.4051,0.7336,0.7281,10.38,1.43,1,0
CAFE-002926,36.3,6,7,17.77,0.7331,0.6132,0.2483,12.79,2.21,0,0
CAFE-002927,36.8,1,4,16.64,0.7606,0.3784,0.3618,11.98,2.11,1,0
CAFE-002928,24.6,2,10,18.2,0.82,0.8024,0.4152,13.1,2.5,0,0
CAFE-002929,24.3,3,8,19.96,0.6525,0.6595,0.3924,14.37,2.41,1,0
CAFE-002930,28.0,4,6,18.85,0.6491,0.469,0.7836,13.57,2.24,0,1
CAFE-002931,65.6,2,6,18.65,0.7829,0.7559,0.1666,13.43,2.21,0,0
CAFE-002932,54.7,1,3,9.05,0.3197,0.8895,0.5702,6.52,0.69,0,0
CAFE-002933,11.9,3,8,19.82,0.93,0.2328,0.6973,14.27,3.03,1,1
CAFE-002934,13.4,1,2,14.07,0.5076,0.7832,0.7314,10.13,1.55,0,0
CAFE-002935,5.1,3,10,20.04,0.8566,0.1023,0.72,14.43,2.96,0,0
CAFE-002936,90.4,1,2,7.42,0.25,0.5254,0.5752,5.34,0.42,0,0
CAFE-002937,23.5,2,5,20.64,0.6582,0.5086,0.6855,14.86,2.5,0,0
CAFE-002938,18.5,2,10,16.84,0.802,0.7362,0.4209,12.12,2.32,1,0
CAFE-002939,25.9,1,6,15.35,0.4703,0.2086,0.457,11.05,1.56,0,0
CAFE-002940,39.0,1,4,9.11,0.2167,0.5127,0.4239,6.56,0.65,0,0
CAFE-002941,55.0,1,2,10.38,0.1382,0.863,0.5943,7.47,0.6,0,0
CAFE-002942,57.2,1,2,12.15,0.282,0.5392,0.6439,8.75,0.87,0,0
CAFE-002943,26.0,1,10,13.53,0.6367,0.1596,0.6558,9.74,1.6,0,0
CAFE-002944,84.7,4,11,21.48,0.8902,0.465,0.2586,15.47,2.63,1,1
CAFE-002945,69.2,1,5,14.21,0.2952,0.8038,0.5618,10.23,0.97,0,0
CAFE-002946,15.2,2,2,8.82,0.108,0.5855,0.2237,6.35,0.61,1,1
CAFE-002947,34.0,1,4,14.81,0.4718,0.546,0.3114,10.66,1.47,0,0
CAFE-002948,30.0,1,7,13.43,0.3398,0.6896,0.5599,9.67,1.17,0,0
CAFE-002949,16.8,1,4,9.37,0.2293,0.5357,0.2086,6.75,0.76,0,0
CAFE-002950,26.5,2,3,12.28,0.2619,0.6476,0.322,8.84,0.99,1,0
CAFE-002951,26.5,7,9,19.33,0.8426,0.6806,0.2991,13.92,2.68,0,0
CAFE-002952,72.5,1,2,13.69,0.2466,0.4418,0.33,9.86,0.86,0,0
CAFE-002953,19.9,4,5,21.02,0.8727,0.5059,0.4874,15.13,3.03,1,0
CAFE-002954,4.9,1,7,12.61,0.4482,0.8665,0.6155,9.08,1.35,0,0
CAFE-002955,15.8,1,2,13.21,0.646,0.837,0.4483,9.51,1.62,1,0
CAFE-002956,14.5,2,3,12.14,0.3476,0.7084,0.4324,8.74,1.14,1,1
CAFE-002957,3.3,5,5,16.64,0.7218,0.4354,0.6921,11.98,2.25,0,1
CAFE-002958,45.6,1,5,13.18,0.3065,0.3456,0.2175,9.49,1.03,0,0
CAFE-002959,20.4,1,2,13.7,0.5545,0.4574,0.6245,9.86,1.54,1,0
CAFE-002960,12.4,2,4,12.79,0.2869,0.6535,0.7359,9.21,1.13,0,0
CAFE-002961,5.9,0,4,16.61,0.4587,0.3772,0.582,11.96,1.79,0,0
CAFE-002962,7.0,0,1,13.91,0.5212,0.6758,0.401,10.02,1.58,0,0
CAFE-002963,14.2,4,4,19.09,0.8232,0.6018,0.6575,13.74,2.7,1,0
CAFE-002964,52.2,2,3,14.02,0.512,0.5895,0.3781,10.09,1.35,0,0
CAFE-002965,18.4,4,1,18.9,0.7164,0.4042,0.5232,13.61,2.44,0,0
CAFE-002966,20.2,3,6,19.05,0.6509,0.3487,0.3343,13.72,2.32,0,0
CAFE-002967,48.4,2,3,11.27,0.3616,0.4629,0.4346,8.11,0.93,1,0
CAFE-002968,39.6,1,7,17.74,0.607,0.5743,0.824,12.77,1.96,1,1
CAFE-002969,10.6,5,5,17.28,0.5878,0.8503,0.304,12.44,2.06,1,1
CAFE-002970,17.0,5,11,13.26,0.7414,0.5674,0.3284,9.55,1.75,1,1
CAFE-002971,48.8,1,1,15.67,0.4184,0.4912,0.3304,11.28,1.38,0,0
CAFE-002972,14.7,1,3,14.41,0.4311,0.6816,0.1781,10.38,1.47,0,0
CAFE-002973,18.3,5,5,16.92,0.7683,0.5432,0.6757,12.18,2.27,1,0
CAFE-002974,7.7,3,4,19.22,0.835,0.2688,0.5162,13.84,2.78,1,1
CAFE-002975,11.4,2,2,11.94,0.2979,0.3917,0.4253,8.6,1.07,1,0
CAFE-002976,68.3,1,7,16.83,0.5933,0.1297,0.751,12.12,1.66,0,0
CAFE-002977,6.0,3,3,20.88,0.9006,0.6324,0.5968,15.03,3.17,1,1
CAFE-002978,14.2,4,1,17.76,0.836,0.3129,0.4067,12.79,2.53,0,0
CAFE-002979,28.7,1,5,17.99,0.6317,0.4801,0.1071,12.95,2.1,0,0
CAFE-002980,29.5,1,2,18.07,0.4916,0.3747,0.4115,13.01,1.85,0,0
CAFE-002981,50.2,2,4,17.31,0.5667,0.4595,0.511,12.46,1.78,0,0
CAFE-002982,2.3,1,1,8.04,0.096,0.5694,0.3998,5.79,0.59,0,0
CAFE-002983,54.5,3,2,10.12,0.3391,0.6153,0.619,7.29,0.79,0,1
CAFE-002984,14.1,3,12,19.3,0.7923,0.4203,0.3329,13.9,2.67,0,1
CAFE-002985,3.4,1,4,14.69,0.3655,0.5493,0.4989,10.58,1.46,1,0
CAFE-002986,28.2,2,4,10.81,0.4723,0.3535,0.5635,7.78,1.09,1,1
CAFE-002987,30.3,2,4,14.96,0.3985,0.1891,0.5068,10.77,1.39,0,0
CAFE-002988,56.6,0,4,12.12,0.2486,0.6307,0.0537,8.73,0.83,0,0
CAFE-002989,16.7,2,4,13.52,0.3396,0.4222,0.517,9.73,1.24,0,0
CAFE-002990,27.9,3,5,15.54,0.5751,0.2877,0.4892,11.19,1.73,0,1
CAFE-002991,14.8,2,7,16.87,0.6145,0.4951,0.1381,12.15,2.03,0,0
CAFE-002992,36.6,0,2,11.43,0.3585,0.3161,0.2572,8.23,0.99,0,0
CAFE-002993,102.2,0,2,13.93,0.3473,0.5941,0.4229,10.03,0.86,0,1
CAFE-002994,15.8,0,2,12.05,0.2774,0.664,0.2865,8.68,1.04,0,0
CAFE-002995,34.6,1,4,12.51,0.303,0.7266,0.5049,9.01,1.02,0,0
CAFE-002996,40.3,1,4,9.02,0.3868,0.665,0.3143,6.49,0.8,0,0
CAFE-002997,30.6,3,5,11.89,0.672,0.3866,0.5282,8.56,1.43,1,0
CAFE-002998,40.5,1,5,18.61,0.5583,0.5669,0.2339,13.4,1.96,0,0
CAFE-002999,65.3,3,1,14.08,0.4281,0.3678,0.5012,10.14,1.17,0,0
CAFE-003000,17.9,2,5,10.86,0.5348,0.4103,0.6188,7.82,1.21,0,1
CAFE-003001,20.5,3,7,16.92,0.7149,0.5255,0.3995,12.18,2.17,0,1
CAFE-003002,32.7,3,7,16.04,0.5754,0.6556,0.6297,11.55,1.76,0,0
CAFE-003003,11.4,4,5,18.56,0.7244,0.3626,0.5556,13.36,2.46,0,0
CAFE-003004,22.5,2,0,10.32,0.3335,0.753,0.5244,7.43,0.92,0,0
CAFE-003005,27.2,8,8,21.28,0.8924,0.1975,0.8785,15.32,3.05,1,0
CAFE-003006,2.5,5,6,19.67,0.5713,0.6407,0.7004,14.16,2.36,0,0
CAFE-003007,14.0,5,13,20.94,0.842,0.4132,0.226,15.08,3.0,0,1
CAFE-003008,31.8,2,0,16.6,0.3113,0.6071,0.4665,11.95,1.39,0,0
CAFE-003009,23.6,4,7,15.64,0.8051,0.1811,0.8112,11.26,2.13,0,0
CAFE-003010,20.6,3,5,14.26,0.6346,0.6768,0.6579,10.27,1.71,1,0
CAFE-003011,7.5,2,5,15.67,0.7154,0.7695,0.3592,11.28,2.08,0,0
CAFE-003012,10.5,0,6,12.25,0.3806,0.7056,0.4869,8.82,1.2,0,0
CAFE-003013,10.8,3,3,16.69,0.4582,0.6224,0.1407,12.02,1.77,0,1
CAFE-003014,20.1,0,3,12.85,0.2373,0.3356,0.4818,9.25,1.03,0,0
CAFE-003015,19.4,1,8,11.91,0.377,0.7774,0.3235,8.58,1.13,0,0
CAFE-003016,28.3,0,1,19.13,0.4419,0.2209,0.4532,13.77,1.87,1,0
CAFE-003017,14.1,1,7,12.17,0.5384,0.33,0.2982,8.76,1.37,0,0
CAFE-003018,13.0,0,5,14.08,0.6021,0.5121,0.3643,10.14,1.68,0,0
CAFE-003019,35.5,2,6,18.36,0.5342,0.5627,0.4605,13.22,1.92,0,0
CAFE-003020,18.0,2,6,14.83,0.5489,0.7666,0.4444,10.68,1.67,0,1
CAFE-003021,35.2,1,2,11.63,0.2787,0.4153,0.646,8.37,0.92,1,0
CAFE-003022,41.6,0,2,8.14,0.1194,0.2855,0.2748,5.86,0.5,0,0
CAFE-003023,13.3,1,2,19.81,0.4787,0.3974,0.3437,14.26,2.12,0,0
CAFE-003024,14.8,1,3,11.05,0.122,0.5497,0.6297,7.96,0.78,0,0
CAFE-003025,34.0,2,4,12.3,0.4799,0.2451,0.2464,8.86,1.23,0,0
CAFE-003026,27.0,0,9,19.58,0.8253,0.6093,0.2357,14.1,2.68,0,1
CAFE-003027,24.3,2,5,14.88,0.6291,0.3432,0.2409,10.71,1.76,0,0
CAFE-003028,15.0,0,6,17.05,0.5561,0.6967,0.6699,12.28,1.95,0,0
CAFE-003029,28.8,3,6,13.32,0.5871,0.8975,0.4451,9.59,1.5,1,0
CAFE-003030,26.6,1,5,11.97,0.3538,0.6284,0.6009,8.62,1.07,0,0
CAFE-003031,15.1,2,8,20.58,0.8069,0.615,0.6882,14.82,2.87,1,0
CAFE-003032,30.3,3,5,16.8,0.8964,0.3481,0.8372,12.1,2.4,1,1
CAFE-003033,21.1,1,6,11.9,0.3668,0.5214,0.2957,8.57,1.11,1,0
CAFE-003034,10.6,1,7,17.31,0.6111,0.491,0.1754,12.46,2.1,0,0
CAFE-003035,32.7,1,4,15.45,0.4604,0.8633,0.5412,11.12,1.52,0,0
CAFE-003036,1.4,1,6,16.07,0.5755,0.5852,0.6457,11.57,1.95,0,1
CAFE-003037,37.0,1,1,11.34,0.2149,0.4055,0.4824,8.16,0.82,1,0
CAFE-003038,42.2,0,0,12.0,0.0775,0.2743,0.645,8.64,0.68,0,0
CAFE-003039,17.5,5,7,15.98,0.6925,0.6896,0.2187,11.51,2.03,0,1
CAFE-003040,51.5,0,2,13.84,0.383,0.4651,0.6579,9.96,1.16,0,0
CAFE-003041,5.6,2,3,12.51,0.4446,0.5788,0.611,9.01,1.33,0,0
CAFE-003042,22.3,0,2,9.84,0.18,0.8424,0.3519,7.08,0.73,1,1
CAFE-003043,67.1,8,5,20.39,0.869,0.3885,0.2654,14.68,2.58,0,0
CAFE-003044,43.4,2,5,9.47,0.6113,0.6203,0.6594,6.82,1.04,0,0
CAFE-003045,2.6,3,2,23.17,0.83,0.5718,0.5118,16.68,3.38,0,0
CAFE-003046,52.9,1,5,13.71,0.4058,0.2664,0.3247,9.87,1.17,0,0
CAFE-003047,32.4,1,4,9.14,0.3958,0.2105,0.2173,6.58,0.84,1,0
CAFE-003048,32.0,1,3,9.51,0.195,0.3261,0.2368,6.85,0.68,0,0
CAFE-003049,9.4,5,8,10.95,0.8021,0.4635,0.785,7.88,1.54,1,0
CAFE-003050,13.4,3,0,7.77,0.2959,0.4591,0.2742,5.59,0.69,0,0
CAFE-003051,32.7,1,4,14.36,0.4506,0.1919,0.237,10.34,1.4,1,0
CAFE-003052,47.3,0,2,14.89,0.4527,0.5889,0.449,10.72,1.37,0,0
CAFE-003053,5.5,1,6,12.38,0.4356,0.545,0.454,8.91,1.31,0,0
CAFE-003054,41.7,1,5,13.72,0.3295,0.5838,0.4973,9.88,1.12,1,1
CAFE-003055,2.2,1,5,14.84,0.5273,0.6161,0.7483,10.68,1.72,0,1
CAFE-003056,14.2,2,4,17.13,0.7467,0.1955,0.5812,12.33,2.29,0,0
CAFE-003057,44.8,6,6,20.56,0.728,0.3393,0.334,14.8,2.48,0,1
CAFE-003058,17.2,4,5,17.91,0.7091,0.4273,0.6698,12.9,2.31,0,0
CAFE-003059,49.5,0,1,5.0,0.026,0.6057,0.1687,3.6,0.24,0,0
CAFE-003060,18.4,2,4,18.43,0.6576,0.5162,0.1274,13.27,2.27,1,0
CAFE-003061,48.9,1,1,13.47,0.1047,0.2945,0.1786,9.7,0.77,0,0
CAFE-003062,94.9,2,4,12.0,0.2739,0.6835,0.6292,8.64,0.69,0,0
CAFE-003063,21.5,2,3,16.24,0.5041,0.2999,0.7885,11.69,1.73,0,0
CAFE-003064,43.0,0,4,18.81,0.5348,0.5666,0.807,13.54,1.92,0,0
CAFE-003065,17.3,4,2,19.49,0.7208,0.4528,0.8401,14.03,2.53,0,0
CAFE-003066,28.8,3,3,19.33,0.5677,0.2422,0.8509,13.92,2.13,0,0
CAFE-003067,13.9,4,2,12.88,0.4856,0.2909,0.4935,9.27,1.39,0,0
CAFE-003068,9.5,2,3,17.94,0.7811,0.5502,0.6559,12.92,2.49,0,1
CAFE-003069,2.5,1,7,18.25,0.6553,0.6738,0.8831,13.14,2.35,0,0
CAFE-003070,25.7,2,4,9.97,0.4834,0.4269,0.5708,7.18,1.03,0,0
CAFE-003071,33.6,2,1,15.19,0.2806,0.5168,0.2736,10.94,1.21,0,0
CAFE-003072,5.2,5,9,14.49,0.907,0.254,0.2813,10.43,2.21,1,1
CAFE-003073,75.3,2,0,10.61,0.1424,0.6304,0.2115,7.64,0.54,1,0
CAFE-003074,27.4,3,5,19.63,0.8542,0.8247,0.4879,14.13,2.74,0,0
CAFE-003075,13.6,3,2,14.71,0.4203,0.6312,0.6581,10.59,1.49,1,0
CAFE-003076,19.7,1,6,15.78,0.4901,0.7163,0.1422,11.36,1.67,1,0
CAFE-003077,16.2,1,3,12.51,0.419,0.2972,0.8125,9.01,1.25,0,0
CAFE-003078,32.9,2,2,12.9,0.5361,0.5395,0.7841,9.29,1.36,0,1
CAFE-003079,62.0,1,4,13.21,0.3419,0.3269,0.2939,9.51,1.0,0,0
CAFE-003080,5.7,3,2,16.51,0.4687,0.229,0.745,11.89,1.8,0,1
CAFE-003081,29.6,4,4,13.4,0.5498,0.2959,0.2455,9.65,1.45,0,0
CAFE-003082,34.9,1,6,18.99,0.6197,0.7815,0.4254,13.67,2.15,0,1
CAFE-003083,22.9,3,2,11.74,0.3247,0.384,0.326,8.45,1.04,1,0
CAFE-003084,44.0,2,4,13.63,0.73,0.3577,0.6189,9.81,1.65,1,0
CAFE-003085,45.0,5,3,15.56,0.6932,0.4293,0.4951,11.2,1.82,0,0
CAFE-003086,8.9,1,8,13.01,0.4322,0.5165,0.5769,9.37,1.35,0,0
CAFE-003087,33.7,2,4,12.21,0.4244,0.4407,0.8256,8.79,1.15,0,0
CAFE-003088,14.2,4,15,17.73,0.6468,0.462,0.7117,12.77,2.19,0,0
CAFE-003089,14.9,5,11,16.15,0.5997,0.3704,0.6173,11.63,1.92,0,0
CAFE-003090,51.8,4,4,16.91,0.4004,0.577,0.2982,12.18,1.44,1,1
CAFE-003091,18.7,1,0,11.9,0.0776,0.2893,0.6893,8.57,0.77,0,0
CAFE-003092,27.7,6,2,18.59,0.4799,0.1922,0.4143,13.38,1.9,0,1
CAFE-003093,8.5,3,2,16.06,0.3666,0.6216,0.6713,11.56,1.57,0,1
CAFE-003094,6.9,3,5,14.58,0.6292,0.306,0.4349,10.5,1.81,0,1
CAFE-003095,9.3,5,5,21.21,0.7545,0.2038,0.3842,15.27,2.89,0,0
CAFE-003096,6.0,6,3,18.06,0.8567,0.141,0.6172,13.0,2.66,0,1
CAFE-003097,30.0,3,2,10.66,0.2098,0.5932,0.6684,7.68,0.79,0,1
CAFE-003098,14.1,2,4,14.6,0.49,0.4836,0.5915,10.51,1.58,0,0
CAFE-003099,9.7,1,2,13.14,0.2439,0.376,0.5166,9.46,1.12,1,0
CAFE-003100,48.6,2,8,10.13,0.4266,0.526,0.1056,7.29,0.9,0,0
CAFE-003101,15.9,2,7,20.21,0.8975,0.7154,0.8583,14.55,2.99,0,0
CAFE-003102,24.1,3,9,17.81,0.7917,0.2821,0.8373,12.82,2.4,0,0
CAFE-003103,37.9,0,3,12.74,0.1081,0.275,0.4582,9.17,0.78,1,0
CAFE-003104,25.8,4,11,17.43,0.7896,0.5452,0.4296,12.55,2.33,0,1
CAFE-003105,24.0,1,0,13.56,0.4393,0.1539,0.5665,9.76,1.35,0,0
CAFE-003106,6.0,2,11,17.12,0.6842,0.4309,0.2742,12.33,2.23,1,0
CAFE-003107,24.9,1,9,14.08,0.6051,0.5289,0.3631,10.14,1.63,0,0
CAFE-003108,24.9,0,2,8.89,0.2611,0.4781,0.3099,6.4,0.72,0,0
CAFE-003109,20.3,2,3,17.01,0.7548,0.5421,0.834,12.25,2.25,0,1
CAFE-003110,30.7,2,11,14.55,0.6535,0.3769,0.5291,10.48,1.72,0,0
CAFE-003111,16.3,1,6,15.33,0.5438,0.5804,0.3258,11.04,1.72,0,1
CAFE-003112,65.2,1,0,16.84,0.4646,0.4592,0.4586,12.12,1.46,0,0
CAFE-003113,27.1,5,5,13.8,0.3832,0.8945,0.7605,9.94,1.28,1,1
CAFE-003114,17.6,5,3,15.64,0.6158,0.8202,0.2948,11.26,1.86,1,0
CAFE-003115,26.9,2,1,10.04,0.2335,0.848,0.5397,7.23,0.78,0,0
CAFE-003116,37.2,1,0,13.05,0.3934,0.2869,0.3709,9.4,1.17,0,0
CAFE-003117,38.4,4,6,16.14,0.5227,0.7549,0.3293,11.62,1.65,0,1
CAFE-003118,66.5,4,4,12.34,0.4128,0.7332,0.2925,8.88,1.0,0,0
CAFE-003119,20.4,5,5,17.26,0.5869,0.317,0.5277,12.43,1.99,0,1
CAFE-003120,39.0,4,5,9.99,0.3941,0.2666,0.3804,7.19,0.89,0,0
CAFE-003121,51.5,4,9,14.89,0.5685,0.6872,0.8988,10.72,1.52,0,1
CAFE-003122,10.2,3,2,18.74,0.5682,0.6658,0.4713,13.49,2.2,0,0
CAFE-003123,56.6,2,3,11.71,0.3739,0.5189,0.4927,8.43,0.95,0,0
CAFE-003124,2.1,1,8,13.93,0.7142,0.5092,0.5107,10.03,1.88,0,1
CAFE-003125,8.0,3,5,15.51,0.5625,0.1642,0.5551,11.17,1.82,0,1
CAFE-003126,13.7,3,5,16.96,0.6357,0.5235,0.689,12.21,2.08,0,0
CAFE-003127,14.6,3,8,16.92,0.679,0.3193,0.3859,12.18,2.14,0,0
CAFE-003128,47.9,3,3,16.95,0.6524,0.5458,0.6073,12.2,1.9,1,0
CAFE-003129,12.3,5,3,14.89,0.4579,0.306,0.3712,10.72,1.57,1,0
CAFE-003130,11.6,1,5,11.02,0.4017,0.5566,0.4609,7.93,1.1,0,0
CAFE-003131,56.6,1,0,14.26,0.2263,0.6906,0.5416,10.27,0.94,0,0
CAFE-003132,33.3,1,3,14.46,0.3306,0.7864,0.2515,10.41,1.23,1,0
CAFE-003133,48.9,4,3,14.02,0.485,0.4866,0.6324,10.09,1.33,0,0
CAFE-003134,39.5,2,6,15.86,0.6164,0.2851,0.4314,11.42,1.77,0,0
CAFE-003135,16.5,4,4,18.89,0.8408,0.2508,0.572,13.6,2.69,1,1
CAFE-003136,13.1,0,4,9.89,0.0582,0.4179,0.3787,7.12,0.64,0,0
CAFE-003137,6.5,0,2,5.9,0.0962,0.3708,0.7868,4.25,0.42,0,0
CAFE-003138,23.9,2,3,13.15,0.1484,0.6072,0.3941,9.47,0.92,0,0
CAFE-003139,8.0,3,8,16.5,0.821,0.6266,0.6758,11.88,2.36,0,0
CAFE-003140,18.3,4,10,12.86,0.6991,0.3394,0.5004,9.26,1.64,1,0
CAFE-003141,13.5,3,3,13.1,0.5267,0.2703,0.4401,9.43,1.46,0,0
CAFE-003142,53.9,4,2,11.58,0.4608,0.5144,0.6897,8.34,1.05,1,0
CAFE-003143,2.2,2,8,21.02,0.7684,0.4626,0.4553,15.13,2.94,0,0
CAFE-003144,4.2,2,4,14.34,0.3297,0.4525,0.5499,10.32,1.37,0,0
CAFE-003145,57.6,1,0,6.0,0.1603,0.8301,0.2396,4.32,0.36,0,0
CAFE-003146,28.9,6,4,15.91,0.848,0.1811,0.4141,11.46,2.2,0,0
CAFE-003147,6.5,4,3,19.22,0.5709,0.3643,0.5217,13.84,2.28,1,0
CAFE-003148,110.1,1,2,14.47,0.3488,0.5392,0.3761,10.42,0.86,0,0
CAFE-003149,59.7,4,3,14.71,0.4524,0.3967,0.5441,10.59,1.29,0,1
CAFE-003150,5.2,6,8,19.22,0.7772,0.422,0.4496,13.84,2.69,0,0
CAFE-003151,23.7,1,4,18.94,0.6668,0.5977,0.5673,13.64,2.31,0,1
CAFE-003152,22.7,2,2,9.92,0.3763,0.493,0.2925,7.14,0.93,0,1
CAFE-003153,27.7,1,1,8.92,0.3152,0.1199,0.6501,6.42,0.76,0,0
CAFE-003154,5.7,4,7,17.25,0.8008,0.6711,0.8207,12.42,2.45,1,0
CAFE-003155,26.5,4,8,12.54,0.6661,0.2201,0.6836,9.03,1.52,0,1
CAFE-003156,13.2,1,3,14.54,0.6724,0.4911,0.5685,10.47,1.84,0,0
CAFE-003157,6.3,0,5,13.33,0.3229,0.3065,0.5433,9.6,1.25,0,0
CAFE-003158,45.5,3,1,9.92,0.1462,0.5693,0.5287,7.14,0.62,0,0
CAFE-003159,20.1,1,7,16.34,0.3864,0.6965,0.467,11.76,1.56,0,0
CAFE-003160,72.4,1,7,14.15,0.4916,0.3276,0.77,10.19,1.23,0,0
CAFE-003161,30.3,1,7,15.44,0.7369,0.2689,0.786,11.12,1.96,0,1
CAFE-003162,13.7,3,4,16.46,0.5763,0.6761,0.4334,11.85,1.92,0,0
CAFE-003163,30.1,0,1,8.88,0.0802,0.5097,0.5914,6.39,0.54,0,0
CAFE-003164,20.7,2,9,17.27,0.6837,0.3954,0.5005,12.43,2.16,0,0
CAFE-003165,39.5,2,4,16.46,0.4507,0.4136,0.5376,11.85,1.56,0,0
CAFE-003166,21.2,0,2,9.86,0.3091,0.4627,0.3532,7.1,0.86,0,0
CAFE-003167,48.2,3,2,14.8,0.6664,0.6312,0.4736,10.66,1.68,0,0
CAFE-003168,13.3,7,8,18.17,0.9401,0.4119,0.816,13.08,2.78,1,1
CAFE-003169,0.7,5,8,18.75,0.753,0.6398,0.5982,13.5,2.61,0,0
CAFE-003170,25.3,6,3,18.3,0.7856,0.1745,0.7704,13.18,2.44,0,1
CAFE-003171,13.9,2,4,13.66,0.3009,0.3816,0.5735,9.84,1.22,0,0
CAFE-003172,19.6,7,7,10.14,0.5422,0.7782,0.4282,7.3,1.13,0,0
CAFE-003173,19.9,1,3,9.53,0.0947,0.9102,0.3343,6.86,0.63,0,0
CAFE-003174,16.8,2,3,18.07,0.4888,0.4247,0.2615,13.01,1.93,0,0
CAFE-003175,12.5,3,3,16.36,0.5822,0.0995,0.2681,11.78,1.93,0,0
CAFE-003176,8.7,1,2,16.61,0.6859,0.2422,0.7995,11.96,2.15,0,1
CAFE-003177,44.1,4,2,15.51,0.6196,0.352,0.7983,11.17,1.71,0,0
CAFE-003178,11.9,3,6,13.92,0.6395,0.1407,0.3057,10.02,1.72,0,0
CAFE-003179,28.9,4,2,15.1,0.3477,0.8673,0.4237,10.87,1.33,0,0
CAFE-003180,50.4,1,2,11.61,0.3829,0.5365,0.5166,8.36,0.98,0,0
CAFE-003181,58.6,1,3,13.24,0.5543,0.3104,0.7129,9.53,1.3,0,0
CAFE-003182,31.1,1,5,10.87,0.4869,0.5344,0.4809,7.83,1.1,0,0
CAFE-003183,6.4,1,3,16.37,0.9586,0.3738,0.5567,11.79,2.58,1,0
CAFE-003184,0.5,2,5,17.27,0.7139,0.3586,0.2462,12.43,2.34,1,0
CAFE-003185,30.0,2,4,12.3,0.3584,0.7376,0.5973,8.86,1.1,0,0
CAFE-003186,10.0,4,6,16.62,0.6825,0.536,0.3706,11.97,2.14,0,0
CAFE-003187,20.6,2,2,9.66,0.0931,0.7492,0.6672,6.96,0.64,1,1
CAFE-003188,11.3,3,5,12.61,0.5703,0.2805,0.5826,9.08,1.47,1,0
CAFE-003189,18.7,1,3,12.81,0.2806,0.2613,0.3125,9.22,1.09,0,0
CAFE-003190,9.0,2,2,12.66,0.5871,0.4533,0.6256,9.12,1.51,1,0
CAFE-003191,34.3,2,2,15.68,0.5506,0.3768,0.7155,11.29,1.67,0,0
CAFE-003192,28.3,2,5,20.29,0.7735,0.295,0.5503,14.61,2.66,1,1
CAFE-003193,12.9,6,7,17.62,0.6116,0.5136,0.8547,12.69,2.12,1,0
CAFE-003194,65.6,1,2,5.0,0.0611,0.6124,0.465,3.6,0.23,1,0
CAFE-003195,42.9,0,1,12.79,0.2551,0.6258,0.2877,9.21,0.95,1,0
CAFE-003196,38.0,4,3,7.19,0.5021,0.615,0.866,5.18,0.72,0,0
CAFE-003197,8.2,2,6,15.97,0.6795,0.5824,0.882,11.5,2.06,1,0
CAFE-003198,46.9,1,1,14.66,0.3904,0.754,0.8399,10.56,1.26,0,0
CAFE-003199,15.5,2,5,15.04,0.4963,0.4306,0.3985,10.83,1.63,1,0
CAFE-003200,32.3,1,4,14.39,0.4494,0.5577,0.1427,10.36,1.4,0,0
CAFE-003201,17.5,0,4,15.89,0.4707,0.5541,0.4601,11.44,1.66,0,0
CAFE-003202,29.5,3,3,16.75,0.5642,0.5966,0.4812,12.06,1.84,0,0
CAFE-003203,7.0,1,1,13.16,0.0347,0.6247,0.407,9.48,0.85,0,0
CAFE-003204,12.2,4,5,18.34,0.7852,0.7406,0.6477,13.2,2.53,0,0
CAFE-003205,62.8,1,2,10.79,0.2896,0.2455,0.6779,7.77,0.76,0,0
CAFE-003206,12.0,2,4,15.39,0.4682,0.28,0.7961,11.08,1.64,0,1
CAFE-003207,9.8,3,5,16.57,0.7963,0.0592,0.4579,11.93,2.32,0,0
CAFE-003208,19.4,4,4,8.4,0.2604,0.2341,0.6626,6.05,0.7,1,1
CAFE-003209,43.8,1,2,11.03,0.2095,0.7821,0.6817,7.94,0.76,0,0
CAFE-003210,19.8,5,5,15.56,0.6684,0.2647,0.2368,11.2,1.92,1,0
CAFE-003211,11.2,0,1,10.45,0.349,0.3105,0.4596,7.52,0.99,1,0
CAFE-003212,14.6,3,4,20.54,0.5567,0.392,0.1806,14.79,2.35,0,1
CAFE-003213,33.9,5,8,18.71,0.4017,0.5544,0.2962,13.47,1.72,0,0
CAFE-003214,12.4,4,8,14.35,0.7568,0.2335,0.6616,10.33,1.94,0,0
CAFE-003215,30.8,1,1,7.22,0.2218,0.6524,0.5429,5.2,0.54,1,0
CAFE-003216,3.9,2,4,18.06,0.6991,0.1874,0.841,13.0,2.39,0,1
CAFE-003217,7.5,2,3,15.28,0.6325,0.4202,0.6769,11.0,1.9,1,0
CAFE-003218,14.3,1,7,13.47,0.4383,0.7196,0.0922,9.7,1.38,1,1
CAFE-003219,51.2,2,1,9.32,0.0386,0.4355,0.3637,6.71,0.46,0,0
CAFE-003220,35.7,0,3,10.14,0.2678,0.2457,0.3645,7.3,0.79,0,0
CAFE-003221,109.6,1,1,6.12,0.0899,0.5805,0.5362,4.41,0.24,0,0
CAFE-003222,14.2,3,6,16.21,0.6569,0.1536,0.5389,11.67,2.02,0,0
CAFE-003223,2.9,1,3,20.47,0.6479,0.6616,0.4485,14.74,2.61,1,0
CAFE-003224,27.7,6,1,22.02,0.9099,0.3322,0.6827,15.85,3.19,0,0
CAFE-003225,31.0,1,4,17.01,0.6059,0.419,0.2975,12.25,1.93,0,0
CAFE-003226,5.2,1,1,12.21,0.213,0.3475,0.409,8.79,1.02,0,0
CAFE-003227,27.2,1,6,17.98,0.639,0.6037,0.5278,12.95,2.12,1,1
CAFE-003228,10.5,2,7,16.21,0.5406,0.3434,0.7687,11.67,1.85,1,0
CAFE-003229,33.8,5,5,17.76,0.5931,0.2291,0.5755,12.79,1.97,0,0
CAFE-003230,46.4,3,3,14.75,0.5163,0.7401,0.5185,10.62,1.46,0,1
CAFE-003231,81.7,2,3,12.46,0.7639,0.4091,0.6062,8.97,1.38,1,0
CAFE-003232,40.1,2,3,11.33,0.3205,0.6903,0.6584,8.16,0.92,0,0
CAFE-003233,5.8,3,6,19.83,0.6105,0.3195,0.4871,14.28,2.44,0,0
CAFE-003234,16.0,3,2,13.08,0.3975,0.5859,0.641,9.42,1.28,0,0
CAFE-003235,15.7,3,1,15.54,0.443,0.3736,0.3314,11.19,1.6,0,0
CAFE-003236,5.0,3,3,12.7,0.4481,0.6085,0.2884,9.14,1.36,1,0
CAFE-003237,8.0,1,1,17.83,0.5079,0.4963,0.1926,12.84,2.0,1,0
CAFE-003238,32.0,2,4,17.6,0.5539,0.714,0.3011,12.67,1.9,1,0
CAFE-003239,2.3,2,5,15.22,0.6094,0.6054,0.7207,10.96,1.89,0,0
CAFE-003240,24.5,2,1,18.01,0.5262,0.5635,0.4953,12.97,1.94,1,0
CAFE-003241,19.3,2,8,20.24,0.5197,0.4937,0.5253,14.57,2.21,0,0
CAFE-003242,10.0,4,0,15.04,0.5257,0.5074,0.5952,10.83,1.7,1,1
CAFE-003243,12.4,0,7,14.16,0.2137,0.4575,0.4117,10.2,1.15,1,0
CAFE-003244,17.7,0,9,13.01,0.4072,0.5878,0.902,9.37,1.28,0,0
CAFE-003245,7.9,3,5,13.6,0.5531,0.5155,0.4644,9.79,1.58,1,1
CAFE-003246,22.4,8,11,22.66,0.8885,0.2198,0.3228,16.32,3.28,0,0
CAFE-003247,59.5,0,3,8.95,0.2272,0.5518,0.2045,6.44,0.58,0,0
CAFE-003248,9.1,1,4,13.89,0.5472,0.4074,0.4,10.0,1.6,0,0
CAFE-003249,41.6,4,8,21.08,0.7563,0.3544,0.2865,15.18,2.63,0,1
CAFE-003250,8.1,2,2,10.56,0.3894,0.6514,0.37,7.6,1.06,0,0
CAFE-003251,8.0,1,1,7.96,0.3729,0.5699,0.5724,5.73,0.78,0,1
CAFE-003252,28.9,3,4,17.34,0.6704,0.5852,0.227,12.48,2.09,0,0
CAFE-003253,5.8,0,3,13.2,0.6564,0.3566,0.482,9.5,1.68,0,0
CAFE-003254,17.0,5,8,21.9,0.9082,0.3401,0.9136,15.77,3.26,1,1
CAFE-003255,8.3,2,5,20.31,0.5638,0.1311,0.8241,14.62,2.38,1,0
CAFE-003256,46.2,2,8,19.69,0.6444,0.2703,0.2697,14.18,2.2,0,0
CAFE-003257,48.0,3,4,11.49,0.4038,0.2632,0.3888,8.27,1.0,0,0
CAFE-003258,38.2,1,7,18.08,0.5409,0.3347,0.6994,13.02,1.89,0,0
CAFE-003259,12.8,2,3,6.54,0.1017,0.748,0.4521,4.71,0.45,0,0
CAFE-003260,47.1,3,10,19.01,0.7461,0.2916,0.2682,13.69,2.31,1,0
CAFE-003261,45.8,1,2,11.6,0.4401,0.3633,0.3511,8.35,1.06,1,0
CAFE-003262,10.4,5,6,15.22,0.7944,0.3973,0.3697,10.96,2.13,0,1
CAFE-003263,58.2,2,0,8.49,0.3851,0.2296,0.2001,6.11,0.69,0,0
CAFE-003264,18.1,4,0,16.39,0.3897,0.8747,0.2606,11.8,1.58,0,0
CAFE-003265,4.5,5,11,19.19,0.7327,0.1228,0.4373,13.82,2.6,0,1
CAFE-003266,2.3,2,4,21.37,0.6439,0.5494,0.2535,15.39,2.73,1,0
CAFE-003267,14.0,1,5,17.05,0.8215,0.8133,0.5801,12.28,2.41,0,0
CAFE-003268,42.7,4,3,13.29,0.4775,0.6383,0.4788,9.57,1.28,0,0
CAFE-003269,18.1,2,3,17.31,0.7644,0.3446,0.6208,12.46,2.32,0,0
CAFE-003270,5.5,2,5,16.38,0.4146,0.3475,0.527,11.79,1.7,1,1
CAFE-003271,29.0,5,4,18.09,0.9023,0.139,0.3,13.02,2.6,0,1
CAFE-003272,25.1,4,8,19.48,0.8006,0.3102,0.6667,14.03,2.63,0,0
CAFE-003273,9.6,5,2,14.65,0.479,0.313,0.6463,10.55,1.59,1,0
CAFE-003274,29.9,0,5,15.91,0.5843,0.6621,0.6039,11.46,1.78,0,1
CAFE-003275,7.0,1,4,15.27,0.4436,0.3638,0.6429,10.99,1.62,0,0
CAFE-003276,74.5,2,7,12.2,0.26,0.4775,0.5546,8.78,0.77,0,0
CAFE-003277,32.2,0,4,18.04,0.6818,0.4205,0.6632,12.99,2.18,1,0
CAFE-003278,26.6,0,5,13.93,0.4309,0.6066,0.6039,10.03,1.36,1,0
CAFE-003279,8.4,1,7,19.44,0.5947,0.5234,0.9068,14.0,2.34,0,0
CAFE-003280,7.5,1,6,10.31,0.3412,0.4975,0.2803,7.42,0.98,0,0
CAFE-003281,35.4,0,1,5.12,0.1493,0.4593,0.4436,3.69,0.34,0,0
CAFE-003282,21.1,0,3,10.3,0.6099,0.7788,0.362,7.42,1.21,1,1
CAFE-003283,14.6,2,3,11.68,0.5207,0.2833,0.2726,8.41,1.29,0,0
CAFE-003284,16.1,1,1,14.23,0.5062,0.1124,0.3949,10.25,1.55,1,0
CAFE-003285,38.9,3,6,17.47,0.7395,0.7643,0.6224,12.58,2.17,0,0
CAFE-003286,4.9,3,3,18.03,0.6678,0.8172,0.5634,12.98,2.33,0,0
CAFE-003287,68.8,0,1,5.17,0.1328,0.4102,0.3207,3.72,0.27,0,0
CAFE-003288,46.5,1,1,8.37,0.2697,0.189,0.8063,6.03,0.62,0,0
CAFE-003289,50.9,1,4,13.42,0.3055,0.6236,0.516,9.66,1.02,0,0
CAFE-003290,13.2,3,1,7.89,0.1302,0.5796,0.3794,5.68,0.57,0,0
CAFE-003291,28.1,3,2,10.36,0.4156,0.4353,0.2719,7.46,0.99,0,0
CAFE-003292,14.8,5,9,21.41,0.7069,0.2297,0.5582,15.42,2.77,0,0
CAFE-003293,6.0,1,2,9.9,0.4363,0.3976,0.1993,7.13,1.04,1,0
CAFE-003294,32.5,3,4,14.77,0.3847,0.6845,0.1907,10.63,1.34,0,0
CAFE-003295,19.7,1,5,8.42,0.4173,0.7643,0.8433,6.06,0.83,0,0
CAFE-003296,39.7,0,8,11.27,0.5674,0.8662,0.6146,8.11,1.2,0,0
CAFE-003297,29.5,7,9,15.64,0.7963,0.3965,0.5372,11.26,2.08,1,0
CAFE-003298,8.0,3,3,15.36,0.4913,0.4982,0.4614,11.06,1.69,0,0
CAFE-003299,17.3,2,4,13.61,0.5939,0.4994,0.1681,9.8,1.59,1,0
CAFE-003300,15.0,2,12,16.92,0.7848,0.3449,0.5387,12.18,2.32,0,0
CAFE-003301,51.1,3,4,16.11,0.4578,0.3112,0.1925,11.6,1.47,0,0
CAFE-003302,29.7,2,5,22.74,0.8786,0.1829,0.74,16.37,3.21,1,0
CAFE-003303,39.4,3,0,13.41,0.4617,0.5675,0.5361,9.66,1.29,0,0
CAFE-003304,5.6,1,3,11.32,0.2062,0.4085,0.4763,8.15,0.94,0,0
CAFE-003305,20.4,0,3,17.9,0.5414,0.5328,0.3817,12.89,1.98,0,0
CAFE-003306,12.5,2,4,13.66,0.2933,0.6642,0.8018,9.84,1.21,0,0
CAFE-003307,17.1,2,3,12.25,0.2636,0.6022,0.4946,8.82,1.03,0,1
CAFE-003308,25.1,5,6,17.09,0.679,0.3791,0.2511,12.3,2.1,0,0
CAFE-003309,7.3,1,9,16.53,0.4952,0.6748,0.352,11.9,1.83,1,0
CAFE-003310,25.8,3,6,17.09,0.937,0.5683,0.3884,12.3,2.54,1,1
CAFE-003311,24.5,0,3,8.9,0.2053,0.486,0.19,6.41,0.67,0,0
CAFE-003312,57.9,2,2,12.49,0.2738,0.6015,0.6887,8.99,0.88,1,0
CAFE-003313,20.0,3,8,17.53,0.6085,0.6069,0.5274,12.62,2.06,0,0
CAFE-003314,24.6,1,4,12.66,0.2145,0.6193,0.5147,9.12,0.97,0,0
CAFE-003315,15.1,3,4,13.95,0.5601,0.7011,0.224,10.04,1.6,1,0
CAFE-003316,53.3,2,4,10.98,0.2624,0.4622,0.1301,7.91,0.78,0,0
CAFE-003317,24.1,5,9,17.95,0.8112,0.2983,0.3085,12.92,2.45,1,0
CAFE-003318,46.5,1,2,14.43,0.428,0.6431,0.4639,10.39,1.3,0,0
CAFE-003319,1.2,1,3,14.53,0.3883,0.3242,0.8128,10.46,1.49,0,0
CAFE-003320,9.6,1,2,13.29,0.4505,0.6758,0.5686,9.57,1.4,0,0
CAFE-003321,43.5,2,5,13.52,0.4065,0.5114,0.3766,9.73,1.2,0,0
CAFE-003322,33.9,3,0,7.35,0.2022,0.2175,0.5577,5.29,0.53,1,1
CAFE-003323,48.1,1,5,13.79,0.3657,0.3069,0.134,9.93,1.15,0,0
CAFE-003324,52.7,1,1,5.64,0.1423,0.6513,0.7551,4.06,0.33,0,1
CAFE-003325,52.0,0,4,9.0,0.2332,0.1691,0.6805,6.48,0.62,0,0
CAFE-003326,26.3,1,4,14.28,0.6275,0.4415,0.4537,10.28,1.67,1,1
CAFE-003327,9.6,1,3,13.11,0.4484,0.2975,0.4138,9.44,1.38,0,1
CAFE-003328,42.2,3,3,14.6,0.7842,0.6077,0.3137,10.51,1.86,0,0
CAFE-003329,5.9,0,1,11.18,0.2143,0.8171,0.1887,8.05,0.93,0,0
CAFE-003330,20.3,3,5,17.0,0.8484,0.5233,0.6025,12.24,2.41,1,0
CAFE-003331,15.7,1,4,18.02,0.4717,0.5683,0.7447,12.97,1.9,1,0
CAFE-003332,20.0,3,3,17.69,0.7694,0.3616,0.5682,12.74,2.37,0,0
CAFE-003333,15.3,3,4,15.2,0.493,0.7768,0.7273,10.94,1.64,0,0
CAFE-003334,14.6,4,9,18.55,0.7969,0.1594,0.1808,13.36,2.57,0,0
CAFE-003335,30.6,3,6,17.92,0.7011,0.6752,0.5884,12.9,2.21,0,0
CAFE-003336,22.7,4,2,17.48,0.4516,0.5853,0.5865,12.59,1.77,0,1
CAFE-003337,46.0,2,4,14.17,0.4786,0.7208,0.5828,10.2,1.35,0,0
CAFE-003338,75.7,1,2,10.08,0.1303,0.4518,0.371,7.26,0.5,0,0
CAFE-003339,3.0,3,5,11.91,0.6165,0.2964,0.7838,8.58,1.48,1,1
CAFE-003340,16.4,3,2,14.4,0.3561,0.7851,0.3497,10.37,1.35,1,1
CAFE-003341,44.5,3,4,18.27,0.73,0.2449,0.5203,13.15,2.21,0,0
CAFE-003342,15.4,3,6,19.22,0.8194,0.752,0.6719,13.84,2.7,1,1
CAFE-003343,27.6,4,4,14.08,0.5845,0.4991,0.489,10.14,1.58,1,1
CAFE-003344,14.0,1,1,11.23,0.2118,0.4729,0.1497,8.09,0.9,0,0
CAFE-003345,20.4,3,3,12.92,0.3438,0.4846,0.4143,9.3,1.18,0,1
CAFE-003346,22.5,1,2,9.36,0.5087,0.2997,0.2899,6.74,1.0,0,0
CAFE-003347,24.5,5,7,17.36,0.7367,0.6651,0.7954,12.5,2.24,0,0
CAFE-003348,6.0,3,4,16.43,0.5171,0.7172,0.6223,11.83,1.87,1,0
CAFE-003349,116.5,3,8,20.09,0.6463,0.4829,0.595,14.46,1.74,0,0
CAFE-003350,33.2,1,5,12.47,0.3155,0.6864,0.5781,8.98,1.04,1,0
CAFE-003351,35.0,1,4,13.15,0.3129,0.2923,0.7234,9.47,1.09,0,0
CAFE-003352,58.1,0,12,16.7,0.7544,0.2532,0.3557,12.02,1.98,1,0
CAFE-003353,43.6,2,3,15.22,0.4494,0.8684,0.7276,10.96,1.42,0,1
CAFE-003354,13.8,3,6,17.51,0.5985,0.4076,0.1514,12.61,2.08,1,0
CAFE-003355,5.2,7,8,18.54,0.768,0.6457,0.6283,13.35,2.58,1,1
CAFE-003356,10.7,1,4,16.88,0.399,0.4618,0.3074,12.15,1.69,1,0
CAFE-003357,19.6,2,6,11.87,0.3715,0.3732,0.5458,8.55,1.12,1,0
CAFE-003358,13.1,3,5,12.93,0.2943,0.6362,0.4059,9.31,1.15,0,0
CAFE-003359,68.9,3,8,14.5,0.4924,0.2292,0.5478,10.44,1.28,0,0
CAFE-003360,48.4,0,5,13.87,0.3712,0.8226,0.4549,9.99,1.16,0,0
CAFE-003361,11.1,3,3,19.99,0.7144,0.7412,0.3501,14.39,2.63,0,0
CAFE-003362,46.3,0,5,14.32,0.5911,0.6127,0.5593,10.31,1.52,0,0
CAFE-003363,6.0,0,6,14.35,0.667,0.4758,0.2856,10.33,1.84,0,0
CAFE-003364,34.5,1,3,24.96,0.5209,0.272,0.3888,17.97,2.59,0,0
CAFE-003365,6.5,4,2,10.36,0.2118,0.3784,0.5726,7.46,0.86,0,0
CAFE-003366,20.1,1,6,13.63,0.6924,0.2682,0.6915,9.81,1.72,0,0
CAFE-003367,12.8,3,3,12.12,0.6157,0.4162,0.4451,8.73,1.47,0,1
CAFE-003368,42.5,1,4,13.26,0.4173,0.3819,0.5937,9.55,1.2,0,0
CAFE-003369,42.5,4,5,16.32,0.6016,0.5625,0.4572,11.75,1.78,0,0
CAFE-003370,22.5,3,3,10.45,0.3036,0.6844,0.5281,7.52,0.9,1,0
CAFE-003371,36.3,3,8,20.17,0.7068,0.2121,0.1982,14.52,2.45,0,0
CAFE-003372,37.3,4,9,16.39,0.8658,0.4299,0.6877,11.8,2.25,0,0
CAFE-003373,8.7,3,6,17.55,0.5123,0.6163,0.4241,12.64,1.97,0,0
CAFE-003374,2.9,4,2,17.04,0.5071,0.6626,0.5332,12.27,1.94,0,0
CAFE-003375,48.0,2,4,17.49,0.3655,0.6468,0.2924,12.59,1.46,1,1
CAFE-003376,42.4,2,6,17.21,0.6492,0.1312,0.2134,12.39,1.96,1,1
CAFE-003377,14.7,2,5,12.35,0.6154,0.4837,0.5223,8.89,1.49,0,0
CAFE-003378,13.9,5,6,15.25,0.5533,0.669,0.4605,10.98,1.74,0,0
CAFE-003379,11.6,3,7,19.19,0.9067,0.5976,0.8066,13.82,2.89,0,0
CAFE-003380,81.4,3,7,14.91,0.5535,0.2513,0.7687,10.74,1.34,0,0
CAFE-003381,46.8,2,1,13.82,0.3154,0.3584,0.4024,9.95,1.09,0,0
CAFE-003382,11.5,3,5,18.85,0.7685,0.8579,0.6545,13.57,2.58,0,1
CAFE-003383,22.7,2,5,14.87,0.5797,0.6204,0.551,10.71,1.69,0,0
CAFE-003384,32.8,1,9,17.69,0.6941,0.4014,0.3966,12.74,2.15,1,0
CAFE-003385,50.5,4,11,14.89,0.56,0.3576,0.4165,10.72,1.52,1,0
CAFE-003386,35.2,5,8,14.74,0.8265,0.1801,0.7434,10.61,1.97,0,0
CAFE-003387,6.2,2,4,14.54,0.6371,0.4564,0.6518,10.47,1.82,1,1
CAFE-003388,10.4,3,4,14.92,0.4284,0.6325,0.2663,10.74,1.54,0,0
CAFE-003389,3.9,4,9,14.93,0.8386,0.5003,0.5064,10.75,2.19,0,1
CAFE-003390,11.1,3,11,15.92,0.6019,0.4988,0.5645,11.46,1.91,0,0
CAFE-003391,26.9,4,5,14.3,0.5664,0.4568,0.3286,10.3,1.59,0,0
CAFE-003392,12.8,5,4,13.47,0.4153,0.4318,0.3217,9.7,1.36,0,0
CAFE-003393,23.8,2,2,11.61,0.1864,0.5189,0.6721,8.36,0.86,0,1
CAFE-003394,23.2,0,3,16.28,0.3793,0.6261,0.3106,11.72,1.52,0,0
CAFE-003395,32.0,1,1,11.14,0.328,0.1727,0.1378,8.02,0.95,0,0
CAFE-003396,43.1,3,5,14.12,0.4537,0.4433,0.366,10.17,1.33,0,1
CAFE-003397,47.2,2,3,14.17,0.5694,0.416,0.4245,10.2,1.47,0,0
CAFE-003398,4.8,4,7,19.88,0.8123,0.3632,0.1712,14.31,2.85,0,1
CAFE-003399,17.4,2,7,22.02,0.806,0.6511,0.8851,15.85,3.05,0,0
CAFE-003400,15.6,1,2,13.28,0.3565,0.7152,0.4667,9.56,1.25,0,0
CAFE-003401,35.7,1,3,11.76,0.2556,0.6894,0.3013,8.47,0.9,0,0
CAFE-003402,6.7,4,8,15.59,0.7488,0.7098,0.721,11.22,2.13,0,1
CAFE-003403,5.7,2,5,15.11,0.5498,0.3516,0.7003,10.88,1.77,0,0
CAFE-003404,21.2,1,2,7.87,0.1173,0.5902,0.095,5.67,0.54,0,0
CAFE-003405,52.9,0,8,8.87,0.4099,0.4876,0.8311,6.39,0.76,0,0
CAFE-003406,4.0,3,8,21.17,0.9313,0.7439,0.4195,15.24,3.3,0,1
CAFE-003407,41.7,2,2,13.81,0.4483,0.5008,0.5247,9.94,1.3,0,0
CAFE-003408,43.4,3,1,16.94,0.6902,0.6952,0.5056,12.2,1.99,0,0
CAFE-003409,38.0,1,0,9.55,0.0666,0.7551,0.288,6.88,0.54,0,0
CAFE-003410,12.6,0,1,8.81,0.4702,0.4757,0.5745,6.34,0.94,0,0
CAFE-003411,14.5,0,1,8.1,0.1136,0.3876,0.7541,5.83,0.57,0,0
CAFE-003412,8.5,4,3,16.46,0.5876,0.8009,0.6084,11.85,1.97,0,0
CAFE-003413,41.1,2,8,18.92,0.8879,0.4798,0.777,13.62,2.61,0,1
CAFE-003414,18.4,5,7,18.47,0.7278,0.1637,0.3206,13.3,2.4,1,1
CAFE-003415,11.8,2,2,12.17,0.4801,0.6844,0.8376,8.76,1.31,0,0
CAFE-003416,63.9,0,4,11.58,0.2405,0.38,0.5442,8.34,0.75,0,0
CAFE-003417,30.2,2,1,16.47,0.2532,0.4572,0.3626,11.86,1.29,0,0
CAFE-003418,10.8,3,7,13.73,0.6788,0.357,0.3133,9.89,1.76,0,1
CAFE-003419,38.4,2,7,20.7,0.7922,0.6027,0.1826,14.9,2.68,0,0
CAFE-003420,30.0,5,10,19.29,0.7907,0.619,0.2691,13.89,2.55,0,0
CAFE-003421,45.6,1,5,10.01,0.2843,0.2136,0.1535,7.21,0.76,1,0
CAFE-003422,15.1,4,9,22.82,0.8482,0.48,0.2074,16.43,3.27,0,0
CAFE-003423,27.2,0,4,11.14,0.4711,0.5751,0.2592,8.02,1.13,0,0
CAFE-003424,13.2,2,2,15.24,0.5431,0.59,0.5881,10.97,1.73,0,0
CAFE-003425,41.0,4,4,13.33,0.5404,0.456,0.3871,9.6,1.38,0,0
CAFE-003426,32.5,2,3,8.16,0.4731,0.5812,0.3754,5.88,0.81,0,0
CAFE-003427,52.0,2,7,10.09,0.3454,0.4407,0.662,7.26,0.81,1,0
CAFE-003428,95.3,3,4,14.41,0.4384,0.8182,0.3119,10.38,1.06,1,1
CAFE-003429,15.8,2,5,18.94,0.7843,0.2575,0.9087,13.64,2.59,0,1
CAFE-003430,11.6,1,4,12.23,0.1901,0.4495,0.5431,8.81,0.96,0,0
CAFE-003431,26.3,3,4,12.37,0.624,0.3977,0.2732,8.91,1.45,0,1
CAFE-003432,3.6,3,7,20.71,0.6289,0.1781,0.2768,14.91,2.6,1,1
CAFE-003433,13.5,6,12,18.06,0.8873,0.4313,0.8871,13.0,2.67,0,1
CAFE-003434,17.9,3,4,16.47,0.52,0.2293,0.5736,11.86,1.8,1,0
CAFE-003435,31.0,3,4,16.21,0.2694,0.2067,0.4255,11.67,1.29,0,0
CAFE-003436,56.3,1,0,6.5,0.0719,0.3486,0.1938,4.68,0.33,0,0
CAFE-003437,13.3,2,5,18.46,0.7651,0.3089,0.4506,13.29,2.51,0,0
CAFE-003438,10.9,1,4,16.34,0.5905,0.2536,0.2348,11.76,1.95,0,1
CAFE-003439,30.2,3,7,12.2,0.4364,0.4412,0.3991,8.78,1.18,0,0
CAFE-003440,20.9,1,1,10.61,0.2389,0.6019,0.5592,7.64,0.85,0,1
CAFE-003441,10.0,2,6,18.85,0.8168,0.5445,0.5136,13.57,2.68,0,1
CAFE-003442,55.2,0,1,8.35,0.1485,0.2479,0.2541,6.01,0.49,1,0
CAFE-003443,45.9,2,9,15.15,0.5039,0.6981,0.7264,10.91,1.48,1,0
CAFE-003444,22.1,1,6,10.84,0.479,0.4321,0.4399,7.8,1.13,0,1
CAFE-003445,43.4,1,3,19.73,0.7816,0.119,0.1399,14.21,2.5,0,0
CAFE-003446,30.7,3,5,18.86,0.8785,0.407,0.5735,13.58,2.66,0,0
CAFE-003447,43.5,1,8,21.0,0.752,0.5579,0.3422,15.12,2.59,1,0
CAFE-003448,79.4,1,4,9.95,0.2443,0.7978,0.4484,7.16,0.6,0,0
CAFE-003449,48.2,1,4,16.99,0.5072,0.7611,0.7026,12.23,1.65,1,0
CAFE-003450,12.5,0,4,15.07,0.5729,0.2375,0.1565,10.85,1.76,0,0
CAFE-003451,19.3,2,0,14.35,0.4954,0.2857,0.2608,10.33,1.53,0,0
CAFE-003452,39.7,5,5,18.51,0.6104,0.3298,0.3962,13.33,2.05,1,0
CAFE-003453,21.2,3,6,10.95,0.5921,0.5216,0.442,7.88,1.27,0,0
CAFE-003454,10.7,0,1,10.4,0.3239,0.3765,0.4649,7.49,0.96,1,1
CAFE-003455,35.6,3,6,15.68,0.4054,0.2309,0.6422,11.29,1.44,0,0
CAFE-003456,18.9,2,7,14.59,0.4322,0.5217,0.7367,10.5,1.47,1,0
CAFE-003457,45.1,3,2,12.08,0.4388,0.3813,0.1488,8.7,1.11,0,0
CAFE-003458,25.1,0,3,12.63,0.3621,0.6538,0.4104,9.09,1.15,0,1
CAFE-003459,68.2,2,7,13.53,0.7248,0.5877,0.4819,9.74,1.51,0,0
CAFE-003460,67.6,1,4,14.69,0.1922,0.5941,0.3252,10.58,0.87,0,0
CAFE-003461,21.1,1,3,16.5,0.8665,0.5208,0.8082,11.88,2.36,0,0
CAFE-003462,14.9,0,2,8.02,0.2475,0.5837,0.7753,5.77,0.67,0,0
CAFE-003463,23.9,1,6,13.94,0.6092,0.2717,0.4178,10.04,1.62,0,0
CAFE-003464,59.9,4,2,14.09,0.542,0.333,0.784,10.14,1.36,0,0
CAFE-003465,22.3,4,7,17.69,0.8032,0.7253,0.7938,12.74,2.41,0,0
CAFE-003466,17.4,1,7,15.65,0.602,0.4839,0.5202,11.27,1.85,1,0
CAFE-003467,27.0,2,5,18.93,0.6081,0.5613,0.4079,13.63,2.18,0,1
CAFE-003468,22.2,2,3,15.57,0.4432,0.5392,0.2781,11.21,1.56,0,0
CAFE-003469,25.4,2,7,10.56,0.3534,0.1879,0.6388,7.6,0.95,0,0
CAFE-003470,23.5,3,3,14.87,0.6815,0.4118,0.4892,10.71,1.84,0,0
CAFE-003471,15.4,3,4,13.51,0.8408,0.1766,0.6655,9.73,1.93,0,1
CAFE-003472,11.8,2,6,20.2,0.8057,0.4356,0.7632,14.54,2.83,1,1
CAFE-003473,62.6,3,4,12.08,0.4561,0.5187,0.3625,8.7,1.05,0,0
CAFE-003474,6.9,3,7,19.93,0.8707,0.3585,0.4879,14.35,2.96,0,0
CAFE-003475,19.0,3,6,14.48,0.7058,0.4899,0.4374,10.43,1.85,0,0
CAFE-003476,20.2,3,1,10.91,0.4034,0.7719,0.3828,7.86,1.06,0,0
CAFE-003477,8.4,5,5,22.12,0.6937,0.7164,0.4379,15.93,2.88,1,1
CAFE-003478,27.2,0,1,11.82,0.2019,0.6144,0.2708,8.51,0.88,1,0
CAFE-003479,12.7,2,6,18.5,0.8733,0.4269,0.4426,13.32,2.72,1,0
CAFE-003480,24.2,2,9,20.13,0.9406,0.5111,0.9095,14.49,3.01,0,0
CAFE-003481,54.4,2,0,21.28,0.9086,0.5397,0.5626,15.32,2.88,0,0
CAFE-003482,28.0,1,1,13.72,0.4883,0.5797,0.5365,9.88,1.41,0,1
CAFE-003483,9.7,0,4,9.23,0.2497,0.436,0.5804,6.65,0.79,1,0
CAFE-003484,48.0,2,1,5.05,0.2488,0.2697,0.4713,3.64,0.36,0,0
CAFE-003485,41.5,2,7,12.73,0.5581,0.5636,0.5403,9.17,1.33,0,0
CAFE-003486,19.3,2,6,14.5,0.6622,0.1945,0.4794,10.44,1.79,1,0
CAFE-003487,86.9,0,3,11.04,0.4389,0.9101,0.8172,7.95,0.85,0,0
CAFE-003488,32.9,1,2,11.82,0.4437,0.3579,0.7714,8.51,1.14,0,0
CAFE-003489,2.0,3,6,16.73,0.4245,0.8268,0.6603,12.05,1.77,1,0
CAFE-003490,73.0,2,2,14.24,0.5077,0.6504,0.3263,10.25,1.26,0,0
CAFE-003491,34.9,0,4,18.23,0.627,0.307,0.2844,13.13,2.08,1,0
CAFE-003492,13.3,2,1,9.68,0.2758,0.7019,0.6746,6.97,0.84,1,1
CAFE-003493,43.0,2,7,15.73,0.6294,0.3978,0.83,11.33,1.75,0,1
CAFE-003494,32.9,1,8,18.08,0.7401,0.3421,0.3279,13.02,2.28,0,0
CAFE-003495,8.8,2,8,16.48,0.7459,0.3827,0.6922,11.87,2.23,0,0
CAFE-003496,9.3,3,8,17.99,0.3729,0.463,0.5936,12.95,1.76,0,0
CAFE-003497,7.0,7,12,19.16,0.723,0.2899,0.8008,13.8,2.56,0,1
CAFE-003498,1.2,5,4,15.02,0.6902,0.6124,0.1852,10.81,1.99,1,0
CAFE-003499,23.4,2,5,15.76,0.512,0.5814,0.7025,11.35,1.68,0,0
CAFE-003500,18.2,2,4,12.61,0.5165,0.1002,0.5264,9.08,1.38,0,0
CAFE-003501,6.8,4,15,18.19,0.7186,0.1513,0.7873,13.1,2.43,0,0
CAFE-003502,56.7,4,6,17.48,0.7646,0.4665,0.4228,12.59,2.1,1,0
CAFE-003503,15.0,0,3,7.02,0.0732,0.2065,0.5086,5.05,0.46,0,0
CAFE-003504,36.6,3,9,15.12,0.6518,0.8152,0.3819,10.89,1.75,0,0
CAFE-003505,12.5,2,5,13.32,0.6084,0.48,0.5496,9.59,1.6,1,0
CAFE-003506,17.7,9,3,21.4,0.6897,0.2158,0.2156,15.41,2.71,0,1
CAFE-003507,11.1,3,8,16.48,0.7278,0.5424,0.7489,11.87,2.19,0,0
CAFE-003508,26.9,3,1,7.02,0.1988,0.1796,0.304,5.05,0.52,0,0
CAFE-003509,36.4,0,0,9.39,0.1069,0.3431,0.6929,6.76,0.58,0,0
CAFE-003510,83.8,0,1,5.0,0.0831,0.6875,0.4473,3.6,0.21,0,0
CAFE-003511,6.2,1,0,10.71,0.1784,0.2273,0.2611,7.71,0.85,0,0
CAFE-003512,3.4,1,8,20.31,0.889,0.2461,0.2197,14.62,3.08,0,0
CAFE-003513,14.2,3,8,19.63,0.6953,0.634,0.2307,14.13,2.52,0,0
CAFE-003514,16.4,6,6,22.14,0.7326,0.593,0.5116,15.94,2.91,0,1
CAFE-003515,10.9,1,5,16.05,0.6152,0.2321,0.7206,11.56,1.95,0,0
CAFE-003516,18.4,2,7,19.32,0.4947,0.6295,0.4871,13.91,2.06,0,1
CAFE-003517,15.2,3,9,12.56,0.564,0.4925,0.8574,9.04,1.44,0,0
CAFE-003518,19.3,3,7,20.19,0.7126,0.2871,0.3391,14.54,2.59,0,0
CAFE-003519,39.6,2,4,11.7,0.2651,0.4368,0.7375,8.42,0.89,0,0
CAFE-003520,31.2,2,4,12.35,0.4013,0.4238,0.4352,8.89,1.15,0,0
CAFE-003521,30.1,0,3,8.54,0.3334,0.5483,0.4213,6.15,0.74,0,0
CAFE-003522,12.2,3,9,19.71,0.5673,0.4625,0.8777,14.19,2.29,0,0
CAFE-003523,65.0,0,1,12.11,0.3178,0.7221,0.4564,8.72,0.88,0,0
CAFE-003524,22.2,0,3,7.89,0.0468,0.7476,0.2544,5.68,0.48,0,0
CAFE-003525,21.5,0,2,12.94,0.5043,0.3039,0.2835,9.32,1.38,0,0
CAFE-003526,26.3,2,7,22.32,0.6246,0.5687,0.6591,16.07,2.61,0,1
CAFE-003527,31.3,1,10,16.18,0.5303,0.7923,0.5121,11.65,1.71,1,0
CAFE-003528,6.8,0,3,11.72,0.2466,0.549,0.5644,8.44,1.01,1,1
CAFE-003529,3.9,1,5,14.92,0.6079,0.5137,0.6587,10.74,1.84,0,1
CAFE-003530,22.5,2,3,12.03,0.4104,0.8388,0.1622,8.66,1.17,1,0
CAFE-003531,12.3,4,4,11.2,0.2598,0.3563,0.1516,8.06,0.96,0,0
CAFE-003532,19.0,3,8,18.59,0.8356,0.5571,0.299,13.38,2.62,0,0
CAFE-003533,23.9,1,3,10.67,0.2889,0.487,0.5361,7.68,0.9,0,0
CAFE-003534,107.3,0,7,11.42,0.3919,0.4301,0.2858,8.22,0.74,0,0
CAFE-003535,34.9,2,5,19.11,0.5097,0.6509,0.7421,13.76,1.96,0,0
CAFE-003536,57.8,3,6,15.19,0.5438,0.3098,0.491,10.94,1.48,1,0
CAFE-003537,3.9,5,10,18.97,0.8635,0.4322,0.4727,13.66,2.83,1,1
CAFE-003538,9.4,1,3,14.52,0.4007,0.4198,0.6012,10.45,1.46,0,0
CAFE-003539,52.2,1,4,13.01,0.5088,0.4606,0.5141,9.37,1.25,0,0
CAFE-003540,14.5,2,2,14.81,0.4434,0.7111,0.6273,10.66,1.53,0,0
CAFE-003541,38.2,2,6,14.69,0.657,0.65,0.4813,10.58,1.7,0,0
CAFE-003542,28.4,1,5,14.49,0.6239,0.4445,0.4384,10.43,1.68,0,0
CAFE-003543,14.1,2,3,13.91,0.3535,0.6316,0.0994,10.02,1.31,0,1
CAFE-003544,54.3,3,2,18.28,0.6002,0.4452,0.469,13.16,1.91,0,0
CAFE-003545,3.5,3,6,18.07,0.7958,0.3867,0.6916,13.01,2.57,1,1
CAFE-003546,38.4,4,3,9.2,0.5287,0.3691,0.2921,6.62,0.95,0,0
CAFE-003547,53.1,1,1,10.32,0.0713,0.3391,0.6106,7.43,0.54,0,1
CAFE-003548,11.3,1,6,19.77,0.6296,0.1685,0.3095,14.23,2.43,0,0
CAFE-003549,12.5,4,5,15.0,0.6147,0.5559,0.7045,10.8,1.81,0,0
CAFE-003550,39.8,0,8,17.15,0.6721,0.3702,0.4285,12.35,2.0,1,0
CAFE-003551,23.6,4,7,19.7,0.7491,0.7831,0.1981,14.18,2.57,1,1
CAFE-003552,9.7,3,7,13.85,0.6469,0.7,0.4029,9.97,1.73,0,0
CAFE-003553,30.0,2,3,13.61,0.5665,0.2393,0.5365,9.8,1.5,0,0
CAFE-003554,41.4,1,5,14.14,0.2681,0.4812,0.7457,10.18,1.07,0,0
CAFE-003555,31.0,1,1,11.43,0.3321,0.36,0.6473,8.23,0.98,1,1
CAFE-003556,70.2,6,6,11.32,0.5045,0.6471,0.3268,8.15,1.01,0,1
CAFE-003557,14.2,0,2,9.64,0.1388,0.849,0.2226,6.94,0.7,0,0
CAFE-003558,27.8,2,13,14.46,0.7581,0.5149,0.73,10.41,1.88,0,0
CAFE-003559,39.8,1,7,12.25,0.292,0.8599,0.6573,8.82,0.97,0,0
CAFE-003560,13.0,1,2,6.33,0.0968,0.7393,0.4216,4.56,0.44,0,0
CAFE-003561,10.9,3,8,15.6,0.7837,0.4229,0.6704,11.23,2.16,1,0
CAFE-003562,113.0,2,3,11.02,0.2533,0.5702,0.2181,7.93,0.54,1,0
CAFE-003563,33.9,1,4,11.63,0.3488,0.3356,0.6656,8.37,1.01,1,1
CAFE-003564,11.9,3,4,18.89,0.7317,0.3027,0.7887,13.6,2.51,0,0
CAFE-003565,6.5,2,6,20.84,0.7843,0.6393,0.7971,15.0,2.92,0,0
CAFE-003566,14.7,4,9,13.59,0.6503,0.4791,0.8384,9.78,1.68,0,0
CAFE-003567,30.5,3,5,15.23,0.5379,0.6182,0.4914,10.97,1.63,1,1
CAFE-003568,2.8,4,0,11.91,0.2434,0.7441,0.1999,8.58,1.04,1,0
CAFE-003569,14.5,6,6,20.75,0.807,0.3943,0.1799,14.94,2.89,1,1
CAFE-003570,83.9,2,1,9.41,0.3541,0.3498,0.6119,6.78,0.65,0,1
CAFE-003571,27.5,3,5,17.83,0.6432,0.2899,0.5232,12.84,2.11,0,0
CAFE-003572,1.3,3,4,19.16,0.6158,0.5583,0.7519,13.8,2.4,0,0
CAFE-003573,59.4,1,5,13.77,0.5403,0.2338,0.3198,9.91,1.33,0,0
CAFE-003574,16.9,3,5,19.27,0.8822,0.2055,0.6091,13.87,2.82,1,0
CAFE-003575,19.5,3,4,17.39,0.738,0.346,0.6544,12.52,2.27,1,1
CAFE-003576,11.5,2,5,17.76,0.816,0.474,0.5509,12.79,2.51,0,0
CAFE-003577,23.8,7,9,21.45,0.8887,0.4282,0.5211,15.44,3.1,1,1
CAFE-003578,35.9,0,8,12.87,0.3435,0.2003,0.1727,9.27,1.1,1,0
CAFE-003579,59.5,4,4,14.13,0.5952,0.3335,0.6815,10.17,1.44,0,0
CAFE-003580,83.2,2,4,9.04,0.3851,0.6155,0.1641,6.51,0.66,1,0
CAFE-003581,19.5,1,3,13.65,0.3241,0.7125,0.5901,9.83,1.22,1,0
CAFE-003582,29.9,0,3,11.0,0.2903,0.6461,0.7079,7.92,0.9,0,0
CAFE-003583,30.1,3,8,17.63,0.5715,0.2389,0.6739,12.69,1.94,1,1
CAFE-003584,23.9,1,6,20.12,0.6239,0.5379,0.8204,14.49,2.37,1,0
CAFE-003585,8.1,6,5,18.19,0.6521,0.6295,0.6466,13.1,2.3,0,1
CAFE-003586,27.2,1,6,19.31,0.6866,0.1933,0.1324,13.9,2.37,0,0
CAFE-003587,8.2,2,8,18.98,0.7902,0.6498,0.546,13.67,2.66,1,1
CAFE-003588,19.1,0,2,10.79,0.235,0.1718,0.3372,7.77,0.87,1,0
CAFE-003589,1.9,4,10,17.36,0.9225,0.6324,0.8797,12.5,2.7,1,1
CAFE-003590,16.0,2,5,11.97,0.3313,0.3108,0.6438,8.62,1.09,0,1
CAFE-003591,29.9,2,2,16.83,0.6671,0.3615,0.3729,12.12,2.02,0,1
CAFE-003592,75.7,1,7,11.91,0.4987,0.2928,0.3025,8.58,1.03,1,0
CAFE-003593,9.0,2,1,6.27,0.1011,0.4965,0.5304,4.51,0.44,0,0
CAFE-003594,39.8,3,6,17.18,0.833,0.3052,0.6669,12.37,2.28,1,0
CAFE-003595,9.1,2,2,16.75,0.7938,0.7197,0.622,12.06,2.35,0,0
CAFE-003596,16.4,4,2,15.62,0.5429,0.3256,0.3016,11.25,1.76,0,0
CAFE-003597,29.8,2,10,22.99,0.8964,0.1767,0.6891,16.55,3.29,0,0
CAFE-003598,24.3,3,3,14.79,0.5049,0.4078,0.2633,10.65,1.56,1,0
CAFE-003599,22.6,3,5,17.15,0.6329,0.4134,0.7719,12.35,2.04,0,0
CAFE-003600,2.0,2,3,13.98,0.4857,0.3333,0.6006,10.07,1.56,0,0
CAFE-003601,3.6,3,7,15.49,0.6797,0.4596,0.3611,11.15,2.02,0,0
CAFE-003602,35.6,7,8,17.59,0.7266,0.4537,0.2748,12.66,2.18,1,1
CAFE-003603,9.5,4,7,14.3,0.7936,0.1256,0.7384,10.3,2.0,0,0
CAFE-003604,23.4,3,3,14.51,0.5471,0.833,0.2761,10.45,1.6,0,0
CAFE-003605,18.0,2,3,12.36,0.3707,0.8413,0.6905,8.9,1.17,0,0
CAFE-003606,18.7,4,10,16.48,0.9687,0.7132,0.9183,11.87,2.54,0,1
CAFE-003607,29.3,4,8,19.75,0.8336,0.3464,0.6988,14.22,2.7,1,0
CAFE-003608,20.8,4,11,21.15,0.9363,0.1455,0.356,15.23,3.18,1,1
CAFE-003609,13.3,1,1,7.01,0.1088,0.7501,0.4119,5.05,0.49,1,1
CAFE-003610,32.8,1,3,14.79,0.5449,0.4686,0.3711,10.65,1.58,0,0
CAFE-003611,35.6,2,5,13.74,0.5028,0.5215,0.6256,9.89,1.39,1,0
CAFE-003612,4.3,2,10,15.53,0.8348,0.6643,0.8423,11.18,2.27,0,0
CAFE-003613,47.2,6,3,12.44,0.7153,0.3228,0.3114,8.96,1.47,1,0
CAFE-003614,16.6,4,6,18.72,0.6354,0.7045,0.2295,13.48,2.28,0,1
CAFE-003615,39.6,2,2,10.6,0.501,0.5515,0.1999,7.63,1.06,0,0
CAFE-003616,38.6,0,4,12.68,0.4215,0.7785,0.5644,9.13,1.17,0,0
CAFE-003617,17.7,2,2,11.03,0.2836,0.5357,0.6718,7.94,0.95,1,0
CAFE-003618,30.6,0,4,11.56,0.3408,0.578,0.4236,8.32,1.01,1,0
CAFE-003619,44.2,1,9,14.77,0.5291,0.6991,0.4735,10.63,1.49,1,0
CAFE-003620,5.9,3,3,15.7,0.6291,0.697,0.3424,11.3,1.96,0,0
CAFE-003621,19.1,0,0,10.76,0.436,0.3981,0.286,7.75,1.08,0,0
CAFE-003622,8.9,1,4,20.11,0.8685,0.7562,0.4867,14.48,2.97,0,0
CAFE-003623,21.4,4,6,19.66,0.6262,0.2623,0.7194,14.16,2.34,1,1
CAFE-003624,42.4,0,3,8.99,0.1727,0.51,0.2429,6.47,0.59,0,0
CAFE-003625,21.5,4,4,21.92,0.7906,0.2892,0.8432,15.78,2.97,1,0
CAFE-003626,37.5,7,9,16.45,0.6636,0.5296,0.6604,11.84,1.92,1,0
CAFE-003627,15.1,1,6,15.91,0.6364,0.626,0.2258,11.46,1.94,1,1
CAFE-003628,31.9,2,3,14.56,0.5709,0.8013,0.4409,10.48,1.6,0,1
CAFE-003629,2.6,2,2,15.07,0.5092,0.5168,0.8025,10.85,1.72,0,0
CAFE-003630,3.2,3,7,12.94,0.4677,0.6058,0.5015,9.32,1.42,1,0
CAFE-003631,8.3,4,6,21.5,0.7672,0.2228,0.3823,15.48,2.96,0,0
CAFE-003632,107.9,4,2,13.42,0.3135,0.7474,0.6231,9.66,0.76,0,0
CAFE-003633,11.8,3,3,17.37,0.5962,0.3046,0.442,12.51,2.07,0,0
CAFE-003634,8.9,1,1,12.93,0.5604,0.5729,0.375,9.31,1.51,0,0
CAFE-003635,12.7,3,5,14.46,0.5103,0.1277,0.3434,10.41,1.6,0,0
CAFE-003636,19.2,2,5,16.67,0.71,0.6974,0.4222,12.0,2.14,1,0
CAFE-003637,9.1,2,6,18.22,0.8738,0.0711,0.6785,13.12,2.7,1,0
CAFE-003638,39.5,3,1,5.75,0.3499,0.4672,0.2512,4.14,0.49,0,0
CAFE-003639,28.8,2,4,12.77,0.3496,0.708,0.2889,9.19,1.13,0,0
CAFE-003640,14.9,1,2,13.85,0.3641,0.5908,0.1209,9.97,1.32,1,0
CAFE-003641,96.7,3,3,12.6,0.1545,0.3455,0.1453,9.07,0.56,1,0
CAFE-003642,32.1,1,4,13.29,0.5473,0.7706,0.3408,9.57,1.42,0,0
CAFE-003643,5.0,3,3,13.28,0.4872,0.4298,0.8546,9.56,1.47,1,0
CAFE-003644,23.6,3,7,15.4,0.6824,0.2746,0.6958,11.09,1.91,0,0
CAFE-003645,19.2,2,8,19.25,0.7192,0.7332,0.734,13.86,2.48,0,0
CAFE-003646,9.0,0,2,16.25,0.4005,0.4338,0.455,11.7,1.64,1,0
CAFE-003647,25.9,2,5,14.15,0.528,0.3485,0.5905,10.19,1.52,0,0
CAFE-003648,41.8,3,5,12.17,0.558,0.7915,0.187,8.76,1.27,1,0
CAFE-003649,25.9,1,1,17.31,0.7494,0.222,0.5964,12.46,2.24,0,0
CAFE-003650,82.3,2,2,14.13,0.3286,0.1618,0.5847,10.17,0.95,1,0
CAFE-003651,12.2,2,4,13.45,0.5561,0.3746,0.5949,9.68,1.55,1,1
CAFE-003652,31.6,2,5,11.96,0.153,0.7768,0.5109,8.61,0.81,0,0
CAFE-003653,11.6,2,1,9.6,0.1716,0.6433,0.6373,6.91,0.74,0,0
CAFE-003654,10.2,0,1,9.02,0.1843,0.767,0.7535,6.49,0.71,0,0
CAFE-003655,24.0,1,4,14.86,0.5501,0.8816,0.4691,10.7,1.64,0,0
CAFE-003656,16.6,0,2,11.72,0.2738,0.6259,0.782,8.44,1.0,0,0
CAFE-003657,78.6,4,1,10.42,0.226,0.5823,0.5964,7.5,0.61,0,0
CAFE-003658,20.5,2,5,16.29,0.3591,0.3574,0.7628,11.73,1.51,0,0
CAFE-003659,24.7,1,4,11.14,0.5604,0.5928,0.442,8.02,1.24,0,0
CAFE-003660,8.0,6,8,15.33,0.8403,0.757,0.4227,11.04,2.23,0,1
CAFE-003661,30.6,3,5,10.68,0.6285,0.8637,0.1471,7.69,1.24,1,1
CAFE-003662,21.2,1,4,10.27,0.2844,0.703,0.3969,7.39,0.87,0,0
CAFE-003663,40.9,1,0,16.57,0.1723,0.6131,0.3361,11.93,1.1,1,0
CAFE-003664,56.8,0,1,10.59,0.0456,0.5989,0.2893,7.62,0.51,1,0
CAFE-003665,19.9,5,4,17.18,0.6318,0.4117,0.3457,12.37,2.06,0,1
CAFE-003666,19.7,0,2,9.36,0.2437,0.5012,0.4524,6.74,0.76,0,0
CAFE-003667,31.4,0,6,16.96,0.6803,0.7236,0.3066,12.21,2.05,1,0
CAFE-003668,15.4,3,9,18.39,0.8607,0.1116,0.5883,13.24,2.66,1,1
CAFE-003669,31.4,4,11,20.72,0.924,0.271,0.5641,14.92,3.01,0,1
CAFE-003670,7.8,2,6,11.28,0.5652,0.5748,0.3147,8.12,1.33,0,0
CAFE-003671,23.8,3,8,21.31,0.8041,0.2824,0.9369,15.34,2.89,1,0
CAFE-003672,43.2,2,4,6.85,0.2514,0.3765,0.1158,4.93,0.5,0,0
CAFE-003673,13.7,1,11,19.77,0.7088,0.546,0.3387,14.23,2.57,0,0
CAFE-003674,22.8,1,7,14.44,0.4942,0.4968,0.4877,10.4,1.52,1,1
CAFE-003675,11.8,0,1,10.68,0.1501,0.459,0.5563,7.69,0.8,0,0
CAFE-003676,54.3,1,2,11.7,0.4622,0.4088,0.7136,8.42,1.06,0,1
CAFE-003677,9.2,1,6,19.13,0.7079,0.4705,0.4897,13.77,2.52,0,1
CAFE-003678,7.1,3,4,10.22,0.302,0.5679,0.1162,7.36,0.94,0,0
CAFE-003679,49.0,0,4,17.11,0.5407,0.5374,0.7354,12.32,1.72,0,0
CAFE-003680,10.7,1,0,16.84,0.6103,0.4381,0.1683,12.12,2.04,0,0
CAFE-003681,88.3,1,3,6.72,0.2382,0.5647,0.6291,4.84,0.38,0,0
CAFE-003682,92.3,1,4,10.31,0.1768,0.6345,0.1956,7.42,0.5,1,0
CAFE-003683,16.8,1,9,18.1,0.6195,0.3995,0.6459,13.03,2.17,1,0
CAFE-003684,14.4,3,6,14.06,0.3919,0.4625,0.692,10.12,1.38,1,0
CAFE-003685,18.1,2,6,16.19,0.6477,0.8707,0.2343,11.66,1.98,1,1
CAFE-003686,10.7,4,6,17.94,0.6218,0.7523,0.3536,12.92,2.19,0,0
CAFE-003687,16.1,2,4,15.08,0.6038,0.6913,0.4726,10.86,1.79,0,0
CAFE-003688,44.6,0,4,8.74,0.2572,0.5284,0.3665,6.29,0.64,0,0
CAFE-003689,114.5,3,2,11.62,0.2404,0.4336,0.7559,8.37,0.54,0,0
CAFE-003690,19.7,6,2,13.68,0.7142,0.4426,0.7244,9.85,1.76,1,0
CAFE-003691,0.5,1,6,19.63,0.822,0.0446,0.7006,14.13,2.87,1,1
CAFE-003692,13.4,2,7,14.21,0.711,0.2414,0.5556,10.23,1.85,1,1
CAFE-003693,3.6,4,6,20.78,0.7481,0.1524,0.5665,14.96,2.86,0,0
CAFE-003694,19.0,4,9,16.92,0.788,0.5368,0.3252,12.18,2.3,0,0
CAFE-003695,34.4,4,9,14.97,0.3417,0.8708,0.3714,10.78,1.28,1,1
CAFE-003696,21.9,4,6,17.04,0.8016,0.4925,0.5422,12.27,2.32,1,1
CAFE-003697,29.1,1,2,14.68,0.4784,0.8686,0.4719,10.57,1.49,0,0
CAFE-003698,30.6,7,1,16.83,0.5374,0.8172,0.171,12.12,1.8,0,0
CAFE-003699,21.3,2,2,15.96,0.3982,0.2853,0.4474,11.49,1.53,1,0
CAFE-003700,52.9,4,5,14.17,0.5746,0.5733,0.6428,10.2,1.45,0,0
CAFE-003701,17.5,6,8,16.61,0.6463,0.7023,0.4023,11.96,2.03,0,1
CAFE-003702,14.4,3,10,15.41,0.7638,0.3954,0.1664,11.1,2.08,0,0
CAFE-003703,47.2,2,2,16.86,0.4128,0.4481,0.2227,12.14,1.49,0,0
CAFE-003704,30.0,1,7,18.91,0.7312,0.6276,0.895,13.62,2.39,1,1
CAFE-003705,48.4,4,1,19.16,0.6563,0.1181,0.403,13.8,2.15,0,0
CAFE-003706,1.8,3,5,17.15,0.93,0.5675,0.9196,12.35,2.68,1,0
CAFE-003707,11.9,1,1,13.71,0.6135,0.3126,0.5014,9.87,1.66,1,0
CAFE-003708,23.5,0,8,19.0,0.8748,0.4244,0.7993,13.68,2.72,0,0
CAFE-003709,12.8,0,3,12.34,0.1898,0.4688,0.4999,8.88,0.97,0,0
CAFE-003710,28.4,1,3,10.13,0.1997,0.6547,0.6869,7.29,0.75,0,0
CAFE-003711,4.5,5,4,18.32,0.84,0.5093,0.5297,13.19,2.68,0,1
CAFE-003712,39.7,4,6,11.63,0.3453,0.6619,0.5558,8.37,0.98,0,0
CAFE-003713,30.7,3,3,17.41,0.6227,0.2346,0.8311,12.54,2.01,1,0
CAFE-003714,58.2,1,9,19.29,0.7307,0.25,0.5973,13.89,2.24,1,0
CAFE-003715,11.1,4,4,16.93,0.709,0.3078,0.7774,12.19,2.22,0,1
CAFE-003716,10.8,3,4,20.14,0.7148,0.2122,0.2172,14.5,2.65,0,0
CAFE-003717,9.7,2,5,18.7,0.8706,0.4898,0.4278,13.46,2.76,0,1
CAFE-003718,42.5,2,4,16.65,0.4225,0.7483,0.664,11.99,1.51,1,0
CAFE-003719,8.0,1,2,18.03,0.7281,0.0717,0.2574,12.98,2.41,1,0
CAFE-003720,39.3,1,6,13.26,0.3177,0.5364,0.2124,9.55,1.08,0,1
CAFE-003721,9.8,1,2,10.08,0.5205,0.2564,0.6812,7.26,1.13,0,0
CAFE-003722,19.9,4,4,17.43,0.6285,0.5101,0.6257,12.55,2.09,1,0
CAFE-003723,30.4,6,6,15.11,0.452,0.3811,0.5141,10.88,1.48,0,0
CAFE-003724,18.4,4,7,11.09,0.4027,0.6479,0.5726,7.98,1.08,1,1
CAFE-003725,36.0,3,3,16.37,0.6921,0.6233,0.2641,11.79,1.97,0,0
CAFE-003726,50.1,3,3,14.31,0.4103,0.3144,0.1208,10.3,1.24,0,0
CAFE-003727,23.6,3,10,19.08,0.8121,0.5767,0.7547,13.74,2.61,1,0
CAFE-003728,28.9,5,7,14.03,0.6788,0.3935,0.4045,10.1,1.7,0,0
CAFE-003729,12.7,2,7,15.68,0.726,0.4663,0.5085,11.29,2.07,0,0
CAFE-003730,19.1,6,4,12.01,0.4025,0.4002,0.5119,8.65,1.17,0,1
CAFE-003731,120.0,2,3,7.48,0.176,0.6203,0.6476,5.39,0.3,0,0
CAFE-003732,14.7,1,4,19.55,0.5225,0.5653,0.107,14.08,2.17,1,0
CAFE-003733,1.8,3,10,18.63,0.5812,0.5855,0.6964,13.41,2.26,0,0
CAFE-003734,15.8,1,2,15.24,0.4037,0.7678,0.51,10.97,1.5,0,0
CAFE-003735,27.9,2,4,20.27,0.6041,0.2552,0.2,14.59,2.32,0,1
CAFE-003736,24.6,3,4,15.89,0.7358,0.1083,0.2598,11.44,2.05,0,0
CAFE-003737,16.9,3,6,14.99,0.7553,0.4655,0.7758,10.79,2.0,1,1
CAFE-003738,14.7,6,3,19.74,0.9642,0.6979,0.5615,14.21,3.06,0,1
CAFE-003739,9.6,1,2,15.15,0.452,0.4748,0.1915,10.91,1.6,0,0
CAFE-003740,13.0,2,4,14.72,0.5857,0.3696,0.2671,10.6,1.74,0,0
CAFE-003741,10.8,3,5,15.39,0.5006,0.3593,0.4227,11.08,1.7,0,0
CAFE-003742,44.1,1,2,9.59,0.276,0.7969,0.5578,6.9,0.73,0,0
CAFE-003743,27.5,2,6,12.19,0.5002,0.5353,0.3998,8.78,1.27,0,0
CAFE-003744,115.4,0,1,9.52,0.0714,0.726,0.6299,6.85,0.38,0,0
CAFE-003745,9.7,3,6,19.55,0.8204,0.452,0.7473,14.08,2.79,1,1
CAFE-003746,4.0,5,4,14.6,0.3515,0.3865,0.6104,10.51,1.43,0,0
CAFE-003747,11.6,3,3,15.79,0.5879,0.2611,0.4305,11.37,1.87,0,1
CAFE-003748,27.7,1,4,15.65,0.324,0.5592,0.4749,11.27,1.35,1,0
CAFE-003749,12.1,1,2,16.11,0.5203,0.2843,0.2062,11.6,1.8,1,0
CAFE-003750,10.8,2,8,17.55,0.5279,0.6348,0.8213,12.64,1.98,0,0
CAFE-003751,23.7,3,4,15.93,0.5363,0.6041,0.4598,11.47,1.74,1,1
CAFE-003752,16.7,3,8,12.27,0.2305,0.6415,0.6563,8.83,0.99,1,0
CAFE-003753,7.0,2,5,13.46,0.2315,0.5037,0.2722,9.69,1.14,1,0
CAFE-003754,14.9,1,7,21.1,0.7478,0.5101,0.8123,15.19,2.82,1,0
CAFE-003755,29.2,2,4,10.45,0.3734,0.4395,0.3613,7.52,0.95,0,0
CAFE-003756,8.9,1,11,14.91,0.5156,0.445,0.6269,10.74,1.68,0,0
CAFE-003757,9.2,4,9,21.2,0.7662,0.6633,0.384,15.26,2.91,1,0
CAFE-003758,7.5,5,9,18.37,0.7892,0.5605,0.7303,13.23,2.58,0,0
CAFE-003759,48.5,3,4,14.01,0.5782,0.7636,0.6634,10.09,1.46,0,0
CAFE-003760,26.7,2,2,18.56,0.347,0.4336,0.4218,13.36,1.65,0,0
CAFE-003761,26.4,4,9,14.6,0.7916,0.6769,0.4825,10.51,1.95,1,1
CAFE-003762,3.2,1,4,10.07,0.4022,0.5967,0.6186,7.25,1.04,1,1
CAFE-003763,19.8,2,3,7.21,0.0461,0.7732,0.6289,5.19,0.44,0,0
CAFE-003764,11.4,3,1,18.2,0.5792,0.5382,0.5621,13.1,2.14,1,0
CAFE-003765,18.9,3,2,11.93,0.6285,0.5788,0.6728,8.59,1.43,1,1
CAFE-003766,8.7,7,1,17.56,0.8473,0.7551,0.8217,12.64,2.56,1,0
CAFE-003767,35.1,4,3,11.25,0.2855,0.5191,0.812,8.1,0.9,0,0
CAFE-003768,20.4,4,3,15.44,0.4515,0.7801,0.1773,11.12,1.57,0,0
CAFE-003769,12.8,3,4,20.79,0.8487,0.6329,0.3712,14.97,3.0,0,1
CAFE-003770,9.0,0,6,12.57,0.1947,0.3911,0.7521,9.05,1.01,1,1
CAFE-003771,14.3,1,4,12.66,0.4543,0.1523,0.4794,9.12,1.32,0,0
CAFE-003772,39.1,2,7,17.43,0.6226,0.7307,0.7108,12.55,1.96,0,0
CAFE-003773,5.7,2,8,20.25,0.7799,0.3885,0.6958,14.58,2.83,1,0
CAFE-003774,11.4,4,3,15.04,0.5296,0.5485,0.6082,10.83,1.7,0,0
CAFE-003775,19.0,1,3,15.45,0.4833,0.3794,0.7855,11.12,1.63,1,1
CAFE-003776,32.1,6,4,18.17,0.6492,0.2106,0.5351,13.08,2.13,0,1
CAFE-003777,33.3,5,7,19.15,0.8997,0.6621,0.7459,13.79,2.72,1,1
CAFE-003778,20.1,3,2,11.93,0.5083,0.2825,0.3936,8.59,1.28,0,0
CAFE-003779,5.9,3,4,19.42,0.9255,0.4363,0.5838,13.98,3.0,0,0
CAFE-003780,4.7,1,6,17.33,0.4523,0.5191,0.2586,12.48,1.86,0,0
CAFE-003781,28.4,4,5,19.3,0.5123,0.5974,0.3223,13.9,2.03,0,0
CAFE-003782,51.6,2,4,11.17,0.2593,0.6019,0.4725,8.04,0.8,1,0
CAFE-003783,15.1,5,5,16.95,0.5546,0.4603,0.5102,12.2,1.93,0,1
CAFE-003784,22.2,4,7,16.74,0.8171,0.6784,0.7693,12.05,2.31,1,1
CAFE-003785,13.6,4,5,16.68,0.6499,0.2117,0.5587,12.01,2.07,1,0
CAFE-003786,15.6,1,2,22.31,0.8806,0.7006,0.7332,16.06,3.27,0,1
CAFE-003787,9.3,4,6,14.18,0.6657,0.4639,0.4237,10.21,1.8,1,0
CAFE-003788,21.2,2,3,13.87,0.4615,0.4655,0.609,9.99,1.42,0,0
CAFE-003789,4.6,3,6,19.33,0.7923,0.263,0.7853,13.92,2.74,1,1
CAFE-003790,26.7,1,6,15.32,0.656,0.1723,0.6607,11.03,1.84,0,0
CAFE-003791,30.6,0,1,12.5,0.1539,0.2406,0.1377,9.0,0.85,0,0
CAFE-003792,22.6,1,3,10.32,0.2747,0.6426,0.301,7.43,0.86,0,0
CAFE-003793,60.7,2,3,10.84,0.292,0.4722,0.3363,7.8,0.77,1,0
CAFE-003794,19.7,4,2,11.54,0.1514,0.6331,0.4297,8.31,0.83,0,0
CAFE-003795,48.7,5,3,12.11,0.5238,0.2887,0.6226,8.72,1.2,0,1
CAFE-003796,26.9,0,1,16.92,0.3895,0.528,0.6655,12.18,1.58,0,0
CAFE-003797,48.3,1,2,11.98,0.3803,0.5624,0.0799,8.63,1.01,0,0
CAFE-003798,16.3,3,5,18.28,0.5366,0.7225,0.2031,13.16,2.04,0,0
CAFE-003799,25.0,2,5,20.04,0.7796,0.7886,0.2332,14.43,2.66,1,1
CAFE-003800,50.4,3,6,15.84,0.8033,0.5564,0.4315,11.4,2.0,0,0
CAFE-003801,15.4,2,6,14.74,0.6111,0.6621,0.199,10.61,1.76,1,0
CAFE-003802,37.7,7,10,18.68,0.8891,0.2703,0.8281,13.45,2.6,0,1
CAFE-003803,15.0,6,4,17.13,0.6861,0.3537,0.4397,12.33,2.18,0,0
CAFE-003804,8.8,1,8,16.23,0.7452,0.4807,0.507,11.69,2.2,0,0
CAFE-003805,2.2,3,3,12.25,0.5669,0.7809,0.9095,8.82,1.47,0,0
CAFE-003806,30.3,5,9,18.4,0.9359,0.2337,0.2625,13.25,2.7,1,1
CAFE-003807,21.1,2,5,13.37,0.5142,0.857,0.7024,9.63,1.44,0,0
CAFE-003808,21.8,2,7,18.11,0.6364,0.2285,0.1536,13.04,2.17,0,0
CAFE-003809,55.1,1,1,10.46,0.1112,0.7091,0.2444,7.53,0.58,0,0
CAFE-003810,32.7,3,10,13.11,0.6105,0.4579,0.4733,9.44,1.49,1,1
CAFE-003811,55.5,2,5,13.53,0.3523,0.5262,0.4677,9.74,1.07,0,0
CAFE-003812,3.5,2,3,19.44,0.8351,0.218,0.479,14.0,2.84,1,0
CAFE-003813,21.0,1,6,12.15,0.5014,0.7262,0.618,8.75,1.29,1,1
CAFE-003814,54.1,3,3,10.97,0.3046,0.7518,0.1169,7.9,0.82,0,0
CAFE-003815,4.0,2,7,12.45,0.4681,0.3861,0.1536,8.96,1.36,0,0
CAFE-003816,6.9,1,8,16.73,0.8779,0.7053,0.6878,12.05,2.5,0,0
CAFE-003817,12.5,4,5,13.76,0.6213,0.4567,0.5084,9.91,1.67,1,0
CAFE-003818,9.8,4,6,22.56,0.9688,0.5735,0.4949,16.24,3.55,0,1
CAFE-003819,74.4,0,1,5.12,0.0157,0.48,0.3803,3.69,0.2,1,0
CAFE-003820,18.0,3,5,12.81,0.4061,0.2208,0.8652,9.22,1.26,0,0
CAFE-003821,26.4,1,3,7.03,0.2714,0.7665,0.6544,5.06,0.57,0,1
CAFE-003822,29.5,5,2,21.28,0.6335,0.5849,0.8329,15.32,2.48,0,0
CAFE-003823,15.7,4,16,24.28,0.9717,0.5268,0.9231,17.48,3.78,1,0
CAFE-003824,14.7,1,3,17.04,0.6966,0.4401,0.4658,12.27,2.19,0,1
CAFE-003825,21.4,1,4,16.25,0.5126,0.4826,0.5162,11.7,1.75,0,0
CAFE-003826,18.7,2,3,15.47,0.6418,0.4249,0.418,11.14,1.88,0,0
CAFE-003827,11.4,8,4,20.29,0.7322,0.8043,0.3705,14.61,2.7,0,1
CAFE-003828,12.5,5,5,17.26,0.7447,0.4639,0.7819,12.43,2.31,1,0
CAFE-003829,72.8,2,3,15.78,0.5272,0.5814,0.8436,11.36,1.43,0,0
CAFE-003830,43.3,1,3,11.38,0.3158,0.4624,0.4375,8.19,0.91,1,0
CAFE-003831,85.9,0,9,19.49,0.6199,0.3431,0.4182,14.03,1.85,0,0
CAFE-003832,51.7,1,7,15.05,0.5809,0.6392,0.7502,10.84,1.56,0,0
CAFE-003833,46.7,3,2,15.94,0.4652,0.8205,0.4894,11.48,1.49,0,0
CAFE-003834,38.1,1,8,16.35,0.2778,0.4956,0.3045,11.77,1.28,0,0
CAFE-003835,20.6,2,4,9.97,0.3811,0.515,0.247,7.18,0.94,0,0
CAFE-003836,3.5,3,6,20.03,0.6756,0.3227,0.3294,14.42,2.61,0,0
CAFE-003837,13.4,1,7,24.94,0.8227,0.6103,0.3177,17.96,3.53,0,0
CAFE-003838,6.3,1,2,18.87,0.8109,0.5076,0.2941,13.59,2.7,0,1
CAFE-003839,32.2,1,10,16.4,0.8531,0.0702,0.7844,11.81,2.26,1,0
CAFE-003840,4.4,2,3,18.88,0.7378,0.4524,0.8151,13.59,2.57,1,1
CAFE-003841,11.2,2,2,16.57,0.5235,0.5894,0.7044,11.93,1.86,0,0
CAFE-003842,19.5,1,4,17.63,0.5286,0.487,0.3469,12.69,1.94,0,0
CAFE-003843,4.7,2,6,14.9,0.5545,0.781,0.6306,10.73,1.75,0,0
CAFE-003844,8.3,6,12,17.75,0.8314,0.0659,0.8753,12.78,2.56,0,1
CAFE-003845,3.5,3,7,19.8,0.6597,0.5863,0.8584,14.26,2.55,0,1
CAFE-003846,2.8,5,5,21.14,0.9046,0.6904,0.3078,15.22,3.24,0,0
CAFE-003847,28.1,6,7,20.53,0.7645,0.3955,0.2865,14.78,2.68,1,0
CAFE-003848,34.7,6,8,15.49,0.7658,0.4555,0.7129,11.15,1.98,0,1
CAFE-003849,75.6,2,3,5.38,0.115,0.4692,0.6783,3.87,0.26,1,0
CAFE-003850,10.4,2,9,21.27,0.8234,0.2661,0.6749,15.31,3.03,1,0
CAFE-003851,33.1,2,3,15.28,0.5454,0.2474,0.5899,11.0,1.63,0,1
CAFE-003852,78.7,2,4,21.54,0.7871,0.5039,0.6733,15.51,2.46,0,0
CAFE-003853,52.6,1,4,9.98,0.2664,0.4958,0.7118,7.19,0.72,0,0
CAFE-003854,66.2,2,4,8.43,0.1602,0.5564,0.1043,6.07,0.47,0,0
CAFE-003855,43.7,1,3,12.84,0.5267,0.643,0.5747,9.24,1.3,0,0
CAFE-003856,30.7,1,0,8.82,0.1899,0.3747,0.4205,6.35,0.63,0,1
CAFE-003857,13.6,7,7,15.87,0.7018,0.2215,0.7404,11.43,2.05,1,1
CAFE-003858,24.1,3,9,10.55,0.5483,0.4869,0.4864,7.6,1.16,0,0
CAFE-003859,11.7,0,3,18.67,0.4739,0.4365,0.6313,13.44,2.0,1,0
CAFE-003860,41.4,3,2,13.88,0.3007,0.5296,0.4284,9.99,1.1,0,0
CAFE-003861,47.8,1,4,14.66,0.5639,0.2005,0.2717,10.56,1.51,0,0
CAFE-003862,26.4,2,4,19.83,0.4161,0.634,0.452,14.28,1.91,0,0
CAFE-003863,62.9,0,2,16.53,0.3375,0.6051,0.3768,11.9,1.24,1,0
CAFE-003864,10.7,1,3,13.85,0.401,0.4883,0.8406,9.97,1.39,0,0
CAFE-003865,5.5,1,4,12.35,0.2675,0.8183,0.504,8.89,1.1,1,0
CAFE-003866,40.4,0,6,9.66,0.5902,0.4417,0.3739,6.96,1.05,0,0
CAFE-003867,4.7,4,6,18.62,0.9163,0.6293,0.4956,13.41,2.87,0,0
CAFE-003868,3.5,1,6,20.17,0.7658,0.648,0.2803,14.52,2.81,0,1
CAFE-003869,43.8,9,4,22.23,0.9215,0.4562,0.3946,16.01,3.12,1,1
CAFE-003870,10.9,3,6,17.33,0.7755,0.4468,0.6951,12.48,2.39,1,0
CAFE-003871,54.1,7,11,22.48,0.9201,0.1323,0.4477,16.19,3.07,0,0
CAFE-003872,24.8,2,1,12.34,0.4093,0.5189,0.8822,8.88,1.18,1,0
CAFE-003873,12.4,5,5,14.83,0.5267,0.7586,0.1504,10.68,1.66,0,0
CAFE-003874,5.5,2,6,16.64,0.5653,0.552,0.8941,11.98,1.97,1,1
CAFE-003875,50.8,3,4,16.43,0.5555,0.273,0.3876,11.83,1.66,0,0
CAFE-003876,69.2,0,9,18.16,0.5575,0.7576,0.3401,13.08,1.72,0,0
CAFE-003877,51.3,2,8,19.17,0.5873,0.4199,0.7276,13.8,2.0,0,0
CAFE-003878,34.6,2,3,18.29,0.5947,0.5017,0.4368,13.17,2.03,0,0
CAFE-003879,10.4,2,4,14.11,0.4222,0.3637,0.3914,10.16,1.45,0,0
CAFE-003880,22.1,0,3,16.03,0.506,0.828,0.3003,11.54,1.71,1,0
CAFE-003881,26.5,1,11,18.83,0.7017,0.3842,0.7925,13.56,2.35,0,1
CAFE-003882,34.6,4,7,18.51,0.7732,0.621,0.3278,13.33,2.39,1,0
CAFE-003883,7.0,2,4,18.69,0.6061,0.5816,0.4555,13.46,2.28,0,0
CAFE-003884,45.6,1,4,10.15,0.5814,0.3494,0.2121,7.31,1.07,0,1
CAFE-003885,6.0,2,10,19.76,0.8171,0.1705,0.4046,14.23,2.84,0,1
CAFE-003886,32.4,0,0,5.9,0.1106,0.4286,0.1025,4.25,0.37,0,0
CAFE-003887,12.9,4,14,19.48,0.8249,0.8075,0.5425,14.03,2.76,1,1
CAFE-003888,21.0,3,5,18.3,0.8138,0.7217,0.6759,13.18,2.52,0,0
CAFE-003889,2.1,0,5,12.05,0.3134,0.2208,0.5901,8.68,1.14,0,0
CAFE-003890,40.6,1,3,13.68,0.4547,0.6554,0.72,9.85,1.3,0,0
CAFE-003891,25.2,2,8,16.64,0.5602,0.6988,0.5287,11.98,1.85,0,0
CAFE-003892,18.6,2,6,17.63,0.8575,0.2525,0.3701,12.69,2.52,0,0
CAFE-003893,22.4,3,12,18.54,0.8359,0.254,0.59,13.35,2.59,1,0
CAFE-003894,44.0,2,4,15.0,0.633,0.6852,0.3373,10.8,1.67,0,0
CAFE-003895,87.7,0,2,10.11,0.2722,0.6014,0.3558,7.28,0.6,0,0
CAFE-003896,18.4,1,7,12.53,0.6759,0.2777,0.5789,9.02,1.57,1,0
CAFE-003897,24.3,0,0,17.27,0.2246,0.2021,0.5301,12.43,1.34,0,0
CAFE-003898,28.5,5,15,16.3,0.7263,0.5385,0.2907,11.74,2.06,0,1
CAFE-003899,9.4,1,5,13.71,0.4251,0.6346,0.1557,9.87,1.41,0,0
CAFE-003900,3.4,3,2,15.05,0.5816,0.5552,0.7141,10.84,1.82,0,0
CAFE-003901,7.4,2,5,17.79,0.5573,0.5829,0.4584,12.81,2.08,0,0
CAFE-003902,14.4,4,5,17.54,0.77,0.5796,0.5999,12.63,2.38,0,0
CAFE-003903,57.8,1,3,15.37,0.2612,0.681,0.0707,11.07,1.07,0,0
CAFE-003904,7.6,1,6,9.37,0.3615,0.5656,0.259,6.75,0.91,1,0
CAFE-003905,13.3,2,5,9.53,0.4323,0.6063,0.4586,6.86,0.98,0,0
CAFE-003906,4.9,2,6,23.72,0.916,0.1534,0.4328,17.08,3.65,1,0
CAFE-003907,16.3,2,5,13.12,0.4836,0.6543,0.7289,9.45,1.4,0,0
CAFE-003908,6.0,3,13,13.69,0.6097,0.3826,0.3937,9.86,1.68,0,0
CAFE-003909,29.4,2,5,15.93,0.5601,0.6857,0.865,11.47,1.74,0,0
CAFE-003910,28.0,2,7,16.41,0.6042,0.3571,0.3485,11.82,1.88,1,1
CAFE-003911,16.8,2,6,6.8,0.3385,0.8074,0.8507,4.9,0.62,0,0
CAFE-003912,18.9,2,1,9.84,0.1697,0.8744,0.7037,7.08,0.73,1,0
CAFE-003913,120.0,3,8,11.61,0.3954,0.249,0.3117,8.36,0.7,1,0
CAFE-003914,40.8,4,5,13.36,0.4994,0.3072,0.3481,9.62,1.33,0,0
CAFE-003915,9.8,1,3,10.21,0.447,0.8132,0.6821,7.35,1.07,0,0
CAFE-003916,52.8,1,2,11.67,0.2275,0.5794,0.5828,8.4,0.79,0,0
CAFE-003917,7.8,1,4,16.52,0.6683,0.5004,0.6119,11.89,2.11,0,1
CAFE-003918,14.5,2,4,17.46,0.741,0.1748,0.6711,12.57,2.32,1,1
CAFE-003919,20.9,4,6,17.65,0.4983,0.371,0.2504,12.71,1.88,0,1
CAFE-003920,1.7,3,5,12.82,0.3895,0.3202,0.5239,9.23,1.31,0,0
CAFE-003921,40.9,2,7,19.5,0.709,0.5143,0.5598,14.04,2.34,1,0
CAFE-003922,53.5,1,5,16.33,0.8906,0.6139,0.5957,11.76,2.18,1,0
CAFE-003923,72.4,4,4,12.42,0.4493,0.7767,0.2606,8.94,1.03,0,0
CAFE-003924,15.8,2,4,10.51,0.5205,0.4055,0.4709,7.57,1.16,1,0
CAFE-003925,23.6,4,6,19.37,0.9014,0.3465,0.3004,13.95,2.82,1,1
CAFE-003926,24.8,2,6,17.73,0.8422,0.696,0.654,12.77,2.47,1,0
CAFE-003927,40.2,0,2,8.97,0.3004,0.6494,0.3902,6.46,0.71,0,0
CAFE-003928,10.4,2,4,13.79,0.5373,0.6088,0.3327,9.93,1.57,0,1
CAFE-003929,14.6,1,1,10.95,0.2121,0.6646,0.3461,7.88,0.88,0,0
CAFE-003930,12.8,3,6,18.65,0.8455,0.5874,0.5427,13.43,2.68,0,0
CAFE-003931,1.6,6,4,16.17,0.8101,0.5635,0.7285,11.64,2.34,0,0
CAFE-003932,24.1,6,7,12.61,0.3395,0.2412,0.5502,9.08,1.13,1,0
CAFE-003933,20.8,3,6,17.2,0.7474,0.4241,0.364,12.38,2.26,0,0
CAFE-003934,11.1,1,8,17.59,0.7276,0.6045,0.389,12.66,2.34,1,0
CAFE-003935,0.2,2,7,23.48,0.7766,0.1408,0.6305,16.91,3.32,1,0
CAFE-003936,27.5,2,4,17.28,0.7022,0.6836,0.5036,12.44,2.15,1,0
CAFE-003937,32.1,1,1,12.82,0.2144,0.5584,0.2201,9.23,0.95,1,0
CAFE-003938,15.4,3,3,16.01,0.7162,0.4246,0.399,11.53,2.08,0,1
CAFE-003939,49.0,1,3,12.98,0.5251,0.6682,0.8587,9.35,1.28,0,0
CAFE-003940,41.3,3,5,13.11,0.446,0.8716,0.5506,9.44,1.23,0,0
CAFE-003941,13.1,2,1,15.67,0.33,0.2937,0.7303,11.28,1.45,0,0
CAFE-003942,27.3,4,8,13.75,0.7835,0.5765,0.5855,9.9,1.82,0,1
CAFE-003943,10.7,4,2,16.67,0.627,0.6839,0.5253,12.0,2.05,0,0
CAFE-003944,3.6,4,7,20.66,0.8318,0.2241,0.7051,14.88,3.01,1,0
CAFE-003945,25.0,1,1,9.75,0.3311,0.4466,0.0984,7.02,0.86,0,1
CAFE-003946,50.3,1,2,12.42,0.1607,0.5908,0.4173,8.94,0.77,0,0
CAFE-003947,19.0,1,3,13.8,0.5631,0.7222,0.308,9.94,1.57,0,0
CAFE-003948,11.0,2,6,14.87,0.5407,0.305,0.5215,10.71,1.7,0,1
CAFE-003949,22.7,2,8,14.71,0.8777,0.1462,0.5418,10.59,2.11,0,0
CAFE-003950,14.0,1,6,18.53,0.6656,0.7715,0.3467,13.34,2.33,0,1
CAFE-003951,14.9,0,2,17.75,0.2654,0.3795,0.7529,12.78,1.51,0,0
CAFE-003952,29.6,2,6,18.42,0.6483,0.5363,0.7194,13.26,2.18,0,1
CAFE-003953,7.6,4,3,14.33,0.6192,0.4346,0.6427,10.32,1.77,1,1
CAFE-003954,9.8,4,4,19.91,0.7785,0.5052,0.4001,14.34,2.75,0,0
CAFE-003955,43.0,4,7,18.44,0.7424,0.3883,0.766,13.28,2.26,0,0
CAFE-003956,27.0,4,10,15.31,0.6345,0.38,0.589,11.02,1.8,1,0
CAFE-003957,22.8,2,6,16.06,0.5402,0.154,0.2048,11.56,1.76,0,0
CAFE-003958,24.1,6,1,13.22,0.4921,0.3278,0.358,9.52,1.38,0,0
CAFE-003959,52.9,4,5,14.45,0.6438,0.4283,0.7193,10.4,1.58,1,1
CAFE-003960,6.4,1,10,16.82,0.7234,0.3607,0.7561,12.11,2.25,0,0
CAFE-003961,19.8,0,4,11.09,0.3095,0.5582,0.6909,7.98,0.97,0,0
CAFE-003962,6.7,4,8,20.13,0.6527,0.2922,0.5201,14.49,2.55,1,1
CAFE-003963,17.4,5,4,17.71,0.5937,0.534,0.5684,12.75,2.07,1,1
CAFE-003964,36.0,0,4,7.06,0.1041,0.6262,0.3531,5.08,0.43,1,0
CAFE-003965,40.2,1,6,11.48,0.4294,0.2352,0.6206,8.27,1.06,0,1
CAFE-003966,3.5,3,8,17.99,0.9273,0.558,0.4291,12.95,2.8,0,0
CAFE-003967,46.8,1,2,13.31,0.292,0.534,0.7144,9.58,1.02,0,0
CAFE-003968,35.3,1,10,17.58,0.7151,0.3855,0.5831,12.66,2.16,0,0
CAFE-003969,14.7,6,6,17.44,0.7501,0.4041,0.3652,12.56,2.33,1,0
CAFE-003970,21.7,1,5,8.46,0.0318,0.7798,0.6952,6.09,0.5,1,0
CAFE-003971,10.4,3,6,18.37,0.5897,0.4899,0.7417,13.23,2.19,1,0
CAFE-003972,11.4,4,1,10.13,0.3323,0.3559,0.4547,7.29,0.94,1,0
CAFE-003973,43.6,1,6,15.38,0.6399,0.2644,0.5519,11.07,1.73,1,0
CAFE-003974,5.8,0,5,16.32,0.7989,0.5069,0.6661,11.75,2.31,1,0
CAFE-003975,7.4,6,3,18.48,0.7066,0.3381,0.4719,13.31,2.44,0,1
CAFE-003976,42.4,1,5,12.97,0.2646,0.6296,0.7246,9.34,0.98,1,0
CAFE-003977,8.5,5,5,11.96,0.6267,0.375,0.8822,8.61,1.48,1,0
CAFE-003978,18.7,3,3,14.08,0.4045,0.4089,0.5107,10.14,1.38,0,0
CAFE-003979,18.7,3,2,12.84,0.5519,0.4807,0.121,9.24,1.44,0,0
CAFE-003980,21.9,4,5,19.39,0.7472,0.3863,0.551,13.96,2.54,1,0
CAFE-003981,30.2,2,4,20.68,0.8771,0.4135,0.5281,14.89,2.91,0,1
CAFE-003982,7.2,1,7,15.62,0.7854,0.1056,0.4384,11.25,2.19,0,0
CAFE-003983,5.5,0,2,11.85,0.3159,0.2836,0.5622,8.53,1.11,0,0
CAFE-003984,6.0,2,6,13.8,0.382,0.4573,0.6817,9.94,1.38,0,0
CAFE-003985,24.0,4,6,17.7,0.5681,0.3573,0.4081,12.74,1.99,0,0
CAFE-003986,47.7,3,3,16.7,0.3757,0.4593,0.5409,12.02,1.41,0,0
CAFE-003987,47.1,4,3,17.83,0.6603,0.3214,0.4291,12.84,2.02,0,0
CAFE-003988,15.5,4,10,20.08,0.77,0.1187,0.3612,14.46,2.72,0,0
CAFE-003989,16.7,2,2,18.06,0.6844,0.5562,0.8273,13.0,2.28,0,1
CAFE-003990,7.4,3,3,20.6,0.7499,0.5147,0.7783,14.83,2.81,0,0
CAFE-003991,0.7,1,3,13.37,0.2447,0.49,0.2723,9.63,1.18,0,0
CAFE-003992,17.4,2,1,9.73,0.3794,0.3598,0.1932,7.01,0.93,0,0
CAFE-003993,9.4,3,7,14.95,0.5949,0.4746,0.3783,10.76,1.8,0,0
CAFE-003994,4.5,2,8,19.21,0.7411,0.4692,0.7617,13.83,2.62,0,0
CAFE-003995,24.9,2,4,16.58,0.5898,0.4475,0.6858,11.94,1.89,0,0
CAFE-003996,35.5,6,4,17.46,0.5898,0.3409,0.6181,12.57,1.92,0,1
CAFE-003997,33.0,6,8,20.43,0.8051,0.2915,0.9294,14.71,2.71,0,0
CAFE-003998,43.6,4,2,17.01,0.2573,0.4685,0.6551,12.25,1.26,0,0
CAFE-003999,19.6,1,7,15.27,0.5383,0.5567,0.811,10.99,1.69,0,1
CAFE-004000,17.6,1,7,19.37,0.6464,0.6471,0.3381,13.95,2.37,0,0
CAFE-004001,14.5,4,8,12.69,0.4917,0.8393,0.7118,9.14,1.37,0,0
CAFE-004002,11.7,2,7,15.13,0.567,0.4811,0.6601,10.89,1.76,0,0
CAFE-004003,5.7,6,3,20.02,0.8302,0.4297,0.4597,14.41,2.9,0,0
CAFE-004004,9.4,2,4,13.06,0.3047,0.7512,0.414,9.4,1.19,0,0
CAFE-004005,2.0,2,5,17.98,0.4375,0.8086,0.4147,12.95,1.92,1,0
CAFE-004006,43.9,0,0,8.26,0.0547,0.4787,0.0437,5.95,0.44,1,0
CAFE-004007,54.1,1,1,11.89,0.4669,0.3037,0.6149,8.56,1.08,0,0
CAFE-004008,25.9,0,2,7.14,0.1547,0.8248,0.2722,5.14,0.5,0,0
CAFE-004009,14.6,1,1,8.75,0.3189,0.5276,0.4889,6.3,0.79,0,0
CAFE-004010,45.0,2,4,10.07,0.4496,0.095,0.3791,7.25,0.93,0,1
CAFE-004011,14.6,3,8,19.4,0.6908,0.2545,0.6284,13.97,2.48,0,0
CAFE-004012,27.0,0,1,6.61,0.1038,0.8002,0.6091,4.76,0.43,0,0
CAFE-004013,18.9,1,2,6.28,0.0404,0.668,0.4581,4.52,0.38,1,1
CAFE-004014,12.4,3,9,22.1,0.9005,0.3789,0.4371,15.91,3.31,1,1
CAFE-004015,16.4,1,10,15.62,0.7647,0.2766,0.6033,11.25,2.1,1,1
CAFE-004016,8.3,1,1,6.55,0.2473,0.2207,0.6665,4.72,0.56,1,0
CAFE-004017,24.6,8,5,15.43,0.5458,0.3909,0.6201,11.11,1.69,1,0
CAFE-004018,33.0,6,6,21.51,0.9264,0.3535,0.2611,15.49,3.11,1,1
CAFE-004019,36.9,1,3,9.5,0.3204,0.8444,0.4447,6.84,0.79,0,0
CAFE-004020,36.2,0,3,13.18,0.1976,0.6788,0.2886,9.49,0.93,1,0
CAFE-004021,14.5,2,9,14.48,0.7093,0.292,0.4794,10.43,1.88,0,0
CAFE-004022,14.0,0,3,13.01,0.1228,0.495,0.7242,9.37,0.93,0,0
CAFE-004023,51.2,1,3,18.57,0.5537,0.2646,0.5191,13.37,1.87,0,0
CAFE-004024,49.6,5,10,20.43,0.8292,0.6727,0.2826,14.71,2.64,0,0
CAFE-004025,20.7,2,5,17.58,0.4707,0.3151,0.3464,12.66,1.82,1,0
CAFE-004026,4.7,3,7,15.07,0.5077,0.3899,0.5625,10.85,1.7,1,0
CAFE-004027,4.1,2,4,14.53,0.7282,0.5943,0.2278,10.46,1.97,0,0
CAFE-004028,45.4,1,2,12.55,0.2134,0.7966,0.569,9.04,0.87,1,1
CAFE-004029,9.4,3,7,22.57,0.8602,0.4972,0.4848,16.25,3.31,1,1
CAFE-004030,6.7,0,5,13.13,0.3738,0.6178,0.7071,9.45,1.3,0,0
CAFE-004031,21.7,6,3,13.34,0.4099,0.4152,0.3627,9.6,1.3,0,0
CAFE-004032,43.7,2,2,11.22,0.3192,0.4879,0.6329,8.08,0.9,0,1
CAFE-004033,72.2,2,3,11.5,0.3369,0.6649,0.6923,8.28,0.82,0,0
CAFE-004034,24.6,1,1,13.9,0.3825,0.4122,0.6418,10.01,1.3,0,0
CAFE-004035,21.9,2,5,12.43,0.227,0.1838,0.4397,8.95,0.98,0,0
CAFE-004036,5.1,3,12,18.38,0.8711,0.4129,0.9068,13.23,2.74,1,1
CAFE-004037,44.4,1,8,19.26,0.7798,0.1952,0.3898,13.87,2.43,0,1
CAFE-004038,17.9,6,6,19.1,0.703,0.6698,0.7274,13.75,2.44,0,0
CAFE-004039,52.9,5,2,13.84,0.5995,0.5866,0.5524,9.96,1.45,0,0
CAFE-004040,4.2,4,7,20.8,0.8586,0.3447,0.9122,14.98,3.09,0,0
CAFE-004041,12.4,4,2,14.38,0.3238,0.3332,0.6396,10.35,1.32,0,0
CAFE-004042,4.4,4,8,15.14,0.6583,0.2553,0.4449,10.9,1.94,0,1
CAFE-004043,26.2,3,3,10.72,0.3404,0.6619,0.4709,7.72,0.95,1,1
CAFE-004044,26.4,3,5,15.66,0.7186,0.5831,0.4633,11.28,1.98,0,0
CAFE-004045,45.0,2,3,13.71,0.4178,0.7192,0.6057,9.87,1.23,1,0
CAFE-004046,53.3,4,3,17.65,0.6629,0.8395,0.1761,12.71,1.96,0,0
CAFE-004047,19.5,2,4,19.13,0.6882,0.5991,0.1983,13.77,2.41,0,1
CAFE-004048,4.5,4,6,14.1,0.6719,0.6977,0.1915,10.15,1.83,0,0
CAFE-004049,17.7,3,2,7.33,0.0597,0.5805,0.5199,5.28,0.47,0,0
CAFE-004050,34.8,0,4,8.66,0.1743,0.6888,0.4911,6.24,0.6,0,0
CAFE-004051,20.7,4,5,22.31,0.8693,0.6097,0.369,16.06,3.2,0,0
CAFE-004052,19.4,3,6,16.1,0.5731,0.2546,0.8266,11.59,1.84,1,0
CAFE-004053,6.0,1,3,11.69,0.1802,0.4041,0.1844,8.42,0.93,0,0
CAFE-004054,17.3,4,4,20.06,0.6766,0.1287,0.3252,14.44,2.52,1,0
CAFE-004055,32.1,3,4,11.72,0.3679,0.8785,0.3325,8.44,1.05,1,0
CAFE-004056,81.7,1,1,5.0,0.0739,0.4433,0.2439,3.6,0.21,0,0
CAFE-004057,15.9,4,6,15.25,0.456,0.3761,0.4523,10.98,1.58,0,0
CAFE-004058,15.4,9,6,14.91,0.6943,0.5728,0.4527,10.74,1.91,0,1
CAFE-004059,34.8,2,2,12.61,0.255,0.8345,0.2072,9.08,0.97,1,0
CAFE-004060,10.6,2,2,18.79,0.6752,0.3015,0.6918,13.53,2.4,0,0
CAFE-004061,19.7,5,4,18.38,0.8199,0.6899,0.2359,13.23,2.55,0,0
CAFE-004062,40.5,2,5,18.32,0.3232,0.6757,0.2157,13.19,1.5,0,0
CAFE-004063,10.0,4,3,14.15,0.4582,0.2877,0.1814,10.19,1.5,1,1
CAFE-004064,45.4,1,2,13.58,0.3554,0.622,0.7927,9.78,1.13,0,1
CAFE-004065,9.6,5,6,14.89,0.7028,0.4739,0.8141,10.72,1.95,1,0
CAFE-004066,9.5,3,1,16.83,0.6195,0.6343,0.4511,12.12,2.06,0,0
CAFE-004067,49.8,0,3,8.69,0.1445,0.3103,0.3925,6.26,0.53,0,0
CAFE-004068,13.3,3,4,14.46,0.656,0.5015,0.6678,10.41,1.8,0,1
CAFE-004069,56.1,1,2,6.2,0.2104,0.5807,0.6953,4.46,0.4,0,0
CAFE-004070,13.3,2,2,5.78,0.162,0.5731,0.7461,4.16,0.44,0,0
CAFE-004071,55.4,2,3,13.08,0.3895,0.3278,0.1247,9.42,1.09,0,0
CAFE-004072,31.6,0,5,16.19,0.5466,0.3522,0.2945,11.66,1.74,0,0
CAFE-004073,15.5,1,2,18.4,0.7633,0.7765,0.6231,13.25,2.48,0,0
CAFE-004074,25.6,4,5,14.5,0.4246,0.6833,0.6503,10.44,1.41,0,0
CAFE-004075,8.6,4,5,13.39,0.6248,0.679,0.5227,9.64,1.65,1,0
CAFE-004076,16.2,7,5,18.82,0.7393,0.1942,0.7579,13.55,2.49,1,1
CAFE-004077,19.8,1,3,14.58,0.3705,0.4866,0.7505,10.5,1.37,0,0
CAFE-004078,68.3,3,6,14.46,0.4474,0.7133,0.5431,10.41,1.22,1,1
CAFE-004079,16.9,2,1,8.72,0.1381,0.2683,0.3748,6.28,0.63,0,0
CAFE-004080,38.5,2,2,14.16,0.4587,0.6968,0.4718,10.2,1.36,0,0
CAFE-004081,40.6,0,8,17.71,0.8505,0.6396,0.6293,12.75,2.38,0,0
CAFE-004082,25.7,1,8,16.59,0.7703,0.3656,0.7189,11.94,2.19,0,0
CAFE-004083,17.6,1,5,9.55,0.2054,0.3126,0.3821,6.88,0.75,0,0
CAFE-004084,3.0,3,8,18.78,0.8702,0.7377,0.7192,13.52,2.82,0,0
CAFE-004085,51.5,3,3,8.39,0.2742,0.3042,0.3962,6.04,0.61,0,0
CAFE-004086,33.8,1,6,10.09,0.3624,0.5284,0.3812,7.26,0.89,0,0
CAFE-004087,8.5,4,1,20.56,0.5648,0.4627,0.563,14.8,2.41,0,1
CAFE-004088,3.9,2,6,13.34,0.3163,0.5406,0.8286,9.6,1.26,1,0
CAFE-004089,12.1,2,4,12.15,0.464,0.5771,0.2809,8.75,1.29,0,1
CAFE-004090,35.1,1,1,11.41,0.375,0.8091,0.5911,8.22,1.01,0,0
CAFE-004091,30.9,3,1,12.22,0.4074,0.7991,0.5648,8.8,1.14,0,0
CAFE-004092,47.9,0,2,11.54,0.5064,0.4656,0.5218,8.31,1.12,0,0
CAFE-004093,25.1,2,8,17.36,0.6997,0.5716,0.658,12.5,2.17,1,0
CAFE-004094,15.8,1,2,15.79,0.3278,0.6641,0.4758,11.37,1.44,0,0
CAFE-004095,22.6,3,3,14.46,0.5611,0.791,0.4006,10.41,1.62,0,0
CAFE-004096,15.9,1,7,19.44,0.7085,0.3201,0.5001,14.0,2.51,0,0
CAFE-004097,39.5,0,3,22.96,0.694,0.7597,0.5332,16.53,2.74,1,1
CAFE-004098,11.5,4,2,14.18,0.4256,0.5949,0.6337,10.21,1.45,0,0
CAFE-004099,19.6,1,1,13.24,0.3895,0.4593,0.2799,9.53,1.27,0,0
CAFE-004100,22.9,4,8,20.78,0.8803,0.4387,0.8444,14.96,2.99,1,0
CAFE-004101,4.1,3,4,12.55,0.3356,0.1556,0.2441,9.04,1.21,0,0
CAFE-004102,24.4,3,5,15.23,0.6532,0.3103,0.3271,10.97,1.84,0,1
CAFE-004103,16.7,5,5,16.84,0.547,0.7858,0.1798,12.12,1.9,1,1
CAFE-004104,15.6,2,3,10.53,0.277,0.3328,0.6165,7.58,0.91,0,0
CAFE-004105,14.1,1,1,10.63,0.3093,0.5814,0.3232,7.65,0.96,0,0
CAFE-004106,57.2,1,1,7.87,0.1079,0.9509,0.6928,5.67,0.43,0,0
CAFE-004107,28.3,7,7,19.89,0.8306,0.5687,0.8566,14.32,2.72,0,1
CAFE-004108,18.4,3,4,14.02,0.7499,0.3872,0.5385,10.09,1.86,1,0
CAFE-004109,33.0,1,2,7.45,0.1028,0.2715,0.3859,5.36,0.46,1,0
CAFE-004110,61.3,5,5,12.72,0.6444,0.8717,0.583,9.16,1.35,0,0
CAFE-004111,12.1,0,7,19.2,0.7895,0.4944,0.715,13.82,2.66,0,0
CAFE-004112,10.5,1,7,12.48,0.2404,0.4408,0.4966,8.99,1.05,0,1
CAFE-004113,4.5,1,3,7.72,0.4046,0.4215,0.3178,5.56,0.79,0,1
CAFE-004114,2.3,2,6,20.83,0.7665,0.7101,0.768,15.0,2.91,0,1
CAFE-004115,41.7,2,1,13.0,0.2675,0.5157,0.4439,9.36,0.98,0,0
CAFE-004116,9.5,3,4,11.9,0.454,0.4253,0.4665,8.57,1.26,0,0
CAFE-004117,79.9,0,0,8.6,0.1146,0.6618,0.6954,6.19,0.4,0,0
CAFE-004118,6.6,2,6,15.09,0.4211,0.3103,0.8194,10.86,1.57,0,0
CAFE-004119,49.6,0,2,14.81,0.2914,0.7626,0.4033,10.66,1.11,0,0
CAFE-004120,7.3,2,2,12.55,0.3138,0.2349,0.4754,9.04,1.16,0,1
CAFE-004121,52.2,6,3,13.47,0.4743,0.7887,0.5879,9.7,1.25,1,0
CAFE-004122,7.8,4,8,24.76,0.9649,0.5201,0.7542,17.83,3.9,1,0
CAFE-004123,10.2,0,6,15.04,0.615,0.8549,0.3188,10.83,1.83,0,0
CAFE-004124,18.3,2,5,18.38,0.5809,0.2748,0.136,13.23,2.12,0,0
CAFE-004125,13.1,1,11,17.25,0.6206,0.3379,0.4967,12.42,2.09,0,0
CAFE-004126,12.9,4,7,15.0,0.8223,0.8097,0.472,10.8,2.12,1,0
CAFE-004127,33.6,2,8,16.09,0.6654,0.4035,0.258,11.58,1.91,0,1
CAFE-004128,17.0,2,5,17.05,0.8363,0.2403,0.7409,12.28,2.41,0,0
CAFE-004129,18.5,2,3,14.57,0.4072,0.2992,0.5234,10.49,1.43,1,0
CAFE-004130,36.6,1,3,9.88,0.4089,0.4743,0.7042,7.11,0.91,0,0
CAFE-004131,11.2,1,4,12.47,0.2643,0.7552,0.6798,8.98,1.08,0,0
CAFE-004132,26.9,3,7,11.39,0.5904,0.4742,0.517,8.2,1.29,0,1
CAFE-004133,26.5,1,4,12.77,0.46,0.6218,0.4518,9.19,1.28,1,0
CAFE-004134,8.6,1,5,16.3,0.6411,0.2379,0.4477,11.74,2.04,0,0
CAFE-004135,17.9,6,5,14.92,0.552,0.4521,0.7277,10.74,1.68,1,1
CAFE-004136,25.3,0,4,15.84,0.59,0.6737,0.1696,11.4,1.8,0,0
CAFE-004137,32.6,2,1,17.78,0.5533,0.1521,0.6342,12.8,1.91,0,1
CAFE-004138,8.7,2,5,16.45,0.6077,0.5479,0.5585,11.84,2.0,1,0
CAFE-004139,24.0,4,4,12.97,0.429,0.3112,0.2598,9.34,1.27,1,0
CAFE-004140,27.0,1,7,22.12,0.8824,0.8426,0.8715,15.93,3.15,1,0
CAFE-004141,72.2,1,2,14.34,0.5316,0.476,0.6983,10.32,1.31,0,0
CAFE-004142,82.4,2,4,16.85,0.4979,0.8208,0.5067,12.13,1.42,0,0
CAFE-004143,17.3,4,6,16.47,0.3939,0.647,0.8276,11.86,1.6,1,0
CAFE-004144,21.7,2,1,13.13,0.2241,0.7659,0.3687,9.45,1.03,1,0
CAFE-004145,31.7,3,3,8.4,0.1958,0.6069,0.3861,6.05,0.61,0,0
CAFE-004146,76.5,3,10,18.24,0.8045,0.4298,0.8763,13.13,2.13,0,0
CAFE-004147,13.7,2,0,7.69,0.234,0.7864,0.4851,5.54,0.63,0,0
CAFE-004148,17.5,0,1,10.16,0.1508,0.3221,0.3539,7.32,0.74,0,0
CAFE-004149,18.9,6,5,10.96,0.5558,0.6788,0.286,7.89,1.24,1,0
CAFE-004150,11.1,0,4,14.04,0.6629,0.2015,0.4521,10.11,1.77,1,0
CAFE-004151,39.3,4,4,12.89,0.3474,0.3908,0.4164,9.28,1.09,0,0
CAFE-004152,34.8,2,7,12.05,0.4918,0.3651,0.253,8.68,1.21,0,0
CAFE-004153,15.2,1,2,12.89,0.4807,0.5901,0.5428,9.28,1.37,1,0
CAFE-004154,9.2,2,4,16.74,0.7659,0.1981,0.7551,12.05,2.3,0,0
CAFE-004155,10.7,3,8,18.91,0.623,0.3477,0.7906,13.62,2.32,0,1
CAFE-004156,4.2,3,8,18.53,0.7961,0.6203,0.5091,13.34,2.63,1,0
CAFE-004157,45.5,1,2,12.01,0.3342,0.6785,0.6205,8.65,0.97,0,1
CAFE-004158,6.7,2,5,18.76,0.7456,0.2512,0.2991,13.51,2.55,1,0
CAFE-004159,24.0,1,3,15.33,0.4857,0.642,0.4102,11.04,1.59,0,0
CAFE-004160,40.7,3,2,16.11,0.5683,0.5353,0.5205,11.6,1.71,1,0
CAFE-004161,11.6,1,1,7.99,0.1243,0.7449,0.5016,5.75,0.58,0,0
CAFE-004162,20.1,2,3,8.86,0.5712,0.3598,0.1695,6.38,1.01,0,0
CAFE-004163,30.4,1,8,6.48,0.2387,0.7712,0.7252,4.67,0.5,1,0
CAFE-004164,54.2,0,2,12.22,0.1929,0.3318,0.1872,8.8,0.78,0,0
CAFE-004165,8.2,1,1,12.42,0.205,0.7292,0.6423,8.94,1.01,0,1
CAFE-004166,10.2,2,4,12.57,0.2182,0.3404,0.1728,9.05,1.03,0,0
CAFE-004167,11.1,9,2,15.24,0.5147,0.2383,0.2218,10.97,1.7,1,0
CAFE-004168,17.7,3,8,20.15,0.7276,0.1779,0.3631,14.51,2.63,1,1
CAFE-004169,18.9,2,6,13.35,0.4398,0.5732,0.2589,9.61,1.35,1,1
CAFE-004170,26.9,6,5,13.98,0.5838,0.1193,0.3583,10.07,1.58,0,0
CAFE-004171,19.1,3,11,16.62,0.8641,0.2138,0.7126,11.97,2.39,1,0
CAFE-004172,3.3,4,8,15.74,0.7751,0.4043,0.5104,11.33,2.21,0,0
CAFE-004173,21.4,0,2,11.63,0.2845,0.6864,0.2274,8.37,0.99,0,0
CAFE-004174,10.1,2,7,14.05,0.412,0.8603,0.6113,10.12,1.43,0,0
CAFE-004175,39.2,0,6,14.89,0.3755,0.3369,0.5163,10.72,1.3,0,0
CAFE-004176,25.2,3,5,18.9,0.599,0.598,0.15,13.61,2.17,0,0
CAFE-004177,14.6,2,8,17.98,0.6658,0.66,0.2837,12.95,2.25,0,0
CAFE-004178,34.7,0,0,9.65,0.094,0.4385,0.4924,6.95,0.59,0,1
CAFE-004179,55.8,2,4,11.78,0.1902,0.4794,0.809,8.48,0.74,0,0
CAFE-004180,50.2,0,2,10.8,0.1742,0.2398,0.7748,7.78,0.68,0,0
CAFE-004181,25.0,4,4,15.83,0.3799,0.3843,0.5448,11.4,1.47,0,0
CAFE-004182,72.7,4,8,17.67,0.6576,0.3834,0.6986,12.72,1.83,1,0
CAFE-004183,21.2,0,0,7.14,0.1138,0.5317,0.4683,5.14,0.48,1,0
CAFE-004184,29.8,3,9,15.15,0.4997,0.7451,0.7645,10.91,1.56,0,1
CAFE-004185,20.5,1,3,13.81,0.3812,0.2244,0.1478,9.94,1.31,0,0
CAFE-004186,14.1,2,6,15.32,0.489,0.4656,0.5857,11.03,1.65,0,0
CAFE-004187,34.9,3,4,18.84,0.54,0.4688,0.3079,13.56,1.99,0,0
CAFE-004188,25.3,1,4,15.43,0.5229,0.6324,0.2825,11.11,1.65,0,0
CAFE-004189,50.4,0,1,11.9,0.0634,0.621,0.322,8.57,0.62,0,0
CAFE-004190,14.6,1,4,15.67,0.7283,0.736,0.3933,11.28,2.06,0,0
CAFE-004191,6.0,6,14,20.86,0.9322,0.6595,0.4777,15.02,3.23,1,1
CAFE-004192,86.2,0,3,12.41,0.1908,0.5777,0.52,8.94,0.65,0,0
CAFE-004193,3.7,7,8,18.81,0.9151,0.5515,0.4248,13.54,2.9,0,1
CAFE-004194,20.6,1,2,12.9,0.1504,0.3667,0.679,9.29,0.92,0,0
CAFE-004195,3.3,3,4,13.37,0.6414,0.2592,0.8579,9.63,1.7,1,0
CAFE-004196,29.6,2,6,16.28,0.8168,0.11,0.9176,11.72,2.2,0,0
CAFE-004197,55.3,4,1,10.31,0.0793,0.6688,0.5673,7.42,0.54,0,0
CAFE-004198,10.2,2,8,17.4,0.77,0.484,0.6727,12.53,2.39,0,0
CAFE-004199,13.2,2,6,16.67,0.7927,0.7115,0.7636,12.0,2.31,0,0
CAFE-004200,11.6,1,1,20.46,0.4645,0.6045,0.6809,14.73,2.17,0,1
CAFE-004201,20.9,8,4,12.32,0.6151,0.6756,0.348,8.87,1.45,0,0
CAFE-004202,88.7,2,0,14.06,0.3917,0.6299,0.2783,10.12,1.0,0,0
CAFE-004203,3.1,1,3,13.03,0.6353,0.1603,0.3631,9.38,1.65,1,0
CAFE-004204,20.3,5,9,17.62,0.8423,0.2604,0.5715,12.69,2.48,1,0
CAFE-004205,43.5,3,6,15.18,0.5627,0.353,0.7411,10.93,1.59,1,0
CAFE-004206,31.5,2,4,10.35,0.2956,0.6644,0.4703,7.45,0.85,0,0
CAFE-004207,10.7,3,8,22.44,0.9551,0.4995,0.5852,16.16,3.49,1,1
CAFE-004208,41.2,1,3,11.62,0.4902,0.3686,0.1626,8.37,1.14,0,0
CAFE-004209,26.2,3,2,16.76,0.6526,0.6714,0.8355,12.07,2.01,1,0
CAFE-004210,4.6,1,0,10.39,0.2412,0.8206,0.4259,7.48,0.9,1,0
CAFE-004211,19.8,1,4,11.05,0.5774,0.2924,0.7131,7.96,1.27,0,0
CAFE-004212,69.3,1,9,15.54,0.4778,0.6736,0.4787,11.19,1.35,0,0
CAFE-004213,9.6,5,6,13.6,0.6223,0.6322,0.3234,9.79,1.67,0,0
CAFE-004214,15.8,2,4,14.46,0.465,0.6704,0.3567,10.41,1.52,0,0
CAFE-004215,18.5,3,2,7.98,0.241,0.6807,0.579,5.75,0.65,0,0
CAFE-004216,29.9,3,3,16.64,0.5913,0.2617,0.4329,11.98,1.87,0,0
CAFE-004217,3.6,2,2,17.56,0.5326,0.5065,0.2234,12.64,2.04,0,0
CAFE-004218,18.6,2,6,11.71,0.5252,0.8021,0.3419,8.43,1.29,0,0
CAFE-004219,13.9,3,2,13.62,0.3932,0.3632,0.7129,9.81,1.34,0,0
CAFE-004220,28.5,3,7,12.1,0.5737,0.4308,0.5011,8.71,1.34,1,0
CAFE-004221,32.7,2,3,19.56,0.7783,0.7521,0.6971,14.08,2.54,1,0
CAFE-004222,11.5,2,6,16.28,0.8262,0.5138,0.7245,11.72,2.32,1,1
CAFE-004223,10.8,1,2,14.29,0.4857,0.7721,0.3803,10.29,1.55,0,0
CAFE-004224,33.3,2,4,13.2,0.4333,0.6359,0.487,9.5,1.26,0,0
CAFE-004225,16.7,0,4,13.73,0.426,0.6452,0.6265,9.89,1.38,0,0
CAFE-004226,35.3,0,1,15.64,0.4052,0.7522,0.4122,11.26,1.44,1,0
CAFE-004227,9.6,1,6,13.92,0.6544,0.3985,0.9005,10.02,1.75,0,0
CAFE-004228,29.6,3,3,16.77,0.6583,0.7376,0.858,12.07,2.0,1,0
CAFE-004229,26.5,0,2,12.02,0.2587,0.8103,0.2109,8.65,0.97,0,0
CAFE-004230,1.6,3,8,15.37,0.6151,0.7449,0.3804,11.07,1.92,0,1
CAFE-004231,66.9,3,4,8.42,0.3973,0.5043,0.1826,6.06,0.67,1,0
CAFE-004232,8.6,2,8,14.27,0.5874,0.5896,0.37,10.27,1.71,0,0
CAFE-004233,27.2,3,5,17.73,0.6474,0.7374,0.4711,12.77,2.11,0,0
CAFE-004234,31.4,5,2,16.77,0.4972,0.1152,0.5602,12.07,1.72,0,1
CAFE-004235,27.6,4,5,19.12,0.8909,0.4945,0.3132,13.77,2.74,0,0
CAFE-004236,19.4,3,7,15.59,0.7197,0.5871,0.8404,11.22,2.01,0,1
CAFE-004237,11.6,3,8,17.87,0.6465,0.5236,0.4774,12.87,2.22,1,1
CAFE-004238,10.1,3,5,10.48,0.2782,0.4765,0.4613,7.55,0.92,0,0
CAFE-004239,36.8,1,7,15.31,0.731,0.5263,0.7053,11.02,1.9,0,0
CAFE-004240,22.3,3,7,14.05,0.5773,0.5171,0.6333,10.12,1.6,1,1
CAFE-004241,14.5,4,4,17.62,0.7399,0.5441,0.4726,12.69,2.34,1,1
CAFE-004242,21.2,4,3,15.52,0.7187,0.6695,0.3952,11.17,1.99,0,0
CAFE-004243,21.0,0,4,10.19,0.1763,0.7617,0.788,7.34,0.75,0,0
CAFE-004244,17.4,5,9,18.13,0.7611,0.3399,0.3285,13.05,2.43,0,1
CAFE-004245,18.7,4,8,20.17,0.7818,0.3944,0.3234,14.52,2.73,1,0
CAFE-004246,55.8,2,6,12.0,0.6053,0.7484,0.5101,8.64,1.25,0,0
CAFE-004247,91.7,2,4,15.84,0.5984,0.4467,0.6074,11.4,1.44,0,0
CAFE-004248,8.2,3,8,17.4,0.6232,0.5907,0.3588,12.53,2.15,0,0
CAFE-004249,13.2,0,2,13.12,0.5452,0.3793,0.6348,9.45,1.49,1,0
CAFE-004250,21.6,0,8,18.27,0.8197,0.5719,0.472,13.15,2.52,0,1
CAFE-004251,30.0,3,5,21.56,0.6726,0.5831,0.6645,15.52,2.6,0,0
CAFE-004252,9.5,3,1,7.17,0.1178,0.2775,0.1817,5.16,0.52,0,0
CAFE-004253,43.5,2,6,14.61,0.5098,0.5048,0.6723,10.52,1.45,1,0
CAFE-004254,0.9,3,8,17.83,0.4994,0.3556,0.5348,12.84,2.03,1,0
CAFE-004255,59.8,1,6,10.39,0.4084,0.4162,0.5179,7.48,0.87,1,0
CAFE-004256,8.1,0,9,22.15,0.7678,0.1562,0.255,15.95,3.05,0,0
CAFE-004257,47.6,0,1,9.8,0.2878,0.5749,0.6848,7.06,0.74,0,0
CAFE-004258,12.9,2,4,7.12,0.3188,0.6706,0.4294,5.13,0.65,0,0
CAFE-004259,35.7,1,10,17.75,0.7914,0.6068,0.6556,12.78,2.31,0,0
CAFE-004260,13.9,2,2,12.99,0.4034,0.5636,0.497,9.35,1.29,0,0
CAFE-004261,20.5,8,6,14.6,0.5695,0.5412,0.4052,10.51,1.66,0,1
CAFE-004262,29.1,1,0,9.4,0.1935,0.6912,0.7833,6.77,0.69,0,0
CAFE-004263,4.7,2,5,15.92,0.64,0.4718,0.7185,11.46,2.01,0,0
CAFE-004264,30.7,3,2,17.01,0.6505,0.5404,0.3841,12.25,2.01,0,0
CAFE-004265,23.3,1,2,13.63,0.2986,0.4406,0.3088,9.81,1.16,0,0
CAFE-004266,15.1,1,4,16.5,0.3768,0.9392,0.1506,11.88,1.59,0,0
CAFE-004267,55.2,3,3,5.28,0.3389,0.4985,0.3522,3.8,0.41,0,0
CAFE-004268,12.4,3,4,12.95,0.3466,0.6916,0.224,9.32,1.22,1,0
CAFE-004269,10.9,0,13,17.3,0.6378,0.5133,0.8339,12.46,2.14,0,0
CAFE-004270,15.1,3,4,8.18,0.2398,0.6804,0.1824,5.89,0.68,0,0
CAFE-004271,56.6,0,7,9.72,0.5141,0.3013,0.5705,7.0,0.92,0,0
CAFE-004272,17.3,1,3,9.18,0.0857,0.2839,0.6981,6.61,0.61,0,1
CAFE-004273,42.9,3,5,16.93,0.6762,0.8081,0.5366,12.19,1.97,1,1
CAFE-004274,3.4,2,2,14.99,0.5682,0.4932,0.5546,10.79,1.79,0,0
CAFE-004275,11.7,0,2,12.1,0.1722,0.3235,0.5331,8.71,0.93,0,0
CAFE-004276,9.1,1,5,14.78,0.4951,0.4358,0.3908,10.64,1.63,1,1
CAFE-004277,25.3,1,4,11.99,0.3936,0.5709,0.4501,8.63,1.13,0,0
CAFE-004278,51.5,4,9,15.04,0.5332,0.1889,0.4746,10.83,1.49,0,1
CAFE-004279,60.3,0,1,9.43,0.0605,0.3449,0.2097,6.79,0.46,0,0
CAFE-004280,33.6,6,3,17.18,0.7323,0.1221,0.6661,12.37,2.15,0,0
CAFE-004281,9.9,4,2,11.22,0.413,0.5186,0.4597,8.08,1.14,0,0
CAFE-004282,16.8,0,3,8.27,0.1496,0.7714,0.6883,5.95,0.6,0,0
CAFE-004283,15.2,2,4,7.7,0.4038,0.3112,0.1082,5.54,0.76,0,1
CAFE-004284,19.1,2,1,11.61,0.3943,0.1733,0.3267,8.36,1.12,0,0
CAFE-004285,72.3,2,5,10.71,0.3314,0.1891,0.2074,7.71,0.76,0,0
CAFE-004286,10.8,1,3,18.67,0.2759,0.62,0.5453,13.44,1.64,1,0
CAFE-004287,49.9,1,1,8.51,0.1531,0.3092,0.5659,6.13,0.52,0,0
CAFE-004288,19.5,3,4,18.2,0.5393,0.4289,0.7504,13.1,2.02,0,0
CAFE-004289,11.1,0,1,13.19,0.151,0.8192,0.3174,9.5,0.99,0,0
CAFE-004290,7.1,6,6,11.77,0.4787,0.473,0.4968,8.47,1.29,1,1
CAFE-004291,16.4,3,10,15.74,0.7301,0.5744,0.5161,11.33,2.06,0,0
CAFE-004292,25.7,3,3,14.76,0.4424,0.2739,0.5394,10.63,1.46,0,1
CAFE-004293,33.3,3,6,17.65,0.6058,0.5417,0.1777,12.71,1.99,0,1
CAFE-004294,8.8,1,4,15.01,0.3654,0.2377,0.4562,10.81,1.46,1,0
CAFE-004295,21.3,2,4,15.24,0.6386,0.6235,0.4724,10.97,1.83,1,0
CAFE-004296,25.0,4,6,19.59,0.5796,0.5997,0.4947,14.1,2.21,0,0
CAFE-004297,7.1,5,9,16.45,0.6716,0.8124,0.7499,11.84,2.12,0,0
CAFE-004298,6.7,3,9,15.18,0.753,0.7955,0.3557,10.93,2.08,0,0
CAFE-004299,23.9,2,3,13.73,0.2415,0.3571,0.3869,9.89,1.09,0,1
CAFE-004300,22.0,1,7,10.74,0.5414,0.113,0.2687,7.73,1.18,1,0
CAFE-004301,9.6,2,11,18.1,0.7006,0.3867,0.5411,13.03,2.36,1,0
CAFE-004302,13.5,2,0,13.97,0.1472,0.5326,0.388,10.06,1.03,0,0
CAFE-004303,10.3,1,2,15.25,0.42,0.2476,0.3832,10.98,1.56,0,0
CAFE-004304,38.7,4,1,16.38,0.4282,0.7618,0.7475,11.79,1.52,0,0
CAFE-004305,12.0,5,10,15.88,0.8895,0.4763,0.5705,11.43,2.36,0,0
CAFE-004306,3.4,8,9,17.98,0.9731,0.2953,0.8461,12.95,2.88,1,1
CAFE-004307,45.4,3,2,11.86,0.2808,0.3844,0.6025,8.54,0.9,0,0
CAFE-004308,20.8,2,3,16.83,0.666,0.2381,0.2273,12.12,2.07,0,0
CAFE-004309,24.4,3,2,12.06,0.3808,0.2066,0.1056,8.68,1.13,0,0
CAFE-004310,69.2,5,11,16.26,0.8715,0.5839,0.5104,11.71,2.05,1,0
CAFE-004311,17.0,2,11,19.19,0.6121,0.4699,0.6667,13.82,2.29,0,1
CAFE-004312,9.6,1,4,14.82,0.5865,0.44,0.4224,10.67,1.77,1,0
CAFE-004313,12.5,3,5,19.37,0.4491,0.8084,0.6731,13.95,2.02,0,1
CAFE-004314,17.8,3,3,17.77,0.4031,0.5016,0.611,12.79,1.74,1,0
CAFE-004315,7.6,1,4,14.97,0.5005,0.3404,0.8483,10.78,1.67,0,0
CAFE-004316,12.5,5,7,18.79,0.7247,0.7062,0.4097,13.53,2.48,0,1
CAFE-004317,21.8,1,1,15.63,0.521,0.4643,0.411,11.25,1.69,0,0
CAFE-004318,7.6,5,5,17.09,0.7135,0.7265,0.4287,12.3,2.27,0,0
CAFE-004319,9.9,3,12,19.87,0.7959,0.0541,0.476,14.31,2.78,1,0
CAFE-004320,13.7,4,6,13.81,0.8553,0.333,0.4377,9.94,2.0,1,0
CAFE-004321,7.5,2,3,15.83,0.5601,0.5596,0.6746,11.4,1.86,0,0
CAFE-004322,20.5,2,4,11.83,0.2937,0.4809,0.1302,8.52,1.02,0,0
CAFE-004323,10.2,7,5,19.72,0.9289,0.4321,0.8117,14.2,3.02,0,0
CAFE-004324,18.6,5,5,10.69,0.5567,0.311,0.6338,7.7,1.21,0,0
CAFE-004325,30.9,2,3,13.75,0.3961,0.7486,0.4531,9.9,1.27,0,0
CAFE-004326,69.6,1,3,11.3,0.2783,0.3263,0.6055,8.14,0.75,0,0
CAFE-004327,31.6,0,1,5.33,0.1056,0.5411,0.27,3.84,0.34,0,0
CAFE-004328,30.5,2,4,20.18,0.6267,0.3034,0.6323,14.53,2.33,0,0
CAFE-004329,27.7,0,4,9.76,0.4055,0.7794,0.1165,7.03,0.92,0,0
CAFE-004330,26.9,4,3,13.13,0.4479,0.5936,0.5977,9.45,1.3,0,0
CAFE-004331,55.3,0,7,14.09,0.4265,0.9128,0.126,10.14,1.22,0,0
CAFE-004332,8.7,5,8,14.9,0.8262,0.3093,0.5834,10.73,2.14,0,0
CAFE-004333,11.0,3,5,17.14,0.7198,0.2154,0.6506,12.34,2.26,1,1
CAFE-004334,18.9,2,11,16.43,0.623,0.7272,0.1276,11.83,1.96,0,0
CAFE-004335,9.3,4,4,12.71,0.7938,0.5348,0.2849,9.15,1.78,0,0
CAFE-004336,16.7,3,5,10.14,0.5072,0.3673,0.2204,7.3,1.1,0,0
CAFE-004337,3.3,1,5,17.35,0.4053,0.5265,0.1067,12.49,1.79,1,0
CAFE-004338,50.3,3,4,14.88,0.2892,0.162,0.6209,10.71,1.11,0,1
CAFE-004339,47.0,4,5,17.79,0.7328,0.5893,0.3016,12.81,2.14,0,1
CAFE-004340,25.3,0,7,15.03,0.6079,0.3504,0.1983,10.82,1.74,0,0
CAFE-004341,21.2,1,2,12.1,0.424,0.6592,0.6397,8.71,1.2,1,0
CAFE-004342,29.3,2,5,19.1,0.8368,0.6008,0.4036,13.75,2.62,0,0
CAFE-004343,12.6,7,5,19.36,0.7625,0.1571,0.4977,13.94,2.63,1,1
CAFE-004344,2.4,2,5,17.27,0.625,0.459,0.575,12.43,2.17,0,0
CAFE-004345,27.0,4,3,20.94,0.657,0.7372,0.3369,15.08,2.51,1,1
CAFE-004346,39.6,0,9,21.82,0.4744,0.2517,0.8122,15.71,2.12,0,0
CAFE-004347,31.6,3,1,18.44,0.6582,0.3865,0.5611,13.28,2.18,1,0
CAFE-004348,15.8,1,7,13.98,0.4698,0.4214,0.558,10.07,1.47,0,0
CAFE-004349,18.6,1,2,11.17,0.3842,0.7105,0.4534,8.04,1.07,0,0
CAFE-004350,60.6,0,1,11.49,0.1434,0.7789,0.4391,8.27,0.65,0,0
CAFE-004351,21.4,3,12,17.54,0.8821,0.3959,0.2007,12.63,2.53,0,1
CAFE-004352,47.8,3,2,13.63,0.3029,0.7882,0.1977,9.81,1.05,0,0
CAFE-004353,18.8,1,10,11.14,0.5915,0.7397,0.5166,8.02,1.3,0,0
CAFE-004354,26.7,2,0,9.09,0.2045,0.3063,0.3329,6.54,0.68,0,0
CAFE-004355,14.8,1,3,9.48,0.382,0.6665,0.4048,6.83,0.92,1,1
CAFE-004356,15.0,2,2,15.28,0.5039,0.466,0.3385,11.0,1.67,0,0
CAFE-004357,15.5,4,3,17.15,0.609,0.6454,0.2213,12.35,2.05,0,0
CAFE-004358,38.1,3,9,19.29,0.6076,0.43,0.4938,13.89,2.14,0,0
CAFE-004359,49.7,2,4,14.66,0.3996,0.3953,0.4315,10.56,1.26,1,0
CAFE-004360,6.2,3,5,19.43,0.8612,0.5531,0.4707,13.99,2.87,1,0
CAFE-004361,33.6,2,3,15.16,0.7009,0.3453,0.6462,10.92,1.85,0,0
CAFE-004362,27.9,1,5,16.31,0.451,0.335,0.5117,11.74,1.62,0,1
CAFE-004363,28.3,0,1,11.31,0.515,0.5961,0.3963,8.14,1.19,0,0
CAFE-004364,105.1,4,1,15.54,0.3477,0.4228,0.6326,11.19,0.95,0,0
CAFE-004365,6.3,0,5,9.45,0.3734,0.6885,0.4001,6.8,0.94,0,0
CAFE-004366,11.2,6,2,22.51,0.8825,0.812,0.8465,16.21,3.34,1,1
CAFE-004367,55.7,4,3,18.0,0.6533,0.2872,0.2017,12.96,1.97,0,1
CAFE-004368,22.7,2,7,10.65,0.2745,0.6309,0.796,7.67,0.89,0,0
CAFE-004369,24.7,4,2,10.97,0.5946,0.7359,0.2572,7.9,1.26,0,0
CAFE-004370,37.5,5,7,14.43,0.4187,0.2905,0.4486,10.39,1.33,1,1
CAFE-004371,7.1,0,10,17.34,0.8394,0.2914,0.2209,12.48,2.52,0,1
CAFE-004372,9.0,7,9,13.93,0.7496,0.3893,0.2101,10.03,1.89,1,0
CAFE-004373,44.6,3,6,13.25,0.3888,0.5572,0.4638,9.54,1.15,0,0
CAFE-004374,21.4,3,11,19.71,0.8487,0.2803,0.881,14.19,2.78,0,0
CAFE-004375,7.5,1,5,19.02,0.7762,0.4516,0.6823,13.69,2.64,0,0
CAFE-004376,9.4,2,9,18.5,0.8334,0.5782,0.2618,13.32,2.66,0,0
CAFE-004377,20.8,1,2,14.55,0.3953,0.4826,0.7446,10.48,1.4,0,0
CAFE-004378,28.4,2,3,15.97,0.5326,0.4413,0.7497,11.5,1.71,0,0
CAFE-004379,22.8,2,6,15.27,0.7387,0.6308,0.6071,10.99,1.98,0,0
CAFE-004380,17.2,3,7,15.87,0.5192,0.5663,0.3446,11.43,1.74,1,1
CAFE-004381,8.7,1,6,15.23,0.651,0.5219,0.7736,10.97,1.92,0,0
CAFE-004382,13.2,1,2,7.59,0.4048,0.2979,0.563,5.46,0.76,0,1
CAFE-004383,17.7,3,7,17.18,0.6605,0.5883,0.3487,12.37,2.12,0,1
CAFE-004384,35.5,2,8,17.71,0.638,0.378,0.5595,12.75,2.04,0,0
CAFE-004385,25.3,4,3,10.75,0.4767,0.5407,0.3787,7.74,1.1,0,1
CAFE-004386,24.5,3,4,16.97,0.6972,0.4604,0.557,12.22,2.12,1,0
CAFE-004387,29.2,1,4,14.96,0.2876,0.5698,0.2326,10.77,1.23,0,0
CAFE-004388,13.9,3,3,14.46,0.4591,0.1429,0.7274,10.41,1.52,0,0
CAFE-004389,34.2,1,7,14.06,0.5792,0.406,0.2831,10.12,1.54,0,0
CAFE-004390,17.0,5,12,20.78,0.8568,0.5381,0.4158,14.96,2.98,1,0
CAFE-004391,9.7,3,9,15.95,0.7395,0.6252,0.162,11.48,2.14,1,0
CAFE-004392,36.8,5,4,8.58,0.4222,0.6303,0.6667,6.18,0.8,1,1
CAFE-004393,8.7,1,2,7.53,0.2416,0.187,0.5868,5.42,0.64,0,0
CAFE-004394,23.3,3,3,21.66,0.4875,0.4499,0.6449,15.6,2.26,0,0
CAFE-004395,15.2,0,4,14.82,0.4403,0.6582,0.5316,10.67,1.52,1,0
CAFE-004396,63.2,0,4,15.46,0.4364,0.5076,0.1401,11.13,1.31,0,0
CAFE-004397,16.5,2,3,20.3,0.3872,0.2007,0.2439,14.62,1.96,0,0
CAFE-004398,4.8,3,11,17.8,0.8847,0.2191,0.4855,12.82,2.68,1,0
CAFE-004399,5.1,5,6,19.81,0.8263,0.452,0.6928,14.26,2.87,0,1
CAFE-004400,24.1,4,8,16.72,0.8173,0.2897,0.469,12.04,2.29,0,1
CAFE-004401,29.6,1,2,5.68,0.0467,0.726,0.3954,4.09,0.33,0,0
CAFE-004402,7.8,2,7,18.0,0.569,0.1718,0.6254,12.96,2.13,1,0
CAFE-004403,8.5,2,4,12.72,0.6133,0.8828,0.4175,9.16,1.56,0,1
CAFE-004404,44.2,0,11,20.14,0.617,0.4194,0.6305,14.5,2.21,0,0
CAFE-004405,12.3,1,4,18.66,0.7605,0.7569,0.5974,13.44,2.53,1,0
CAFE-004406,81.2,0,1,5.93,0.1514,0.798,0.3703,4.27,0.3,0,0
CAFE-004407,24.8,1,5,18.81,0.7907,0.3492,0.37,13.54,2.52,1,0
CAFE-004408,49.6,2,1,10.13,0.2912,0.6061,0.4607,7.29,0.76,0,0
CAFE-004409,32.3,6,6,20.18,0.7752,0.3211,0.7947,14.53,2.62,1,1
CAFE-004410,32.7,0,9,16.73,0.6326,0.4767,0.4567,12.05,1.93,0,1
CAFE-004411,22.5,1,7,17.47,0.6678,0.6416,0.4407,12.58,2.14,1,1
CAFE-004412,10.6,1,9,17.54,0.7661,0.6175,0.8424,12.63,2.4,1,1
CAFE-004413,26.3,1,1,15.14,0.4078,0.6059,0.4218,10.9,1.44,1,1
CAFE-004414,102.3,1,4,13.08,0.5563,0.6609,0.6425,9.42,1.08,0,0
CAFE-004415,17.5,1,7,13.52,0.3206,0.5561,0.1701,9.73,1.21,1,0
CAFE-004416,5.9,2,7,13.32,0.4994,0.3678,0.3075,9.59,1.49,1,0
CAFE-004417,16.9,2,2,9.93,0.3521,0.8156,0.5951,7.15,0.92,0,0
CAFE-004418,12.0,3,2,15.43,0.3197,0.604,0.3181,11.11,1.41,1,0
CAFE-004419,40.5,3,4,14.38,0.6124,0.2949,0.3993,10.35,1.59,0,0
CAFE-004420,4.1,1,6,19.87,0.6469,0.222,0.4702,14.31,2.53,1,1
CAFE-004421,18.6,3,2,17.17,0.5418,0.2889,0.3929,12.36,1.91,0,0
CAFE-004422,44.9,1,3,10.53,0.2151,0.813,0.2146,7.58,0.73,0,0
CAFE-004423,21.4,2,6,13.59,0.6075,0.4353,0.3849,9.78,1.59,1,0
CAFE-004424,10.9,1,3,7.04,0.1264,0.4814,0.3827,5.07,0.51,1,1
CAFE-004425,19.9,4,6,17.04,0.8521,0.2298,0.7469,12.27,2.42,1,0
CAFE-004426,31.5,1,3,14.31,0.4633,0.3864,0.6174,10.3,1.42,0,0
CAFE-004427,51.8,2,3,11.46,0.203,0.482,0.4279,8.25,0.75,0,1
CAFE-004428,70.9,1,2,8.98,0.1,0.6794,0.492,6.47,0.44,0,1
CAFE-004429,56.1,2,4,5.25,0.1216,0.41,0.7447,3.78,0.29,0,0
CAFE-004430,23.6,4,2,17.97,0.7171,0.5786,0.6742,12.94,2.29,0,0
CAFE-004431,16.3,1,2,13.69,0.1433,0.7176,0.5006,9.86,0.99,1,0
CAFE-004432,80.9,0,6,14.26,0.316,0.3488,0.2789,10.27,0.95,0,0
CAFE-004433,8.3,4,4,23.11,0.8395,0.5688,0.3419,16.64,3.35,0,1
CAFE-004434,9.8,0,3,14.38,0.5253,0.2556,0.6807,10.35,1.62,1,1
CAFE-004435,13.0,3,8,17.59,0.6338,0.5778,0.6163,12.66,2.16,0,0
CAFE-004436,54.9,1,4,11.63,0.1752,0.8449,0.7531,8.37,0.72,0,1
CAFE-004437,28.3,4,4,15.9,0.4843,0.3516,0.5361,11.45,1.63,0,1
CAFE-004438,9.9,3,4,14.54,0.3201,0.4537,0.5775,10.47,1.34,1,0
CAFE-004439,4.7,1,2,11.23,0.2583,0.3469,0.4783,8.09,0.99,0,0
CAFE-004440,32.5,3,4,19.71,0.7157,0.4147,0.4872,14.19,2.44,0,0
CAFE-004441,5.2,1,2,10.43,0.2892,0.3076,0.491,7.51,0.95,0,0
CAFE-004442,48.8,1,4,14.37,0.2201,0.6624,0.211,10.35,0.98,0,0
CAFE-004443,68.9,0,3,12.57,0.0802,0.2444,0.3737,9.05,0.59,0,0
CAFE-004444,37.0,3,11,15.48,0.628,0.7774,0.4169,11.15,1.76,0,0
CAFE-004445,9.3,3,6,18.27,0.7478,0.2722,0.7108,13.15,2.47,0,1
CAFE-004446,18.0,4,5,12.32,0.6099,0.2757,0.4288,8.87,1.46,0,0
CAFE-004447,46.5,3,3,21.64,0.8511,0.3556,0.6529,15.58,2.86,0,0
CAFE-004448,39.4,2,5,12.08,0.8491,0.6383,0.9521,8.7,1.63,0,0
CAFE-004449,16.5,3,5,16.47,0.8391,0.5295,0.624,11.86,2.34,0,0
CAFE-004450,9.9,3,3,13.37,0.6574,0.4452,0.7065,9.63,1.69,0,1
CAFE-004451,76.3,2,4,18.42,0.4959,0.4566,0.7509,13.26,1.59,0,0
CAFE-004452,13.3,2,2,11.19,0.3486,0.5065,0.3331,8.06,1.05,0,0
CAFE-004453,25.8,2,8,20.21,0.8714,0.6057,0.5577,14.55,2.87,1,1
CAFE-004454,5.4,5,5,19.78,0.6054,0.7204,0.8594,14.24,2.42,0,0
CAFE-004455,5.4,2,9,18.05,0.5859,0.2015,0.3777,13.0,2.18,0,0
CAFE-004456,27.9,4,3,16.81,0.5569,0.5997,0.6135,12.1,1.84,0,0
CAFE-004457,10.8,1,9,13.51,0.694,0.2607,0.1452,9.73,1.75,0,0
CAFE-004458,59.7,4,2,15.59,0.5861,0.7144,0.4966,11.22,1.58,0,0
CAFE-004459,7.2,5,5,23.28,0.8816,0.4052,0.7022,16.76,3.48,1,1
CAFE-004460,52.4,1,1,15.27,0.4501,0.3154,0.136,10.99,1.38,0,0
CAFE-004461,7.8,2,6,11.75,0.4103,0.6627,0.35,8.46,1.2,0,0
CAFE-004462,7.6,1,3,13.04,0.4126,0.5109,0.6685,9.39,1.34,0,0
CAFE-004463,15.7,1,6,12.62,0.5468,0.7528,0.4958,9.09,1.43,0,0
CAFE-004464,26.0,1,4,18.2,0.6168,0.2257,0.7146,13.1,2.12,0,0
CAFE-004465,49.4,5,6,14.68,0.5134,0.4794,0.3326,10.57,1.43,0,1
CAFE-004466,13.3,2,2,8.9,0.354,0.7372,0.4897,6.41,0.84,1,0
CAFE-004467,4.1,3,8,16.76,0.7109,0.8601,0.1826,12.07,2.24,1,0
CAFE-004468,28.1,4,8,13.83,0.4282,0.858,0.3359,9.96,1.34,0,0
CAFE-004469,3.8,5,7,18.14,0.7787,0.4669,0.6918,13.06,2.55,1,0
CAFE-004470,15.9,0,1,10.16,0.0646,0.4093,0.7536,7.32,0.66,0,1
CAFE-004471,34.7,0,4,9.77,0.3962,0.5511,0.284,7.03,0.89,0,0
CAFE-004472,9.6,5,5,16.73,0.7867,0.6405,0.314,12.05,2.33,1,1
CAFE-004473,21.5,1,3,15.74,0.3967,0.6477,0.6922,11.33,1.51,1,0
CAFE-004474,34.7,1,4,16.57,0.3718,0.6455,0.6471,11.93,1.47,0,0
CAFE-004475,40.2,1,3,8.12,0.321,0.2229,0.456,5.85,0.66,1,0
CAFE-004476,55.4,4,8,18.21,0.7172,0.7144,0.8676,13.11,2.11,1,0
CAFE-004477,35.4,0,0,12.48,0.1656,0.3095,0.6514,8.99,0.85,1,0
CAFE-004478,11.4,0,3,12.83,0.3452,0.4,0.4756,9.24,1.21,0,0
CAFE-004479,22.9,3,8,20.54,0.8431,0.21,0.7942,14.79,2.88,0,0
CAFE-004480,10.8,1,2,15.65,0.2331,0.38,0.7946,11.27,1.31,1,1
CAFE-004481,24.7,4,1,16.57,0.8467,0.1905,0.8977,11.93,2.32,0,0
CAFE-004482,15.7,2,8,18.17,0.891,0.7775,0.405,13.08,2.68,1,0
CAFE-004483,39.5,3,8,18.17,0.753,0.8127,0.5784,13.08,2.27,1,1
CAFE-004484,19.2,0,4,13.84,0.4706,0.5323,0.6381,9.96,1.44,0,0
CAFE-004485,14.6,1,2,13.23,0.4474,0.2298,0.4059,9.53,1.37,0,0
CAFE-004486,21.4,4,1,19.35,0.7995,0.4165,0.3356,13.93,2.64,0,0
CAFE-004487,17.3,2,3,15.65,0.5237,0.3483,0.4124,11.27,1.72,0,0
CAFE-004488,18.4,4,4,10.65,0.5938,0.8181,0.3836,7.67,1.24,0,0
CAFE-004489,22.1,0,1,13.57,0.1455,0.8914,0.6721,9.77,0.96,0,0
CAFE-004490,15.7,2,10,20.91,0.9035,0.5313,0.4284,15.06,3.11,0,0
CAFE-004491,26.8,1,4,16.1,0.4852,0.5248,0.8615,11.59,1.66,0,0
CAFE-004492,12.3,1,2,15.63,0.3594,0.2109,0.3177,11.25,1.49,0,0
CAFE-004493,22.5,4,9,18.66,0.5977,0.4032,0.2383,13.44,2.16,0,0
CAFE-004494,1.1,3,7,23.43,0.9352,0.7698,0.7283,16.87,3.68,1,1
CAFE-004495,63.8,1,3,18.08,0.4757,0.5835,0.5073,13.02,1.6,0,0
CAFE-004496,39.5,1,5,17.26,0.7179,0.586,0.8412,12.43,2.1,0,0
CAFE-004497,39.8,0,3,10.04,0.1772,0.5264,0.3737,7.23,0.68,0,0
CAFE-004498,6.6,0,3,8.61,0.1409,0.5411,0.6015,6.2,0.65,1,0
CAFE-004499,5.8,3,6,20.83,0.7157,0.8839,0.8024,15.0,2.78,0,1
CAFE-004500,38.8,2,3,16.18,0.3549,0.7132,0.6511,11.65,1.38,0,0
CAFE-004501,3.8,3,5,15.22,0.4653,0.8127,0.3209,10.96,1.66,0,0
CAFE-004502,7.8,1,10,20.76,0.8633,0.4489,0.4934,14.95,3.06,1,1
CAFE-004503,6.0,3,4,13.62,0.3679,0.6446,0.2561,9.81,1.34,1,0
CAFE-004504,2.6,4,8,18.3,0.656,0.3055,0.8578,13.18,2.35,1,1
CAFE-004505,22.9,1,4,13.81,0.3622,0.639,0.7172,9.94,1.27,0,0
CAFE-004506,39.8,3,1,16.29,0.4934,0.3431,0.6291,11.73,1.61,0,0
CAFE-004507,70.4,1,3,9.01,0.1273,0.9017,0.3608,6.49,0.46,1,0
CAFE-004508,49.9,1,6,18.34,0.7449,0.7219,0.3674,13.2,2.21,0,0
CAFE-004509,7.2,0,8,15.8,0.7429,0.3685,0.2518,11.38,2.14,1,0
CAFE-004510,30.8,3,9,19.54,0.7369,0.3224,0.3639,14.07,2.47,1,1
CAFE-004511,12.7,3,3,13.88,0.1303,0.5024,0.2039,9.99,1.01,0,0
CAFE-004512,34.5,3,6,21.32,0.6922,0.516,0.6423,15.35,2.58,0,0
CAFE-004513,6.4,1,4,18.76,0.6629,0.1387,0.7778,13.51,2.4,0,0
CAFE-004514,30.4,2,2,12.4,0.2254,0.2997,0.3164,8.93,0.94,1,0
CAFE-004515,52.5,2,6,14.3,0.6031,0.6056,0.4329,10.3,1.51,0,0
CAFE-004516,20.3,0,6,15.84,0.7172,0.444,0.2211,11.4,2.03,1,0
CAFE-004517,20.2,0,0,6.5,0.0522,0.9051,0.7247,4.68,0.4,1,1
CAFE-004518,9.0,6,3,10.6,0.4933,0.8526,0.7486,7.63,1.17,1,0
CAFE-004519,18.7,1,3,13.08,0.5247,0.4497,0.6493,9.42,1.44,0,0
CAFE-004520,9.7,2,3,14.32,0.2588,0.5128,0.5893,10.31,1.24,0,0
CAFE-004521,28.1,1,3,9.8,0.1299,0.5166,0.6821,7.06,0.66,0,1
CAFE-004522,1.2,5,7,16.59,0.6547,0.1293,0.7815,11.94,2.14,0,1
CAFE-004523,13.2,1,1,8.45,0.1912,0.3116,0.1506,6.08,0.66,0,0
CAFE-004524,9.6,5,5,16.66,0.5823,0.2692,0.3565,12.0,1.98,0,0
CAFE-004525,7.1,1,9,19.29,0.9124,0.6434,0.3453,13.89,2.95,1,0
CAFE-004526,37.3,2,1,12.33,0.1343,0.4589,0.2122,8.88,0.79,0,0
CAFE-004527,37.1,2,3,14.49,0.6849,0.2872,0.1736,10.43,1.73,0,0
CAFE-004528,61.5,2,7,14.49,0.4826,0.3661,0.6617,10.43,1.31,0,0
CAFE-004529,1.2,2,1,17.43,0.3372,0.2259,0.4549,12.55,1.7,0,0
CAFE-004530,15.1,4,6,12.43,0.6389,0.3921,0.4072,8.95,1.52,0,1
CAFE-004531,66.7,2,5,13.33,0.339,0.7107,0.2638,9.6,0.98,0,0
CAFE-004532,12.0,2,4,18.84,0.7268,0.2239,0.3984,13.56,2.49,0,0
CAFE-004533,10.3,4,7,17.9,0.7759,0.3596,0.3922,12.89,2.47,0,0
CAFE-004534,2.7,2,5,20.06,0.8462,0.2649,0.6142,14.44,2.96,1,0
CAFE-004535,21.9,2,6,18.26,0.7108,0.5786,0.4593,13.15,2.32,0,1
CAFE-004536,12.8,2,5,16.5,0.639,0.6675,0.8106,11.88,2.03,1,0
CAFE-004537,51.3,2,7,12.13,0.4662,0.7432,0.3393,8.73,1.12,1,0
CAFE-004538,24.8,1,7,12.14,0.3963,0.8103,0.3463,8.74,1.15,0,0
CAFE-004539,34.8,3,3,11.4,0.3603,0.7425,0.6266,8.21,1.0,1,0
CAFE-004540,21.3,5,3,15.07,0.4505,0.5634,0.4287,10.85,1.53,0,1
CAFE-004541,4.4,3,7,12.62,0.6165,0.6606,0.5455,9.09,1.57,0,0
CAFE-004542,120.0,0,4,7.83,0.2318,0.5535,0.5001,5.64,0.34,1,0
CAFE-004543,27.6,3,4,16.17,0.565,0.7667,0.1022,11.64,1.79,0,0
CAFE-004544,19.9,1,5,15.55,0.5119,0.7183,0.2729,11.2,1.68,0,0
CAFE-004545,49.0,0,0,11.33,0.2599,0.2986,0.3792,8.16,0.82,1,0
CAFE-004546,19.5,0,4,14.38,0.3798,0.4474,0.6382,10.35,1.37,0,0
CAFE-004547,22.4,2,3,12.01,0.3561,0.1909,0.5744,8.65,1.1,0,0
CAFE-004548,29.9,3,4,18.5,0.5432,0.6056,0.4412,13.32,1.99,1,0
CAFE-004549,10.0,7,9,19.01,0.7417,0.7198,0.3812,13.69,2.56,1,1
CAFE-004550,33.4,2,5,13.69,0.5767,0.5723,0.2437,9.86,1.5,0,0
CAFE-004551,50.3,3,4,18.17,0.5496,0.3437,0.1851,13.08,1.83,0,0
CAFE-004552,8.5,0,6,18.34,0.593,0.1647,0.6011,13.2,2.21,1,0
CAFE-004553,34.0,0,2,7.32,0.1616,0.2664,0.4161,5.27,0.5,0,0
CAFE-004554,66.5,2,6,17.15,0.7131,0.8516,0.2073,12.35,1.91,0,0
CAFE-004555,52.6,0,3,7.61,0.216,0.6714,0.2852,5.48,0.51,1,0
CAFE-004556,23.8,0,3,12.76,0.1363,0.7353,0.6318,9.19,0.88,0,0
CAFE-004557,36.6,2,4,15.64,0.5186,0.346,0.4476,11.26,1.61,1,0
CAFE-004558,12.5,3,7,17.87,0.8636,0.2787,0.6038,12.87,2.61,0,1
CAFE-004559,27.6,4,5,13.42,0.4379,0.7809,0.6406,9.66,1.31,0,1
CAFE-004560,23.6,3,7,12.44,0.4465,0.2061,0.6176,8.96,1.25,0,1
CAFE-004561,33.4,3,7,20.5,0.6854,0.2627,0.4194,14.76,2.47,0,0
CAFE-004562,4.2,5,6,11.45,0.4489,0.6301,0.6563,8.24,1.23,0,0
CAFE-004563,35.4,2,6,8.27,0.3214,0.5109,0.2471,5.95,0.69,0,0
CAFE-004564,29.0,0,2,9.89,0.2496,0.5215,0.7967,7.12,0.78,0,0
CAFE-004565,4.7,2,10,19.44,0.6308,0.5008,0.282,14.0,2.44,1,0
CAFE-004566,23.2,2,5,16.46,0.8135,0.1769,0.5674,11.85,2.25,0,0
CAFE-004567,7.3,1,9,21.47,0.9322,0.1059,0.6325,15.46,3.32,1,0
CAFE-004568,15.8,2,4,22.03,0.744,0.3327,0.7286,15.86,2.92,0,0
CAFE-004569,43.7,2,4,7.39,0.2714,0.2608,0.6292,5.32,0.56,1,0
CAFE-004570,3.8,5,1,12.89,0.5542,0.4472,0.8099,9.28,1.52,1,1
CAFE-004571,34.3,1,1,11.6,0.3813,0.3595,0.3502,8.35,1.04,0,0
CAFE-004572,16.1,1,6,21.21,0.8223,0.3139,0.6642,15.27,2.98,1,0
CAFE-004573,43.8,2,7,16.79,0.5292,0.1456,0.2862,12.09,1.7,0,1
CAFE-004574,76.4,3,8,11.95,0.4556,0.5555,0.4373,8.6,0.98,0,0
CAFE-004575,13.9,6,2,21.88,0.7084,0.308,0.6928,15.75,2.84,0,0
CAFE-004576,41.5,1,3,12.91,0.5735,0.4128,0.4237,9.3,1.37,1,0
CAFE-004577,9.8,1,5,18.94,0.8717,0.5255,0.8492,13.64,2.8,0,0
CAFE-004578,6.0,4,9,15.71,0.5297,0.3225,0.7232,11.31,1.8,0,0
CAFE-004579,32.4,5,8,16.75,0.8505,0.2407,0.7844,12.06,2.3,1,1
CAFE-004580,35.4,5,1,16.47,0.5737,0.3593,0.3487,11.86,1.79,1,0
CAFE-004581,24.6,3,6,14.11,0.5485,0.405,0.5595,10.16,1.55,0,0
CAFE-004582,8.8,3,4,18.47,0.949,0.3536,0.3013,13.3,2.88,1,0
CAFE-004583,14.8,2,0,13.35,0.1734,0.893,0.4654,9.61,1.01,0,0
CAFE-004584,48.6,2,3,8.59,0.2583,0.5279,0.2325,6.18,0.62,0,0
CAFE-004585,4.7,2,3,14.42,0.4267,0.3781,0.3601,10.38,1.51,0,0
CAFE-004586,35.4,4,1,15.66,0.6162,0.7645,0.2819,11.28,1.77,0,0
CAFE-004587,8.3,3,5,17.62,0.5652,0.5135,0.6305,12.69,2.07,0,0
CAFE-004588,4.3,0,1,10.41,0.102,0.7916,0.1311,7.5,0.76,0,0
CAFE-004589,18.0,0,4,14.82,0.4306,0.8939,0.5571,10.67,1.49,0,0
CAFE-004590,23.0,3,7,15.63,0.5579,0.3731,0.176,11.25,1.74,1,0
CAFE-004591,38.7,5,5,17.84,0.6951,0.2414,0.4853,12.84,2.13,0,0
CAFE-004592,25.7,4,5,15.99,0.7306,0.3765,0.5203,11.51,2.04,0,1
CAFE-004593,89.9,2,6,10.78,0.3109,0.5285,0.797,7.76,0.68,0,0
CAFE-004594,16.4,0,4,10.35,0.1653,0.3584,0.4648,7.45,0.77,0,0
CAFE-004595,5.2,3,8,18.31,0.6804,0.7242,0.4822,13.18,2.38,1,1
CAFE-004596,45.6,2,4,11.14,0.4045,0.6138,0.7265,8.02,0.98,0,0
CAFE-004597,32.1,4,5,14.85,0.6202,0.4349,0.4746,10.69,1.7,1,0
CAFE-004598,23.5,1,2,8.92,0.1596,0.5248,0.2395,6.42,0.64,0,0
CAFE-004599,8.4,5,7,14.38,0.9157,0.4777,0.2505,10.35,2.19,0,1
CAFE-004600,27.9,1,0,9.27,0.1897,0.5025,0.4957,6.67,0.68,0,0
CAFE-004601,29.9,1,4,15.93,0.3664,0.5709,0.3045,11.47,1.43,0,1
CAFE-004602,15.4,2,8,20.68,0.7252,0.7682,0.8408,14.89,2.71,0,0
CAFE-004603,18.0,7,6,18.99,0.7396,0.4056,0.3043,13.67,2.5,0,1
CAFE-004604,22.1,3,1,14.54,0.4799,0.4455,0.4797,10.47,1.51,0,0
CAFE-004605,24.1,2,4,13.08,0.4363,0.7873,0.2611,9.42,1.29,0,0
CAFE-004606,4.5,1,7,12.2,0.5894,0.5676,0.3879,8.78,1.48,0,1
CAFE-004607,47.8,3,1,12.38,0.4189,0.195,0.2755,8.91,1.1,0,0
CAFE-004608,10.5,2,5,12.76,0.5395,0.1583,0.151,9.19,1.46,0,0
CAFE-004609,14.6,1,3,14.63,0.3234,0.3853,0.4961,10.53,1.33,1,1
CAFE-004610,23.2,1,10,20.58,0.7351,0.6063,0.745,14.82,2.66,1,1
CAFE-004611,36.5,1,8,13.54,0.3045,0.4878,0.3677,9.75,1.1,0,1
CAFE-004612,120.0,3,9,12.85,0.6358,0.2424,0.6452,9.25,1.08,0,0
CAFE-004613,53.7,1,4,12.45,0.2617,0.2505,0.2137,8.96,0.88,1,0
CAFE-004614,14.2,2,9,17.62,0.9184,0.3733,0.4954,12.69,2.66,1,0
CAFE-004615,30.3,4,6,16.99,0.4748,0.3231,0.7088,12.23,1.71,0,0
CAFE-004616,43.3,2,4,17.68,0.6409,0.326,0.6333,12.73,1.99,0,0
CAFE-004617,41.7,2,3,10.0,0.1751,0.7768,0.1521,7.2,0.66,0,0
CAFE-004618,99.9,0,2,13.28,0.2279,0.1564,0.2154,9.56,0.67,0,0
CAFE-004619,7.0,1,3,18.62,0.7268,0.4306,0.3018,13.41,2.5,0,1
CAFE-004620,97.7,1,3,15.99,0.324,0.4696,0.6,11.51,0.98,0,0
CAFE-004621,17.1,4,5,20.78,0.7999,0.1925,0.7837,14.96,2.86,0,0
CAFE-004622,24.9,0,2,13.12,0.3716,0.563,0.8101,9.45,1.21,0,0
CAFE-004623,16.8,1,2,13.85,0.2724,0.4135,0.337,9.97,1.18,0,0
CAFE-004624,34.8,2,7,17.86,0.795,0.4421,0.4368,12.86,2.34,0,0
CAFE-004625,26.9,3,4,16.26,0.7161,0.4813,0.6903,11.71,2.05,1,1
CAFE-004626,55.2,3,7,16.54,0.6188,0.2031,0.3273,11.91,1.75,1,0
CAFE-004627,47.3,2,4,15.61,0.6614,0.5754,0.8378,11.24,1.77,1,1
CAFE-004628,43.5,1,4,16.26,0.3553,0.2162,0.3542,11.71,1.36,1,0
CAFE-004629,9.1,3,4,8.23,0.272,0.9204,0.58,5.93,0.72,1,1
CAFE-004630,5.9,2,7,10.57,0.3525,0.1332,0.3352,7.61,1.03,0,0
CAFE-004631,49.3,2,4,10.77,0.4303,0.2739,0.2641,7.75,0.96,0,0
CAFE-004632,56.3,5,8,18.1,0.8137,0.1352,0.9206,13.03,2.26,0,0
CAFE-004633,29.5,2,3,13.41,0.4592,0.7527,0.4565,9.66,1.33,0,0
CAFE-004634,6.4,1,2,16.74,0.6202,0.4622,0.4027,12.05,2.07,0,1
CAFE-004635,40.6,2,6,19.11,0.6834,0.2526,0.447,13.76,2.25,1,0
CAFE-004636,21.7,0,1,13.4,0.2077,0.299,0.5071,9.65,1.03,0,1
CAFE-004637,15.4,1,4,12.53,0.4954,0.4963,0.5545,9.02,1.35,0,0
CAFE-004638,31.9,0,2,11.17,0.1099,0.8977,0.2494,8.04,0.71,0,1
CAFE-004639,13.4,2,4,9.75,0.5444,0.5806,0.2976,7.02,1.11,0,1
CAFE-004640,37.4,0,3,13.28,0.5696,0.6913,0.399,9.56,1.43,0,0
CAFE-004641,7.6,2,4,11.9,0.4832,0.184,0.5324,8.57,1.3,0,1
CAFE-004642,61.1,1,1,9.92,0.1496,0.5097,0.5492,7.14,0.57,1,0
CAFE-004643,27.3,2,7,12.53,0.4474,0.7217,0.4756,9.02,1.24,1,0
CAFE-004644,37.9,0,7,14.22,0.6228,0.7197,0.5121,10.24,1.6,0,0
CAFE-004645,64.6,2,3,9.19,0.2991,0.6131,0.2731,6.62,0.65,0,0
CAFE-004646,3.0,0,1,6.2,0.0722,0.6913,0.4915,4.46,0.43,0,0
CAFE-004647,10.6,3,6,18.18,0.6327,0.3201,0.4663,13.09,2.24,1,0
CAFE-004648,16.5,3,4,26.0,0.7038,0.4471,0.5122,18.72,3.34,1,1
CAFE-004649,28.0,2,4,11.0,0.2643,0.858,0.3951,7.92,0.88,0,0
CAFE-004650,30.7,1,2,16.59,0.793,0.5205,0.4486,11.94,2.19,0,0
CAFE-004651,13.6,2,9,11.87,0.4129,0.7046,0.3974,8.55,1.19,0,0
CAFE-004652,4.7,7,6,22.55,0.816,0.4259,0.1635,16.24,3.25,0,1
CAFE-004653,14.3,2,5,14.71,0.7261,0.1336,0.4161,10.59,1.93,1,0
CAFE-004654,16.2,3,3,17.75,0.7334,0.6157,0.3368,12.78,2.33,0,0
CAFE-004655,28.1,4,3,15.99,0.4463,0.3548,0.7196,11.51,1.58,1,0
CAFE-004656,16.6,1,6,15.89,0.5557,0.6219,0.4667,11.44,1.81,0,0
CAFE-004657,15.8,0,8,17.48,0.7239,0.6221,0.5504,12.59,2.28,0,0
CAFE-004658,8.1,4,5,14.27,0.4525,0.1619,0.6955,10.27,1.52,0,1
CAFE-004659,29.5,1,5,11.55,0.3443,0.5327,0.6264,8.32,1.01,0,0
CAFE-004660,31.2,5,6,18.9,0.7212,0.3739,0.4598,13.61,2.36,1,0
CAFE-004661,5.6,2,8,17.36,0.7026,0.7198,0.7427,12.5,2.3,0,1
CAFE-004662,46.4,1,2,12.34,0.1314,0.6691,0.3885,8.88,0.75,0,0
CAFE-004663,61.5,4,3,16.93,0.5963,0.6854,0.21,12.19,1.72,1,0
CAFE-004664,23.7,3,8,17.8,0.7344,0.2176,0.5703,12.82,2.29,0,1
CAFE-004665,3.6,1,2,12.75,0.5563,0.5758,0.6549,9.18,1.51,0,0
CAFE-004666,5.3,2,5,13.08,0.4467,0.5508,0.6398,9.42,1.4,1,0
CAFE-004667,42.8,1,5,15.45,0.613,0.6525,0.6262,11.12,1.7,0,0
CAFE-004668,21.3,2,0,13.39,0.3158,0.3441,0.322,9.64,1.18,0,0
CAFE-004669,11.5,6,5,24.03,0.9195,0.112,0.4881,17.3,3.65,0,1
CAFE-004670,24.7,5,6,23.73,0.8465,0.6006,0.3446,17.09,3.32,0,0
CAFE-004671,31.3,0,3,9.57,0.1159,0.5753,0.1886,6.89,0.62,0,0
CAFE-004672,4.1,2,4,17.72,0.7901,0.5828,0.7062,12.76,2.51,0,0
CAFE-004673,30.0,0,1,5.0,0.1418,0.9178,0.4338,3.6,0.34,0,0
CAFE-004674,29.6,6,8,16.53,0.6199,0.6523,0.686,11.9,1.91,0,1
CAFE-004675,7.9,0,3,8.04,0.2725,0.4614,0.4085,5.79,0.71,0,0
CAFE-004676,15.6,4,4,17.58,0.8702,0.3559,0.845,12.66,2.56,0,0
CAFE-004677,5.4,6,5,20.04,0.6898,0.5474,0.167,14.43,2.63,0,1
CAFE-004678,53.2,2,4,9.8,0.2121,0.5743,0.1847,7.06,0.65,0,1
CAFE-004679,77.7,3,4,16.55,0.5291,0.6666,0.3546,11.92,1.47,0,0
CAFE-004680,23.9,4,5,10.67,0.2792,0.2175,0.5898,7.68,0.89,1,0
CAFE-004681,41.0,2,10,10.85,0.4387,0.3681,0.7756,7.81,1.01,0,1
CAFE-004682,18.2,2,11,17.96,0.813,0.6659,0.5001,12.93,2.49,1,0
CAFE-004683,7.7,1,2,10.87,0.2607,0.6831,0.493,7.83,0.95,0,0
CAFE-004684,28.1,2,6,20.78,0.6742,0.7164,0.6861,14.96,2.52,0,0
CAFE-004685,40.5,1,10,13.95,0.4271,0.3763,0.5509,10.04,1.29,0,0
CAFE-004686,40.4,4,5,15.09,0.4107,0.5945,0.1841,10.86,1.37,0,0
CAFE-004687,46.4,4,2,12.75,0.3141,0.4772,0.6243,9.18,1.0,1,0
CAFE-004688,59.2,5,5,16.49,0.5654,0.4686,0.2147,11.87,1.64,0,0
CAFE-004689,18.3,2,1,7.0,0.1224,0.8434,0.4429,5.04,0.49,1,1
CAFE-004690,27.8,3,2,15.33,0.5196,0.234,0.6046,11.04,1.62,0,1
CAFE-004691,14.9,1,3,6.48,0.1744,0.7676,0.4341,4.67,0.49,0,0
CAFE-004692,22.8,3,7,15.64,0.6567,0.7293,0.1958,11.26,1.9,1,0
CAFE-004693,36.0,0,1,13.24,0.2919,0.3636,0.6432,9.53,1.06,0,0
CAFE-004694,105.1,0,6,13.26,0.3207,0.3169,0.4355,9.55,0.77,0,0
CAFE-004695,70.0,1,4,12.24,0.2744,0.2378,0.8058,8.81,0.81,0,0
CAFE-004696,41.4,4,4,14.48,0.542,0.3612,0.2169,10.43,1.5,1,0
CAFE-004697,18.2,1,3,18.08,0.6382,0.3968,0.5577,13.02,2.19,0,0
CAFE-004698,24.8,3,6,17.13,0.8494,0.2118,0.5593,12.33,2.4,1,0
CAFE-004699,29.8,0,3,12.7,0.3379,0.7014,0.784,9.14,1.11,0,0
CAFE-004700,58.0,2,4,10.68,0.201,0.7791,0.353,7.69,0.68,1,0
CAFE-004701,83.7,3,5,18.86,0.4631,0.2425,0.5965,13.58,1.51,1,0
CAFE-004702,31.1,4,4,16.4,0.5129,0.2666,0.4342,11.81,1.71,0,1
CAFE-004703,22.4,1,5,20.24,0.6125,0.7838,0.7248,14.57,2.37,0,0
CAFE-004704,11.4,3,2,9.88,0.2701,0.4939,0.4176,7.11,0.86,0,0
CAFE-004705,47.3,1,7,12.73,0.2302,0.4358,0.3364,9.17,0.89,0,0
CAFE-004706,4.3,1,16,25.41,0.9023,0.377,0.4122,18.3,3.88,0,0
CAFE-004707,31.6,2,2,15.8,0.679,0.4343,0.2563,11.38,1.9,1,0
CAFE-004708,7.2,2,4,12.88,0.6275,0.7643,0.6688,9.27,1.6,0,1
CAFE-004709,33.6,2,4,12.12,0.4356,0.1281,0.1496,8.73,1.16,0,0
CAFE-004710,25.7,2,3,9.96,0.3582,0.7661,0.4331,7.17,0.9,1,0
CAFE-004711,28.4,3,4,17.28,0.5517,0.7835,0.7208,12.44,1.88,0,0
CAFE-004712,17.3,1,5,21.88,0.5729,0.4114,0.346,15.75,2.52,0,0
CAFE-004713,15.6,1,2,9.93,0.0776,0.753,0.4161,7.15,0.66,0,0
CAFE-004714,24.4,1,10,12.6,0.3821,0.6801,0.7757,9.07,1.18,1,0
CAFE-004715,13.4,2,6,16.4,0.6427,0.4231,0.7004,11.81,2.02,1,0
CAFE-004716,30.8,2,12,18.62,0.7742,0.8518,0.3131,13.41,2.43,0,0
CAFE-004717,13.2,5,13,23.51,0.6903,0.5241,0.3104,16.93,3.02,1,1
CAFE-004718,10.5,1,6,17.59,0.7142,0.2981,0.4579,12.66,2.32,0,0
CAFE-004719,15.8,3,7,21.01,0.7632,0.1809,0.388,15.13,2.83,1,0
CAFE-004720,57.1,0,3,11.12,0.1649,0.8635,0.3788,8.01,0.67,0,0
CAFE-004721,35.1,2,7,16.7,0.6447,0.6282,0.7159,12.02,1.93,0,0
CAFE-004722,56.2,2,3,12.46,0.2243,0.7742,0.6887,8.97,0.82,0,0
CAFE-004723,8.1,5,5,13.57,0.6041,0.4833,0.701,9.77,1.65,0,0
CAFE-004724,28.7,3,0,13.79,0.2419,0.5884,0.2986,9.93,1.07,0,0
CAFE-004725,10.3,1,6,16.53,0.6478,0.4577,0.588,11.9,2.07,0,0
CAFE-004726,68.4,2,8,15.33,0.4918,0.5607,0.3651,11.04,1.36,0,0
CAFE-004727,14.7,2,6,19.04,0.8061,0.4598,0.4813,13.71,2.65,0,0
CAFE-004728,20.5,2,4,10.34,0.5251,0.342,0.5552,7.44,1.13,0,0
CAFE-004729,19.9,4,7,17.42,0.7246,0.2123,0.301,12.54,2.25,0,1
CAFE-004730,3.5,6,8,19.25,0.9236,0.5651,0.3339,13.86,2.99,1,1
CAFE-004731,26.6,5,4,20.34,0.6255,0.7989,0.6606,14.64,2.38,0,1
CAFE-004732,34.9,0,1,10.52,0.3884,0.7299,0.2825,7.57,0.95,1,1
CAFE-004733,3.1,1,5,10.82,0.2591,0.8097,0.2306,7.79,0.96,1,1
CAFE-004734,3.3,0,3,9.72,0.3207,0.5634,0.3369,7.0,0.92,1,0
CAFE-004735,11.9,4,10,22.7,0.88,0.5587,0.3926,16.34,3.35,1,1
CAFE-004736,45.3,2,3,8.0,0.2655,0.349,0.7192,5.76,0.59,0,0
CAFE-004737,10.5,1,4,13.5,0.3656,0.6381,0.4274,9.72,1.31,0,0
CAFE-004738,8.2,4,4,19.56,0.7505,0.8323,0.4965,14.08,2.66,1,0
CAFE-004739,47.7,2,3,13.55,0.33,0.6705,0.2979,9.76,1.08,0,0
CAFE-004740,36.5,1,3,15.28,0.4569,0.4275,0.7212,11.0,1.48,0,0
CAFE-004741,16.7,0,7,15.58,0.4227,0.3851,0.3115,11.22,1.56,0,0
CAFE-004742,3.2,7,8,19.72,0.8859,0.3807,0.4836,14.2,2.99,0,0
CAFE-004743,10.3,1,4,21.81,0.8674,0.5497,0.8124,15.7,3.21,1,0
CAFE-004744,35.5,4,6,18.29,0.6389,0.6641,0.2857,13.17,2.11,1,0
CAFE-004745,29.9,1,3,11.31,0.3195,0.5893,0.3473,8.14,0.96,0,0
CAFE-004746,23.4,3,6,18.78,0.8077,0.6428,0.1891,13.52,2.56,0,0
CAFE-004747,13.9,1,1,13.28,0.1373,0.4077,0.4445,9.56,0.97,0,0
CAFE-004748,49.5,2,2,13.84,0.2288,0.6036,0.4414,9.96,0.96,1,0
CAFE-004749,20.7,4,4,18.62,0.5745,0.5588,0.5521,13.41,2.12,0,0
CAFE-004750,120.0,0,1,13.29,0.2801,0.158,0.6133,9.57,0.65,0,0
CAFE-004751,35.6,5,9,22.37,0.7921,0.4025,0.591,16.11,2.92,1,1
CAFE-004752,9.5,1,0,14.93,0.1187,0.7011,0.068,10.75,1.08,0,0
CAFE-004753,49.2,2,0,7.17,0.2274,0.8191,0.3945,5.16,0.49,0,0
CAFE-004754,25.3,8,8,19.65,0.6612,0.6062,0.3276,14.15,2.38,0,1
CAFE-004755,43.3,1,5,13.74,0.4088,0.3403,0.1636,9.89,1.23,1,0
CAFE-004756,43.1,0,1,11.46,0.2075,0.3542,0.0414,8.25,0.79,0,0
CAFE-004757,14.8,3,1,14.75,0.4686,0.4645,0.7905,10.62,1.56,1,1
CAFE-004758,16.9,1,2,12.25,0.2909,0.5267,0.1236,8.82,1.07,1,0
CAFE-004759,2.2,4,4,19.87,0.8121,0.3048,0.7426,14.31,2.87,1,0
CAFE-004760,11.1,2,3,16.71,0.7076,0.4152,0.757,12.03,2.19,0,0
CAFE-004761,72.1,5,1,12.72,0.3872,0.5685,0.3382,9.16,0.98,0,0
CAFE-004762,10.8,0,1,12.58,0.534,0.5922,0.4134,9.06,1.43,0,1
CAFE-004763,12.7,0,3,11.97,0.4193,0.3632,0.6792,8.62,1.21,0,0
CAFE-004764,18.2,2,5,16.06,0.6643,0.2279,0.6077,11.56,1.99,0,1
CAFE-004765,15.8,4,3,15.39,0.6351,0.3613,0.3891,11.08,1.87,0,0
CAFE-004766,13.5,3,5,10.83,0.4745,0.5251,0.8372,7.8,1.15,0,0
CAFE-004767,73.7,3,3,11.66,0.3854,0.1822,0.3899,8.4,0.89,0,0
CAFE-004768,12.1,7,4,21.47,0.7417,0.4047,0.2803,15.46,2.87,0,0
CAFE-004769,33.9,3,8,13.65,0.7136,0.4543,0.4044,9.83,1.68,0,1
CAFE-004770,14.4,4,4,16.91,0.6519,0.1946,0.8085,12.18,2.1,1,0
CAFE-004771,11.7,1,3,7.97,0.0768,0.9365,0.7151,5.74,0.54,1,0
CAFE-004772,30.2,6,5,17.46,0.506,0.57,0.8365,12.57,1.81,1,1
CAFE-004773,20.9,2,3,15.29,0.3401,0.5323,0.3611,11.01,1.38,0,0
CAFE-004774,16.6,2,9,15.45,0.5161,0.5928,0.7127,11.12,1.69,0,1
CAFE-004775,41.0,2,6,11.44,0.2734,0.2065,0.2556,8.24,0.88,0,0
CAFE-004776,1.7,2,13,17.7,0.7358,0.1776,0.3258,12.74,2.42,1,0
CAFE-004777,74.5,2,4,7.98,0.167,0.4723,0.5412,5.75,0.43,0,0
CAFE-004778,4.0,1,3,17.5,0.3263,0.6964,0.8059,12.6,1.67,1,1
CAFE-004779,32.2,3,5,14.84,0.2707,0.7033,0.3966,10.68,1.18,1,0
CAFE-004780,101.2,0,2,8.37,0.2814,0.6207,0.4197,6.03,0.47,0,0
CAFE-004781,30.1,3,8,21.23,0.8561,0.6843,0.5628,15.29,2.95,1,1
CAFE-004782,21.9,1,1,16.04,0.5681,0.2283,0.3049,11.55,1.81,0,0
CAFE-004783,11.6,5,11,18.37,0.8218,0.2046,0.4016,13.23,2.61,1,1
CAFE-004784,12.3,0,3,10.13,0.2491,0.1583,0.3167,7.29,0.86,0,0
CAFE-004785,16.8,6,6,17.73,0.5683,0.5875,0.6853,12.77,2.04,1,0
CAFE-004786,15.4,4,7,18.05,0.6974,0.4665,0.7517,13.0,2.31,0,0
CAFE-004787,43.7,2,4,12.61,0.1854,0.6689,0.5442,9.08,0.84,1,1
CAFE-004788,25.1,1,4,9.91,0.2849,0.5919,0.3356,7.14,0.83,1,0
CAFE-004789,74.2,2,5,13.75,0.4488,0.2525,0.5575,9.9,1.13,0,0
CAFE-004790,31.5,4,4,20.85,0.8045,0.6674,0.6006,15.01,2.78,0,1
CAFE-004791,70.8,0,0,9.44,0.041,0.4901,0.693,6.8,0.4,1,0
CAFE-004792,18.0,0,1,8.9,0.0799,0.5633,0.5269,6.41,0.58,0,0
CAFE-004793,17.7,2,7,17.59,0.8375,0.3031,0.8904,12.66,2.49,0,0
CAFE-004794,15.4,0,0,11.22,0.1303,0.4426,0.4062,8.08,0.8,0,0
CAFE-004795,22.2,1,5,15.93,0.2341,0.7942,0.8438,11.47,1.27,0,0
CAFE-004796,16.0,6,6,14.65,0.5748,0.3538,0.2961,10.55,1.7,0,0
CAFE-004797,16.9,3,1,13.77,0.3618,0.4761,0.5,9.91,1.3,1,1
CAFE-004798,95.7,0,4,10.04,0.2305,0.1611,0.504,7.23,0.53,0,0
CAFE-004799,79.9,0,3,7.34,0.25,0.5995,0.7252,5.28,0.44,0,0
CAFE-004800,14.9,2,7,13.4,0.5469,0.3674,0.7555,9.65,1.52,0,0
CAFE-004801,31.3,8,7,20.77,0.8739,0.1023,0.7201,14.95,2.91,0,1
CAFE-004802,47.0,0,3,8.74,0.0244,0.6637,0.4837,6.29,0.43,0,0
CAFE-004803,24.9,2,3,15.17,0.3947,0.681,0.4638,10.92,1.43,0,1
CAFE-004804,11.7,6,8,18.34,0.959,0.1451,0.3077,13.2,2.86,0,0
CAFE-004805,34.7,4,5,21.77,0.7418,0.7561,0.2473,15.67,2.74,0,1
CAFE-004806,27.0,4,4,14.86,0.4906,0.5227,0.4358,10.7,1.54,1,1
CAFE-004807,32.9,3,9,14.05,0.4365,0.5381,0.7173,10.12,1.35,0,0
CAFE-004808,10.5,1,5,15.57,0.5209,0.5804,0.2961,11.21,1.75,0,0
CAFE-004809,46.4,0,0,12.97,0.1596,0.4616,0.7539,9.34,0.82,0,0
CAFE-004810,17.9,5,9,15.26,0.6504,0.5233,0.3085,10.99,1.87,0,1
CAFE-004811,6.3,2,8,18.48,0.8755,0.6056,0.651,13.31,2.76,1,0
CAFE-004812,5.6,3,7,19.27,0.8755,0.5814,0.4651,13.87,2.88,1,1
CAFE-004813,31.6,1,0,9.59,0.3053,0.5917,0.6233,6.9,0.8,1,1
CAFE-004814,8.4,4,10,20.16,0.7986,0.327,0.423,14.52,2.84,1,1
CAFE-004815,8.8,4,10,16.25,0.7905,0.5115,0.4384,11.7,2.27,0,0
CAFE-004816,14.2,2,7,15.21,0.7366,0.3423,0.1828,10.95,2.02,0,1
CAFE-004817,26.2,1,3,18.19,0.4134,0.3807,0.3182,13.1,1.74,0,0
CAFE-004818,36.8,5,3,9.44,0.5309,0.8527,0.8409,6.8,0.98,0,0
CAFE-004819,59.5,2,4,8.96,0.2319,0.474,0.1971,6.45,0.59,0,0
CAFE-004820,74.8,1,6,13.63,0.5396,0.5413,0.7574,9.81,1.24,0,0
CAFE-004821,95.5,1,2,13.81,0.2188,0.4924,0.6233,9.94,0.71,0,0
CAFE-004822,11.4,2,6,20.99,0.5747,0.8539,0.2277,15.11,2.46,1,0
CAFE-004823,50.3,2,7,8.19,0.5381,0.3748,0.1034,5.9,0.82,0,0
CAFE-004824,17.1,4,6,14.63,0.3352,0.3255,0.7688,10.53,1.34,0,0
CAFE-004825,47.4,2,2,14.1,0.5312,0.5201,0.5815,10.15,1.41,0,1
CAFE-004826,74.5,2,3,14.14,0.4381,0.481,0.7527,10.18,1.15,1,0
CAFE-004827,40.0,4,7,14.68,0.6491,0.179,0.3685,10.57,1.68,0,0
CAFE-004828,21.7,0,1,10.82,0.4213,0.4645,0.2178,7.79,1.06,1,1
CAFE-004829,93.7,0,4,8.08,0.1367,0.4298,0.3527,5.82,0.36,0,0
CAFE-004830,49.1,2,6,13.29,0.5568,0.4981,0.2576,9.57,1.36,1,0
CAFE-004831,46.4,1,2,16.09,0.2999,0.6589,0.3229,11.58,1.24,0,0
CAFE-004832,10.6,1,7,20.25,0.6854,0.7661,0.1606,14.58,2.61,1,1
CAFE-004833,27.8,2,5,10.77,0.4241,0.4543,0.3113,7.75,1.04,1,0
CAFE-004834,24.6,1,5,20.24,0.784,0.608,0.6833,14.57,2.7,0,0
CAFE-004835,14.6,3,6,11.37,0.5386,0.5399,0.3191,8.19,1.28,1,0
CAFE-004836,27.5,5,2,19.99,0.7078,0.6393,0.5083,14.39,2.5,0,0
CAFE-004837,66.2,2,5,13.25,0.44,0.1363,0.3828,9.54,1.12,0,0
CAFE-004838,52.6,3,2,10.93,0.2676,0.2078,0.6177,7.87,0.79,0,0
CAFE-004839,18.6,4,5,13.55,0.5116,0.6004,0.7111,9.76,1.47,0,0
CAFE-004840,24.9,1,1,14.19,0.2171,0.5832,0.4105,10.22,1.09,0,0
CAFE-004841,58.2,1,2,12.34,0.4203,0.4987,0.1899,8.88,1.05,0,0
CAFE-004842,103.9,1,0,9.1,0.0933,0.6308,0.355,6.55,0.36,1,0
CAFE-004843,36.8,5,3,14.18,0.7722,0.3341,0.7176,10.21,1.81,0,0
CAFE-004844,52.3,5,6,18.09,0.9497,0.6504,0.5517,13.02,2.54,0,0
CAFE-004845,42.6,4,3,15.1,0.442,0.2943,0.7309,10.87,1.4,0,0
CAFE-004846,32.8,3,3,13.49,0.5505,0.321,0.8885,9.71,1.45,0,0
CAFE-004847,11.6,4,2,17.56,0.501,0.3827,0.6681,12.64,1.93,0,0
CAFE-004848,70.9,4,6,16.06,0.5949,0.7678,0.7298,11.56,1.57,1,0
CAFE-004849,11.8,4,6,17.08,0.9007,0.6912,0.3873,12.3,2.56,0,0
CAFE-004850,37.6,2,5,20.48,0.6349,0.7167,0.5884,14.75,2.33,0,0
CAFE-004851,6.6,1,6,17.27,0.7738,0.6163,0.6088,12.43,2.4,0,1
CAFE-004852,6.9,2,7,18.98,0.7762,0.4219,0.6182,13.67,2.64,0,0
CAFE-004853,12.4,4,12,20.66,0.7473,0.4353,0.6336,14.88,2.77,0,0
CAFE-004854,33.3,4,9,14.12,0.6973,0.2351,0.307,10.17,1.72,0,1
CAFE-004855,40.5,0,4,10.27,0.2108,0.2269,0.4314,7.39,0.72,0,0
CAFE-004856,41.9,1,5,14.25,0.5348,0.4951,0.3763,10.26,1.46,0,0
CAFE-004857,74.1,2,11,12.92,0.4951,0.555,0.3556,9.3,1.12,1,0
CAFE-004858,22.5,1,4,9.99,0.2312,0.8436,0.474,7.19,0.79,0,0
CAFE-004859,15.0,3,2,15.94,0.686,0.1379,0.4682,11.48,2.03,0,0
CAFE-004860,45.4,1,4,15.97,0.5346,0.4786,0.7312,11.5,1.61,0,0
CAFE-004861,15.1,1,2,12.78,0.3022,0.3054,0.1808,9.2,1.13,1,0
CAFE-004862,27.0,2,7,13.14,0.4425,0.394,0.4433,9.46,1.29,0,0
CAFE-004863,31.4,0,1,8.81,0.103,0.5867,0.6342,6.34,0.55,0,0
CAFE-004864,44.1,6,4,17.96,0.7663,0.5713,0.2056,12.93,2.24,0,0
CAFE-004865,30.8,5,11,16.89,0.7198,0.2545,0.6106,12.16,2.11,0,0
CAFE-004866,45.0,2,2,13.28,0.3614,0.6206,0.2581,9.56,1.11,0,0
CAFE-004867,42.3,0,0,9.85,0.3619,0.544,0.5741,7.09,0.84,0,0
CAFE-004868,20.3,2,9,17.18,0.6578,0.5166,0.6699,12.37,2.1,0,1
CAFE-004869,22.9,0,3,11.03,0.1127,0.3621,0.5624,7.94,0.74,1,0
CAFE-004870,30.7,2,5,11.86,0.4992,0.3199,0.5407,8.54,1.22,0,0
CAFE-004871,14.0,2,1,5.0,0.1777,0.5897,0.2147,3.6,0.38,0,0
CAFE-004872,120.0,1,2,13.0,0.1666,0.491,0.6901,9.36,0.52,0,0
CAFE-004873,30.4,4,4,20.93,0.5512,0.4462,0.6152,15.07,2.26,1,1
CAFE-004874,8.1,6,5,19.22,0.7695,0.4281,0.901,13.84,2.65,1,0
CAFE-004875,21.3,0,5,12.96,0.4443,0.4323,0.5423,9.33,1.31,0,0
CAFE-004876,42.2,1,3,12.43,0.3154,0.6087,0.636,8.95,1.0,0,0
CAFE-004877,18.3,1,5,6.05,0.1973,0.5265,0.3462,4.36,0.47,0,0
CAFE-004878,8.2,2,10,20.77,0.7435,0.4905,0.6723,14.95,2.81,1,0
CAFE-004879,31.5,1,0,7.32,0.1261,0.4519,0.4919,5.27,0.48,0,0
CAFE-004880,34.2,2,4,15.27,0.8016,0.2849,0.3476,10.99,2.01,0,0
CAFE-004881,86.6,3,5,9.82,0.3285,0.7541,0.4054,7.07,0.64,1,1
CAFE-004882,48.5,8,4,17.3,0.6062,0.7205,0.2528,12.46,1.85,0,0
CAFE-004883,65.8,3,5,15.32,0.4814,0.3612,0.4849,11.03,1.36,0,0
CAFE-004884,20.8,3,3,16.9,0.7726,0.4336,0.6748,12.17,2.26,0,0
CAFE-004885,27.9,4,4,17.28,0.5839,0.688,0.6948,12.44,1.94,0,0
CAFE-004886,4.4,4,4,13.84,0.5254,0.6123,0.4993,9.96,1.59,1,0
CAFE-004887,21.5,0,5,15.89,0.5585,0.7646,0.153,11.44,1.78,0,1
CAFE-004888,32.7,0,2,11.84,0.169,0.4739,0.6129,8.52,0.82,1,0
CAFE-004889,13.2,4,9,21.34,0.7915,0.6854,0.7056,15.36,2.95,1,0
CAFE-004890,14.2,3,8,10.57,0.5187,0.3887,0.5555,7.61,1.17,0,0
CAFE-004891,5.3,1,9,22.68,0.8677,0.5838,0.6624,16.33,3.38,0,0
CAFE-004892,19.8,1,5,10.56,0.1858,0.651,0.3676,7.6,0.8,1,0
CAFE-004893,14.9,2,3,10.51,0.1786,0.7672,0.6194,7.57,0.8,1,0
CAFE-004894,45.1,1,1,5.22,0.1199,0.8666,0.6153,3.76,0.31,1,0
CAFE-004895,40.2,3,3,12.8,0.7415,0.4908,0.5883,9.22,1.58,0,0
CAFE-004896,10.7,1,4,18.16,0.873,0.2054,0.7083,13.08,2.68,0,0
CAFE-004897,11.2,4,10,15.39,0.6502,0.7902,0.2973,11.08,1.92,1,1
CAFE-004898,27.5,0,5,16.59,0.609,0.2135,0.4105,11.94,1.91,0,0
CAFE-004899,30.5,0,2,13.37,0.2461,0.5739,0.3067,9.63,1.04,0,0
CAFE-004900,16.7,1,5,15.96,0.6057,0.4031,0.3402,11.49,1.89,0,1
CAFE-004901,36.2,0,1,10.34,0.3816,0.5747,0.6549,7.44,0.92,0,0
CAFE-004902,18.8,0,2,17.81,0.5916,0.3449,0.7692,12.82,2.07,0,0
CAFE-004903,25.9,3,2,16.13,0.3165,0.6163,0.4989,11.61,1.39,0,0
CAFE-004904,19.5,1,4,12.75,0.2375,0.6369,0.2891,9.18,1.03,1,0
CAFE-004905,54.1,4,3,9.41,0.3748,0.6243,0.3416,6.78,0.77,0,0
CAFE-004906,39.1,2,1,12.07,0.4737,0.6738,0.627,8.69,1.17,1,0
CAFE-004907,9.6,3,5,21.79,0.9225,0.2893,0.3277,15.69,3.33,0,0
CAFE-004908,80.6,0,2,6.32,0.0731,0.9358,0.6524,4.55,0.27,1,0
CAFE-004909,39.0,4,2,12.87,0.3931,0.6535,0.3446,9.27,1.15,0,0
CAFE-004910,22.7,5,9,19.03,0.7866,0.2944,0.4795,13.7,2.56,0,1
CAFE-004911,27.7,1,2,12.58,0.313,0.7194,0.4446,9.06,1.07,0,0
CAFE-004912,4.5,5,8,21.66,0.7481,0.1068,0.4303,15.6,2.97,0,0
CAFE-004913,5.3,3,6,19.43,0.8469,0.4905,0.3926,13.99,2.85,0,0
CAFE-004914,27.3,7,3,16.97,0.421,0.7976,0.6627,12.22,1.63,1,1
CAFE-004915,9.9,6,4,16.75,0.7861,0.1493,0.3596,12.06,2.33,1,0
CAFE-004916,28.5,6,4,12.6,0.5335,0.5741,0.8451,9.07,1.35,1,1
CAFE-004917,3.3,2,2,14.93,0.479,0.6296,0.6056,10.75,1.65,0,1
CAFE-004918,19.5,5,2,11.92,0.4047,0.2383,0.4002,8.58,1.16,0,1
CAFE-004919,6.1,1,5,18.59,0.7203,0.2968,0.3333,13.38,2.49,0,0
CAFE-004920,29.8,3,3,15.13,0.6932,0.3325,0.7661,10.89,1.85,1,0
CAFE-004921,16.8,1,5,19.99,0.7074,0.1601,0.5028,14.39,2.57,1,0
CAFE-004922,30.8,3,8,15.63,0.6717,0.5831,0.8849,11.25,1.88,0,0
CAFE-004923,25.5,3,6,16.01,0.6273,0.3341,0.6128,11.53,1.88,1,1
CAFE-004924,22.5,6,4,23.04,0.8613,0.4514,0.8197,16.59,3.27,0,1
CAFE-004925,32.0,2,5,14.99,0.3185,0.212,0.5349,10.79,1.26,0,0
CAFE-004926,74.4,3,4,10.28,0.282,0.6033,0.8166,7.4,0.67,1,0
CAFE-004927,5.1,3,4,14.73,0.4088,0.2385,0.4724,10.61,1.52,1,0
CAFE-004928,19.9,3,2,17.0,0.6275,0.8383,0.582,12.24,2.03,0,1
CAFE-004929,43.6,1,3,12.94,0.4839,0.3297,0.7338,9.32,1.25,0,0
CAFE-004930,30.1,1,0,16.71,0.4275,0.6394,0.3434,12.03,1.6,0,0
CAFE-004931,24.4,1,4,17.08,0.5118,0.5186,0.5142,12.3,1.82,0,0
CAFE-004932,54.0,6,7,18.71,0.7443,0.62,0.5147,13.47,2.23,1,0
CAFE-004933,19.2,1,2,11.89,0.4733,0.8101,0.7431,8.56,1.24,0,1
CAFE-004934,41.5,3,6,8.7,0.4248,0.2427,0.2921,6.26,0.8,0,0
CAFE-004935,30.3,3,6,15.08,0.4234,0.2924,0.6072,10.86,1.44,0,0
CAFE-004936,34.3,1,2,6.3,0.1261,0.4417,0.381,4.54,0.4,0,1
CAFE-004937,14.6,3,7,18.19,0.421,0.4014,0.7748,13.1,1.83,0,0
CAFE-004938,14.8,3,1,19.78,0.7252,0.522,0.2346,14.24,2.59,0,0
CAFE-004939,34.1,0,3,10.9,0.1265,0.6007,0.4297,7.85,0.7,0,0
CAFE-004940,4.9,0,3,10.43,0.361,0.6786,0.4006,7.51,1.03,0,0
CAFE-004941,3.6,3,7,17.36,0.9158,0.7187,0.5729,12.5,2.68,1,1
CAFE-004942,46.9,7,2,14.8,0.5211,0.4603,0.542,10.66,1.47,1,0
CAFE-004943,10.0,0,2,16.0,0.7213,0.0873,0.5965,11.52,2.12,0,0
CAFE-004944,23.2,1,2,10.35,0.1338,0.5083,0.63,7.45,0.71,0,0
CAFE-004945,32.4,0,10,13.5,0.7406,0.654,0.6785,9.72,1.71,1,0
CAFE-004946,20.3,1,1,9.06,0.1835,0.3096,0.4555,6.52,0.68,0,0
CAFE-004947,12.9,2,9,20.61,0.8186,0.4205,0.5242,14.84,2.91,0,0
CAFE-004948,50.9,3,4,19.26,0.5253,0.366,0.1879,13.87,1.89,0,0
CAFE-004949,19.4,2,6,17.87,0.7776,0.5153,0.7869,12.87,2.41,0,1
CAFE-004950,34.9,4,1,13.57,0.3113,0.7277,0.4028,9.77,1.12,0,0
CAFE-004951,13.0,4,5,11.07,0.603,0.5265,0.4856,7.97,1.32,1,0
CAFE-004952,40.3,2,3,15.4,0.6758,0.7444,0.6495,11.09,1.8,0,0
CAFE-004953,19.1,6,5,12.99,0.4448,0.3805,0.6248,9.35,1.32,0,1
CAFE-004954,25.5,5,8,17.44,0.7541,0.6241,0.7355,12.56,2.27,0,0
CAFE-004955,16.1,3,4,11.29,0.2759,0.2289,0.1372,8.13,0.97,1,1
CAFE-004956,54.5,2,5,17.84,0.483,0.4241,0.8058,12.84,1.65,1,0
CAFE-004957,41.9,2,2,10.47,0.3325,0.1657,0.147,7.54,0.86,0,0
CAFE-004958,64.4,1,2,12.26,0.3947,0.4297,0.3448,8.83,0.98,0,0
CAFE-004959,110.8,1,5,13.2,0.4737,0.2263,0.5525,9.5,0.94,0,0
CAFE-004960,11.1,4,6,17.85,0.7213,0.8062,0.2531,12.85,2.36,1,0
CAFE-004961,35.7,2,6,16.29,0.5491,0.5964,0.1171,11.73,1.73,1,0
CAFE-004962,49.4,4,6,13.74,0.4414,0.5698,0.4604,9.89,1.24,0,0
CAFE-004963,7.9,3,6,17.44,0.6743,0.2206,0.4409,12.56,2.24,1,1
CAFE-004964,9.6,4,6,14.68,0.8372,0.6305,0.5587,10.57,2.12,0,0
CAFE-004965,4.3,3,3,16.96,0.5065,0.497,0.2096,12.21,1.92,0,0
CAFE-004966,19.2,2,2,14.04,0.2236,0.8079,0.4099,10.11,1.12,0,0
CAFE-004967,31.1,1,3,14.91,0.3647,0.5361,0.3055,10.74,1.33,0,0
CAFE-004968,41.9,3,9,22.97,0.7595,0.3926,0.7743,16.54,2.87,0,0
CAFE-004969,26.5,0,3,11.0,0.1118,0.6515,0.3853,7.92,0.72,0,0
CAFE-004970,26.2,5,2,15.15,0.2947,0.31,0.2116,10.91,1.27,1,0
CAFE-004971,6.1,4,12,20.01,0.7073,0.4734,0.748,14.41,2.65,0,1
CAFE-004972,5.6,1,7,17.12,0.8364,0.587,0.264,12.33,2.49,0,1
CAFE-004973,17.9,2,4,14.07,0.4346,0.5808,0.5981,10.13,1.42,0,0
CAFE-004974,61.5,3,7,15.65,0.7101,0.4439,0.6816,11.27,1.77,1,0
CAFE-004975,15.6,4,4,8.68,0.5412,0.4018,0.4406,6.25,0.98,1,0
CAFE-004976,58.0,0,8,15.96,0.4141,0.4709,0.6247,11.49,1.35,0,1
CAFE-004977,5.5,2,7,23.16,0.7921,0.5893,0.522,16.68,3.27,0,0
CAFE-004978,16.9,5,6,8.95,0.282,0.4243,0.677,6.44,0.77,1,0
CAFE-004979,53.7,2,2,13.7,0.1983,0.331,0.2527,9.86,0.88,0,0
CAFE-004980,23.1,3,5,18.61,0.3555,0.4997,0.7467,13.4,1.7,1,0
CAFE-004981,12.3,1,1,11.49,0.1984,0.4133,0.3797,8.27,0.91,0,0
CAFE-004982,10.1,2,6,16.13,0.4229,0.588,0.2903,11.61,1.66,0,0
CAFE-004983,15.1,4,4,7.98,0.2065,0.8659,0.4085,5.75,0.63,0,0
CAFE-004984,25.3,1,2,17.94,0.2525,0.4785,0.652,12.92,1.44,0,0
CAFE-004985,4.0,2,4,13.58,0.4052,0.5811,0.495,9.78,1.4,0,0
CAFE-004986,51.5,0,4,11.35,0.1736,0.8988,0.5448,8.17,0.71,0,0
CAFE-004987,64.6,2,1,8.08,0.0949,0.4561,0.6564,5.82,0.41,0,0
CAFE-004988,11.0,3,7,21.03,0.8119,0.5961,0.6395,15.14,2.97,0,0
CAFE-004989,63.6,0,4,14.18,0.3064,0.6727,0.5,10.21,1.02,0,0
CAFE-004990,38.6,0,7,18.42,0.5314,0.5072,0.7114,13.26,1.9,1,0
CAFE-004991,15.6,3,5,17.93,0.6774,0.6503,0.6616,12.91,2.26,1,0
CAFE-004992,26.0,6,6,18.01,0.7953,0.8092,0.3614,12.97,2.42,0,1
CAFE-004993,28.8,1,3,15.6,0.1914,0.4775,0.5264,11.23,1.14,1,0
CAFE-004994,10.0,2,7,21.73,0.6612,0.601,0.5374,15.65,2.75,0,0
CAFE-004995,7.6,1,7,20.66,0.8614,0.269,0.6268,14.88,3.05,0,0
CAFE-004996,11.9,3,9,18.92,0.7923,0.0629,0.6961,13.62,2.63,0,0
CAFE-004997,30.2,0,3,10.79,0.2482,0.6518,0.6429,7.77,0.84,0,0
CAFE-004998,28.8,2,6,19.61,0.7241,0.4264,0.8828,14.12,2.47,0,0
CAFE-004999,14.3,4,2,17.4,0.7899,0.1623,0.6651,12.53,2.4,0,0
CAFE-005000,7.8,1,5,14.1,0.6714,0.7824,0.6399,10.15,1.81,1,0
CAFE-005001,17.8,0,6,16.5,0.3724,0.7497,0.2911,11.88,1.56,0,1
CAFE-005002,4.4,2,2,14.73,0.4914,0.3029,0.2977,10.61,1.64,1,0
CAFE-005003,40.8,6,3,22.12,0.7423,0.6492,0.6675,15.93,2.73,0,0
CAFE-005004,33.6,3,4,17.24,0.7581,0.5296,0.63,12.41,2.2,1,1
CAFE-005005,14.9,4,5,16.49,0.6493,0.6144,0.5804,11.87,2.04,1,0
CAFE-005006,46.2,0,5,8.59,0.2642,0.4656,0.4515,6.18,0.63,0,0
CAFE-005007,22.5,5,4,21.21,0.7242,0.4297,0.4242,15.27,2.72,0,0
CAFE-005008,16.4,2,2,7.94,0.2013,0.3574,0.5172,5.72,0.62,0,0
CAFE-005009,14.8,1,1,5.0,0.091,0.2612,0.2755,3.6,0.34,1,0
CAFE-005010,16.4,3,4,10.86,0.3601,0.3617,0.47,7.82,1.02,0,0
CAFE-005011,75.8,1,3,11.0,0.2061,0.7791,0.4439,7.92,0.63,0,0
CAFE-005012,22.2,2,6,14.98,0.6013,0.3862,0.6536,10.79,1.74,0,0
CAFE-005013,35.3,5,11,17.98,0.5875,0.7686,0.2262,12.95,1.98,1,1
CAFE-005014,17.7,1,11,12.42,0.633,0.5268,0.5694,8.94,1.5,1,0
CAFE-005015,32.4,1,2,7.81,0.1674,0.3919,0.4436,5.62,0.54,0,0
CAFE-005016,8.1,0,0,10.63,0.3645,0.5494,0.1785,7.65,1.04,0,0
CAFE-005017,33.6,2,4,16.11,0.3019,0.5331,0.1542,11.6,1.32,0,0
CAFE-005018,6.5,2,2,14.99,0.3876,0.4047,0.3895,10.79,1.51,0,0
CAFE-005019,11.4,1,2,10.11,0.2149,0.5492,0.5028,7.28,0.82,0,0
CAFE-005020,23.0,0,3,13.97,0.2782,0.5348,0.6816,10.06,1.17,1,0
CAFE-005021,20.0,6,10,17.3,0.8163,0.2199,0.5225,12.46,2.39,0,1
CAFE-005022,50.8,3,6,10.57,0.4983,0.6409,0.5775,7.61,1.01,0,1
CAFE-005023,43.8,7,7,18.84,0.5566,0.7271,0.8912,13.56,1.96,0,0
CAFE-005024,20.3,2,6,15.4,0.4424,0.3355,0.4578,11.09,1.55,1,1
CAFE-005025,26.1,1,6,22.87,0.665,0.7435,0.8991,16.47,2.77,1,1
CAFE-005026,5.9,5,8,24.8,0.8778,0.2891,0.5782,17.86,3.71,1,1
CAFE-005027,84.6,3,1,11.0,0.1757,0.4559,0.7365,7.92,0.56,0,0
CAFE-005028,67.5,1,9,17.32,0.5612,0.4555,0.8406,12.47,1.66,1,0
CAFE-005029,12.1,8,7,16.36,0.7557,0.2804,0.6331,11.78,2.21,0,0
CAFE-005030,70.5,3,2,10.19,0.3934,0.629,0.4927,7.34,0.79,0,0
CAFE-005031,9.5,1,8,16.29,0.7234,0.811,0.4581,11.73,2.17,1,0
CAFE-005032,7.1,3,9,20.69,0.8653,0.2794,0.722,14.9,3.06,1,0
CAFE-005033,16.3,6,3,14.19,0.7024,0.4002,0.1883,10.22,1.82,1,1
CAFE-005034,4.6,0,4,23.78,0.8001,0.4549,0.6155,17.12,3.39,0,0
CAFE-005035,74.2,1,6,10.88,0.4208,0.4456,0.2768,7.83,0.86,0,0
CAFE-005036,31.4,4,4,13.94,0.4282,0.3921,0.413,10.04,1.33,1,0
CAFE-005037,120.0,1,2,12.32,0.1786,0.4864,0.3202,8.87,0.49,0,0
CAFE-005038,40.5,2,8,8.65,0.4376,0.6512,0.709,6.23,0.81,0,0
CAFE-005039,12.7,3,4,16.99,0.3627,0.4492,0.1951,12.23,1.63,0,0
CAFE-005040,51.1,2,5,17.91,0.4919,0.4208,0.582,12.9,1.7,1,0
CAFE-005041,39.9,1,3,11.44,0.5918,0.6603,0.3735,8.24,1.24,0,0
CAFE-005042,4.1,0,2,18.43,0.3298,0.1817,0.3918,13.27,1.76,0,0
CAFE-005043,3.9,1,8,20.34,0.8999,0.211,0.6853,14.64,3.1,1,1
CAFE-005044,55.6,0,4,13.18,0.3547,0.2425,0.5356,9.49,1.05,0,0
CAFE-005045,10.5,2,5,25.53,0.8912,0.3056,0.4227,18.38,3.81,1,0
CAFE-005046,21.8,3,6,18.56,0.654,0.7331,0.6891,13.36,2.26,0,0
CAFE-005047,15.7,0,7,14.01,0.5244,0.6531,0.5413,10.09,1.55,0,0
CAFE-005048,18.1,3,7,18.92,0.6673,0.5286,0.7704,13.62,2.35,0,1
CAFE-005049,31.5,0,1,13.37,0.2604,0.6791,0.3869,9.63,1.05,0,0
CAFE-005050,65.7,1,3,11.47,0.281,0.2042,0.4511,8.26,0.79,1,0
CAFE-005051,29.6,2,5,14.9,0.6345,0.7402,0.2493,10.73,1.74,0,0
CAFE-005052,11.8,0,1,11.81,0.2505,0.7926,0.4189,8.5,1.0,0,0
CAFE-005053,26.1,2,4,15.5,0.5211,0.3781,0.7935,11.16,1.65,0,0
CAFE-005054,61.7,1,1,16.51,0.39,0.7724,0.2654,11.89,1.33,0,0
CAFE-005055,22.6,3,8,18.52,0.5242,0.2658,0.8895,13.33,2.01,1,0
CAFE-005056,20.5,1,3,12.83,0.1735,0.7532,0.6283,9.24,0.95,0,0
CAFE-005057,40.2,1,1,13.11,0.3886,0.5113,0.6561,9.44,1.16,0,0
CAFE-005058,16.8,4,9,16.95,0.7876,0.65,0.1727,12.2,2.32,0,0
CAFE-005059,22.3,4,3,18.9,0.6266,0.5595,0.8157,13.61,2.24,0,0
CAFE-005060,23.8,3,7,16.62,0.568,0.8092,0.6143,11.97,1.87,0,0
CAFE-005061,19.7,3,4,11.64,0.4847,0.395,0.3701,8.38,1.23,1,0
CAFE-005062,22.1,1,1,11.07,0.1684,0.7668,0.2264,7.97,0.81,1,0
CAFE-005063,20.3,1,2,10.56,0.4843,0.2047,0.3608,7.6,1.11,1,0
CAFE-005064,34.5,2,1,15.91,0.4291,0.454,0.2964,11.46,1.5,0,0
CAFE-005065,69.2,4,5,8.23,0.3266,0.4707,0.4049,5.93,0.59,0,0
CAFE-005066,43.2,1,3,8.38,0.3973,0.4547,0.2908,6.03,0.74,0,0
CAFE-005067,65.7,2,2,20.1,0.586,0.5308,0.6282,14.47,1.99,0,0
CAFE-005068,38.2,4,9,17.09,0.7238,0.6141,0.2272,12.3,2.1,0,0
CAFE-005069,53.1,2,2,12.07,0.1781,0.6586,0.5043,8.69,0.76,1,0
CAFE-005070,6.9,2,5,14.79,0.4889,0.7731,0.3985,10.65,1.63,0,0
CAFE-005071,4.9,7,4,19.69,0.6614,0.4279,0.7331,14.18,2.53,0,1
CAFE-005072,12.9,7,9,19.72,0.8856,0.2544,0.2307,14.2,2.92,1,1
CAFE-005073,19.8,1,3,12.16,0.3266,0.1645,0.2139,8.76,1.09,0,0
CAFE-005074,18.1,1,2,13.63,0.5075,0.766,0.188,9.81,1.48,0,0
CAFE-005075,24.1,3,4,11.2,0.2251,0.6445,0.5626,8.06,0.87,0,0
CAFE-005076,69.1,4,6,20.5,0.6765,0.2687,0.4192,14.76,2.19,0,0
CAFE-005077,27.4,4,6,20.22,0.7881,0.2728,0.3988,14.56,2.69,0,0
CAFE-005078,13.2,5,5,20.05,0.7629,0.6909,0.1552,14.44,2.72,0,0
CAFE-005079,14.6,3,7,15.8,0.736,0.4305,0.5064,11.38,2.09,0,1
CAFE-005080,28.5,4,4,17.68,0.55,0.547,0.3589,12.73,1.92,0,0
CAFE-005081,27.0,1,5,13.07,0.5099,0.5559,0.671,9.41,1.38,0,0
CAFE-005082,4.4,2,1,10.73,0.6641,0.6084,0.5385,7.73,1.38,0,0
CAFE-005083,1.7,4,2,18.09,0.6921,0.4385,0.3656,13.02,2.4,0,0
CAFE-005084,17.2,1,5,18.28,0.6491,0.2379,0.4807,13.16,2.24,0,0
CAFE-005085,1.4,3,3,16.7,0.8053,0.3241,0.3694,12.02,2.41,1,0
CAFE-005086,24.4,5,11,18.36,0.7472,0.521,0.1493,13.22,2.39,0,1
CAFE-005087,12.4,3,6,14.29,0.6474,0.2998,0.8075,10.29,1.78,1,1
CAFE-005088,52.7,4,4,18.93,0.7591,0.4814,0.465,13.63,2.29,0,0
CAFE-005089,9.5,0,1,16.66,0.2681,0.5982,0.3758,12.0,1.46,0,0
CAFE-005090,15.6,3,4,19.13,0.7098,0.5772,0.5862,13.77,2.47,0,0
CAFE-005091,31.6,3,3,13.72,0.7044,0.7779,0.1964,9.88,1.69,1,0
CAFE-005092,11.1,2,3,19.43,0.8224,0.3808,0.683,13.99,2.76,0,1
CAFE-005093,11.2,4,4,16.06,0.5367,0.247,0.506,11.56,1.83,0,1
CAFE-005094,24.4,0,3,15.64,0.422,0.8449,0.3204,11.26,1.52,0,0
CAFE-005095,46.4,4,9,16.65,0.744,0.2014,0.5138,11.99,2.03,0,1
CAFE-005096,27.7,3,4,10.76,0.2928,0.6938,0.2467,7.75,0.9,0,0
CAFE-005097,13.7,1,3,11.82,0.3797,0.4608,0.8273,8.51,1.15,1,1
CAFE-005098,43.4,4,5,18.88,0.7185,0.5812,0.4542,13.59,2.27,0,0
CAFE-005099,6.4,2,4,10.82,0.5012,0.8636,0.567,7.79,1.21,0,1
CAFE-005100,29.7,6,7,18.35,0.5625,0.3735,0.8109,13.21,2.01,0,1
CAFE-005101,11.3,3,7,20.16,0.8397,0.307,0.7567,14.52,2.9,0,0
CAFE-005102,25.8,1,3,17.43,0.5528,0.5074,0.7072,12.55,1.92,0,1
CAFE-005103,34.7,3,12,18.31,0.6525,0.8284,0.5569,13.18,2.14,1,0
CAFE-005104,26.6,5,2,7.97,0.4271,0.5262,0.2734,5.74,0.77,1,1
CAFE-005105,38.3,2,3,12.98,0.1393,0.2999,0.283,9.35,0.83,0,0
CAFE-005106,21.2,1,1,6.15,0.081,0.5478,0.81,4.43,0.4,1,1
CAFE-005107,8.2,3,8,16.72,0.77,0.4358,0.515,12.04,2.31,0,0
CAFE-005108,45.3,1,4,13.03,0.337,0.2996,0.5262,9.38,1.06,0,1
CAFE-005109,19.6,3,1,6.85,0.1497,0.8997,0.2646,4.93,0.49,0,0
CAFE-005110,44.7,1,4,11.27,0.49,0.665,0.6241,8.11,1.09,0,0
CAFE-005111,11.1,4,5,20.58,0.7797,0.1087,0.4083,14.82,2.84,1,0
CAFE-005112,24.0,3,4,11.92,0.4417,0.5096,0.7719,8.58,1.19,1,1
CAFE-005113,0.8,1,6,18.86,0.5612,0.3483,0.8294,13.58,2.26,1,1
CAFE-005114,21.8,5,9,19.87,0.8869,0.2102,0.5518,14.31,2.88,0,0
CAFE-005115,9.5,1,1,9.73,0.2437,0.4323,0.6681,7.01,0.83,0,0
CAFE-005116,46.7,2,3,14.1,0.229,0.2118,0.2779,10.15,0.99,0,0
CAFE-005117,29.0,0,4,12.32,0.6304,0.447,0.2173,8.87,1.44,1,0
CAFE-005118,32.6,2,0,10.02,0.3849,0.3034,0.3632,7.21,0.91,0,0
CAFE-005119,33.5,1,1,8.94,0.185,0.4327,0.813,6.44,0.63,0,0
CAFE-005120,13.6,1,5,18.4,0.723,0.3317,0.4804,13.25,2.42,0,0
CAFE-005121,67.8,1,5,13.26,0.5331,0.6068,0.7532,9.55,1.23,0,0
CAFE-005122,12.1,2,5,16.71,0.6751,0.7159,0.5172,12.03,2.12,0,0
CAFE-005123,65.3,0,8,10.5,0.3691,0.6527,0.3994,7.56,0.81,0,0
CAFE-005124,20.2,0,0,11.55,0.2243,0.4855,0.1617,8.32,0.91,0,1
CAFE-005125,73.8,1,2,11.44,0.2288,0.878,0.6609,8.24,0.69,0,1
CAFE-005126,9.8,1,5,19.86,0.7746,0.5691,0.546,14.3,2.74,0,1
CAFE-005127,14.8,3,4,16.12,0.6729,0.5768,0.2854,11.61,2.03,0,0
CAFE-005128,12.8,6,4,16.39,0.5603,0.7756,0.3156,11.8,1.89,0,1
CAFE-005129,59.0,5,7,18.68,0.5328,0.5558,0.4686,13.45,1.79,0,1
CAFE-005130,15.1,3,1,8.86,0.2478,0.2645,0.6796,6.38,0.74,0,1
CAFE-005131,64.9,1,4,17.03,0.5875,0.8014,0.3398,12.26,1.69,0,0
CAFE-005132,46.7,2,7,19.64,0.9619,0.5545,0.3909,14.14,2.82,0,1
CAFE-005133,18.6,3,5,11.24,0.3246,0.5688,0.3376,8.09,1.01,0,1
CAFE-005134,85.2,2,10,18.12,0.8348,0.8086,0.3297,13.05,2.12,0,0
CAFE-005135,12.1,2,9,16.42,0.7306,0.4948,0.4099,11.82,2.18,0,0
CAFE-005136,31.0,5,4,21.74,0.7759,0.3059,0.6376,15.65,2.84,0,0
CAFE-005137,30.6,2,13,21.63,0.9457,0.17,0.8597,15.57,3.19,0,0
CAFE-005138,73.9,2,1,9.1,0.3134,0.481,0.3519,6.55,0.63,0,0
CAFE-005139,23.2,1,1,8.08,0.2312,0.423,0.51,5.82,0.64,0,0
CAFE-005140,11.3,3,5,18.04,0.6308,0.594,0.5051,12.99,2.22,0,0
CAFE-005141,37.3,0,4,16.32,0.6926,0.6542,0.3659,11.75,1.96,0,0
CAFE-005142,87.3,2,1,8.14,0.3072,0.2531,0.0861,5.86,0.52,1,0
CAFE-005143,19.0,2,7,15.37,0.7975,0.2377,0.7153,11.07,2.1,1,1
CAFE-005144,9.8,4,7,19.08,0.6232,0.2689,0.3924,13.74,2.34,0,0
CAFE-005145,17.5,3,5,19.37,0.7425,0.7043,0.3431,13.95,2.56,1,1
CAFE-005146,35.0,3,2,10.84,0.2632,0.5213,0.5683,7.8,0.84,0,0
CAFE-005147,7.2,4,6,17.58,0.8183,0.5689,0.6345,12.66,2.52,0,1
CAFE-005148,6.8,4,7,19.09,0.9336,0.4277,0.778,13.74,2.96,0,0
CAFE-005149,18.9,4,6,17.29,0.5469,0.5767,0.209,12.45,1.93,1,1
CAFE-005150,56.1,3,5,16.98,0.5627,0.4111,0.3808,12.23,1.7,0,0
CAFE-005151,29.8,2,6,16.53,0.5316,0.5334,0.6877,11.9,1.76,0,0
CAFE-005152,12.2,7,5,20.59,0.6551,0.567,0.5416,14.82,2.58,0,1
CAFE-005153,56.3,1,1,12.29,0.1385,0.6357,0.6562,8.85,0.71,0,0
CAFE-005154,13.3,4,5,10.95,0.5321,0.5604,0.3455,7.88,1.23,1,0
CAFE-005155,3.6,1,6,19.56,0.7499,0.2753,0.252,14.08,2.69,1,1
CAFE-005156,113.6,1,4,12.47,0.3193,0.3416,0.7992,8.98,0.69,0,0
CAFE-005157,11.6,5,6,17.54,0.8031,0.8178,0.4028,12.63,2.46,0,1
CAFE-005158,15.8,5,10,25.33,0.9694,0.6558,0.6146,18.24,3.93,0,0
CAFE-005159,12.6,7,7,23.17,0.8367,0.6455,0.8227,16.68,3.32,0,1
CAFE-005160,11.6,3,3,15.8,0.5546,0.2918,0.4876,11.38,1.82,0,0
CAFE-005161,28.7,2,3,17.97,0.6501,0.6153,0.7067,12.94,2.13,0,0
CAFE-005162,101.6,2,2,12.04,0.385,0.712,0.8276,8.67,0.79,0,0
CAFE-005163,19.6,5,12,18.13,0.9764,0.1827,0.8504,13.05,2.8,1,0
CAFE-005164,2.2,1,1,12.58,0.1925,0.4896,0.3138,9.06,1.04,0,0
CAFE-005165,25.6,2,9,16.75,0.8894,0.7865,0.3494,12.06,2.41,0,1
CAFE-005166,2.3,2,4,16.72,0.8002,0.7173,0.8161,12.04,2.39,1,1
CAFE-005167,21.7,0,4,8.91,0.3354,0.2909,0.8146,6.42,0.8,0,0
CAFE-005168,19.9,4,5,19.78,0.7261,0.2557,0.6066,14.24,2.56,1,0
CAFE-005169,51.3,1,6,11.32,0.5038,0.8426,0.3318,8.15,1.09,0,0
CAFE-005170,5.2,3,6,16.07,0.5397,0.5507,0.6792,11.57,1.87,1,0
CAFE-005171,12.1,0,4,13.07,0.483,0.2658,0.3624,9.41,1.41,1,0
CAFE-005172,38.6,2,6,16.26,0.4881,0.6799,0.7252,11.71,1.61,0,0
CAFE-005173,14.4,2,4,15.53,0.6995,0.3894,0.1801,11.18,2.0,0,0
CAFE-005174,31.0,5,4,15.99,0.8558,0.2476,0.4937,11.51,2.21,0,0
CAFE-005175,8.6,0,3,5.0,0.1294,0.5476,0.327,3.6,0.37,0,0
CAFE-005176,59.7,5,2,10.84,0.2404,0.7378,0.7823,7.8,0.72,0,0
CAFE-005177,7.8,1,3,6.32,0.1497,0.1683,0.3799,4.55,0.48,0,0
CAFE-005178,28.5,0,5,18.16,0.7598,0.7872,0.3785,13.08,2.36,1,0
CAFE-005179,64.0,4,3,10.44,0.5608,0.7864,0.6207,7.52,1.01,1,0
CAFE-005180,98.1,2,2,11.72,0.2838,0.5392,0.5948,8.44,0.67,1,0
CAFE-005181,13.7,3,7,13.31,0.5013,0.3479,0.4485,9.58,1.45,1,0
CAFE-005182,16.2,3,6,10.9,0.6412,0.1817,0.3609,7.85,1.33,0,0
CAFE-005183,37.1,3,4,10.39,0.2861,0.3039,0.4545,7.48,0.82,0,0
CAFE-005184,23.4,0,3,18.82,0.5202,0.1238,0.5664,13.55,2.02,1,0
CAFE-005185,34.8,2,6,15.45,0.5923,0.855,0.496,11.12,1.71,0,1
CAFE-005186,51.0,0,3,5.0,0.0632,0.9017,0.3089,3.6,0.26,1,0
CAFE-005187,22.6,4,6,13.61,0.7137,0.4365,0.1962,9.8,1.73,0,1
CAFE-005188,4.9,2,6,19.3,0.8465,0.5062,0.4919,13.9,2.83,0,0
CAFE-005189,3.0,1,3,16.68,0.6767,0.4071,0.7991,12.01,2.18,0,0
CAFE-005190,19.7,2,2,22.54,0.5465,0.2927,0.3658,16.23,2.51,1,0
CAFE-005191,23.9,2,8,14.75,0.5028,0.7575,0.5255,10.62,1.56,0,1
CAFE-005192,23.1,0,1,15.68,0.3997,0.2347,0.1099,11.29,1.5,1,0
CAFE-005193,28.7,5,4,13.79,0.6823,0.1821,0.6188,9.93,1.68,0,0
CAFE-005194,8.2,2,3,17.76,0.7229,0.5987,0.5531,12.79,2.37,1,0
CAFE-005195,15.1,2,2,9.11,0.3344,0.5008,0.6164,6.56,0.84,0,0
CAFE-005196,33.2,5,4,16.36,0.5562,0.2123,0.7742,11.78,1.76,0,0
CAFE-005197,24.7,0,10,13.15,0.4716,0.4407,0.411,9.47,1.34,1,1
CAFE-005198,5.0,2,10,18.38,0.8187,0.7677,0.7261,13.23,2.65,0,1
CAFE-005199,30.9,1,7,19.39,0.6889,0.3475,0.4878,13.96,2.36,0,0
CAFE-005200,15.8,4,3,14.98,0.6218,0.6114,0.2919,10.79,1.8,1,0
CAFE-005201,25.7,3,6,12.04,0.3069,0.8754,0.5918,8.67,1.03,0,0
CAFE-005202,3.7,0,2,11.22,0.3462,0.4199,0.3892,8.08,1.09,0,0
CAFE-005203,21.0,2,9,13.26,0.4933,0.1132,0.2225,9.55,1.4,0,0
CAFE-005204,12.3,2,3,18.19,0.6455,0.5304,0.5823,13.1,2.26,0,0
CAFE-005205,3.3,3,8,17.86,0.8352,0.2384,0.6688,12.86,2.61,0,0
CAFE-005206,12.2,1,11,22.97,0.934,0.7863,0.3968,16.54,3.51,0,1
CAFE-005207,29.5,1,6,10.42,0.3644,0.7745,0.5015,7.5,0.94,0,0
CAFE-005208,23.1,4,11,18.66,0.887,0.8299,0.4343,13.44,2.69,0,1
CAFE-005209,15.7,5,8,19.05,0.5805,0.7212,0.5543,13.72,2.22,0,0
CAFE-005210,12.1,1,13,18.54,0.9327,0.3374,0.7741,13.35,2.84,0,0
CAFE-005211,21.8,4,4,16.42,0.4534,0.5826,0.7512,11.82,1.67,0,0
CAFE-005212,32.8,2,4,10.68,0.0748,0.5243,0.4003,7.69,0.64,0,0
CAFE-005213,10.7,2,5,11.94,0.4527,0.8262,0.4413,8.6,1.26,0,0
CAFE-005214,15.8,4,6,18.4,0.7203,0.2463,0.611,13.25,2.4,0,0
CAFE-005215,23.2,1,2,7.25,0.1449,0.767,0.6359,5.22,0.51,0,0
CAFE-005216,22.3,3,5,20.75,0.8806,0.7,0.2879,14.94,2.99,0,0
CAFE-005217,18.4,1,4,16.36,0.4689,0.6861,0.7921,11.78,1.71,0,0
CAFE-005218,7.5,4,5,21.86,0.7608,0.5488,0.2359,15.74,3.0,0,0
CAFE-005219,15.1,4,3,13.88,0.5248,0.3676,0.3524,9.99,1.54,0,0
CAFE-005220,8.6,4,2,17.3,0.7963,0.6858,0.4561,12.46,2.43,1,0
CAFE-005221,22.3,3,8,13.84,0.6941,0.2673,0.5952,9.96,1.74,0,1
CAFE-005222,29.2,2,1,14.98,0.4807,0.646,0.4892,10.79,1.52,1,0
CAFE-005223,39.4,1,4,16.51,0.4919,0.3587,0.4872,11.89,1.63,0,0
CAFE-005224,3.8,3,6,16.68,0.8547,0.1415,0.715,12.01,2.47,0,0
CAFE-005225,40.3,2,5,16.12,0.5456,0.2577,0.4179,11.61,1.68,0,0
CAFE-005226,24.5,2,6,18.02,0.509,0.1961,0.3319,12.97,1.91,0,0
CAFE-005227,25.3,2,5,14.37,0.5388,0.3135,0.3106,10.35,1.56,0,0
CAFE-005228,16.1,0,5,7.44,0.2716,0.8858,0.37,5.36,0.64,0,1
CAFE-005229,32.9,1,1,12.01,0.2337,0.6277,0.0716,8.65,0.91,1,1
CAFE-005230,22.9,7,9,16.5,0.9099,0.6127,0.3035,11.88,2.42,1,1
CAFE-005231,17.3,2,3,8.55,0.2319,0.1317,0.4226,6.16,0.69,0,0
CAFE-005232,20.6,7,3,15.8,0.6114,0.2618,0.5966,11.38,1.86,0,0
CAFE-005233,3.0,3,10,17.96,0.8989,0.3752,0.517,12.93,2.74,0,1
CAFE-005234,12.4,1,2,11.34,0.272,0.6287,0.1972,8.16,0.98,0,0
CAFE-005235,37.8,1,6,21.75,0.7135,0.3566,0.2388,15.66,2.65,0,0
CAFE-005236,44.4,1,2,14.83,0.5651,0.3583,0.6693,10.68,1.55,0,0
CAFE-005237,28.7,4,4,12.52,0.4674,0.4322,0.4632,9.01,1.26,1,1
CAFE-005238,24.1,2,6,16.13,0.5119,0.2519,0.5566,11.61,1.72,0,0
CAFE-005239,53.6,3,2,13.59,0.2347,0.4911,0.5792,9.78,0.93,0,0
CAFE-005240,3.8,2,0,9.15,0.24,0.755,0.3802,6.59,0.79,0,0
CAFE-005241,13.1,2,4,10.52,0.3203,0.819,0.3771,7.57,0.96,0,1
CAFE-005242,24.1,0,2,16.52,0.2965,0.5438,0.6568,11.89,1.4,0,0
CAFE-005243,16.5,5,4,13.48,0.5559,0.2549,0.4454,9.71,1.53,0,1
CAFE-005244,23.0,0,2,12.43,0.0921,0.3797,0.7096,8.95,0.81,1,0
CAFE-005245,26.3,2,6,17.81,0.502,0.2827,0.1662,12.82,1.87,0,0
CAFE-005246,4.7,1,3,17.23,0.7109,0.385,0.36,12.41,2.3,0,1
CAFE-005247,12.2,4,3,11.54,0.5168,0.6556,0.2648,8.31,1.28,0,0
CAFE-005248,26.8,0,2,11.57,0.1988,0.8043,0.1591,8.33,0.86,1,0
CAFE-005249,10.8,7,11,19.82,0.9548,0.4431,0.2778,14.27,3.08,0,0
CAFE-005250,31.2,1,1,13.86,0.777,0.3211,0.2916,9.98,1.81,1,0
CAFE-005251,15.1,3,4,13.18,0.3305,0.2255,0.6484,9.49,1.21,1,0
CAFE-005252,12.5,2,1,10.57,0.3588,0.6168,0.356,7.61,1.01,0,0
CAFE-005253,38.6,1,2,13.01,0.1563,0.2987,0.4645,9.37,0.86,0,0
CAFE-005254,15.3,3,6,16.54,0.699,0.2001,0.4319,11.91,2.12,0,0
CAFE-005255,19.1,3,6,19.1,0.8551,0.2142,0.3867,13.75,2.72,1,0
CAFE-005256,7.8,2,9,13.3,0.6318,0.5589,0.1562,9.58,1.65,1,1
CAFE-005257,24.0,3,3,15.65,0.5217,0.3624,0.7474,11.27,1.68,1,0
CAFE-005258,17.1,0,3,10.66,0.1987,0.4121,0.2754,7.68,0.83,1,0
CAFE-005259,17.9,4,10,15.34,0.8415,0.3285,0.7946,11.04,2.17,1,0
CAFE-005260,9.2,9,14,20.82,0.7262,0.5575,0.4434,14.99,2.78,1,1
CAFE-005261,23.6,5,5,12.71,0.5128,0.3663,0.7948,9.15,1.36,0,1
CAFE-005262,7.3,1,1,8.35,0.1439,0.2014,0.2115,6.01,0.63,0,0
CAFE-005263,73.9,3,1,10.4,0.1173,0.4743,0.6397,7.49,0.51,1,0
CAFE-005264,21.8,3,8,19.22,0.8326,0.5246,0.5453,13.84,2.68,0,1
CAFE-005265,2.5,1,5,16.27,0.6373,0.5009,0.1988,11.71,2.06,0,0
CAFE-005266,10.2,1,6,16.1,0.4939,0.8183,0.8566,11.59,1.77,0,1
CAFE-005267,53.8,3,4,12.1,0.555,0.4831,0.3236,8.71,1.21,1,0
CAFE-005268,46.7,1,4,11.78,0.3226,0.4753,0.7772,8.48,0.94,0,0
CAFE-005269,61.8,2,3,15.17,0.4353,0.5222,0.5522,10.92,1.29,1,0
CAFE-005270,15.0,2,2,5.53,0.2155,0.572,0.4548,3.98,0.44,0,0
CAFE-005271,50.8,1,6,19.29,0.5732,0.2156,0.6831,13.89,1.99,1,0
CAFE-005272,30.2,3,5,16.89,0.6499,0.656,0.7901,12.16,2.0,0,0
CAFE-005273,13.6,2,5,13.31,0.2154,0.2154,0.4508,9.58,1.07,0,1
CAFE-005274,19.5,0,1,9.8,0.018,0.9041,0.7762,7.06,0.58,0,0
CAFE-005275,19.5,2,2,16.0,0.661,0.1417,0.7129,11.52,1.97,0,0
CAFE-005276,13.0,3,7,18.66,0.5479,0.2134,0.7705,13.44,2.13,0,0
CAFE-005277,42.2,3,3,11.34,0.4495,0.6107,0.6835,8.16,1.06,0,0
CAFE-005278,13.2,1,5,16.74,0.7002,0.2511,0.5078,12.05,2.16,1,0
CAFE-005279,7.1,3,3,20.53,0.6723,0.1163,0.3096,14.78,2.64,0,0
CAFE-005280,50.3,2,4,7.76,0.3966,0.7254,0.4496,5.59,0.66,0,1
CAFE-005281,74.6,2,1,15.76,0.4037,0.559,0.4472,11.35,1.22,1,1
CAFE-005282,18.9,6,6,14.55,0.5846,0.6562,0.3157,10.48,1.68,0,0
CAFE-005283,39.0,7,6,15.48,0.6908,0.1293,0.3396,11.15,1.84,1,0
CAFE-005284,10.5,3,6,16.84,0.5908,0.4367,0.5492,12.12,2.01,1,0
CAFE-005285,12.3,0,2,12.33,0.2664,0.3352,0.4546,8.88,1.06,0,0
CAFE-005286,55.8,1,3,13.42,0.172,0.8248,0.4315,9.66,0.82,0,0
CAFE-005287,84.8,2,6,9.94,0.6463,0.3805,0.3252,7.16,0.98,0,0
CAFE-005288,26.6,1,5,11.54,0.5056,0.2574,0.6469,8.31,1.21,0,0
CAFE-005289,40.4,6,3,16.08,0.5447,0.5336,0.5467,11.58,1.67,0,1
CAFE-005290,58.8,1,2,12.02,0.112,0.2002,0.6623,8.65,0.65,0,0
CAFE-005291,26.5,6,9,15.83,0.5698,0.3549,0.4881,11.4,1.76,0,0
CAFE-005292,12.2,3,3,12.39,0.3019,0.4588,0.6246,8.92,1.11,1,1
CAFE-005293,3.8,4,7,19.11,0.8443,0.1423,0.349,13.76,2.81,0,1
CAFE-005294,16.2,2,2,13.92,0.3561,0.558,0.6209,10.02,1.31,0,0
CAFE-005295,7.0,2,6,7.89,0.2813,0.1919,0.5686,5.68,0.71,1,0
CAFE-005296,21.4,5,5,17.41,0.7893,0.3763,0.8624,12.54,2.35,1,0
CAFE-005297,87.8,0,1,6.98,0.1336,0.615,0.5079,5.03,0.32,0,0
CAFE-005298,11.9,1,1,5.0,0.2522,0.6639,0.6874,3.6,0.42,0,0
CAFE-005299,15.3,0,6,15.79,0.9,0.3791,0.6437,11.37,2.34,0,0
CAFE-005300,105.8,0,3,10.33,0.4485,0.9171,0.5787,7.44,0.73,0,0
CAFE-005301,6.7,6,6,17.94,0.7721,0.4465,0.6594,12.92,2.49,0,0
CAFE-005302,54.6,0,3,11.23,0.1526,0.2869,0.5495,8.09,0.67,1,0
CAFE-005303,44.6,2,4,10.46,0.3287,0.5032,0.7654,7.53,0.85,0,0
CAFE-005304,10.3,0,4,16.34,0.3783,0.5624,0.6167,11.76,1.6,0,0
CAFE-005305,27.4,1,3,15.26,0.4195,0.6454,0.2648,10.99,1.47,0,0
CAFE-005306,20.2,2,2,13.29,0.4768,0.6056,0.5103,9.57,1.39,0,0
CAFE-005307,38.2,4,9,19.27,0.7477,0.3775,0.5763,13.87,2.41,0,0
CAFE-005308,45.2,0,1,11.92,0.1153,0.817,0.2494,8.58,0.71,0,0
CAFE-005309,15.3,0,1,5.0,0.0996,0.4199,0.1799,3.6,0.34,0,0
CAFE-005310,34.8,0,10,14.21,0.3708,0.51,0.4827,10.23,1.26,0,0
CAFE-005311,73.3,4,3,8.36,0.4161,0.499,0.3746,6.02,0.66,0,0
CAFE-005312,24.9,2,11,18.3,0.9625,0.3118,0.4076,13.18,2.77,0,0
CAFE-005313,25.4,3,3,19.93,0.7424,0.5499,0.8672,14.35,2.57,1,0
CAFE-005314,14.9,3,11,22.67,0.9335,0.2851,0.4506,16.32,3.45,1,0
CAFE-005315,53.8,1,5,13.94,0.5373,0.3156,0.5955,10.04,1.37,1,0
CAFE-005316,4.5,5,7,21.3,0.9212,0.5866,0.7816,15.34,3.29,0,0
CAFE-005317,33.1,7,8,16.93,0.9244,0.2027,0.2846,12.19,2.45,1,1
CAFE-005318,9.2,2,4,13.62,0.6266,0.5985,0.2779,9.81,1.68,0,0
CAFE-005319,8.5,0,4,10.05,0.2466,0.7381,0.5738,7.24,0.86,0,0
CAFE-005320,27.3,4,2,7.88,0.129,0.5328,0.5456,5.67,0.53,0,0
CAFE-005321,15.8,3,5,17.17,0.6598,0.3411,0.4594,12.36,2.13,1,0
CAFE-005322,44.0,3,4,10.6,0.4216,0.7438,0.5954,7.63,0.96,0,0
CAFE-005323,23.7,1,6,11.0,0.4938,0.6426,0.488,7.92,1.15,0,0
CAFE-005324,6.5,2,2,15.81,0.3279,0.7272,0.7515,11.38,1.49,1,0
CAFE-005325,14.5,5,2,20.87,0.8623,0.0944,0.5795,15.03,3.03,0,1
CAFE-005326,85.0,2,6,19.4,0.5799,0.4226,0.3466,13.97,1.77,1,0
CAFE-005327,23.9,3,3,14.38,0.336,0.4099,0.2883,10.35,1.28,0,1
CAFE-005328,12.1,1,9,10.21,0.4375,0.7078,0.3806,7.35,1.06,0,0
CAFE-005329,50.7,2,4,10.68,0.5077,0.4583,0.7157,7.69,1.03,1,0
CAFE-005330,29.6,2,4,14.18,0.4986,0.4732,0.4506,10.21,1.46,0,0
CAFE-005331,1.0,1,10,18.75,0.8556,0.305,0.6553,13.5,2.8,1,0
CAFE-005332,14.7,3,4,14.85,0.4124,0.5868,0.5159,10.69,1.48,1,0
CAFE-005333,17.2,1,10,11.55,0.4843,0.6342,0.4133,8.32,1.23,0,0
CAFE-005334,24.9,1,3,14.37,0.2384,0.5976,0.2946,10.35,1.13,0,0
CAFE-005335,15.8,2,1,10.63,0.2276,0.4034,0.4261,7.65,0.86,0,0
CAFE-005336,7.3,1,4,11.86,0.6837,0.6407,0.222,8.54,1.54,0,1
CAFE-005337,31.7,3,6,18.22,0.9494,0.3529,0.715,13.12,2.69,0,0
CAFE-005338,22.2,3,5,13.86,0.7271,0.4749,0.407,9.98,1.78,0,0
CAFE-005339,19.1,2,3,21.02,0.7622,0.5899,0.7255,15.13,2.8,0,1
CAFE-005340,31.3,0,5,12.74,0.5984,0.5607,0.6598,9.17,1.43,0,1
CAFE-005341,9.0,0,2,16.98,0.3177,0.7036,0.7137,12.23,1.57,1,1
CAFE-005342,26.2,4,4,14.79,0.3929,0.2663,0.8226,10.65,1.39,1,0
CAFE-005343,63.1,2,5,13.42,0.4946,0.1587,0.483,9.66,1.22,0,0
CAFE-005344,29.6,2,7,13.26,0.8377,0.5166,0.6046,9.55,1.82,0,0
CAFE-005345,50.4,1,6,13.94,0.4352,0.245,0.6812,10.04,1.25,0,0
CAFE-005346,4.9,1,10,15.62,0.7119,0.7303,0.3687,11.25,2.08,0,1
CAFE-005347,40.1,3,4,15.03,0.5743,0.4947,0.3192,10.82,1.61,1,1
CAFE-005348,37.3,0,0,11.08,0.1278,0.834,0.2461,7.98,0.7,0,0
CAFE-005349,61.8,3,5,13.89,0.4251,0.8502,0.7206,10.0,1.17,1,0
CAFE-005350,12.9,2,3,8.68,0.3884,0.417,0.2178,6.25,0.85,1,1
CAFE-005351,7.6,3,7,17.15,0.6333,0.3711,0.6346,12.35,2.14,0,0
CAFE-005352,42.0,1,9,13.94,0.5024,0.6502,0.7315,10.04,1.38,0,0
CAFE-005353,14.4,5,4,15.17,0.7583,0.2336,0.4535,10.92,2.04,0,0
CAFE-005354,34.8,1,5,11.19,0.4084,0.7119,0.6662,8.06,1.03,0,0
CAFE-005355,81.6,2,4,8.86,0.2658,0.5929,0.3821,6.38,0.54,0,0
CAFE-005356,13.0,2,9,16.69,0.6725,0.5439,0.6817,12.02,2.11,0,0
CAFE-005357,42.0,3,12,13.87,0.8054,0.5534,0.3935,9.99,1.8,0,1
CAFE-005358,34.8,4,9,18.69,0.8927,0.3309,0.7316,13.46,2.63,1,1
CAFE-005359,19.9,5,7,16.46,0.8498,0.4475,0.4236,11.85,2.33,1,1
CAFE-005360,12.4,0,1,11.36,0.1524,0.5131,0.6309,8.18,0.85,1,0
CAFE-005361,12.9,1,9,16.97,0.6472,0.6645,0.5101,12.22,2.11,0,1
CAFE-005362,27.8,3,5,16.49,0.7835,0.4108,0.2825,11.87,2.18,0,1
CAFE-005363,13.9,0,3,15.05,0.3986,0.2888,0.5596,10.84,1.49,1,0
CAFE-005364,7.0,5,6,18.96,0.8742,0.3601,0.629,13.65,2.82,1,1
CAFE-005365,20.0,3,5,9.27,0.5969,0.4608,0.6806,6.67,1.08,0,1
CAFE-005366,8.4,0,3,13.49,0.3245,0.2877,0.544,9.71,1.26,0,0
CAFE-005367,16.5,5,7,18.23,0.7256,0.3397,0.5244,13.13,2.38,1,0
CAFE-005368,13.3,1,3,14.81,0.5526,0.7333,0.3228,10.66,1.7,0,0
CAFE-005369,67.4,1,1,20.48,0.4435,0.6624,0.6083,14.75,1.72,0,0
CAFE-005370,34.6,4,6,18.92,0.5639,0.5346,0.5341,13.62,2.04,0,0
CAFE-005371,2.7,2,8,13.88,0.6509,0.4455,0.7439,9.99,1.78,0,0
CAFE-005372,77.1,1,8,12.67,0.6515,0.765,0.1629,9.12,1.28,0,0
CAFE-005373,25.6,3,5,19.13,0.8418,0.4925,0.3695,13.77,2.66,1,0
CAFE-005374,26.0,1,3,16.88,0.588,0.3945,0.9038,12.15,1.91,0,0
CAFE-005375,13.5,5,8,17.14,0.6197,0.6612,0.1294,12.34,2.08,0,0
CAFE-005376,3.1,2,5,14.83,0.4659,0.4701,0.3228,10.68,1.62,1,0
CAFE-005377,65.3,4,2,15.35,0.5417,0.2804,0.3059,11.05,1.45,0,0
CAFE-005378,27.4,2,3,14.11,0.5386,0.6263,0.2174,10.16,1.52,1,0
CAFE-005379,26.5,2,9,13.69,0.7103,0.7566,0.4193,9.86,1.72,0,0
CAFE-005380,25.5,1,1,7.26,0.1852,0.431,0.5763,5.23,0.53,0,0
CAFE-005381,38.7,4,5,17.43,0.7186,0.4715,0.8078,12.55,2.13,0,0
CAFE-005382,67.2,1,3,15.67,0.406,0.7176,0.6261,11.28,1.26,0,0
CAFE-005383,5.7,4,4,18.03,0.8662,0.7121,0.1382,12.98,2.68,0,0
CAFE-005384,10.4,6,9,18.43,0.9278,0.4432,0.8244,13.27,2.82,0,0
CAFE-005385,15.3,3,4,18.68,0.8218,0.58,0.5758,13.45,2.63,1,0
CAFE-005386,7.9,2,8,18.14,0.7608,0.3971,0.6094,13.06,2.49,0,1
CAFE-005387,11.7,3,5,11.59,0.2692,0.305,0.1956,8.34,1.0,0,0
CAFE-005388,21.6,2,2,15.46,0.381,0.7001,0.4215,11.13,1.46,0,0
CAFE-005389,46.7,1,1,6.61,0.2723,0.6929,0.5787,4.76,0.49,0,0
CAFE-005390,27.6,1,5,7.84,0.2369,0.8557,0.6539,5.64,0.61,1,1
CAFE-005391,14.4,4,6,22.97,0.9573,0.5814,0.8983,16.54,3.55,0,1
CAFE-005392,16.3,1,7,15.18,0.6283,0.6282,0.4189,10.93,1.84,1,1
CAFE-005393,53.0,1,1,8.81,0.2069,0.5833,0.4039,6.34,0.58,0,0
CAFE-005394,14.7,1,1,13.99,0.334,0.5313,0.3243,10.07,1.29,0,0
CAFE-005395,13.3,1,6,12.6,0.637,0.4645,0.5452,9.07,1.55,0,1
CAFE-005396,4.4,3,6,13.32,0.6793,0.7132,0.8578,9.59,1.74,0,1
CAFE-005397,25.1,1,6,16.99,0.8648,0.4441,0.8416,12.23,2.4,0,0
CAFE-005398,13.1,3,4,17.45,0.4145,0.7595,0.8205,12.56,1.76,0,0
CAFE-005399,28.0,9,5,14.65,0.6303,0.192,0.3655,10.55,1.71,0,1
CAFE-005400,7.2,5,6,19.08,0.709,0.3595,0.6117,13.74,2.52,1,1
CAFE-005401,28.7,2,3,16.41,0.3391,0.7232,0.8131,11.82,1.44,0,0
CAFE-005402,23.5,3,1,19.76,0.6313,0.2895,0.7429,14.23,2.34,1,1
CAFE-005403,18.1,1,2,14.9,0.3917,0.5906,0.4025,10.73,1.44,0,0
CAFE-005404,10.2,5,2,17.95,0.6918,0.5842,0.5576,12.92,2.32,1,0
CAFE-005405,6.7,3,5,18.26,0.855,0.4207,0.4945,13.15,2.69,1,1
CAFE-005406,32.0,1,3,10.13,0.3714,0.6987,0.3287,7.29,0.91,0,0
CAFE-005407,12.0,2,16,14.37,0.8796,0.5991,0.5531,10.35,2.12,1,1
CAFE-005408,20.2,2,4,7.75,0.1923,0.3734,0.3831,5.58,0.59,0,0
CAFE-005409,10.0,11,5,20.64,0.9296,0.4848,0.7427,14.86,3.17,0,1
CAFE-005410,19.0,3,3,14.3,0.4119,0.1402,0.5567,10.3,1.41,0,0
CAFE-005411,18.7,2,1,13.49,0.4603,0.3553,0.3397,9.71,1.39,0,0
CAFE-005412,18.4,2,0,14.52,0.572,0.6723,0.7053,10.45,1.66,0,1
CAFE-005413,37.4,3,9,20.21,0.7674,0.7139,0.5542,14.55,2.57,1,1
CAFE-005414,24.6,6,7,13.53,0.7451,0.5554,0.5372,9.74,1.75,0,1
CAFE-005415,3.1,2,5,14.34,0.3908,0.7838,0.0863,10.32,1.46,1,1
CAFE-005416,36.4,2,5,16.65,0.5551,0.4494,0.4835,11.99,1.77,0,0
CAFE-005417,8.6,2,8,14.15,0.7632,0.5973,0.8693,10.19,1.94,0,1
CAFE-005418,12.5,2,8,13.11,0.6024,0.4354,0.519,9.44,1.57,0,0
CAFE-005419,31.6,3,3,14.53,0.5267,0.567,0.1767,10.46,1.53,0,0
CAFE-005420,6.4,3,7,11.53,0.4666,0.6136,0.7498,8.3,1.25,0,0
CAFE-005421,23.0,1,1,14.38,0.1995,0.4066,0.6667,10.35,1.09,0,0
CAFE-005422,54.5,3,5,15.26,0.5823,0.6482,0.2988,10.99,1.57,0,0
CAFE-005423,18.9,1,2,8.94,0.2455,0.6592,0.3246,6.44,0.73,0,0
CAFE-005424,19.1,4,6,15.01,0.6737,0.7229,0.8079,10.81,1.87,0,0
CAFE-005425,30.5,0,3,9.15,0.2902,0.3465,0.4558,6.59,0.75,1,0
CAFE-005426,13.4,7,5,21.46,0.7321,0.7303,0.5675,15.45,2.84,1,1
CAFE-005427,31.4,1,2,6.53,0.1752,0.8656,0.8165,4.7,0.46,0,0
CAFE-005428,43.1,5,4,19.65,0.8067,0.3149,0.7045,14.15,2.54,0,0
CAFE-005429,12.3,3,1,18.95,0.8334,0.3399,0.5946,13.64,2.71,0,0
CAFE-005430,4.2,1,3,17.74,0.5822,0.7255,0.1578,12.77,2.14,0,0
CAFE-005431,44.2,1,4,8.88,0.2024,0.3994,0.2392,6.39,0.61,0,0
CAFE-005432,5.5,4,9,16.38,0.6504,0.6126,0.5765,11.79,2.08,0,0
CAFE-005433,38.7,0,8,12.09,0.2718,0.1564,0.5988,8.7,0.93,0,0
CAFE-005434,8.8,3,8,13.47,0.635,0.3285,0.7331,9.7,1.67,0,0
CAFE-005435,31.7,1,3,16.41,0.4027,0.3254,0.1399,11.82,1.52,1,0
CAFE-005436,40.3,1,6,18.18,0.6632,0.2789,0.8775,13.09,2.11,0,0
CAFE-005437,30.9,3,3,10.09,0.2667,0.6122,0.5598,7.26,0.8,0,0
CAFE-005438,44.6,0,0,6.66,0.162,0.3488,0.472,4.8,0.43,1,0
CAFE-005439,74.4,1,5,9.69,0.3569,0.629,0.114,6.98,0.71,1,0
CAFE-005440,11.6,5,4,11.7,0.4798,0.7881,0.5582,8.42,1.26,0,0
CAFE-005441,16.5,3,3,8.85,0.4284,0.5244,0.6291,6.37,0.89,0,0
CAFE-005442,50.1,1,3,16.5,0.5477,0.6931,0.28,11.88,1.66,1,0
CAFE-005443,19.8,2,5,14.36,0.7501,0.5248,0.6247,10.34,1.89,0,0
CAFE-005444,44.8,0,6,12.61,0.3639,0.5797,0.299,9.08,1.06,1,1
CAFE-005445,46.4,1,3,12.66,0.2771,0.5401,0.6635,9.12,0.95,0,0
CAFE-005446,5.2,2,12,16.48,0.6347,0.7463,0.6137,11.87,2.07,1,0
CAFE-005447,69.4,3,1,10.6,0.4277,0.3166,0.608,7.63,0.87,0,0
CAFE-005448,8.9,1,1,13.55,0.153,0.4089,0.4293,9.76,1.03,1,0
CAFE-005449,52.6,2,2,6.56,0.1385,0.3148,0.082,4.72,0.39,0,1
CAFE-005450,54.5,1,4,11.85,0.5388,0.7558,0.6466,8.53,1.16,0,0
CAFE-005451,10.1,2,5,14.55,0.4308,0.4615,0.7997,10.48,1.51,0,0
CAFE-005452,67.8,1,5,17.72,0.6785,0.7035,0.246,12.76,1.9,1,0
CAFE-005453,9.1,4,4,12.34,0.4428,0.6706,0.1921,8.88,1.3,0,1
CAFE-005454,15.6,4,5,16.89,0.6884,0.3731,0.3865,12.16,2.15,0,1
CAFE-005455,89.1,5,7,18.61,0.5833,0.3589,0.5143,13.4,1.68,0,0
CAFE-005456,7.0,4,6,26.89,0.9231,0.2677,0.725,19.36,4.14,0,0
CAFE-005457,14.3,0,3,12.95,0.2316,0.7844,0.5807,9.32,1.06,1,1
CAFE-005458,57.4,2,4,16.23,0.5375,0.4671,0.5273,11.69,1.58,0,0
CAFE-005459,32.9,8,4,16.8,0.4323,0.317,0.4271,12.1,1.6,1,1
CAFE-005460,94.3,4,7,16.78,0.6053,0.2656,0.547,12.08,1.52,0,0
CAFE-005461,48.9,2,7,14.1,0.4551,0.313,0.5229,10.15,1.3,0,0
CAFE-005462,36.3,3,12,20.87,0.9126,0.3556,0.2543,15.03,2.97,0,0
CAFE-005463,5.8,4,9,17.27,0.7323,0.6346,0.6534,12.43,2.33,0,0
CAFE-005464,30.2,4,4,15.17,0.6592,0.5818,0.5103,10.92,1.81,0,0
CAFE-005465,3.6,2,8,12.94,0.2823,0.478,0.3932,9.32,1.18,0,0
CAFE-005466,11.8,3,3,9.22,0.1458,0.197,0.4089,6.64,0.69,0,0
CAFE-005467,29.0,5,6,20.02,0.6863,0.8584,0.6835,14.41,2.45,0,0
CAFE-005468,22.9,4,11,19.21,0.9291,0.3679,0.3197,13.83,2.86,0,0
CAFE-005469,32.1,1,5,14.74,0.6829,0.7189,0.4047,10.61,1.78,0,0
CAFE-005470,5.7,5,3,14.25,0.6207,0.5824,0.7095,10.26,1.77,0,1
CAFE-005471,16.0,0,2,13.32,0.4223,0.3011,0.3127,9.59,1.34,0,0
CAFE-005472,17.8,3,6,13.97,0.4894,0.7647,0.5623,10.06,1.49,1,0
CAFE-005473,25.4,4,8,17.27,0.6058,0.4447,0.5019,12.43,1.99,0,1
CAFE-005474,18.7,4,1,13.73,0.4931,0.2464,0.4388,9.89,1.46,0,0
CAFE-005475,22.1,4,4,17.95,0.483,0.3828,0.4892,12.92,1.87,1,0
CAFE-005476,7.4,2,3,14.2,0.4507,0.6364,0.6198,10.22,1.51,0,1
CAFE-005477,41.2,1,2,10.52,0.1979,0.6001,0.4969,7.57,0.73,0,0
CAFE-005478,14.6,0,3,11.29,0.2269,0.6457,0.2318,8.13,0.92,0,0
CAFE-005479,12.1,1,3,15.18,0.4765,0.3395,0.4677,10.93,1.63,0,0
CAFE-005480,3.6,1,4,13.43,0.4577,0.8173,0.4578,9.67,1.46,0,0
CAFE-005481,26.7,1,7,17.89,0.4392,0.5396,0.5121,12.88,1.76,0,0
CAFE-005482,8.3,7,5,15.84,0.8336,0.4423,0.5081,11.4,2.29,0,0
CAFE-005483,39.8,2,7,19.71,0.7912,0.2095,0.3667,14.19,2.54,1,0
CAFE-005484,22.0,2,5,17.98,0.7705,0.2709,0.4427,12.95,2.39,0,0
CAFE-005485,3.5,1,2,8.86,0.519,0.2126,0.6467,6.38,1.02,1,0
CAFE-005486,8.8,4,6,13.68,0.6719,0.7383,0.653,9.85,1.75,0,0
CAFE-005487,28.7,3,3,14.04,0.5365,0.4608,0.8363,10.11,1.51,0,0
CAFE-005488,20.1,3,4,18.79,0.6518,0.3575,0.589,13.53,2.29,1,0
CAFE-005489,7.4,3,5,14.61,0.7352,0.7985,0.5374,10.52,1.97,0,0
CAFE-005490,0.3,5,4,8.58,0.4654,0.4355,0.5095,6.18,0.95,0,0
CAFE-005491,37.6,0,2,8.93,0.3362,0.6107,0.791,6.43,0.75,1,0
CAFE-005492,27.3,3,7,13.07,0.5122,0.855,0.6115,9.41,1.38,0,1
CAFE-005493,21.3,0,3,15.1,0.6753,0.3404,0.7359,10.87,1.87,0,0
CAFE-005494,7.9,1,4,18.05,0.6955,0.1454,0.7942,13.0,2.36,1,0
CAFE-005495,33.0,1,5,16.63,0.4236,0.2814,0.2066,11.97,1.57,1,0
CAFE-005496,25.6,3,1,15.37,0.3477,0.1958,0.1332,11.07,1.38,0,0
CAFE-005497,2.4,1,7,19.52,0.5646,0.7575,0.3375,14.05,2.33,0,0
CAFE-005498,17.9,2,7,16.08,0.8174,0.2268,0.7492,11.58,2.24,1,0
CAFE-005499,48.6,1,5,11.62,0.5252,0.5348,0.4564,8.37,1.15,1,0
CAFE-005500,44.5,2,1,13.29,0.2464,0.2171,0.7259,9.57,0.97,0,1
CAFE-005501,9.5,4,8,17.44,0.8091,0.493,0.3449,12.56,2.47,0,0
CAFE-005502,31.6,3,1,12.02,0.4186,0.7394,0.6957,8.65,1.14,1,1
CAFE-005503,11.2,1,12,19.34,0.9635,0.1431,0.8613,13.92,3.02,0,0
CAFE-005504,22.9,3,5,18.54,0.5164,0.1249,0.6705,13.35,1.99,0,0
CAFE-005505,23.4,1,5,10.65,0.2104,0.4337,0.2803,7.67,0.82,0,0
CAFE-005506,26.4,4,5,15.19,0.6703,0.2453,0.4132,10.94,1.85,0,0
CAFE-005507,57.2,1,3,6.45,0.244,0.6706,0.6454,4.64,0.44,0,0
CAFE-005508,13.2,1,4,16.78,0.3833,0.4137,0.2564,12.08,1.64,1,1
CAFE-005509,18.9,3,2,10.35,0.3617,0.3737,0.2066,7.45,0.97,0,0
CAFE-005510,16.3,1,2,14.06,0.4124,0.5457,0.544,10.12,1.4,0,0
CAFE-005511,31.3,4,9,14.9,0.5396,0.5371,0.149,10.73,1.59,1,0
CAFE-005512,49.3,4,5,21.15,0.7993,0.2742,0.4996,15.23,2.67,0,1
CAFE-005513,18.1,0,7,11.91,0.4075,0.4664,0.7014,8.58,1.17,0,0
CAFE-005514,21.2,2,5,23.05,0.8102,0.2435,0.4932,16.6,3.17,0,1
CAFE-005515,39.2,0,1,8.77,0.0557,0.808,0.5363,6.31,0.49,0,0
CAFE-005516,6.1,4,8,15.34,0.7587,0.2997,0.4955,11.04,2.11,0,1
CAFE-005517,83.3,1,5,12.77,0.4297,0.193,0.8144,9.19,0.98,0,0
CAFE-005518,93.4,0,2,10.34,0.2653,0.646,0.8537,7.44,0.59,0,0
CAFE-005519,7.4,1,2,14.22,0.617,0.2201,0.5124,10.24,1.75,0,1
CAFE-005520,5.5,3,7,21.95,0.5412,0.6778,0.4005,15.8,2.55,0,1
CAFE-005521,51.4,2,2,14.14,0.4126,0.4799,0.1032,10.18,1.23,0,0
CAFE-005522,15.6,0,1,6.94,0.0584,0.156,0.4371,5.0,0.45,0,0
CAFE-005523,11.8,2,10,22.94,0.9697,0.3856,0.4402,16.52,3.6,1,0
CAFE-005524,39.4,3,6,16.53,0.4152,0.3584,0.4788,11.9,1.51,1,1
CAFE-005525,24.4,1,6,15.23,0.5773,0.2095,0.2034,10.97,1.72,0,0
CAFE-005526,8.6,5,8,14.39,0.5722,0.7086,0.15,10.36,1.7,0,0
CAFE-005527,42.9,2,7,15.43,0.3808,0.6326,0.4837,11.11,1.34,0,1
CAFE-005528,33.0,1,4,16.19,0.3102,0.8726,0.3782,11.66,1.35,1,0
CAFE-005529,5.6,5,6,17.57,0.7399,0.3287,0.4706,12.65,2.39,0,1
CAFE-005530,12.0,2,2,13.61,0.5467,0.1392,0.2068,9.8,1.56,0,1
CAFE-005531,4.4,1,8,21.87,0.9556,0.6913,0.5964,15.75,3.45,0,0
CAFE-005532,12.9,3,1,17.29,0.4549,0.6376,0.3633,12.45,1.81,0,0
CAFE-005533,34.9,5,2,15.63,0.6317,0.4463,0.5007,11.25,1.79,0,0
CAFE-005534,18.2,0,4,15.18,0.4349,0.388,0.4476,10.93,1.53,0,0
CAFE-005535,1.5,1,3,17.42,0.6902,0.1692,0.5148,12.54,2.31,0,0
CAFE-005536,63.0,3,1,12.45,0.1706,0.8886,0.4126,8.96,0.73,0,1
CAFE-005537,10.3,4,10,20.84,0.9656,0.1051,0.9158,15.0,3.27,0,0
CAFE-005538,94.2,2,5,11.1,0.3205,0.451,0.1148,7.99,0.69,0,1
CAFE-005539,8.2,1,5,15.21,0.4944,0.4598,0.4197,10.95,1.68,1,1
CAFE-005540,21.2,3,3,20.86,0.8961,0.6451,0.352,15.02,3.05,0,1
CAFE-005541,42.7,1,5,8.81,0.4941,0.751,0.4509,6.34,0.86,0,0
CAFE-005542,13.2,3,2,8.56,0.3496,0.6607,0.5716,6.16,0.81,0,0
CAFE-005543,38.2,2,4,13.82,0.6228,0.4364,0.3039,9.95,1.56,1,0
CAFE-005544,36.4,4,4,11.4,0.5317,0.8587,0.7307,8.21,1.19,0,0
CAFE-005545,26.2,1,5,15.01,0.4744,0.5904,0.5377,10.81,1.53,1,1
CAFE-005546,10.7,1,2,10.35,0.2458,0.5148,0.5273,7.45,0.88,0,0
CAFE-005547,9.1,1,7,17.61,0.7066,0.2184,0.6418,12.68,2.31,0,0
CAFE-005548,23.2,2,7,17.5,0.577,0.8379,0.7663,12.6,1.98,1,0
CAFE-005549,24.8,1,6,11.67,0.5273,0.6143,0.3889,8.4,1.26,0,0
CAFE-005550,9.4,6,5,17.29,0.5846,0.3462,0.2133,12.45,2.06,0,0
CAFE-005551,63.8,3,4,16.38,0.5747,0.6357,0.6394,11.79,1.61,0,0
CAFE-005552,13.4,2,7,19.1,0.5371,0.6692,0.6007,13.75,2.16,1,0
CAFE-005553,25.4,3,6,9.87,0.5147,0.3395,0.5751,7.11,1.05,0,0
CAFE-005554,44.5,0,6,11.45,0.359,0.8708,0.4374,8.24,0.96,0,0
CAFE-005555,32.3,1,1,8.86,0.2585,0.8971,0.1954,6.38,0.69,0,0
CAFE-005556,24.1,6,7,14.09,0.7171,0.5185,0.2368,10.14,1.79,0,0
CAFE-005557,13.9,5,9,11.62,0.5344,0.8412,0.2719,8.37,1.31,0,0
CAFE-005558,41.9,2,3,8.7,0.285,0.7088,0.5811,6.26,0.67,0,1
CAFE-005559,5.0,3,6,16.35,0.723,0.206,0.8707,11.77,2.2,0,0
CAFE-005560,20.3,0,6,8.53,0.1829,0.5131,0.5473,6.14,0.64,0,0
CAFE-005561,12.4,0,5,8.26,0.1904,0.4801,0.5415,5.95,0.65,0,0
CAFE-005562,4.0,4,6,18.32,0.6222,0.4213,0.2704,13.19,2.29,1,0
CAFE-005563,25.8,3,3,18.61,0.4206,0.3361,0.327,13.4,1.8,0,0
CAFE-005564,15.3,4,6,19.14,0.6276,0.6034,0.4482,13.78,2.32,0,1
CAFE-005565,17.7,0,4,6.12,0.0715,0.7394,0.2448,4.41,0.4,1,0
CAFE-005566,19.8,1,6,13.9,0.7385,0.7121,0.5526,10.01,1.82,1,1
CAFE-005567,5.0,2,5,18.51,0.5948,0.7613,0.4115,13.33,2.25,0,0
CAFE-005568,36.9,6,6,21.69,0.6819,0.4428,0.7172,15.62,2.58,1,0
CAFE-005569,25.1,3,4,14.76,0.7776,0.2773,0.8013,10.63,1.96,0,0
CAFE-005570,27.6,2,1,13.29,0.4182,0.1318,0.4553,9.57,1.27,1,1
CAFE-005571,14.5,3,4,10.29,0.285,0.1169,0.4371,7.41,0.9,0,0
CAFE-005572,22.7,5,6,15.02,0.57,0.2259,0.3017,10.81,1.69,1,0
CAFE-005573,20.1,0,3,15.51,0.42,0.7564,0.2676,11.17,1.53,1,0
CAFE-005574,24.8,4,11,19.77,0.7813,0.7109,0.6736,14.23,2.63,1,0
CAFE-005575,9.7,3,5,12.91,0.4466,0.4752,0.4672,9.3,1.36,0,0
CAFE-005576,25.3,2,3,12.27,0.3344,0.205,0.7079,8.83,1.08,0,0
CAFE-005577,5.6,6,8,20.99,0.9294,0.4691,0.6717,15.11,3.25,1,1
CAFE-005578,9.3,6,8,18.33,0.7368,0.692,0.6449,13.2,2.46,0,0
CAFE-005579,59.1,5,3,14.49,0.5039,0.2797,0.4725,10.43,1.35,1,0
CAFE-005580,15.9,3,1,8.39,0.3309,0.6555,0.4014,6.04,0.77,0,0
CAFE-005581,31.9,4,4,16.43,0.5367,0.368,0.2008,11.83,1.74,0,0
CAFE-005582,63.0,3,2,14.15,0.4564,0.3341,0.2947,10.19,1.23,1,0
CAFE-005583,3.0,1,6,13.53,0.5497,0.1409,0.2473,9.74,1.6,0,1
CAFE-005584,14.2,5,2,14.28,0.4598,0.4559,0.453,10.28,1.5,0,1
CAFE-005585,6.0,1,4,13.29,0.3146,0.5631,0.3574,9.57,1.24,1,0
CAFE-005586,23.2,3,4,13.7,0.4017,0.3949,0.4391,9.86,1.31,0,0
CAFE-005587,38.6,1,2,14.65,0.1934,0.7675,0.6345,10.55,1.02,0,0
CAFE-005588,14.6,2,2,9.02,0.5474,0.8704,0.2049,6.49,1.02,1,1
CAFE-005589,36.6,2,2,15.22,0.4102,0.5704,0.4119,10.96,1.4,0,0
CAFE-005590,12.6,4,12,20.24,0.9072,0.3232,0.454,14.57,3.04,1,1
CAFE-005591,3.9,3,5,11.69,0.7368,0.796,0.741,8.42,1.59,0,0
CAFE-005592,49.9,1,5,12.76,0.4767,0.2238,0.2024,9.19,1.2,0,0
CAFE-005593,91.1,1,1,11.46,0.09,0.8753,0.8261,8.25,0.46,0,0
CAFE-005594,62.5,4,5,7.73,0.2387,0.3601,0.3871,5.57,0.51,0,0
CAFE-005595,15.1,5,9,13.68,0.7025,0.2404,0.3343,9.85,1.76,0,1
CAFE-005596,52.9,3,4,11.5,0.55,0.3509,0.7974,8.28,1.15,0,1
CAFE-005597,10.6,3,6,12.3,0.4251,0.4686,0.4116,8.86,1.26,0,0
CAFE-005598,2.8,2,7,17.28,0.7362,0.2203,0.8109,12.44,2.36,0,0
CAFE-005599,7.7,5,7,18.49,0.6889,0.2391,0.5128,13.31,2.41,0,1
CAFE-005600,48.8,0,7,13.97,0.5528,0.5882,0.2245,10.06,1.42,0,0
CAFE-005601,65.1,3,9,12.76,0.4668,0.9129,0.3957,9.19,1.11,0,0
CAFE-005602,53.8,6,7,14.4,0.4852,0.304,0.5466,10.37,1.34,0,0
CAFE-005603,9.7,1,2,14.14,0.3902,0.48,0.4006,10.18,1.41,0,1
CAFE-005604,9.4,1,6,13.16,0.3582,0.4384,0.4007,9.48,1.27,0,0
CAFE-005605,0.8,3,2,14.03,0.4864,0.5625,0.2491,10.1,1.58,1,0
CAFE-005606,21.4,4,8,13.54,0.5052,0.3785,0.2219,9.75,1.45,0,0
CAFE-005607,42.4,4,3,10.59,0.5252,0.3749,0.4345,7.62,1.07,1,0
CAFE-005608,40.7,0,0,7.67,0.0829,0.5303,0.4735,5.52,0.44,0,0
CAFE-005609,7.5,0,7,21.63,0.9011,0.244,0.7443,15.57,3.27,1,1
CAFE-005610,8.6,3,6,12.53,0.5426,0.3586,0.3615,9.02,1.44,0,0
CAFE-005611,33.4,6,3,12.32,0.5981,0.4906,0.6955,8.87,1.38,0,1
CAFE-005612,3.7,0,3,7.57,0.2904,0.627,0.6399,5.45,0.69,0,1
CAFE-005613,20.9,3,10,20.08,0.7821,0.2511,0.3609,14.46,2.7,0,1
CAFE-005614,15.7,2,6,15.67,0.5957,0.4807,0.4419,11.28,1.85,1,1
CAFE-005615,81.2,2,4,14.97,0.6471,0.7656,0.6366,10.78,1.49,0,0
CAFE-005616,31.9,2,6,14.93,0.4937,0.7584,0.6609,10.75,1.52,1,1
CAFE-005617,10.8,0,5,17.78,0.6971,0.5024,0.765,12.8,2.31,0,1
CAFE-005618,14.3,0,4,12.56,0.3433,0.6096,0.553,9.04,1.17,1,0
CAFE-005619,6.6,2,15,16.86,0.9658,0.5881,0.4426,12.14,2.67,1,1
CAFE-005620,53.2,1,4,5.0,0.1665,0.6477,0.4111,3.6,0.31,1,0
CAFE-005621,39.1,2,3,11.21,0.3286,0.889,0.5893,8.07,0.93,0,0
CAFE-005622,87.1,2,1,12.11,0.1831,0.2898,0.3427,8.72,0.62,1,0
CAFE-005623,39.7,1,7,16.68,0.6805,0.2642,0.7758,12.01,1.96,1,0
CAFE-005624,14.4,1,5,14.97,0.5084,0.4331,0.4527,10.78,1.64,0,0
CAFE-005625,34.2,1,8,11.77,0.5422,0.479,0.3992,8.47,1.25,0,1
CAFE-005626,13.4,4,8,16.91,0.6367,0.4746,0.3271,12.18,2.08,1,0
CAFE-005627,65.2,3,6,18.26,0.5772,0.4022,0.4426,13.15,1.79,0,0
CAFE-005628,37.7,0,6,14.01,0.5816,0.2615,0.3914,10.09,1.52,0,0
CAFE-005629,60.0,4,9,21.81,0.767,0.4662,0.663,15.7,2.6,0,0
CAFE-005630,63.6,5,4,8.55,0.2168,0.3071,0.7539,6.16,0.54,1,0
CAFE-005631,24.3,3,10,17.8,0.693,0.3764,0.3422,12.82,2.22,0,0
CAFE-005632,43.1,2,2,17.13,0.5566,0.6052,0.7066,12.33,1.78,1,1
CAFE-005633,34.1,6,8,22.55,0.9511,0.4072,0.7068,16.24,3.31,0,0
CAFE-005634,6.4,3,11,19.55,0.7858,0.3714,0.7175,14.08,2.74,1,1
CAFE-005635,10.2,1,3,19.79,0.5887,0.3459,0.5642,14.25,2.36,1,1
CAFE-005636,3.9,1,4,12.91,0.2216,0.9177,0.1099,9.3,1.09,1,0
CAFE-005637,24.5,0,2,10.0,0.2315,0.4861,0.5805,7.2,0.78,0,0
CAFE-005638,25.8,1,4,8.82,0.2611,0.6434,0.7761,6.35,0.71,0,1
CAFE-005639,3.6,4,6,13.53,0.7667,0.2307,0.3516,9.74,1.89,1,1
CAFE-005640,23.7,6,4,17.97,0.7064,0.2367,0.5807,12.94,2.27,0,0
CAFE-005641,51.1,2,4,14.49,0.343,0.9048,0.3464,10.43,1.16,0,0
CAFE-005642,1.1,3,2,11.35,0.3958,0.3989,0.3826,8.17,1.17,1,0
CAFE-005643,30.1,2,2,13.37,0.3793,0.4606,0.6269,9.63,1.22,0,0
CAFE-005644,57.0,2,4,14.49,0.4745,0.1432,0.6768,10.43,1.32,0,0
CAFE-005645,6.5,6,8,14.89,0.7845,0.696,0.6948,10.72,2.09,0,0
CAFE-005646,31.8,1,1,14.08,0.3765,0.4094,0.3537,10.14,1.27,0,0
CAFE-005647,33.3,3,1,14.83,0.413,0.4768,0.5644,10.68,1.38,0,0
CAFE-005648,27.7,1,1,14.12,0.1512,0.5925,0.3394,10.17,0.98,0,0
CAFE-005649,10.7,2,1,5.55,0.3599,0.7815,0.4048,4.0,0.53,0,0
CAFE-005650,18.2,3,5,16.18,0.7321,0.7336,0.4299,11.65,2.11,1,0
CAFE-005651,107.8,1,0,7.02,0.0973,0.4746,0.4564,5.05,0.28,0,0
CAFE-005652,18.0,5,4,12.76,0.5289,0.9123,0.5048,9.19,1.41,1,0
CAFE-005653,54.9,4,2,11.82,0.4559,0.59,0.7234,8.51,1.06,0,0
CAFE-005654,11.4,5,7,16.14,0.6971,0.4088,0.6634,11.62,2.09,0,0
CAFE-005655,36.7,4,7,14.84,0.6558,0.6423,0.2296,10.68,1.73,0,0
CAFE-005656,7.2,1,11,20.92,0.9405,0.2243,0.2362,15.06,3.25,0,0
CAFE-005657,29.2,4,3,12.79,0.3755,0.3611,0.7378,9.21,1.16,0,0
CAFE-005658,33.6,5,4,14.65,0.396,0.7272,0.3262,10.55,1.34,1,1
CAFE-005659,57.3,3,5,15.92,0.5441,0.3202,0.6226,11.46,1.56,0,0
CAFE-005660,13.9,1,2,11.54,0.444,0.5674,0.5288,8.31,1.19,1,0
CAFE-005661,34.1,3,0,12.18,0.2632,0.8619,0.2879,8.77,0.95,0,0
CAFE-005662,15.4,4,4,20.51,0.7592,0.6726,0.6061,14.77,2.76,1,1
CAFE-005663,12.9,2,6,14.49,0.5791,0.5398,0.2347,10.43,1.7,1,0
CAFE-005664,95.5,1,0,12.38,0.281,0.4975,0.6713,8.91,0.71,0,0
CAFE-005665,2.1,4,5,16.94,0.5793,0.2251,0.1364,12.2,2.05,1,1
CAFE-005666,13.5,1,4,10.87,0.3818,0.3297,0.2635,7.83,1.06,0,0
CAFE-005667,26.7,2,4,13.33,0.4272,0.4977,0.7558,9.6,1.29,0,0
CAFE-005668,23.4,4,7,17.29,0.7927,0.6924,0.4409,12.45,2.33,1,1
CAFE-005669,21.6,4,1,13.22,0.4562,0.2857,0.4388,9.52,1.35,0,1
CAFE-005670,12.3,0,4,15.1,0.3585,0.8972,0.7037,10.87,1.44,0,0
CAFE-005671,22.4,0,0,7.75,0.1053,0.395,0.5646,5.58,0.52,0,0
CAFE-005672,43.0,1,10,20.05,0.555,0.2455,0.8116,14.44,2.09,0,0
CAFE-005673,30.8,5,6,15.96,0.5423,0.5369,0.2757,11.49,1.71,0,0
CAFE-005674,20.7,2,7,18.02,0.7831,0.6378,0.4776,12.97,2.43,0,1
CAFE-005675,29.2,4,4,10.54,0.445,0.8294,0.3979,7.59,1.03,0,0
CAFE-005676,107.7,3,2,13.49,0.4826,0.5288,0.6014,9.71,0.99,0,0
CAFE-005677,3.6,3,8,17.44,0.7553,0.4962,0.4345,12.56,2.41,1,1
CAFE-005678,8.7,2,7,14.88,0.4559,0.1964,0.8305,10.71,1.58,0,0
CAFE-005679,31.4,3,3,11.53,0.3765,0.6924,0.6846,8.3,1.04,0,0
CAFE-005680,13.4,1,2,14.0,0.2674,0.6012,0.7064,10.08,1.2,0,0
CAFE-005681,69.4,0,2,13.27,0.2159,0.6657,0.1429,9.55,0.8,0,0
CAFE-005682,24.5,2,1,16.96,0.5837,0.4651,0.3364,12.21,1.93,0,0
CAFE-005683,36.4,1,2,9.69,0.2379,0.7398,0.526,6.98,0.72,0,0
CAFE-005684,9.3,5,3,11.53,0.2963,0.4161,0.3682,8.3,1.04,1,1
CAFE-005685,88.9,4,6,9.81,0.4592,0.5946,0.6472,7.06,0.76,1,0
CAFE-005686,24.1,0,3,11.2,0.4434,0.2938,0.448,8.06,1.12,0,0
CAFE-005687,17.1,3,9,20.29,0.7538,0.4058,0.5985,14.61,2.7,1,0
CAFE-005688,25.5,1,4,13.72,0.526,0.4032,0.6321,9.88,1.47,1,0
CAFE-005689,59.1,1,2,9.71,0.1364,0.6075,0.6411,6.99,0.55,1,0
CAFE-005690,26.9,0,4,15.04,0.5864,0.7333,0.5956,10.83,1.7,1,0
CAFE-005691,6.9,3,4,15.39,0.6143,0.409,0.6504,11.08,1.89,0,0
CAFE-005692,47.5,6,10,14.34,0.8347,0.7113,0.3644,10.32,1.87,0,1
CAFE-005693,11.9,8,6,16.4,0.9411,0.3092,0.6796,11.81,2.52,0,0
CAFE-005694,6.2,0,1,15.04,0.3907,0.5089,0.5663,10.83,1.52,0,0
CAFE-005695,50.6,0,4,18.45,0.7048,0.5039,0.7794,13.28,2.15,0,0
CAFE-005696,77.0,6,3,12.52,0.3496,0.281,0.1829,9.01,0.89,1,0
CAFE-005697,17.0,0,2,13.87,0.5101,0.4495,0.4803,9.99,1.51,0,0
CAFE-005698,20.0,4,4,13.34,0.432,0.4337,0.4376,9.6,1.33,0,1
CAFE-005699,75.5,2,3,10.24,0.3594,0.7496,0.6263,7.37,0.75,0,0
CAFE-005700,16.4,3,2,14.42,0.5508,0.3177,0.5427,10.38,1.63,1,1
CAFE-005701,28.8,0,8,8.98,0.3094,0.6039,0.4978,6.47,0.76,0,0
CAFE-005702,36.7,2,5,17.75,0.5886,0.7634,0.8629,12.78,1.95,1,0
CAFE-005703,27.6,3,6,19.84,0.8648,0.5877,0.362,14.28,2.79,1,1
CAFE-005704,18.0,3,5,14.13,0.5857,0.613,0.6462,10.17,1.64,0,0
CAFE-005705,26.2,1,6,14.43,0.5763,0.4276,0.1456,10.39,1.62,0,0
CAFE-005706,93.6,3,3,10.92,0.284,0.6991,0.6164,7.86,0.64,0,0
CAFE-005707,12.9,1,7,12.1,0.4832,0.3865,0.3987,8.71,1.3,0,1
CAFE-005708,52.1,1,4,15.16,0.4617,0.3347,0.341,10.92,1.39,0,0
CAFE-005709,14.3,2,6,19.42,0.8502,0.2457,0.9237,13.98,2.79,0,0
CAFE-005710,26.8,2,3,16.87,0.7903,0.6873,0.4773,12.15,2.25,0,0
CAFE-005711,17.4,2,4,13.34,0.3789,0.6284,0.5235,9.6,1.28,0,1
CAFE-005712,28.5,2,4,18.95,0.4667,0.6191,0.3702,13.64,1.9,1,0
CAFE-005713,48.4,3,2,14.1,0.4603,0.6347,0.3896,10.15,1.31,0,1
CAFE-005714,23.0,1,2,7.74,0.2584,0.4267,0.6205,5.57,0.63,0,0
CAFE-005715,14.5,5,3,10.29,0.5003,0.324,0.5067,7.41,1.12,1,0
CAFE-005716,21.2,3,3,16.34,0.7363,0.6511,0.2636,11.76,2.12,1,1
CAFE-005717,16.4,0,8,15.24,0.5643,0.5054,0.4178,10.97,1.75,1,0
CAFE-005718,14.2,4,15,16.89,0.8037,0.4479,0.5871,12.16,2.35,0,0
CAFE-005719,35.6,3,8,14.63,0.5953,0.7768,0.5409,10.53,1.62,0,0
CAFE-005720,70.9,2,5,13.0,0.5534,0.4956,0.6585,9.36,1.22,0,0
CAFE-005721,13.8,0,0,8.07,0.1912,0.5246,0.5765,5.81,0.63,0,1
CAFE-005722,23.0,1,2,13.67,0.2721,0.644,0.4483,9.84,1.13,0,0
CAFE-005723,11.1,3,2,13.59,0.3843,0.5791,0.1326,9.78,1.34,0,0
CAFE-005724,22.8,1,3,13.94,0.3842,0.6791,0.3627,10.04,1.31,0,0
CAFE-005725,36.4,3,7,21.73,0.8513,0.3487,0.504,15.65,2.96,0,1
CAFE-005726,15.4,3,6,15.75,0.6007,0.7241,0.5118,11.34,1.87,0,0
CAFE-005727,17.8,0,3,12.96,0.3609,0.6469,0.2852,9.33,1.21,0,0
CAFE-005728,25.6,1,11,13.65,0.6989,0.5269,0.1911,9.83,1.7,1,1
CAFE-005729,30.6,4,8,21.59,0.7233,0.5778,0.1727,15.54,2.71,0,0
CAFE-005730,36.7,2,2,12.69,0.3156,0.8988,0.1804,9.14,1.04,0,0
CAFE-005731,7.5,2,2,14.97,0.5286,0.8449,0.5796,10.78,1.71,0,0
CAFE-005732,22.5,2,8,15.82,0.8431,0.5613,0.3627,11.39,2.22,0,0
CAFE-005733,13.1,2,3,9.84,0.2565,0.5221,0.5793,7.08,0.84,0,0
CAFE-005734,44.1,1,3,13.81,0.5354,0.7947,0.5693,9.94,1.4,0,0
CAFE-005735,33.7,7,6,20.94,0.8518,0.6838,0.6373,15.08,2.87,1,1
CAFE-005736,85.2,2,6,17.29,0.6104,0.1823,0.6845,12.45,1.63,0,0
CAFE-005737,19.8,1,3,12.21,0.4449,0.1948,0.2663,8.79,1.24,0,0
CAFE-005738,29.4,1,5,14.66,0.4114,0.2892,0.387,10.56,1.39,0,0
CAFE-005739,3.0,4,3,20.02,0.8478,0.809,0.5757,14.41,2.96,1,1
CAFE-005740,15.7,4,2,6.43,0.1944,0.7269,0.4258,4.63,0.5,1,1
CAFE-005741,15.2,4,11,15.46,0.7037,0.4823,0.4551,11.13,1.99,0,1
CAFE-005742,21.1,1,4,18.82,0.5404,0.797,0.2423,13.55,2.08,0,0
CAFE-005743,10.3,4,6,16.19,0.6289,0.4587,0.4885,11.66,1.99,0,1
CAFE-005744,21.1,2,3,19.74,0.5964,0.416,0.5027,14.21,2.29,0,0
CAFE-005745,51.6,2,2,14.85,0.3983,0.4162,0.4701,10.69,1.27,0,0
CAFE-005746,23.3,1,11,17.3,0.7737,0.2448,0.7207,12.46,2.3,1,1
CAFE-005747,106.5,1,2,12.61,0.3297,0.4103,0.2344,9.08,0.74,0,0
CAFE-005748,5.8,0,2,15.51,0.3822,0.7023,0.3443,11.17,1.55,0,0
CAFE-005749,19.0,1,5,13.71,0.5094,0.4351,0.8115,9.87,1.48,0,0
CAFE-005750,14.0,3,10,19.98,0.6818,0.1218,0.9206,14.39,2.54,1,1
CAFE-005751,26.6,3,7,19.3,0.6074,0.2501,0.4004,13.9,2.22,0,0
CAFE-005752,12.9,6,10,21.25,0.7328,0.3737,0.7416,15.3,2.82,0,1
CAFE-005753,11.3,2,7,12.14,0.5407,0.6282,0.5942,8.74,1.38,0,0
CAFE-005754,12.7,1,1,14.2,0.3953,0.6429,0.5546,10.22,1.41,1,0
CAFE-005755,9.9,5,4,13.96,0.4642,0.5117,0.369,10.05,1.49,0,0
CAFE-005756,37.7,0,1,8.2,0.13,0.3306,0.348,5.9,0.52,1,0
CAFE-005757,28.4,0,5,22.35,0.8173,0.1204,0.2302,16.09,3.03,0,1
CAFE-005758,22.9,4,6,9.86,0.3131,0.1769,0.4279,7.1,0.86,0,0
CAFE-005759,12.4,1,6,16.05,0.7071,0.4452,0.5623,11.56,2.09,1,0
CAFE-005760,16.7,2,6,11.95,0.3412,0.8584,0.425,8.6,1.1,0,0
CAFE-005761,67.4,0,5,9.05,0.1686,0.6223,0.135,6.52,0.51,0,0
CAFE-005762,18.3,5,6,19.58,0.8099,0.2905,0.8281,14.1,2.71,1,1
CAFE-005763,16.5,0,5,15.13,0.6916,0.8025,0.6218,10.89,1.92,0,0
CAFE-005764,41.6,1,5,12.12,0.3823,0.4113,0.3886,8.73,1.06,0,0
CAFE-005765,33.6,2,3,14.3,0.5274,0.3515,0.7496,10.3,1.5,0,0
CAFE-005766,44.4,4,7,10.83,0.8312,0.2005,0.2983,7.8,1.42,0,0
CAFE-005767,68.0,0,1,15.38,0.2256,0.6587,0.5574,11.07,0.95,0,0
CAFE-005768,20.7,1,5,19.1,0.675,0.5174,0.5974,13.75,2.37,0,0
CAFE-005769,51.7,2,3,7.59,0.2268,0.2877,0.7458,5.46,0.52,0,0
CAFE-005770,26.1,1,1,9.82,0.1183,0.5014,0.7957,7.07,0.65,0,0
CAFE-005771,42.8,0,0,11.55,0.3413,0.7518,0.3439,8.32,0.96,1,0
CAFE-005772,15.4,2,2,14.98,0.3098,0.8301,0.6473,10.79,1.34,0,0
CAFE-005773,24.0,2,10,19.19,0.7662,0.4734,0.4456,13.82,2.53,1,0
CAFE-005774,45.8,0,1,9.51,0.3935,0.4321,0.6462,6.85,0.83,0,0
CAFE-005775,20.9,2,4,11.22,0.3355,0.4894,0.3033,8.08,1.01,0,0
CAFE-005776,13.1,2,3,16.24,0.5363,0.8331,0.3229,11.69,1.83,0,0
CAFE-005777,15.6,5,11,16.95,0.8534,0.1396,0.7589,12.2,2.44,1,1
CAFE-005778,3.5,2,9,16.41,0.7071,0.6166,0.3268,11.82,2.19,0,1
CAFE-005779,24.9,0,3,11.56,0.2061,0.6555,0.2938,8.32,0.87,0,0
CAFE-005780,18.7,1,6,10.74,0.5699,0.5775,0.129,7.73,1.23,0,0
CAFE-005781,7.0,0,2,15.93,0.4052,0.6165,0.3503,11.47,1.62,0,0
CAFE-005782,31.3,1,4,14.23,0.2493,0.4871,0.5094,10.25,1.11,0,0
CAFE-005783,9.8,2,2,6.81,0.2501,0.3511,0.3259,4.9,0.58,1,0
CAFE-005784,7.3,4,5,18.95,0.8284,0.1792,0.619,13.64,2.73,0,0
CAFE-005785,16.4,2,5,10.81,0.5332,0.4558,0.2514,7.78,1.2,1,0
CAFE-005786,49.3,2,9,16.9,0.5117,0.4415,0.5953,12.17,1.65,0,0
CAFE-005787,28.5,0,6,12.89,0.4791,0.68,0.8357,9.28,1.31,1,0
CAFE-005788,14.8,10,5,16.88,0.8385,0.8088,0.6885,12.15,2.41,1,1
CAFE-005789,9.5,3,6,20.85,0.8599,0.1327,0.7663,15.01,3.06,0,0
CAFE-005790,30.5,1,0,9.58,0.4441,0.458,0.7195,6.9,0.93,1,0
CAFE-005791,4.4,0,1,8.75,0.2716,0.5863,0.4847,6.3,0.78,1,0
CAFE-005792,27.4,1,2,11.89,0.1733,0.8408,0.5415,8.56,0.85,0,0
CAFE-005793,33.2,1,7,21.35,0.6108,0.6183,0.6348,15.37,2.42,1,1
CAFE-005794,26.5,1,5,17.36,0.3743,0.5841,0.4803,12.5,1.6,0,0
CAFE-005795,7.1,3,8,16.39,0.4374,0.2788,0.6857,11.8,1.72,0,0
CAFE-005796,41.3,1,2,12.31,0.2562,0.4025,0.3883,8.86,0.92,1,0
CAFE-005797,19.7,1,5,9.79,0.4342,0.4195,0.5072,7.05,0.98,0,0
CAFE-005798,20.7,1,3,11.56,0.302,0.3049,0.4552,8.32,1.0,0,0
CAFE-005799,40.2,0,1,8.58,0.2906,0.5604,0.3006,6.18,0.67,1,0
CAFE-005800,46.8,3,6,12.33,0.2045,0.2911,0.3719,8.88,0.83,0,0
CAFE-005801,33.1,2,1,16.42,0.3655,0.1789,0.4425,11.82,1.46,1,0
CAFE-005802,61.0,1,1,8.56,0.1813,0.3727,0.4333,6.16,0.52,0,0
CAFE-005803,19.1,2,1,12.55,0.2518,0.7419,0.6369,9.04,1.03,0,0
CAFE-005804,18.5,0,3,9.44,0.0936,0.3294,0.6687,6.8,0.63,0,0
CAFE-005805,10.0,3,7,18.96,0.929,0.6921,0.5467,13.65,2.91,1,1
CAFE-005806,14.0,1,9,25.31,0.6886,0.5319,0.4601,18.22,3.24,1,0
CAFE-005807,79.6,0,1,5.63,0.0691,0.5046,0.4456,4.05,0.24,0,0
CAFE-005808,44.7,6,4,14.77,0.7742,0.6596,0.6254,10.63,1.85,0,1
CAFE-005809,5.0,3,7,18.59,0.8904,0.6492,0.4095,13.38,2.81,0,0
CAFE-005810,30.0,1,6,16.98,0.4151,0.8752,0.2863,12.23,1.61,1,1
CAFE-005811,19.3,3,0,16.66,0.4443,0.5457,0.853,12.0,1.69,0,0
CAFE-005812,9.8,3,3,18.41,0.7714,0.8476,0.8882,13.26,2.53,0,0
CAFE-005813,5.8,3,9,17.59,0.3792,0.7501,0.2907,12.66,1.76,0,0
CAFE-005814,17.2,5,6,19.25,0.8697,0.4166,0.4017,13.86,2.79,1,0
CAFE-005815,30.7,3,6,20.93,0.8963,0.146,0.3129,15.07,2.98,1,0
CAFE-005816,11.9,2,4,16.38,0.6842,0.1731,0.289,11.79,2.1,0,0
CAFE-005817,10.7,1,4,16.79,0.7716,0.5279,0.1813,12.09,2.31,1,0
CAFE-005818,32.9,1,2,10.99,0.2594,0.5792,0.2688,7.91,0.86,0,0
CAFE-005819,33.0,2,5,13.23,0.6224,0.3199,0.6033,9.53,1.51,0,1
CAFE-005820,40.5,5,6,15.73,0.7004,0.2238,0.7311,11.33,1.88,0,1
CAFE-005821,44.4,1,1,11.48,0.3831,0.3004,0.6943,8.27,0.99,0,0
CAFE-005822,6.0,2,4,11.02,0.364,0.4429,0.2778,7.93,1.08,0,0
CAFE-005823,37.8,0,2,10.55,0.1917,0.8945,0.2264,7.6,0.73,0,0
CAFE-005824,18.4,1,11,16.23,0.7279,0.6113,0.4426,11.69,2.11,0,0
CAFE-005825,25.9,2,0,12.06,0.3239,0.3155,0.2751,8.68,1.05,0,0
CAFE-005826,21.4,3,5,16.23,0.7215,0.3359,0.3132,11.69,2.08,0,0
CAFE-005827,63.3,0,2,5.68,0.2416,0.7001,0.4953,4.09,0.37,0,0
CAFE-005828,14.9,2,8,13.38,0.5544,0.441,0.8237,9.63,1.53,1,0
CAFE-005829,35.1,2,3,16.03,0.6558,0.7756,0.8186,11.54,1.87,0,0
CAFE-005830,14.2,0,2,14.32,0.1174,0.2856,0.581,10.31,1.01,0,0
CAFE-005831,2.6,1,3,15.86,0.7146,0.5194,0.5953,11.42,2.13,1,1
CAFE-005832,21.6,2,4,14.26,0.3563,0.6823,0.5924,10.27,1.31,0,0
CAFE-005833,45.0,1,7,12.28,0.7053,0.1124,0.7571,8.84,1.45,0,0
CAFE-005834,25.8,1,3,12.51,0.2863,0.8239,0.7479,9.01,1.04,0,0
CAFE-005835,31.5,3,2,16.53,0.5516,0.3791,0.5672,11.9,1.78,0,1
CAFE-005836,20.1,4,6,18.3,0.9402,0.6249,0.1492,13.18,2.76,0,0
CAFE-005837,12.6,2,5,14.84,0.7201,0.6826,0.5423,10.68,1.95,1,0
CAFE-005838,26.9,2,5,14.85,0.7061,0.6221,0.3644,10.69,1.86,0,0
CAFE-005839,4.0,1,3,11.87,0.1865,0.5211,0.3362,8.55,0.96,0,1
CAFE-005840,23.3,3,5,16.86,0.5513,0.4008,0.5477,12.14,1.87,0,1
CAFE-005841,7.7,2,9,17.11,0.5447,0.7608,0.2498,12.32,1.98,0,0
CAFE-005842,13.1,1,2,17.06,0.4582,0.7285,0.2524,12.28,1.79,0,0
CAFE-005843,31.6,3,3,8.79,0.3568,0.6254,0.4836,6.33,0.78,0,0
CAFE-005844,88.8,0,7,5.0,0.2738,0.4278,0.2014,3.6,0.3,0,0
CAFE-005845,22.9,5,7,10.84,0.665,0.4157,0.619,7.8,1.33,1,0
CAFE-005846,1.8,1,7,10.4,0.3645,0.7584,0.5742,7.49,1.04,1,0
CAFE-005847,26.0,0,1,5.78,0.0888,0.309,0.5132,4.16,0.37,0,0
CAFE-005848,8.4,3,6,16.7,0.6989,0.4945,0.9031,12.02,2.19,1,0
CAFE-005849,7.4,3,9,19.18,0.7622,0.7143,0.4374,13.81,2.64,1,0
CAFE-005850,4.4,3,8,20.98,0.7268,0.3278,0.3238,15.11,2.83,0,1
CAFE-005851,4.1,8,5,22.52,0.9352,0.1132,0.5499,16.21,3.51,0,1
CAFE-005852,8.4,1,3,13.13,0.5652,0.4781,0.7753,9.45,1.54,0,0
CAFE-005853,1.9,1,0,10.71,0.0578,0.2911,0.2988,7.71,0.74,0,0
CAFE-005854,19.4,2,3,15.89,0.4783,0.2723,0.6052,11.44,1.67,0,0
CAFE-005855,26.3,4,3,12.5,0.3831,0.4647,0.7823,9.0,1.16,0,1
CAFE-005856,6.9,3,1,12.31,0.6799,0.3266,0.7214,8.86,1.59,1,1
CAFE-005857,23.8,6,1,11.8,0.5621,0.413,0.339,8.5,1.32,0,0
CAFE-005858,43.1,3,1,13.81,0.5313,0.5162,0.3228,9.94,1.4,0,0
CAFE-005859,47.6,0,2,12.9,0.3223,0.4167,0.5622,9.29,1.02,0,0
CAFE-005860,20.6,0,1,11.34,0.2599,0.2072,0.7455,8.16,0.94,0,0
CAFE-005861,65.4,2,1,8.08,0.2298,0.642,0.0968,5.82,0.51,0,0
CAFE-005862,8.9,1,5,13.1,0.7426,0.7637,0.6686,9.43,1.77,0,0
CAFE-005863,16.1,0,3,12.02,0.3191,0.7003,0.5139,8.65,1.08,1,0
CAFE-005864,2.1,1,2,15.09,0.6241,0.2069,0.8568,10.86,1.9,0,0
CAFE-005865,4.5,7,5,14.95,0.775,0.7111,0.2537,10.76,2.09,1,1
CAFE-005866,14.7,3,6,18.21,0.8034,0.6407,0.4434,13.11,2.53,1,1
CAFE-005867,24.2,0,7,12.29,0.4414,0.6865,0.3011,8.85,1.22,0,0
CAFE-005868,33.6,0,2,15.22,0.4122,0.4389,0.5135,10.96,1.42,0,0
CAFE-005869,43.1,3,5,13.09,0.5215,0.1753,0.809,9.42,1.32,0,0
CAFE-005870,20.6,6,10,25.55,0.9811,0.4716,0.6749,18.4,3.95,1,0
CAFE-005871,7.6,0,4,13.22,0.2396,0.1917,0.7621,9.52,1.13,0,0
CAFE-005872,25.3,5,4,11.96,0.5051,0.8701,0.6956,8.61,1.26,0,0
CAFE-005873,7.3,1,6,14.86,0.4026,0.8645,0.6172,10.7,1.51,0,0
CAFE-005874,76.7,1,3,12.08,0.3852,0.3389,0.1817,8.7,0.9,1,0
CAFE-005875,36.7,3,10,18.71,0.6198,0.4208,0.605,13.47,2.11,0,0
CAFE-005876,32.7,4,3,19.44,0.6441,0.5338,0.4911,14.0,2.27,1,0
CAFE-005877,27.8,5,8,17.77,0.8959,0.3316,0.5486,12.79,2.55,1,1
CAFE-005878,38.8,1,4,14.89,0.6355,0.1856,0.5396,10.72,1.69,0,0
CAFE-005879,19.8,3,2,20.08,0.8461,0.2702,0.7853,14.46,2.84,0,0
CAFE-005880,16.1,3,5,14.89,0.4245,0.5837,0.7699,10.72,1.5,0,0
CAFE-005881,16.5,2,2,9.17,0.2731,0.4934,0.4357,6.6,0.78,1,1
CAFE-005882,19.6,0,3,15.29,0.5387,0.6229,0.3897,11.01,1.69,1,0
CAFE-005883,25.3,1,5,17.93,0.6239,0.6408,0.4617,12.91,2.1,0,0
CAFE-005884,25.9,1,3,15.81,0.6819,0.7877,0.4716,11.38,1.94,0,1
CAFE-005885,31.0,1,4,13.5,0.4068,0.5002,0.6152,9.72,1.26,0,1
CAFE-005886,6.2,1,1,7.74,0.0521,0.5636,0.5475,5.57,0.52,0,0
CAFE-005887,31.6,1,3,8.08,0.3519,0.7975,0.4011,5.82,0.71,0,0
CAFE-005888,49.4,1,12,17.63,0.6445,0.3333,0.278,12.69,1.95,1,0
CAFE-005889,8.6,1,6,20.77,0.8472,0.4894,0.3848,14.95,3.02,0,0
CAFE-005890,16.3,4,3,9.98,0.2562,0.697,0.6139,7.19,0.84,1,1
CAFE-005891,54.1,3,6,16.45,0.62,0.3573,0.6556,11.84,1.75,0,0
CAFE-005892,16.8,4,3,14.66,0.6549,0.1464,0.1382,10.56,1.81,0,0
CAFE-005893,20.0,0,6,14.51,0.4434,0.6991,0.5474,10.45,1.47,0,0
CAFE-005894,25.1,1,7,11.78,0.3505,0.8003,0.7218,8.48,1.06,0,0
CAFE-005895,17.6,4,6,14.04,0.4756,0.8699,0.6509,10.11,1.48,0,0
CAFE-005896,24.0,0,2,14.74,0.2637,0.4268,0.7886,10.61,1.2,0,0
CAFE-005897,30.6,2,2,6.11,0.1104,0.3962,0.3946,4.4,0.39,0,1
CAFE-005898,49.4,1,2,12.31,0.321,0.8561,0.4068,8.86,0.96,0,0
CAFE-005899,19.1,1,5,19.55,0.691,0.5947,0.5642,14.08,2.47,1,0
CAFE-005900,31.5,1,4,15.03,0.4766,0.7393,0.4229,10.82,1.51,0,0
CAFE-005901,33.5,2,2,14.31,0.5245,0.4438,0.3781,10.3,1.49,1,1
CAFE-005902,9.6,2,5,15.28,0.6614,0.4983,0.5704,11.0,1.94,1,1
CAFE-005903,33.4,4,8,14.42,0.7211,0.4797,0.2026,10.38,1.79,0,1
CAFE-005904,52.8,2,2,14.42,0.4249,0.6125,0.2441,10.38,1.26,0,0
CAFE-005905,20.6,2,6,16.85,0.5741,0.5313,0.7819,12.13,1.92,1,0
CAFE-005906,22.5,3,0,7.53,0.5076,0.3761,0.1475,5.42,0.8,0,0
CAFE-005907,26.5,4,4,11.94,0.4631,0.5842,0.4906,8.6,1.2,1,0
CAFE-005908,29.1,3,6,17.21,0.5394,0.7147,0.5088,12.39,1.85,0,0
CAFE-005909,11.8,3,7,16.19,0.7343,0.6698,0.5743,11.66,2.16,0,0
CAFE-005910,14.2,2,8,19.01,0.8661,0.4931,0.7071,13.69,2.77,1,1
CAFE-005911,21.3,6,8,15.74,0.8079,0.6387,0.5152,11.33,2.16,1,1
CAFE-005912,41.0,2,8,13.94,0.7044,0.4001,0.8218,10.04,1.67,0,0
CAFE-005913,86.4,1,6,12.72,0.3873,0.3304,0.3258,9.16,0.91,0,0
CAFE-005914,35.5,4,10,17.22,0.8073,0.384,0.7115,12.4,2.27,1,0
CAFE-005915,18.0,3,2,16.87,0.485,0.6289,0.105,12.15,1.79,0,0
CAFE-005916,6.2,6,10,23.86,0.9189,0.4458,0.6766,17.18,3.67,0,1
CAFE-005917,13.9,2,2,14.4,0.5864,0.3362,0.2751,10.37,1.69,1,1
CAFE-005918,31.9,2,6,16.87,0.7055,0.2449,0.49,12.15,2.08,0,1
CAFE-005919,35.1,1,6,8.98,0.2852,0.3843,0.2382,6.47,0.72,1,0
CAFE-005920,30.8,4,7,22.45,0.7633,0.2782,0.3052,16.16,2.9,0,0
CAFE-005921,54.3,2,4,17.43,0.5202,0.5325,0.8176,12.55,1.68,0,0
CAFE-005922,8.2,5,2,20.68,0.754,0.3265,0.2835,14.89,2.82,0,0
CAFE-005923,51.9,0,5,12.28,0.3684,0.3686,0.423,8.84,1.01,0,0
CAFE-005924,24.2,4,6,15.08,0.4677,0.4051,0.643,10.86,1.54,0,0
CAFE-005925,17.6,5,6,14.71,0.7295,0.4431,0.8572,10.59,1.92,0,0
CAFE-005926,54.2,0,3,17.55,0.5046,0.28,0.3232,12.64,1.67,1,0
CAFE-005927,21.1,0,3,8.84,0.2969,0.402,0.5842,6.36,0.76,0,1
CAFE-005928,60.4,1,4,14.17,0.3902,0.4214,0.4209,10.2,1.15,0,0
CAFE-005929,10.4,5,9,16.31,0.6299,0.5629,0.3136,11.74,2.01,1,1
CAFE-005930,33.3,3,13,18.82,0.7487,0.6269,0.3984,13.55,2.39,1,1
CAFE-005931,49.3,2,9,20.78,0.7082,0.1532,0.2854,14.96,2.43,0,0
CAFE-005932,21.1,0,3,11.78,0.3315,0.3765,0.5145,8.48,1.05,0,0
CAFE-005933,15.4,3,7,19.33,0.7661,0.5343,0.557,13.92,2.61,0,1
CAFE-005934,21.4,1,9,13.85,0.4891,0.4506,0.3012,9.97,1.46,0,0
CAFE-005935,22.0,1,4,11.93,0.2517,0.5168,0.4948,8.59,0.97,1,0
CAFE-005936,5.2,1,7,16.87,0.777,0.5867,0.4522,12.15,2.36,1,1
CAFE-005937,44.4,3,3,12.98,0.3768,0.3527,0.1262,9.35,1.11,0,0
CAFE-005938,50.1,5,5,17.3,0.8104,0.5855,0.424,12.46,2.2,1,1
CAFE-005939,28.6,7,6,15.53,0.679,0.2296,0.3461,11.18,1.89,1,1
CAFE-005940,12.1,8,8,19.18,0.8334,0.3251,0.6444,13.81,2.74,0,0
CAFE-005941,3.7,1,6,16.09,0.701,0.261,0.5193,11.58,2.14,0,1
CAFE-005942,8.2,3,5,17.2,0.8019,0.4087,0.5604,12.38,2.43,0,0
CAFE-005943,42.0,1,2,15.91,0.2609,0.9006,0.7978,11.46,1.19,1,0
CAFE-005944,39.0,3,6,16.77,0.6624,0.3903,0.4653,12.07,1.95,0,0
CAFE-005945,16.8,5,7,15.97,0.8166,0.3208,0.3529,11.5,2.23,0,1
CAFE-005946,66.4,2,3,9.06,0.2379,0.7358,0.7312,6.52,0.58,0,0
CAFE-005947,63.7,2,6,19.58,0.6835,0.7143,0.4777,14.1,2.14,0,0
CAFE-005948,14.3,0,1,14.6,0.2828,0.7469,0.6897,10.51,1.27,1,1
CAFE-005949,61.4,0,3,15.35,0.3485,0.5716,0.2108,11.05,1.18,1,0
CAFE-005950,23.9,1,7,20.61,0.7722,0.4233,0.6884,14.84,2.73,0,0
CAFE-005951,22.1,5,4,17.89,0.7356,0.6529,0.9022,12.88,2.32,0,0
CAFE-005952,18.4,2,4,14.46,0.604,0.289,0.532,10.41,1.7,0,0
CAFE-005953,31.3,0,2,10.45,0.0751,0.956,0.7129,7.52,0.63,0,0
CAFE-005954,29.0,1,6,16.08,0.7718,0.2553,0.5438,11.58,2.1,1,0
CAFE-005955,34.7,4,16,20.32,0.932,0.6539,0.4456,14.63,2.94,1,1
CAFE-005956,12.3,1,6,14.68,0.3558,0.6045,0.3411,10.57,1.4,0,0
CAFE-005957,10.4,1,4,11.48,0.2726,0.3722,0.3146,8.27,1.0,0,0
CAFE-005958,7.5,2,4,14.09,0.6352,0.492,0.5007,10.14,1.76,0,0
CAFE-005959,23.3,5,4,16.88,0.7705,0.7065,0.3455,12.15,2.24,1,1
CAFE-005960,2.7,3,0,15.81,0.4787,0.5161,0.4551,11.38,1.75,0,0
CAFE-005961,40.2,5,5,19.9,0.7019,0.3169,0.3736,14.33,2.38,1,1
CAFE-005962,6.7,5,2,21.32,0.7034,0.0926,0.3674,15.35,2.81,1,1
CAFE-005963,23.8,0,7,12.14,0.5929,0.6738,0.8617,8.74,1.39,0,0
CAFE-005964,11.1,7,10,16.59,0.8489,0.8139,0.378,11.94,2.4,0,1
CAFE-005965,4.6,4,4,17.28,0.7221,0.4181,0.3626,12.44,2.33,0,1
CAFE-005966,11.3,1,5,10.5,0.2884,0.9163,0.5107,7.56,0.93,0,1
CAFE-005967,22.8,4,3,23.14,0.7277,0.4419,0.4998,16.66,2.97,1,1
CAFE-005968,15.7,1,9,13.18,0.5287,0.3816,0.8991,9.49,1.47,0,0
CAFE-005969,45.2,1,3,12.62,0.2533,0.68,0.713,9.09,0.92,0,0
CAFE-005970,51.0,0,4,13.19,0.4345,0.5036,0.7196,9.5,1.18,1,1
CAFE-005971,39.1,0,1,7.46,0.1254,0.8705,0.6063,5.37,0.47,0,0
CAFE-005972,38.3,2,3,16.38,0.6195,0.5644,0.5485,11.79,1.84,0,0
CAFE-005973,13.3,2,5,14.95,0.6254,0.6408,0.4626,10.76,1.82,0,0
CAFE-005974,15.3,1,4,14.98,0.3912,0.5961,0.0934,10.79,1.46,0,0
CAFE-005975,12.5,1,7,14.67,0.4162,0.8151,0.6309,10.56,1.48,1,0
CAFE-005976,26.9,5,4,9.74,0.3182,0.3834,0.7126,7.01,0.84,1,0
CAFE-005977,15.2,0,4,13.49,0.4824,0.6017,0.0916,9.71,1.44,0,1
CAFE-005978,14.6,0,8,10.74,0.4759,0.57,0.5555,7.73,1.14,0,0
CAFE-005979,19.1,3,0,15.93,0.2546,0.3629,0.6752,11.47,1.32,1,0
CAFE-005980,34.8,1,6,18.75,0.6518,0.4702,0.7421,13.5,2.19,0,1
CAFE-005981,69.8,0,2,10.4,0.2047,0.7627,0.6552,7.49,0.62,1,0
CAFE-005982,25.4,2,3,13.39,0.5405,0.7946,0.5784,9.64,1.46,0,0
CAFE-005983,22.2,1,3,8.4,0.4162,0.4059,0.1687,6.05,0.82,0,0
CAFE-005984,19.4,0,8,21.78,0.9714,0.4693,0.8479,15.68,3.36,0,0
CAFE-005985,34.3,3,4,16.44,0.5139,0.7471,0.4172,11.84,1.69,0,0
CAFE-005986,35.8,2,0,10.49,0.0238,0.7823,0.5865,7.55,0.56,0,0
CAFE-005987,24.3,2,2,15.78,0.5567,0.6486,0.4806,11.36,1.75,1,0
CAFE-005988,19.4,1,4,12.07,0.2977,0.4106,0.3441,8.69,1.05,0,1
CAFE-005989,12.5,1,8,18.81,0.6119,0.2667,0.6349,13.54,2.27,0,1
CAFE-005990,27.3,2,0,15.09,0.2878,0.552,0.472,10.86,1.25,0,0
CAFE-005991,13.8,2,2,15.28,0.3234,0.7444,0.4225,11.0,1.4,0,0
CAFE-005992,86.2,2,4,11.37,0.556,0.8279,0.5434,8.19,1.01,0,0
CAFE-005993,47.8,1,3,16.53,0.8315,0.1819,0.5446,11.9,2.15,0,0
CAFE-005994,45.4,2,6,8.68,0.2325,0.3726,0.1687,6.25,0.62,1,1
CAFE-005995,6.9,4,10,16.78,0.8787,0.5957,0.5009,12.08,2.51,1,1
CAFE-005996,0.7,1,12,19.61,0.9148,0.7678,0.3536,14.12,3.04,0,0
CAFE-005997,40.3,1,8,15.31,0.4188,0.2232,0.4532,11.02,1.4,0,0
CAFE-005998,36.4,4,4,16.32,0.5074,0.4199,0.4808,11.75,1.66,0,0
CAFE-005999,48.3,2,3,14.68,0.6412,0.6794,0.4257,10.57,1.63,1,0
CAFE-006000,85.5,1,3,14.31,0.1978,0.4983,0.1298,10.3,0.76,1,0
CAFE-006001,23.7,5,4,16.53,0.6437,0.4383,0.452,11.9,1.98,0,1
CAFE-006002,33.0,2,8,14.85,0.5437,0.5108,0.7094,10.69,1.58,1,0
CAFE-006003,13.2,4,13,15.26,0.8551,0.4582,0.3627,10.99,2.21,1,0
CAFE-006004,16.8,8,10,20.98,0.7275,0.7791,0.3704,15.11,2.74,0,0
CAFE-006005,13.0,7,14,14.19,0.5403,0.7861,0.6468,10.22,1.61,0,0
CAFE-006006,20.3,2,1,7.82,0.1943,0.6141,0.7072,5.63,0.6,0,0
CAFE-006007,81.4,0,4,18.24,0.5306,0.9034,0.8167,13.13,1.6,0,0
CAFE-006008,47.4,3,8,12.45,0.3311,0.3949,0.4531,8.96,1.0,0,1
CAFE-006009,120.0,1,2,13.8,0.5366,0.6371,0.4965,9.94,1.03,0,0
CAFE-006010,52.0,1,4,8.95,0.2511,0.311,0.4432,6.44,0.63,0,0
CAFE-006011,33.8,2,8,11.23,0.7072,0.5683,0.3918,8.09,1.38,0,0
CAFE-006012,27.2,1,4,15.48,0.563,0.6826,0.6219,11.15,1.71,0,0
CAFE-006013,11.1,7,12,20.56,0.8426,0.6695,0.3578,14.8,2.97,0,1
CAFE-006014,20.3,4,6,20.96,0.8668,0.6604,0.7075,15.09,3.01,0,1
CAFE-006015,44.6,3,6,16.24,0.4111,0.6582,0.4439,11.69,1.45,0,0
CAFE-006016,26.8,0,4,15.08,0.2398,0.3728,0.223,10.86,1.18,0,0
CAFE-006017,31.2,2,2,18.76,0.458,0.4005,0.3411,13.51,1.85,0,0
CAFE-006018,30.4,2,3,9.94,0.3805,0.561,0.2321,7.16,0.91,0,0
CAFE-006019,64.5,0,1,5.53,0.0926,0.7668,0.4402,3.98,0.28,0,0
CAFE-006020,23.5,1,2,12.46,0.2811,0.6927,0.4875,8.97,1.04,0,0
CAFE-006021,6.9,1,2,5.0,0.0723,0.6283,0.4993,3.6,0.34,1,0
CAFE-006022,66.2,1,4,7.89,0.2501,0.2981,0.3978,5.68,0.51,0,0
CAFE-006023,28.6,3,6,13.8,0.5987,0.7014,0.2758,9.94,1.57,0,0
CAFE-006024,12.5,4,7,15.09,0.6943,0.7582,0.7293,10.86,1.95,1,1
CAFE-006025,8.9,4,5,17.38,0.7042,0.3459,0.2335,12.51,2.28,0,0
CAFE-006026,11.8,2,5,14.22,0.6102,0.6911,0.6629,10.24,1.72,1,1
CAFE-006027,21.0,6,3,19.06,0.6066,0.6446,0.4245,13.72,2.23,1,0
CAFE-006028,12.2,5,3,17.06,0.7575,0.4682,0.7171,12.28,2.31,0,1
CAFE-006029,8.3,0,2,7.57,0.1712,0.6787,0.0882,5.45,0.59,0,0
CAFE-006030,18.2,1,0,11.71,0.1581,0.2599,0.6039,8.43,0.86,1,0
CAFE-006031,25.6,2,3,17.56,0.7466,0.569,0.4178,12.64,2.27,0,0
CAFE-006032,42.1,1,2,6.17,0.1593,0.6751,0.3969,4.44,0.4,1,0
CAFE-006033,0.9,7,3,13.42,0.5842,0.6748,0.4315,9.66,1.64,0,0
CAFE-006034,8.7,3,2,12.89,0.5108,0.8203,0.6058,9.28,1.44,1,1
CAFE-006035,3.0,3,1,12.42,0.5152,0.5685,0.7735,8.94,1.42,1,1
CAFE-006036,11.6,2,1,8.24,0.3461,0.8082,0.4845,5.93,0.78,0,0
CAFE-006037,33.7,0,2,10.24,0.3716,0.5482,0.4358,7.37,0.91,0,0
CAFE-006038,30.3,2,4,10.05,0.3226,0.4901,0.4367,7.24,0.86,0,0
CAFE-006039,2.2,4,9,24.29,0.8942,0.5648,0.7979,17.49,3.71,0,1
CAFE-006040,28.5,2,3,11.31,0.2759,0.6794,0.6268,8.14,0.92,1,1
CAFE-006041,7.8,2,8,20.55,0.8326,0.5504,0.7061,14.8,2.97,0,0
CAFE-006042,8.8,4,7,24.39,0.9613,0.7991,0.3305,17.56,3.83,0,1
CAFE-006043,19.2,3,3,15.96,0.5301,0.3123,0.7436,11.49,1.76,1,1
CAFE-006044,16.7,0,4,11.61,0.2168,0.9392,0.1547,8.36,0.92,0,0
CAFE-006045,21.9,1,4,14.87,0.3269,0.4861,0.1428,10.71,1.32,0,0
CAFE-006046,12.5,0,3,12.36,0.4884,0.2259,0.4367,8.9,1.34,0,0
CAFE-006047,43.9,0,12,19.42,0.7393,0.2139,0.4025,13.98,2.37,0,1
CAFE-006048,12.4,4,5,14.32,0.6439,0.322,0.8469,10.31,1.77,0,0
CAFE-006049,39.6,3,2,6.83,0.0818,0.4141,0.098,4.92,0.4,0,0
CAFE-006050,34.6,2,12,14.31,0.519,0.388,0.5318,10.3,1.48,0,1
CAFE-006051,15.0,1,5,13.46,0.3924,0.5835,0.6596,9.69,1.32,0,0
CAFE-006052,79.1,2,3,15.47,0.3359,0.4997,0.6977,11.14,1.07,0,0
CAFE-006053,17.6,0,10,18.29,0.8526,0.5137,0.5473,13.17,2.61,0,0
CAFE-006054,58.7,1,5,19.03,0.6823,0.6017,0.6973,13.7,2.11,1,1
CAFE-006055,14.1,2,5,13.43,0.266,0.7875,0.4941,9.67,1.15,0,0
CAFE-006056,9.3,2,10,14.3,0.6807,0.4639,0.6336,10.3,1.84,0,0
CAFE-006057,21.6,2,6,15.08,0.4694,0.7326,0.5675,10.86,1.56,0,0
CAFE-006058,12.7,9,9,20.43,0.8216,0.4555,0.3207,14.71,2.89,1,1
CAFE-006059,13.7,1,2,16.85,0.5434,0.523,0.3236,12.13,1.91,0,0
CAFE-006060,11.9,3,5,16.38,0.6165,0.7887,0.3563,11.79,1.99,1,0
CAFE-006061,18.9,1,2,11.96,0.2641,0.5226,0.6273,8.61,1.0,0,0
CAFE-006062,23.5,0,7,15.51,0.7758,0.4069,0.5167,11.17,2.06,1,1
CAFE-006063,7.7,3,4,13.91,0.5825,0.7241,0.4472,10.02,1.66,0,1
CAFE-006064,64.8,3,6,17.69,0.3758,0.5982,0.1537,12.74,1.38,0,0
CAFE-006065,7.0,2,8,17.67,0.574,0.5688,0.5795,12.72,2.1,0,0
CAFE-006066,11.2,2,2,9.92,0.0841,0.7809,0.69,7.14,0.68,0,0
CAFE-006067,19.7,1,3,17.1,0.5776,0.5484,0.6405,12.31,1.96,1,0
CAFE-006068,3.8,3,3,17.45,0.7537,0.4269,0.2711,12.56,2.41,1,0
CAFE-006069,23.9,7,6,18.7,0.5572,0.1794,0.4454,13.46,2.08,0,0
CAFE-006070,36.1,3,5,13.32,0.5848,0.324,0.3356,9.59,1.46,1,0
CAFE-006071,20.8,1,3,16.42,0.5855,0.4166,0.4574,11.82,1.89,0,0
CAFE-006072,11.9,6,7,15.74,0.7444,0.4525,0.7176,11.33,2.11,0,0
CAFE-006073,9.6,1,5,15.96,0.6791,0.6547,0.4744,11.49,2.05,0,1
CAFE-006074,19.3,2,4,14.17,0.6475,0.8642,0.4241,10.2,1.73,1,1
CAFE-006075,22.0,0,4,19.5,0.5219,0.7586,0.5378,14.04,2.11,0,0
CAFE-006076,52.8,4,2,16.85,0.365,0.6288,0.1617,12.13,1.37,1,1
CAFE-006077,8.6,5,7,21.34,0.8426,0.5109,0.2655,15.36,3.1,1,0
CAFE-006078,18.4,1,1,18.82,0.4615,0.5898,0.3313,13.55,1.95,1,0
CAFE-006079,48.1,3,1,11.78,0.3497,0.2255,0.5793,8.48,0.96,1,0
CAFE-006080,25.6,2,2,9.99,0.4142,0.7532,0.6165,7.19,0.96,1,0
CAFE-006081,7.7,0,5,12.34,0.3706,0.7412,0.5546,8.88,1.21,1,0
CAFE-006082,9.8,1,3,12.19,0.4995,0.2668,0.3218,8.78,1.35,0,0
CAFE-006083,37.9,3,3,9.92,0.2403,0.6927,0.2646,7.14,0.74,0,0
CAFE-006084,23.0,1,2,12.5,0.4528,0.2931,0.5093,9.0,1.26,0,0
CAFE-006085,8.2,5,3,21.84,0.8185,0.3523,0.1846,15.72,3.12,0,1
CAFE-006086,23.9,2,6,15.1,0.5841,0.6601,0.4315,10.87,1.72,0,0
CAFE-006087,14.3,2,6,11.89,0.4626,0.4845,0.8247,8.56,1.25,0,0
CAFE-006088,94.2,1,1,9.71,0.1401,0.5293,0.4461,6.99,0.43,1,0
CAFE-006089,22.5,5,6,19.0,0.5995,0.599,0.616,13.68,2.2,1,1
CAFE-006090,33.4,0,1,7.59,0.0488,0.8346,0.6167,5.46,0.43,0,0
CAFE-006091,13.2,4,4,17.14,0.7029,0.3919,0.635,12.34,2.22,0,1
CAFE-006092,56.1,1,2,12.98,0.1668,0.5202,0.7839,9.35,0.79,0,0
CAFE-006093,62.7,0,1,7.93,0.1382,0.9148,0.3063,5.71,0.44,0,0
CAFE-006094,22.0,3,3,18.68,0.6811,0.5268,0.6053,13.45,2.32,0,0
CAFE-006095,21.9,2,5,14.88,0.5002,0.4433,0.672,10.71,1.58,1,0
CAFE-006096,14.0,4,7,19.18,0.7729,0.1256,0.2484,13.81,2.61,1,1
CAFE-006097,6.2,4,6,18.09,0.7125,0.801,0.1642,13.02,2.41,0,0
CAFE-006098,8.8,1,3,10.55,0.1426,0.8892,0.5494,7.6,0.79,1,0
CAFE-006099,4.1,2,4,13.13,0.533,0.4984,0.3637,9.45,1.52,0,0
CAFE-006100,61.6,1,3,12.67,0.3136,0.6425,0.3391,9.12,0.93,0,0
CAFE-006101,7.9,2,7,18.35,0.5064,0.8245,0.7219,13.21,2.05,1,0
CAFE-006102,19.7,2,5,13.61,0.4376,0.2826,0.0736,9.8,1.37,1,0
CAFE-006103,9.5,5,4,15.77,0.5192,0.3514,0.3078,11.35,1.77,0,0
CAFE-006104,9.8,1,10,20.62,0.9448,0.4536,0.6891,14.85,3.2,0,1
CAFE-006105,17.5,3,6,12.7,0.5473,0.6565,0.3472,9.14,1.43,1,0
CAFE-006106,70.9,0,5,13.37,0.1082,0.9603,0.2133,9.63,0.66,0,0
CAFE-006107,25.2,0,1,7.04,0.1908,0.2883,0.4705,5.07,0.52,0,0
CAFE-006108,52.4,2,1,13.55,0.2676,0.5685,0.3091,9.76,0.97,0,0
CAFE-006109,25.3,4,2,17.31,0.5155,0.3369,0.2603,12.46,1.84,0,0
CAFE-006110,9.2,4,5,12.86,0.2789,0.5956,0.1188,9.26,1.14,0,0
CAFE-006111,17.2,2,6,15.47,0.4551,0.614,0.499,11.14,1.6,0,0
CAFE-006112,18.8,5,8,14.83,0.7287,0.3886,0.2236,10.68,1.93,1,0
CAFE-006113,63.9,0,7,11.09,0.3723,0.7879,0.6739,7.98,0.87,0,0
CAFE-006114,10.3,4,6,20.79,0.556,0.2187,0.3591,14.97,2.41,0,1
CAFE-006115,45.0,4,2,11.73,0.2339,0.6412,0.5985,8.45,0.84,0,0
CAFE-006116,33.3,1,2,13.38,0.2326,0.363,0.6041,9.63,1.01,0,0
CAFE-006117,18.6,2,8,14.72,0.1985,0.3927,0.2032,10.6,1.14,0,0
CAFE-006118,27.6,3,10,13.84,0.7849,0.4082,0.5975,9.96,1.83,0,1
CAFE-006119,9.3,2,3,12.06,0.5378,0.3473,0.2126,8.68,1.38,0,0
CAFE-006120,29.7,4,7,20.7,0.7844,0.2512,0.8528,14.9,2.73,1,1
CAFE-006121,7.4,1,4,13.04,0.7794,0.4019,0.5026,9.39,1.82,1,0
CAFE-006122,8.4,1,7,16.92,0.631,0.5271,0.5953,12.18,2.1,0,0
CAFE-006123,3.0,6,8,20.82,0.8556,0.1677,0.7851,14.99,3.09,1,0
CAFE-006124,7.4,2,6,11.21,0.4424,0.8071,0.6339,8.07,1.18,0,0
CAFE-006125,31.1,0,6,13.75,0.484,0.5332,0.2191,9.9,1.39,0,1
CAFE-006126,23.3,1,4,13.3,0.4128,0.6328,0.6507,9.58,1.29,0,0
CAFE-006127,32.3,1,2,14.48,0.5046,0.3469,0.525,10.43,1.49,0,0
CAFE-006128,15.5,0,3,11.63,0.3184,0.3519,0.5179,8.37,1.05,1,0
CAFE-006129,24.1,2,2,12.41,0.4538,0.2224,0.4196,8.94,1.25,0,0
CAFE-006130,18.2,4,3,19.48,0.7888,0.6019,0.4894,14.03,2.66,0,0
CAFE-006131,11.5,2,7,20.67,0.843,0.6477,0.7467,14.88,2.98,0,0
CAFE-006132,22.8,0,3,12.02,0.2647,0.4647,0.4998,8.65,0.99,0,0
CAFE-006133,28.2,3,0,9.72,0.2022,0.5849,0.5085,7.0,0.72,0,0
CAFE-006134,18.6,6,3,18.71,0.8985,0.6831,0.7084,13.47,2.75,1,1
CAFE-006135,52.9,3,4,15.0,0.5524,0.5634,0.1677,10.8,1.5,0,0
CAFE-006136,79.8,0,4,10.69,0.2064,0.7948,0.2915,7.7,0.6,0,0
CAFE-006137,6.8,2,8,17.02,0.5958,0.8314,0.3927,12.25,2.06,0,0
CAFE-006138,6.6,4,5,18.1,0.4078,0.7675,0.5175,13.03,1.85,0,1
CAFE-006139,3.3,1,2,15.28,0.2591,0.336,0.2691,11.0,1.36,0,0
CAFE-006140,14.6,6,4,12.57,0.5373,0.3911,0.213,9.05,1.41,1,0
CAFE-006141,56.4,5,4,14.42,0.5448,0.6496,0.4274,10.38,1.42,0,0
CAFE-006142,18.5,1,5,13.06,0.5335,0.2093,0.5072,9.4,1.45,0,0
CAFE-006143,24.0,3,5,15.17,0.5742,0.3307,0.3215,10.92,1.71,1,1
CAFE-006144,53.6,5,7,17.78,0.758,0.4337,0.6236,12.8,2.14,1,1
CAFE-006145,7.9,2,6,19.14,0.7294,0.3956,0.3726,13.78,2.57,1,0
CAFE-006146,11.4,2,8,13.78,0.586,0.4819,0.6618,9.92,1.63,0,0
CAFE-006147,34.7,3,6,15.46,0.5274,0.7151,0.3294,11.13,1.61,0,0
CAFE-006148,7.8,2,4,18.07,0.5545,0.4692,0.5045,13.01,2.11,0,0
CAFE-006149,17.9,0,8,15.99,0.5858,0.672,0.2312,11.51,1.86,0,1
CAFE-006150,27.3,1,4,14.92,0.4099,0.7197,0.8328,10.74,1.42,0,0
CAFE-006151,16.0,3,4,13.04,0.6868,0.4125,0.6936,9.39,1.66,0,0
CAFE-006152,24.9,2,4,11.96,0.6621,0.2939,0.1953,8.61,1.45,0,0
CAFE-006153,28.0,0,6,12.83,0.4392,0.5199,0.3407,9.24,1.26,0,1
CAFE-006154,8.5,4,5,17.46,0.6969,0.2482,0.3178,12.57,2.28,0,0
CAFE-006155,67.8,3,4,10.43,0.418,0.5133,0.7404,7.51,0.85,0,0
CAFE-006156,11.0,1,0,10.08,0.2488,0.8128,0.4109,7.26,0.86,0,1
CAFE-006157,33.7,5,9,19.71,0.8443,0.2839,0.586,14.19,2.69,1,0
CAFE-006158,23.9,2,3,15.59,0.4368,0.5047,0.2593,11.22,1.54,0,0
CAFE-006159,23.8,3,7,15.45,0.7369,0.4798,0.6899,11.12,1.99,1,0
CAFE-006160,4.6,4,6,23.82,0.7586,0.3108,0.4975,17.15,3.29,0,1
CAFE-006161,3.6,1,3,11.58,0.3638,0.3251,0.5575,8.34,1.15,0,0
CAFE-006162,58.3,4,1,13.37,0.4534,0.4245,0.113,9.63,1.18,0,0
CAFE-006163,22.8,1,6,20.61,0.6981,0.6811,0.3068,14.84,2.59,0,0
CAFE-006164,20.3,1,4,12.71,0.6171,0.2709,0.5249,9.15,1.5,1,1
CAFE-006165,23.4,1,3,12.31,0.3278,0.3472,0.3103,8.86,1.09,0,0
CAFE-006166,32.4,1,4,17.45,0.5181,0.547,0.617,12.56,1.82,1,0
CAFE-006167,15.7,4,5,17.98,0.7747,0.169,0.8623,12.95,2.44,1,0
CAFE-006168,17.1,4,13,17.45,0.6224,0.2263,0.4821,12.56,2.1,0,0
CAFE-006169,26.4,5,3,14.53,0.5242,0.4496,0.8722,10.46,1.55,0,1
CAFE-006170,33.4,6,4,10.57,0.2783,0.3559,0.513,7.61,0.84,1,1
CAFE-006171,14.5,2,2,19.55,0.7803,0.709,0.4769,14.08,2.67,0,0
CAFE-006172,4.9,4,6,19.23,0.8275,0.3393,0.7901,13.85,2.79,1,1
CAFE-006173,13.2,6,9,20.17,0.9407,0.2433,0.5338,14.52,3.09,0,1
CAFE-006174,44.9,5,2,14.79,0.7027,0.7277,0.6011,10.65,1.75,0,0
CAFE-006175,6.9,2,4,19.42,0.4538,0.2785,0.3611,13.98,2.08,1,0
CAFE-006176,9.9,4,2,10.45,0.3814,0.7707,0.3694,7.52,1.03,0,0
CAFE-006177,51.2,0,2,5.0,0.0779,0.5273,0.6007,3.6,0.27,0,0
CAFE-006178,23.5,3,2,11.12,0.3821,0.8009,0.3216,8.01,1.04,1,1
CAFE-006179,21.4,2,7,14.63,0.8124,0.4511,0.5034,10.53,2.01,0,0
CAFE-006180,106.6,2,2,10.3,0.4048,0.6944,0.6962,7.42,0.68,0,1
CAFE-006181,2.2,2,6,16.82,0.6646,0.2119,0.463,12.11,2.18,1,0
CAFE-006182,24.1,4,8,11.55,0.4573,0.6678,0.3859,8.32,1.17,1,1
CAFE-006183,20.1,3,7,20.3,0.7487,0.6754,0.5153,14.62,2.67,0,1
CAFE-006184,15.4,1,5,10.87,0.3277,0.6805,0.2845,7.83,0.99,1,0
CAFE-006185,9.8,4,6,14.42,0.7079,0.5312,0.7436,10.38,1.89,1,0
CAFE-006186,19.8,2,12,19.33,0.7348,0.766,0.433,13.92,2.52,0,0
CAFE-006187,83.4,5,1,11.02,0.3544,0.6454,0.5566,7.93,0.76,0,0
CAFE-006188,30.5,2,2,11.87,0.3406,0.6246,0.4841,8.55,1.03,1,1
CAFE-006189,23.0,1,7,14.79,0.6732,0.6611,0.3288,10.65,1.82,0,1
CAFE-006190,5.8,4,6,17.35,0.8398,0.6383,0.3873,12.49,2.53,1,0
CAFE-006191,43.1,1,1,13.62,0.4117,0.6638,0.6584,9.81,1.22,0,0
CAFE-006192,30.3,2,8,12.33,0.7307,0.5018,0.5899,8.88,1.56,0,0
CAFE-006193,69.2,2,6,22.29,0.588,0.2977,0.2775,16.05,2.18,1,0
CAFE-006194,53.4,3,3,9.87,0.3538,0.2645,0.8433,7.11,0.79,0,0
CAFE-006195,27.0,4,6,20.82,0.9666,0.312,0.8666,14.99,3.14,0,0
CAFE-006196,7.4,5,3,11.48,0.532,0.7061,0.1257,8.27,1.31,0,0
CAFE-006197,15.1,7,10,18.66,0.885,0.575,0.3726,13.44,2.74,0,1
CAFE-006198,5.2,2,6,20.41,0.8805,0.1803,0.5041,14.7,3.07,0,1
CAFE-006199,17.3,4,6,24.57,0.7969,0.6515,0.5106,17.69,3.38,0,1
CAFE-006200,7.0,2,7,18.8,0.7968,0.6611,0.7974,13.54,2.65,0,0
CAFE-006201,30.5,0,2,10.16,0.1906,0.7148,0.3093,7.32,0.73,0,0
CAFE-006202,47.4,2,0,11.81,0.381,0.2898,0.5552,8.5,1.0,0,1
CAFE-006203,56.1,0,3,11.78,0.168,0.4492,0.6577,8.48,0.71,0,0
CAFE-006204,66.3,3,7,14.16,0.4532,0.4193,0.3163,10.2,1.21,0,1
CAFE-006205,45.8,3,2,10.68,0.4857,0.7368,0.1797,7.69,1.03,0,0
CAFE-006206,27.0,4,9,16.55,0.7955,0.0531,0.2408,11.92,2.21,0,1
CAFE-006207,25.6,3,3,15.71,0.6704,0.3972,0.6082,11.31,1.91,0,0
CAFE-006208,9.2,1,4,17.85,0.8423,0.1387,0.7402,12.85,2.59,0,0
CAFE-006209,10.5,1,5,9.57,0.3716,0.5331,0.4411,6.89,0.93,0,1
CAFE-006210,50.0,2,6,12.9,0.4621,0.3958,0.6868,9.29,1.19,0,0
CAFE-006211,4.0,2,3,12.89,0.2668,0.2843,0.2012,9.28,1.15,0,1
CAFE-006212,31.1,0,1,15.57,0.2562,0.7189,0.5349,11.21,1.22,0,0
CAFE-006213,7.2,3,8,15.93,0.5572,0.6078,0.4372,11.47,1.87,0,0
CAFE-006214,29.4,4,4,18.15,0.753,0.2454,0.6385,13.07,2.34,0,1
CAFE-006215,33.0,5,2,17.44,0.58,0.2423,0.876,12.56,1.92,0,0
CAFE-006216,1.9,1,6,11.8,0.4328,0.6349,0.5313,8.5,1.26,0,0
CAFE-006217,83.2,4,1,14.13,0.5429,0.4767,0.7649,10.17,1.25,0,0
CAFE-006218,17.2,3,8,21.69,0.5753,0.5751,0.322,15.62,2.5,0,0
CAFE-006219,18.5,2,1,14.84,0.4051,0.4079,0.1277,10.68,1.45,1,0
CAFE-006220,19.9,1,4,7.79,0.3094,0.5409,0.4836,5.61,0.68,1,1
CAFE-006221,30.7,1,3,10.79,0.0946,0.7619,0.5002,7.77,0.67,0,0
CAFE-006222,25.6,3,3,14.57,0.3093,0.5659,0.5417,10.49,1.25,1,0
CAFE-006223,23.2,3,7,16.63,0.7666,0.8151,0.5093,11.97,2.2,0,0
CAFE-006224,2.9,0,1,11.51,0.3239,0.4427,0.7124,8.29,1.1,0,0
CAFE-006225,62.0,0,5,18.07,0.4786,0.3443,0.4499,13.01,1.62,0,0
CAFE-006226,11.5,0,6,11.28,0.3023,0.7001,0.4134,8.12,1.02,0,0
CAFE-006227,29.8,1,3,11.06,0.3353,0.3966,0.6578,7.96,0.96,0,0
CAFE-006228,18.5,3,2,19.12,0.6522,0.5884,0.5767,13.77,2.34,1,1
CAFE-006229,39.0,1,2,9.77,0.2169,0.4393,0.4804,7.03,0.7,1,0
CAFE-006230,29.3,2,4,9.97,0.4014,0.5917,0.2997,7.18,0.93,1,1
CAFE-006231,16.5,1,5,11.81,0.272,0.3982,0.354,8.5,1.01,0,0
CAFE-006232,92.6,6,7,15.3,0.5348,0.8877,0.7162,11.02,1.29,0,0
CAFE-006233,13.0,3,3,16.61,0.4756,0.4471,0.1608,11.96,1.78,0,1
CAFE-006234,11.4,5,7,17.0,0.6816,0.2644,0.4669,12.24,2.18,0,0
CAFE-006235,24.5,1,4,25.63,0.7051,0.611,0.863,18.45,3.22,1,1
CAFE-006236,64.2,3,6,17.25,0.8919,0.7593,0.3204,12.42,2.24,0,0
CAFE-006237,49.8,2,2,7.49,0.4198,0.7241,0.5529,5.39,0.66,0,0
CAFE-006238,27.6,2,6,16.88,0.6257,0.5306,0.8974,12.15,1.97,0,1
CAFE-006239,17.6,2,3,9.74,0.3128,0.5221,0.5017,7.01,0.87,1,0
CAFE-006240,80.9,1,5,16.37,0.4471,0.4413,0.615,11.79,1.3,0,0
CAFE-006241,13.4,4,7,12.69,0.3,0.338,0.4594,9.14,1.13,0,0
CAFE-006242,82.7,1,6,15.24,0.638,0.1381,0.7382,10.97,1.49,0,0
CAFE-006243,6.6,5,5,21.07,0.8659,0.1519,0.7109,15.17,3.12,1,1
CAFE-006244,56.4,6,7,11.73,0.6092,0.6783,0.3121,8.45,1.23,0,0
CAFE-006245,15.3,4,7,16.36,0.6184,0.4065,0.7607,11.78,1.97,1,1
CAFE-006246,87.6,0,1,10.29,0.1005,0.8449,0.1512,7.41,0.44,0,0
CAFE-006247,15.3,3,5,17.0,0.7468,0.4385,0.5539,12.24,2.26,0,1
CAFE-006248,6.4,1,3,12.6,0.2706,0.4598,0.1659,9.07,1.12,0,0
CAFE-006249,42.5,3,8,21.58,0.8925,0.1474,0.4464,15.54,2.98,1,0
CAFE-006250,36.8,3,1,13.79,0.401,0.56,0.6726,9.93,1.25,0,0
CAFE-006251,48.6,3,8,14.56,0.5592,0.3449,0.6244,10.48,1.49,1,0
CAFE-006252,92.5,2,4,20.93,0.657,0.4996,0.459,15.07,2.02,0,0
CAFE-006253,2.2,5,6,15.44,0.7517,0.3584,0.3872,11.12,2.14,1,0
CAFE-006254,33.4,6,9,22.22,0.8134,0.5024,0.4304,16.0,2.96,1,1
CAFE-006255,9.4,3,5,18.32,0.4189,0.6004,0.6701,13.19,1.88,0,0
CAFE-006256,14.1,1,3,11.67,0.5276,0.2038,0.6226,8.4,1.3,0,0
CAFE-006257,54.8,2,8,14.83,0.4439,0.7475,0.667,10.68,1.31,0,0
CAFE-006258,34.5,1,5,13.14,0.2587,0.3695,0.2081,9.46,1.02,1,0
CAFE-006259,13.3,3,8,20.57,0.799,0.5462,0.4175,14.81,2.86,1,1
CAFE-006260,9.5,6,11,19.96,0.9324,0.4889,0.2488,14.37,3.07,1,1
CAFE-006261,23.0,2,6,16.74,0.7928,0.3641,0.2332,12.05,2.26,1,0
CAFE-006262,15.0,1,4,17.42,0.6905,0.5159,0.2429,12.54,2.22,1,1
CAFE-006263,48.0,0,4,5.0,0.1926,0.6444,0.3198,3.6,0.33,0,0
CAFE-006264,55.7,2,2,10.04,0.2231,0.2938,0.4442,7.23,0.67,1,0
CAFE-006265,90.2,7,7,17.87,0.6097,0.8048,0.6912,12.87,1.65,0,1
CAFE-006266,56.3,4,8,20.21,0.8173,0.2991,0.5225,14.55,2.54,0,0
CAFE-006267,18.3,1,6,10.26,0.3968,0.2199,0.6856,7.39,1.0,0,1
CAFE-006268,19.1,5,11,19.49,0.8789,0.1356,0.6144,14.03,2.83,0,0
CAFE-006269,16.1,1,3,13.83,0.2324,0.2746,0.2055,9.96,1.13,1,0
CAFE-006270,28.4,0,1,12.25,0.3461,0.4933,0.7803,8.82,1.08,0,1
CAFE-006271,14.3,5,7,18.0,0.6931,0.0736,0.5897,12.96,2.31,1,0
CAFE-006272,15.0,1,4,9.24,0.382,0.7713,0.7658,6.65,0.89,0,0
CAFE-006273,60.8,0,4,7.8,0.1659,0.4395,0.5518,5.62,0.46,0,0
CAFE-006274,16.3,6,8,19.25,0.8303,0.4543,0.5726,13.86,2.72,1,1
CAFE-006275,11.6,1,1,10.58,0.0637,0.9182,0.7344,7.62,0.7,0,0
CAFE-006276,18.8,3,7,21.12,0.6858,0.6103,0.7825,15.21,2.66,0,0
CAFE-006277,25.0,3,9,18.04,0.5873,0.6241,0.263,12.99,2.05,1,0
CAFE-006278,19.3,2,7,14.97,0.7585,0.2881,0.5487,10.78,1.99,1,0
CAFE-006279,15.6,5,4,19.84,0.9081,0.5588,0.3766,14.28,2.96,0,1
CAFE-006280,22.5,6,7,13.63,0.6201,0.5132,0.3653,9.81,1.61,0,1
CAFE-006281,14.7,3,13,17.69,0.8894,0.5576,0.7774,12.74,2.61,1,1
CAFE-006282,53.4,6,4,12.53,0.4005,0.2318,0.597,9.02,1.06,0,0
CAFE-006283,24.3,0,3,12.55,0.5028,0.3719,0.586,9.04,1.32,0,1
CAFE-006284,30.9,2,6,14.6,0.7214,0.4447,0.6514,10.51,1.83,0,0
CAFE-006285,12.4,3,1,15.09,0.4151,0.3932,0.5022,10.86,1.52,0,0
CAFE-006286,20.6,1,7,14.2,0.6409,0.468,0.4391,10.22,1.71,0,0
CAFE-006287,31.0,1,3,16.87,0.5135,0.391,0.5872,12.15,1.76,0,0
CAFE-006288,26.3,2,5,16.86,0.4967,0.2875,0.7223,12.14,1.76,1,0
CAFE-006289,14.2,2,5,18.3,0.6315,0.4009,0.1636,13.18,2.23,0,0
CAFE-006290,7.5,5,8,19.72,0.8822,0.1283,0.7624,14.2,2.95,0,1
CAFE-006291,33.8,0,4,13.35,0.3157,0.6032,0.6932,9.61,1.11,0,0
CAFE-006292,24.9,4,5,14.68,0.6821,0.7981,0.7546,10.57,1.81,0,1
CAFE-006293,24.7,2,7,13.53,0.3937,0.2504,0.5158,9.74,1.28,1,1
CAFE-006294,25.4,2,3,12.46,0.3344,0.3643,0.8457,8.97,1.1,0,0
CAFE-006295,30.8,1,4,9.38,0.3251,0.8346,0.5444,6.75,0.8,0,0
CAFE-006296,61.7,1,3,13.53,0.4625,0.8568,0.3413,9.74,1.19,1,0
CAFE-006297,59.6,3,4,18.88,0.6504,0.1996,0.4562,13.59,2.03,0,0
CAFE-006298,14.1,6,7,19.74,0.8969,0.5036,0.6903,14.21,2.93,1,0
CAFE-006299,13.4,0,2,8.94,0.1873,0.6219,0.7513,6.44,0.7,1,0
CAFE-006300,34.4,0,3,12.0,0.2371,0.8107,0.4732,8.64,0.9,0,0
CAFE-006301,22.1,0,4,9.87,0.3946,0.6751,0.7679,7.11,0.94,0,1
CAFE-006302,25.0,5,5,14.91,0.538,0.7826,0.1027,10.74,1.62,0,0
CAFE-006303,35.7,2,3,15.48,0.5255,0.8388,0.5265,11.15,1.61,0,0
CAFE-006304,24.8,1,3,12.19,0.5452,0.3065,0.1533,8.78,1.34,1,1
CAFE-006305,2.8,5,4,19.43,0.6058,0.7972,0.2697,13.99,2.4,0,0
CAFE-006306,4.1,1,2,17.29,0.5828,0.4412,0.4551,12.45,2.09,1,0
CAFE-006307,30.0,2,6,12.51,0.3374,0.8281,0.5866,9.01,1.09,0,0
CAFE-006308,3.7,3,2,11.14,0.1418,0.4739,0.5333,8.02,0.86,0,0
CAFE-006309,11.9,3,4,10.41,0.4631,0.8045,0.4749,7.5,1.1,1,0
CAFE-006310,23.8,2,9,14.5,0.6383,0.4008,0.7195,10.44,1.73,0,0
CAFE-006311,32.8,1,5,24.68,0.7273,0.6708,0.4731,17.77,3.08,1,1
CAFE-006312,21.1,2,6,17.65,0.5228,0.553,0.4645,12.71,1.92,0,0
CAFE-006313,26.6,2,4,7.11,0.2895,0.2599,0.3872,5.12,0.59,0,0
CAFE-006314,16.2,2,1,20.05,0.6697,0.5403,0.3848,14.44,2.51,0,0
CAFE-006315,3.2,1,2,10.86,0.1158,0.4758,0.4174,7.82,0.81,0,0
CAFE-006316,35.7,2,7,18.46,0.7749,0.1772,0.6112,13.29,2.37,0,0
CAFE-006317,13.7,3,7,18.46,0.7982,0.6507,0.4983,13.29,2.56,0,0
CAFE-006318,15.3,2,6,14.83,0.6433,0.5646,0.3823,10.68,1.82,1,0
CAFE-006319,46.5,0,3,5.0,0.1296,0.3881,0.454,3.6,0.3,0,0
CAFE-006320,13.4,3,9,16.0,0.7303,0.369,0.3419,11.52,2.12,1,0
CAFE-006321,23.5,1,8,21.47,0.771,0.2675,0.4637,15.46,2.85,0,0
CAFE-006322,60.0,6,7,14.0,0.5859,0.4004,0.882,10.08,1.41,0,0
CAFE-006323,12.6,4,5,16.92,0.6026,0.2234,0.3566,12.18,2.03,1,0
CAFE-006324,68.0,0,2,13.26,0.1501,0.6628,0.4432,9.55,0.72,0,0
CAFE-006325,4.4,4,8,21.16,0.8948,0.5399,0.7183,15.24,3.21,0,0
CAFE-006326,7.7,1,6,13.61,0.5593,0.5302,0.3171,9.8,1.59,1,0
CAFE-006327,45.3,4,3,9.33,0.3796,0.5122,0.424,6.72,0.8,0,0
CAFE-006328,23.5,2,5,10.76,0.3791,0.2798,0.6112,7.75,1.01,0,0
CAFE-006329,8.8,1,2,15.32,0.3682,0.6457,0.4585,11.03,1.5,0,0
CAFE-006330,15.7,1,2,17.06,0.6258,0.7402,0.6724,12.28,2.06,1,0
CAFE-006331,23.7,2,2,13.81,0.3454,0.6609,0.7556,9.94,1.24,0,0
CAFE-006332,25.0,4,5,17.2,0.4842,0.564,0.7787,12.38,1.78,1,0
CAFE-006333,51.5,2,3,12.75,0.5572,0.6105,0.4339,9.18,1.29,0,0
CAFE-006334,21.5,4,6,10.66,0.4909,0.7554,0.3174,7.68,1.12,0,0
CAFE-006335,19.7,3,3,13.0,0.5655,0.5369,0.5611,9.36,1.47,0,1
CAFE-006336,25.9,8,11,21.33,0.8754,0.0393,0.7563,15.36,3.03,1,1
CAFE-006337,30.2,5,4,14.53,0.7258,0.6225,0.5912,10.46,1.83,0,0
CAFE-006338,2.1,3,8,18.99,0.9357,0.5198,0.332,13.67,2.98,0,1
CAFE-006339,54.3,1,1,9.31,0.1514,0.4829,0.5159,6.7,0.55,1,1
CAFE-006340,15.3,2,4,14.88,0.2901,0.5707,0.28,10.71,1.3,0,0
CAFE-006341,12.3,5,4,17.53,0.6037,0.4416,0.5653,12.62,2.1,0,0
CAFE-006342,42.5,3,5,14.13,0.6218,0.4265,0.4962,10.17,1.57,0,0
CAFE-006343,26.7,4,5,20.93,0.8456,0.5562,0.8777,15.07,2.91,0,0
CAFE-006344,34.7,5,3,13.65,0.3615,0.4971,0.1665,9.83,1.2,0,0
CAFE-006345,23.9,0,3,10.44,0.3882,0.4214,0.6944,7.52,0.98,0,0
CAFE-006346,15.6,3,5,19.92,0.6785,0.4096,0.6961,14.34,2.51,0,0
CAFE-006347,19.9,1,0,10.94,0.4411,0.3151,0.7107,7.88,1.1,0,0
CAFE-006348,42.6,3,6,17.11,0.7804,0.6242,0.554,12.32,2.17,1,0
CAFE-006349,53.2,7,5,21.93,0.9369,0.5098,0.4776,15.79,3.04,1,1
CAFE-006350,12.7,0,4,10.86,0.3448,0.515,0.7745,7.82,1.02,0,0
CAFE-006351,6.0,0,0,15.69,0.4198,0.2379,0.8338,11.3,1.63,0,0
CAFE-006352,12.3,1,1,12.07,0.1271,0.7463,0.6342,8.69,0.87,0,1
CAFE-006353,64.3,1,3,11.25,0.305,0.2991,0.639,8.1,0.8,0,0
CAFE-006354,31.1,4,1,11.77,0.177,0.7342,0.5166,8.47,0.83,1,1
CAFE-006355,24.0,5,7,20.68,0.5812,0.6598,0.4367,14.89,2.35,0,0
CAFE-006356,22.6,4,4,15.12,0.583,0.828,0.5831,10.89,1.73,0,0
CAFE-006357,78.3,3,1,8.94,0.1532,0.6674,0.5489,6.44,0.46,0,0
CAFE-006358,31.9,8,5,19.91,0.7706,0.6956,0.4776,14.34,2.58,0,0
CAFE-006359,18.6,10,5,14.19,0.6235,0.7576,0.5939,10.22,1.7,1,0
CAFE-006360,4.8,3,9,17.72,0.9109,0.5149,0.5804,12.76,2.72,1,1
CAFE-006361,46.0,4,3,13.29,0.4596,0.3947,0.6088,9.57,1.24,0,0
CAFE-006362,19.3,1,3,13.18,0.6269,0.7128,0.6497,9.49,1.58,0,0
CAFE-006363,55.0,1,8,10.68,0.4546,0.6903,0.3049,7.69,0.96,0,0
CAFE-006364,25.0,1,4,14.83,0.4667,0.1699,0.492,10.68,1.51,0,0
CAFE-006365,28.6,4,1,16.05,0.6279,0.5995,0.586,11.56,1.87,0,0
CAFE-006366,16.6,5,3,20.13,0.8847,0.42,0.3774,14.49,2.95,1,1
CAFE-006367,8.1,1,9,19.56,0.7982,0.8282,0.4721,14.08,2.76,1,0
CAFE-006368,26.8,1,8,13.5,0.6627,0.6668,0.5614,9.72,1.63,0,1
CAFE-006369,54.6,3,1,11.54,0.226,0.5562,0.1651,8.31,0.77,0,0
CAFE-006370,46.2,1,5,16.09,0.515,0.6324,0.3175,11.58,1.59,0,0
CAFE-006371,20.3,6,4,22.48,0.7835,0.1079,0.732,16.19,3.04,1,1
CAFE-006372,20.6,3,11,21.16,0.8069,0.4447,0.7132,15.24,2.9,0,0
CAFE-006373,1.2,2,4,9.39,0.4569,0.6538,0.2626,6.76,1.03,0,0
CAFE-006374,36.9,6,6,14.75,0.5457,0.5689,0.7949,10.62,1.55,1,1
CAFE-006375,25.9,2,2,15.24,0.4426,0.2645,0.4678,10.97,1.51,0,0
CAFE-006376,72.4,1,2,10.48,0.2429,0.6475,0.7852,7.55,0.65,0,1
CAFE-006377,12.8,1,6,19.13,0.7589,0.6001,0.4068,13.77,2.59,1,1
CAFE-006378,24.0,3,2,18.0,0.5216,0.7743,0.5262,12.96,1.94,0,0
CAFE-006379,71.8,5,9,11.51,0.6252,0.6384,0.4275,8.29,1.16,1,1
CAFE-006380,12.9,6,9,17.38,0.6971,0.352,0.1925,12.51,2.24,1,0
CAFE-006381,28.1,0,4,7.76,0.3178,0.6114,0.62,5.59,0.66,0,1
CAFE-006382,21.4,2,4,14.63,0.5914,0.6075,0.816,10.53,1.69,0,0
CAFE-006383,15.6,3,9,22.27,0.9239,0.6192,0.5756,16.03,3.36,1,0
CAFE-006384,57.7,1,1,13.31,0.2229,0.5002,0.3867,9.58,0.87,1,0
CAFE-006385,26.3,3,2,16.42,0.5892,0.4076,0.661,11.82,1.86,1,1
CAFE-006386,28.6,4,3,16.59,0.7108,0.3033,0.3641,11.94,2.07,1,0
CAFE-006387,29.1,0,5,14.63,0.3062,0.9471,0.1927,10.53,1.23,0,0
CAFE-006388,7.8,0,4,12.69,0.0958,0.2804,0.3765,9.14,0.9,0,0
CAFE-006389,33.6,2,6,13.65,0.5085,0.4303,0.422,9.83,1.4,0,0
CAFE-006390,15.2,4,4,17.16,0.8898,0.5264,0.7815,12.36,2.53,0,0
CAFE-006391,48.2,1,9,14.19,0.484,0.6105,0.1497,10.22,1.35,0,0
CAFE-006392,14.4,1,3,11.25,0.4386,0.7173,0.3037,8.1,1.16,0,1
CAFE-006393,2.6,2,2,12.46,0.2596,0.6578,0.7031,8.97,1.11,0,0
CAFE-006394,10.0,6,7,21.05,0.6641,0.3865,0.3524,15.16,2.67,0,1
CAFE-006395,5.7,1,4,12.85,0.3134,0.5131,0.6963,9.25,1.2,0,0
CAFE-006396,100.4,0,2,14.06,0.3369,0.4366,0.7131,10.12,0.87,0,0
CAFE-006397,27.3,1,3,11.74,0.1923,0.6207,0.132,8.45,0.86,0,0
CAFE-006398,23.6,2,7,16.62,0.7604,0.3229,0.7143,11.97,2.19,0,0
CAFE-006399,32.5,2,4,10.45,0.24,0.7909,0.4457,7.52,0.8,1,0
CAFE-006400,28.6,2,1,9.52,0.0857,0.5062,0.3002,6.85,0.59,0,0
CAFE-006401,44.3,5,5,13.76,0.459,0.6234,0.2631,9.91,1.29,1,0
CAFE-006402,22.6,8,5,16.03,0.6448,0.2247,0.6588,11.54,1.93,0,1
CAFE-006403,8.2,2,8,13.15,0.7472,0.8477,0.5684,9.47,1.79,0,1
CAFE-006404,44.8,2,5,10.52,0.2313,0.2117,0.4465,7.57,0.75,1,0
CAFE-006405,10.0,4,4,18.3,0.6643,0.5338,0.5697,13.18,2.32,1,0
CAFE-006406,34.5,0,2,16.81,0.5045,0.4605,0.6614,12.1,1.72,0,0
CAFE-006407,11.4,2,9,18.01,0.7854,0.4689,0.6692,12.97,2.49,0,0
CAFE-006408,22.1,5,13,15.36,0.6642,0.5811,0.799,11.06,1.88,1,1
CAFE-006409,4.2,1,3,11.01,0.1583,0.5613,0.6076,7.93,0.86,1,1
CAFE-006410,1.1,2,11,17.38,0.9151,0.7051,0.8056,12.51,2.7,0,1
CAFE-006411,34.9,0,4,12.28,0.3393,0.1751,0.2156,8.84,1.05,0,0
CAFE-006412,2.2,2,8,14.71,0.8054,0.6878,0.4912,10.59,2.11,0,0
CAFE-006413,18.1,7,1,17.58,0.5354,0.3565,0.486,12.66,1.95,0,0
CAFE-006414,25.0,2,6,10.7,0.6338,0.8289,0.5898,7.7,1.27,1,0
CAFE-006415,44.2,1,3,8.84,0.3466,0.4472,0.6851,6.36,0.73,0,0
CAFE-006416,7.1,5,8,18.63,0.8593,0.6872,0.2351,13.41,2.75,0,1
CAFE-006417,36.0,1,6,14.84,0.6421,0.7735,0.3365,10.68,1.71,0,0
CAFE-006418,24.1,1,5,13.21,0.3287,0.8234,0.1753,9.51,1.17,0,0
CAFE-006419,84.5,2,4,16.32,0.5589,0.7924,0.6396,11.75,1.46,0,0
CAFE-006420,25.9,3,7,15.02,0.6761,0.5053,0.7501,10.81,1.84,0,0
CAFE-006421,51.2,2,5,14.7,0.6415,0.5283,0.7345,10.58,1.61,0,0
CAFE-006422,24.9,1,3,9.78,0.2373,0.5884,0.5555,7.04,0.77,0,1
CAFE-006423,7.8,1,2,9.69,0.1762,0.6059,0.4054,6.98,0.76,0,0
CAFE-006424,23.9,0,3,10.89,0.4027,0.5043,0.6177,7.84,1.04,1,0
CAFE-006425,1.2,4,7,13.83,0.4403,0.3822,0.2916,9.96,1.49,0,0
CAFE-006426,26.1,0,3,7.1,0.1217,0.6063,0.5193,5.11,0.47,0,0
CAFE-006427,30.6,4,5,18.84,0.7589,0.4936,0.3499,13.56,2.43,0,1
CAFE-006428,3.7,3,2,13.73,0.4991,0.7404,0.4084,9.89,1.55,0,0
CAFE-006429,41.1,2,7,14.7,0.3334,0.7249,0.5574,10.58,1.21,0,0
CAFE-006430,30.2,2,2,16.97,0.5372,0.7776,0.4338,12.22,1.81,1,0
CAFE-006431,8.6,2,2,15.18,0.5906,0.403,0.3847,10.93,1.82,0,0
CAFE-006432,26.5,1,2,7.11,0.1181,0.5294,0.7906,5.12,0.47,0,0
CAFE-006433,9.7,2,5,11.92,0.4154,0.5924,0.3895,8.58,1.22,1,1
CAFE-006434,86.7,1,4,15.55,0.5865,0.7107,0.5497,11.2,1.42,0,0
CAFE-006435,12.0,3,7,12.96,0.5503,0.7259,0.3371,9.33,1.49,1,1
CAFE-006436,9.2,1,4,12.25,0.3531,0.5881,0.2887,8.82,1.18,1,0
CAFE-006437,79.6,2,6,12.71,0.5797,0.184,0.4838,9.15,1.19,0,0
CAFE-006438,51.3,2,2,10.37,0.3483,0.7916,0.5719,7.47,0.83,1,0
CAFE-006439,49.8,1,10,7.82,0.4783,0.6439,0.2629,5.63,0.73,0,0
CAFE-006440,13.5,1,9,17.63,0.6625,0.6807,0.8526,12.69,2.21,0,0
CAFE-006441,18.0,3,7,16.22,0.4536,0.483,0.7251,11.68,1.67,0,0
CAFE-006442,13.6,2,2,18.91,0.672,0.4891,0.5324,13.62,2.39,1,1
CAFE-006443,19.8,0,3,5.0,0.1348,0.534,0.5306,3.6,0.35,0,0
CAFE-006444,28.3,5,10,20.99,0.6042,0.2403,0.175,15.11,2.4,0,1
CAFE-006445,26.0,2,6,17.28,0.5229,0.3079,0.5599,12.44,1.85,0,0
CAFE-006446,38.2,1,10,20.12,0.605,0.1215,0.786,14.49,2.23,0,0
CAFE-006447,9.0,3,8,19.78,0.7178,0.6331,0.5858,14.24,2.62,0,0
CAFE-006448,19.5,2,1,11.08,0.1203,0.5863,0.3986,7.98,0.76,1,0
CAFE-006449,8.9,1,1,14.58,0.6426,0.4746,0.484,10.5,1.82,0,0
CAFE-006450,10.9,3,5,13.41,0.7909,0.2523,0.8684,9.66,1.87,0,1
CAFE-006451,19.6,3,4,14.28,0.4902,0.3628,0.5012,10.28,1.51,1,1
CAFE-006452,16.9,1,6,17.42,0.7252,0.57,0.5504,12.54,2.27,0,0
CAFE-006453,19.7,3,3,15.95,0.4667,0.792,0.7801,11.48,1.65,0,0
CAFE-006454,12.9,2,4,8.79,0.2399,0.5674,0.263,6.33,0.73,0,0
CAFE-006455,24.8,6,4,23.63,0.771,0.5056,0.3679,17.01,3.12,0,0
CAFE-006456,40.2,1,2,10.39,0.4015,0.8035,0.4645,7.48,0.93,0,0
CAFE-006457,13.3,3,5,17.17,0.658,0.3026,0.5883,12.36,2.15,0,1
CAFE-006458,7.8,3,13,18.33,0.8369,0.4831,0.7063,13.2,2.66,1,1
CAFE-006459,14.8,1,3,14.37,0.6952,0.4631,0.384,10.35,1.84,1,0
CAFE-006460,7.9,5,6,21.4,0.6735,0.6417,0.2815,15.41,2.75,0,0
CAFE-006461,12.0,1,7,17.45,0.5926,0.3835,0.6823,12.56,2.08,0,0
CAFE-006462,103.3,1,3,12.1,0.4485,0.3818,0.2592,8.71,0.87,0,0
CAFE-006463,1.3,2,4,20.51,0.6803,0.4676,0.664,14.77,2.7,0,0
CAFE-006464,23.2,1,1,8.82,0.1943,0.364,0.5557,6.35,0.66,1,0
CAFE-006465,14.0,0,5,6.71,0.3074,0.574,0.7051,4.83,0.6,0,0
CAFE-006466,10.3,0,8,12.6,0.5183,0.3515,0.703,9.07,1.41,0,0
CAFE-006467,40.3,5,5,14.61,0.546,0.8186,0.867,10.52,1.52,0,0
CAFE-006468,18.8,1,11,17.07,0.7322,0.4514,0.4377,12.29,2.23,1,1
CAFE-006469,38.8,1,4,14.78,0.4391,0.5705,0.4658,10.64,1.39,0,0
CAFE-006470,8.2,2,7,16.44,0.6373,0.1748,0.5023,11.84,2.05,0,0
CAFE-006471,47.0,3,5,19.2,0.6018,0.5806,0.3889,13.82,2.06,0,0
CAFE-006472,14.0,6,11,14.56,0.5977,0.4352,0.4295,10.48,1.73,1,1
CAFE-006473,26.6,3,4,16.05,0.8665,0.4461,0.3217,11.56,2.26,1,0
CAFE-006474,37.8,6,12,17.4,0.9151,0.5492,0.8476,12.53,2.47,1,1
CAFE-006475,40.6,0,5,10.92,0.5216,0.4553,0.4415,7.86,1.11,0,0
CAFE-006476,61.9,2,3,14.03,0.5287,0.3794,0.5672,10.1,1.33,0,0
CAFE-006477,16.3,0,6,20.26,0.8048,0.6527,0.509,14.59,2.81,1,1
CAFE-006478,26.9,1,6,20.69,0.7914,0.331,0.3992,14.9,2.76,0,0
CAFE-006479,13.0,0,3,15.98,0.5544,0.7298,0.3774,11.51,1.83,0,0
CAFE-006480,25.6,0,4,14.15,0.4701,0.6598,0.3354,10.19,1.44,1,1
CAFE-006481,4.3,3,3,16.61,0.8431,0.671,0.528,11.96,2.44,1,0
CAFE-006482,8.1,1,1,15.47,0.2394,0.5461,0.5888,11.14,1.32,0,0
CAFE-006483,14.5,5,4,15.88,0.7066,0.7247,0.4788,11.43,2.06,1,1
CAFE-006484,19.8,4,2,20.12,0.6902,0.7527,0.3257,14.49,2.53,1,1
CAFE-006485,34.5,1,6,12.9,0.3739,0.471,0.2307,9.29,1.15,0,0
CAFE-006486,56.0,0,4,15.47,0.3496,0.8593,0.5876,11.14,1.22,1,0
CAFE-006487,69.0,0,4,9.99,0.2016,0.5236,0.1946,7.19,0.59,0,0
CAFE-006488,28.4,3,3,11.5,0.3685,0.2926,0.3405,8.28,1.04,1,1
CAFE-006489,38.4,2,4,11.51,0.304,0.6646,0.4309,8.29,0.93,0,0
CAFE-006490,9.8,1,4,14.54,0.196,0.1706,0.1273,10.47,1.16,0,0
CAFE-006491,21.1,5,6,19.4,0.5707,0.2453,0.6513,13.97,2.2,1,0
CAFE-006492,22.8,4,5,12.88,0.4979,0.5445,0.2897,9.27,1.36,1,0
CAFE-006493,19.6,3,9,16.77,0.8001,0.6813,0.82,12.07,2.3,0,0
CAFE-006494,15.8,2,2,11.63,0.4686,0.649,0.1786,8.37,1.22,0,0
CAFE-006495,11.8,2,6,18.87,0.7802,0.7101,0.4662,13.59,2.6,0,1
CAFE-006496,19.9,3,5,17.4,0.5219,0.2909,0.4131,12.53,1.9,0,0
CAFE-006497,4.7,1,10,18.48,0.7222,0.5885,0.2259,13.31,2.49,1,1
CAFE-006498,11.1,4,5,18.58,0.6618,0.6858,0.7566,13.38,2.34,1,0
CAFE-006499,1.2,1,5,17.37,0.3929,0.6755,0.3694,12.51,1.79,0,0
CAFE-006500,8.1,2,2,18.45,0.5581,0.6783,0.2913,13.28,2.16,0,0
CAFE-006501,38.8,3,4,11.55,0.351,0.3801,0.7554,8.32,0.98,0,0
CAFE-006502,10.3,2,1,7.01,0.0877,0.3509,0.3959,5.05,0.48,0,0
CAFE-006503,11.6,0,3,11.26,0.3174,0.3995,0.6137,8.11,1.03,0,0
CAFE-006504,14.0,3,7,16.5,0.5187,0.6256,0.3596,11.88,1.83,0,0
CAFE-006505,16.4,4,5,16.36,0.8101,0.3255,0.7561,11.78,2.28,1,0
CAFE-006506,1.1,2,5,13.36,0.4659,0.2901,0.5309,9.62,1.47,0,0
CAFE-006507,11.5,3,7,13.7,0.7418,0.2802,0.7132,9.86,1.84,0,0
CAFE-006508,1.5,2,6,16.77,0.5517,0.3412,0.6023,12.07,1.99,0,0
CAFE-006509,10.3,2,5,15.81,0.521,0.6399,0.711,11.38,1.78,1,1
CAFE-006510,12.1,1,7,16.27,0.4743,0.3621,0.7773,11.71,1.74,0,0
CAFE-006511,4.8,8,3,15.05,0.7284,0.5809,0.3037,10.84,2.03,0,0
CAFE-006512,16.3,0,2,15.75,0.531,0.3341,0.6512,11.34,1.75,0,0
CAFE-006513,16.7,1,2,11.32,0.27,0.4567,0.3438,8.15,0.96,0,0
CAFE-006514,16.1,4,5,22.48,0.8985,0.3771,0.6727,16.19,3.33,0,0
CAFE-006515,33.1,1,1,9.62,0.2415,0.4876,0.3108,6.93,0.73,0,0
CAFE-006516,12.0,1,7,15.94,0.3096,0.2591,0.7402,11.48,1.44,1,0
CAFE-006517,19.6,1,4,14.43,0.6249,0.1689,0.8629,10.39,1.72,0,0
CAFE-006518,8.1,1,3,16.52,0.4022,0.798,0.6852,11.89,1.67,0,0
CAFE-006519,4.0,5,10,20.35,0.8446,0.7954,0.6361,14.65,2.99,1,1
CAFE-006520,21.9,3,6,10.73,0.6166,0.2391,0.779,7.73,1.26,0,0
CAFE-006521,7.7,0,3,15.58,0.4854,0.4988,0.7823,11.22,1.71,1,0
CAFE-006522,24.5,4,5,16.5,0.6288,0.0885,0.5731,11.88,1.95,0,1
CAFE-006523,16.8,1,1,11.03,0.1682,0.6856,0.0874,7.94,0.82,1,0
CAFE-006524,24.6,4,6,19.41,0.9531,0.1698,0.3952,13.98,2.92,1,0
CAFE-006525,68.0,2,6,15.95,0.6158,0.4375,0.6879,11.48,1.61,0,1
CAFE-006526,4.7,2,2,11.49,0.2052,0.3344,0.6296,8.27,0.95,1,0
CAFE-006527,12.9,3,4,17.66,0.6908,0.139,0.4575,12.72,2.27,1,0
CAFE-006528,17.2,2,4,18.84,0.4999,0.778,0.5386,13.56,2.03,1,1
CAFE-006529,32.3,1,3,10.88,0.3944,0.6692,0.6527,7.83,1.0,1,0
CAFE-006530,47.1,0,1,10.85,0.2081,0.687,0.3023,7.81,0.74,1,0
CAFE-006531,72.0,2,1,6.59,0.1265,0.6227,0.3072,4.74,0.33,1,0
CAFE-006532,17.9,5,4,10.75,0.2719,0.4702,0.468,7.74,0.91,0,0
CAFE-006533,43.5,0,2,12.19,0.3664,0.7171,0.488,8.78,1.04,0,0
CAFE-006534,4.0,0,2,11.99,0.387,0.5168,0.6459,8.63,1.21,0,0
CAFE-006535,12.6,0,2,13.35,0.4576,0.3866,0.2233,9.61,1.4,1,0
CAFE-006536,23.8,8,7,18.03,0.742,0.2343,0.4008,12.98,2.34,1,0
CAFE-006537,67.7,2,4,10.22,0.313,0.5465,0.5691,7.36,0.72,1,0
CAFE-006538,17.7,1,2,15.04,0.5762,0.2262,0.208,10.83,1.73,1,0
CAFE-006539,7.9,0,3,8.95,0.2037,0.61,0.2179,6.44,0.73,0,0
CAFE-006540,16.1,2,2,16.23,0.5648,0.575,0.142,11.69,1.86,1,0
CAFE-006541,43.3,2,8,12.34,0.4759,0.4891,0.5824,8.88,1.18,0,0
CAFE-006542,73.7,3,2,11.35,0.2266,0.7228,0.2024,8.17,0.68,0,0
CAFE-006543,17.4,2,5,11.97,0.355,0.2736,0.8405,8.62,1.12,0,1
CAFE-006544,13.6,5,6,19.78,0.7645,0.6382,0.6032,14.24,2.68,0,0
CAFE-006545,4.8,1,7,15.47,0.7484,0.1063,0.3665,11.14,2.12,0,0
CAFE-006546,43.1,0,1,14.26,0.4602,0.483,0.684,10.27,1.35,1,0
CAFE-006547,46.8,0,3,9.99,0.2578,0.6727,0.4153,7.19,0.73,0,0
CAFE-006548,20.2,2,6,18.08,0.6991,0.4663,0.8439,13.02,2.29,0,0
CAFE-006549,11.7,3,2,14.56,0.4838,0.2594,0.5119,10.48,1.57,0,0
CAFE-006550,22.0,4,8,21.24,0.7855,0.5837,0.4872,15.29,2.86,0,0
CAFE-006551,12.0,1,2,14.09,0.5032,0.299,0.2302,10.14,1.55,1,0
CAFE-006552,72.5,2,1,12.29,0.1958,0.7913,0.3243,8.85,0.71,0,0
CAFE-006553,35.1,2,10,11.56,0.4683,0.6342,0.7929,8.32,1.14,0,0
CAFE-006554,26.6,2,3,11.99,0.376,0.3333,0.5178,8.63,1.1,0,0
CAFE-006555,17.9,3,6,15.52,0.6385,0.6164,0.7436,11.17,1.88,0,0
CAFE-006556,22.1,0,1,11.87,0.0894,0.4821,0.3662,8.55,0.77,1,0
CAFE-006557,10.5,2,6,21.38,0.7325,0.2536,0.3993,15.39,2.85,0,0
CAFE-006558,36.4,3,3,17.2,0.5967,0.549,0.4542,12.38,1.9,0,0
CAFE-006559,13.2,2,6,17.75,0.6259,0.4889,0.5946,12.78,2.16,1,0
CAFE-006560,20.9,0,1,9.0,0.0333,0.8701,0.6786,6.48,0.54,1,0
CAFE-006561,11.7,5,7,15.46,0.705,0.3371,0.9106,11.13,2.01,1,0
CAFE-006562,13.5,2,4,10.2,0.4894,0.4603,0.6111,7.34,1.1,0,0
CAFE-006563,64.7,2,0,13.29,0.4477,0.8687,0.5235,9.57,1.14,0,0
CAFE-006564,26.4,1,3,17.68,0.5857,0.5731,0.5658,12.73,2.0,1,0
CAFE-006565,24.9,4,5,11.9,0.4363,0.52,0.2192,8.57,1.17,0,1
CAFE-006566,8.9,3,9,7.42,0.5645,0.4657,0.6329,5.34,0.87,1,0
CAFE-006567,14.0,3,4,16.36,0.7391,0.2526,0.6384,11.78,2.17,1,0
CAFE-006568,21.7,0,3,13.21,0.3522,0.3364,0.2847,9.51,1.21,1,0
CAFE-006569,10.2,5,2,20.92,0.6207,0.6927,0.2693,15.06,2.56,0,1
CAFE-006570,19.7,4,8,21.97,0.9253,0.4503,0.6716,15.82,3.28,1,0
CAFE-006571,5.6,2,4,21.73,0.6426,0.6525,0.7596,15.65,2.74,1,1
CAFE-006572,2.5,1,4,21.22,0.5082,0.3603,0.4742,15.28,2.42,0,0
CAFE-006573,28.7,6,10,18.9,0.8132,0.4641,0.3098,13.61,2.55,1,1
CAFE-006574,38.5,2,2,16.36,0.6026,0.4731,0.1488,11.78,1.81,1,0
CAFE-006575,9.7,5,8,20.03,0.6773,0.5929,0.3958,14.42,2.57,0,1
CAFE-006576,22.3,2,2,17.67,0.4881,0.4833,0.8911,12.72,1.85,1,1
CAFE-006577,16.2,1,4,12.18,0.3412,0.5858,0.2529,8.77,1.12,0,0
CAFE-006578,30.1,7,7,16.54,0.4924,0.6628,0.6305,11.91,1.69,1,1
CAFE-006579,6.0,5,5,14.31,0.8073,0.4375,0.6751,10.3,2.04,0,1
CAFE-006580,33.6,1,8,12.62,0.5271,0.636,0.1549,9.09,1.32,0,0
CAFE-006581,29.0,1,10,19.04,0.5625,0.891,0.2318,13.71,2.09,1,0
CAFE-006582,7.2,2,1,12.79,0.4729,0.339,0.3746,9.21,1.39,1,0
CAFE-006583,17.1,2,6,15.91,0.615,0.616,0.7349,11.46,1.9,0,0
CAFE-006584,22.2,5,8,14.09,0.7586,0.4205,0.5471,10.14,1.86,0,0
CAFE-006585,3.3,3,10,16.17,0.5149,0.6335,0.4888,11.64,1.85,0,1
CAFE-006586,12.4,2,4,10.48,0.3296,0.3819,0.7088,7.55,0.97,0,0
CAFE-006587,13.0,4,7,20.22,0.8601,0.2078,0.6134,14.56,2.94,0,0
CAFE-006588,60.2,0,3,13.63,0.2314,0.4158,0.1225,9.81,0.89,0,0
CAFE-006589,22.3,3,5,14.19,0.6171,0.6375,0.1805,10.22,1.67,1,1
CAFE-006590,14.0,5,9,22.77,0.927,0.3426,0.5289,16.39,3.45,1,1
CAFE-006591,21.9,1,5,15.53,0.3206,0.6732,0.5071,11.18,1.37,1,0
CAFE-006592,22.8,2,7,18.84,0.5295,0.3795,0.4939,13.56,2.05,0,1
CAFE-006593,58.0,2,1,9.94,0.4575,0.6457,0.4758,7.16,0.88,0,0
CAFE-006594,114.6,1,7,14.59,0.4264,0.7462,0.1438,10.5,0.95,0,0
CAFE-006595,50.9,4,2,9.77,0.2091,0.4213,0.7448,7.03,0.65,1,0
CAFE-006596,18.6,1,4,9.32,0.1287,0.8234,0.7596,6.71,0.65,0,0
CAFE-006597,13.2,3,3,16.54,0.5545,0.3968,0.7165,11.91,1.9,0,0
CAFE-006598,18.1,2,0,14.29,0.5441,0.2789,0.798,10.29,1.6,1,0
CAFE-006599,20.5,3,3,14.91,0.5169,0.6334,0.2529,10.74,1.61,1,1
CAFE-006600,48.1,2,1,11.47,0.2221,0.7848,0.4256,8.26,0.79,0,1
CAFE-006601,20.3,2,2,14.7,0.523,0.3923,0.4086,10.58,1.6,0,1
CAFE-006602,36.7,2,4,11.07,0.2815,0.7963,0.4344,7.97,0.87,1,0
CAFE-006603,18.8,1,3,7.79,0.0455,0.403,0.1567,5.61,0.48,0,0
CAFE-006604,18.7,3,4,12.56,0.4511,0.5979,0.7176,9.04,1.29,0,0
CAFE-006605,21.0,4,3,15.48,0.5133,0.6744,0.5688,11.15,1.67,0,0
CAFE-006606,33.4,3,8,15.66,0.6999,0.6883,0.4244,11.28,1.91,0,0
CAFE-006607,13.8,1,6,16.76,0.4205,0.4743,0.7583,12.07,1.69,1,1
CAFE-006608,2.3,3,3,15.66,0.6203,0.3161,0.7742,11.28,1.96,1,0
CAFE-006609,46.6,2,7,16.24,0.5491,0.2399,0.1331,11.69,1.66,1,0
CAFE-006610,44.4,7,2,16.89,0.6774,0.2155,0.6474,12.16,1.96,0,1
CAFE-006611,50.3,2,3,8.3,0.2437,0.6355,0.4489,5.98,0.58,0,0
CAFE-006612,12.7,3,10,20.34,0.8649,0.7,0.4312,14.64,2.97,1,1
CAFE-006613,1.7,2,4,13.29,0.3893,0.6703,0.4577,9.57,1.36,0,0
CAFE-006614,18.5,1,0,9.17,0.1788,0.4112,0.505,6.6,0.69,1,0
CAFE-006615,55.3,2,3,14.97,0.4371,0.2601,0.5056,10.78,1.31,1,0
CAFE-006616,17.5,7,9,11.98,0.6917,0.5071,0.8378,8.63,1.52,1,1
CAFE-006617,13.8,3,6,16.53,0.5712,0.4179,0.6672,11.9,1.92,0,0
CAFE-006618,24.3,1,5,13.92,0.5302,0.4882,0.515,10.02,1.51,0,0
CAFE-006619,24.6,1,2,5.0,0.1762,0.5681,0.2455,3.6,0.36,1,0
CAFE-006620,4.4,0,9,18.15,0.6534,0.3739,0.4098,13.07,2.32,0,0
CAFE-006621,61.9,0,1,11.61,0.127,0.2486,0.6336,8.36,0.63,1,0
CAFE-006622,21.1,1,2,9.0,0.0579,0.6393,0.2522,6.48,0.56,0,0
CAFE-006623,45.4,1,1,8.11,0.1349,0.4341,0.4476,5.84,0.5,1,0
CAFE-006624,21.1,1,6,6.07,0.1549,0.5917,0.7287,4.37,0.44,0,0
CAFE-006625,11.1,3,5,15.11,0.5142,0.5038,0.452,10.88,1.68,1,0
CAFE-006626,4.9,2,2,14.53,0.5513,0.4797,0.3522,10.46,1.71,0,1
CAFE-006627,64.5,2,3,11.74,0.1381,0.4235,0.1944,8.45,0.64,0,0
CAFE-006628,33.5,1,9,19.04,0.6959,0.793,0.488,13.71,2.31,0,1
CAFE-006629,28.3,0,3,10.88,0.2012,0.4756,0.275,7.83,0.8,0,0
CAFE-006630,54.6,2,3,10.17,0.1994,0.6262,0.488,7.32,0.65,0,0
CAFE-006631,3.6,5,6,20.21,0.9234,0.4906,0.8398,14.55,3.13,0,0
CAFE-006632,102.2,3,5,7.23,0.3114,0.4789,0.6697,5.21,0.42,1,0
CAFE-006633,42.6,0,7,10.38,0.5708,0.512,0.3338,7.47,1.1,0,0
CAFE-006634,20.1,3,4,9.56,0.5301,0.794,0.6184,6.88,1.05,0,0
CAFE-006635,36.1,1,6,19.95,0.7226,0.119,0.605,14.36,2.46,0,1
CAFE-006636,25.6,1,4,14.06,0.4801,0.4394,0.4627,10.12,1.45,0,0
CAFE-006637,57.9,1,6,14.68,0.3734,0.1449,0.4663,10.57,1.18,0,0
CAFE-006638,8.7,5,8,22.85,0.9122,0.4445,0.1516,16.45,3.48,1,0
CAFE-006639,100.3,0,1,7.86,0.219,0.7427,0.5904,5.66,0.39,0,0
CAFE-006640,27.5,3,7,11.84,0.4296,0.4688,0.3927,8.52,1.15,0,0
CAFE-006641,19.2,1,4,19.99,0.7541,0.541,0.6983,14.39,2.65,0,0
CAFE-006642,36.6,2,4,15.21,0.5122,0.734,0.4713,10.95,1.55,0,1
CAFE-006643,63.0,0,4,9.18,0.1665,0.8822,0.6897,6.61,0.53,0,0
CAFE-006644,26.0,0,6,13.73,0.4605,0.3861,0.2436,9.89,1.38,0,0
CAFE-006645,19.4,3,5,17.68,0.7043,0.5975,0.6165,12.73,2.25,1,1
CAFE-006646,28.5,6,4,14.76,0.4559,0.3931,0.5959,10.63,1.47,1,0
CAFE-006647,50.0,0,4,8.73,0.2128,0.3514,0.0855,6.29,0.59,1,0
CAFE-006648,4.1,3,4,19.87,0.796,0.2021,0.6551,14.31,2.82,1,1
CAFE-006649,9.5,2,2,8.95,0.2172,0.8605,0.7613,6.44,0.74,0,0
CAFE-006650,6.6,8,5,19.3,0.7533,0.5962,0.6167,13.9,2.64,0,0
CAFE-006651,8.1,2,4,18.46,0.733,0.6336,0.7864,13.29,2.48,0,0
CAFE-006652,73.1,4,3,15.34,0.3502,0.4014,0.2606,11.04,1.12,1,0
CAFE-006653,60.6,2,1,7.17,0.0963,0.8482,0.621,5.16,0.37,0,0
CAFE-006654,21.9,3,5,18.8,0.7935,0.3044,0.4975,13.54,2.55,1,0
CAFE-006655,13.3,0,2,10.33,0.0845,0.6671,0.6233,7.44,0.7,0,0
CAFE-006656,18.1,3,5,10.77,0.3582,0.4489,0.8004,7.75,1.0,0,1
CAFE-006657,12.7,1,1,9.92,0.0601,0.4892,0.6421,7.14,0.65,0,0
CAFE-006658,23.0,0,1,10.89,0.2021,0.2354,0.1841,7.84,0.83,0,0
CAFE-006659,20.1,0,1,11.29,0.162,0.8403,0.7653,8.13,0.82,1,0
CAFE-006660,6.8,7,8,18.13,0.8841,0.4775,0.5151,13.05,2.72,1,1
CAFE-006661,23.1,1,1,13.69,0.3642,0.2764,0.3215,9.86,1.26,0,0
CAFE-006662,47.0,0,7,12.04,0.5313,0.6131,0.7288,8.67,1.21,0,0
CAFE-006663,23.8,1,5,15.78,0.3926,0.3827,0.6459,11.36,1.49,0,0
CAFE-006664,17.9,5,10,19.87,0.8895,0.2734,0.8034,14.31,2.91,1,1
CAFE-006665,17.0,0,4,12.5,0.1032,0.8617,0.2369,9.0,0.85,0,0
CAFE-006666,8.8,5,5,14.0,0.5,0.3503,0.6359,10.08,1.55,0,1
CAFE-006667,9.0,3,5,16.33,0.6986,0.3835,0.8042,11.76,2.13,0,0
CAFE-006668,6.2,4,6,17.89,0.8434,0.2864,0.465,12.88,2.61,0,0
CAFE-006669,12.6,3,4,12.82,0.5469,0.5573,0.7413,9.23,1.46,0,0
CAFE-006670,53.4,0,2,10.7,0.1649,0.4115,0.5916,7.7,0.66,0,0
CAFE-006671,5.3,2,5,13.98,0.7081,0.545,0.8639,10.07,1.86,0,0
CAFE-006672,28.2,2,6,10.7,0.2623,0.3955,0.4249,7.7,0.86,0,0
CAFE-006673,28.9,1,1,7.61,0.0495,0.6142,0.5645,5.48,0.45,0,0
CAFE-006674,23.2,0,5,9.46,0.4242,0.5553,0.595,6.81,0.93,0,0
CAFE-006675,22.9,4,11,15.74,0.7852,0.6421,0.4493,11.33,2.11,1,0
CAFE-006676,18.0,2,1,7.38,0.237,0.6185,0.5906,5.31,0.6,1,0
CAFE-006677,9.1,6,8,18.57,0.783,0.5727,0.2599,13.37,2.58,1,1
CAFE-006678,7.9,3,5,22.2,0.8027,0.7173,0.6836,15.98,3.14,0,0
CAFE-006679,21.7,2,11,17.73,0.7923,0.4434,0.7267,12.77,2.4,1,0
CAFE-006680,10.7,2,7,17.72,0.706,0.2504,0.4325,12.76,2.32,0,1
CAFE-006681,4.5,3,4,16.38,0.7876,0.4149,0.35,11.79,2.31,1,0
CAFE-006682,32.8,6,5,14.88,0.7473,0.4612,0.4617,10.71,1.89,0,1
CAFE-006683,14.8,2,2,14.55,0.4985,0.4138,0.3151,10.48,1.58,1,0
CAFE-006684,30.0,2,7,17.87,0.8594,0.6474,0.5371,12.87,2.49,0,0
CAFE-006685,28.7,3,7,11.37,0.704,0.5381,0.3936,8.19,1.41,0,1
CAFE-006686,22.3,4,9,22.25,0.9181,0.2759,0.7732,16.02,3.29,1,0
CAFE-006687,38.7,1,3,18.83,0.4278,0.1549,0.8138,13.56,1.75,0,0
CAFE-006688,36.8,1,9,15.97,0.6126,0.7431,0.1591,11.5,1.79,0,0
CAFE-006689,100.5,1,5,15.38,0.5464,0.6508,0.4845,11.07,1.27,1,0
CAFE-006690,43.3,2,4,6.95,0.369,0.362,0.7121,5.0,0.59,0,0
CAFE-006691,1.3,4,3,15.57,0.6222,0.7762,0.3169,11.21,1.96,0,0
CAFE-006692,19.8,2,3,13.97,0.487,0.5332,0.5153,10.06,1.47,0,1
CAFE-006693,120.0,1,2,9.77,0.1439,0.6131,0.6821,7.03,0.39,0,0
CAFE-006694,41.6,5,12,16.39,0.6812,0.2842,0.4304,11.8,1.92,0,1
CAFE-006695,36.5,2,7,10.04,0.3505,0.6071,0.2449,7.23,0.86,0,0
CAFE-006696,89.2,1,6,14.95,0.5125,0.8891,0.5881,10.76,1.24,0,0
CAFE-006697,15.4,2,1,15.98,0.5471,0.8513,0.136,11.51,1.81,0,0
CAFE-006698,24.3,8,1,24.68,0.6879,0.4304,0.2727,17.77,3.06,0,0
CAFE-006699,67.1,2,2,12.06,0.3556,0.4653,0.7059,8.68,0.91,0,0
CAFE-006700,36.4,3,2,13.72,0.4005,0.5033,0.2829,9.88,1.25,0,0
CAFE-006701,25.7,2,9,19.77,0.7983,0.3998,0.5146,14.23,2.66,1,1
CAFE-006702,30.8,0,6,15.02,0.449,0.8738,0.4237,10.81,1.47,0,0
CAFE-006703,7.3,3,4,17.19,0.7179,0.3997,0.6011,12.38,2.29,0,0
CAFE-006704,29.0,1,2,14.79,0.2343,0.4089,0.2999,10.65,1.14,1,0
CAFE-006705,61.7,3,9,12.99,0.511,0.6837,0.317,9.35,1.21,0,0
CAFE-006706,66.3,1,0,7.88,0.0485,0.6422,0.388,5.67,0.35,1,0
CAFE-006707,30.6,4,5,21.02,0.8762,0.6774,0.7867,15.13,2.96,0,0
CAFE-006708,4.4,2,6,14.59,0.5099,0.7315,0.6683,10.5,1.65,1,0
CAFE-006709,16.2,8,7,18.1,0.8755,0.4464,0.3023,13.03,2.64,1,1
CAFE-006710,16.4,3,6,20.5,0.7112,0.836,0.5884,14.76,2.65,0,0
CAFE-006711,32.8,1,2,13.81,0.1978,0.8162,0.6304,9.94,0.99,0,0
CAFE-006712,4.2,1,9,23.22,0.8948,0.7249,0.8064,16.72,3.53,1,1
CAFE-006713,21.2,0,2,7.94,0.1497,0.6444,0.714,5.72,0.57,0,0
CAFE-006714,33.1,4,7,23.53,0.6989,0.7543,0.5176,16.94,2.87,0,0
CAFE-006715,24.0,1,2,19.43,0.5462,0.2145,0.7719,13.99,2.14,0,0
CAFE-006716,40.0,3,3,10.84,0.5089,0.2694,0.3252,7.8,1.09,0,0
CAFE-006717,41.1,3,0,11.48,0.28,0.5892,0.5936,8.27,0.89,0,0
CAFE-006718,3.4,3,8,17.79,0.9242,0.3728,0.1905,12.81,2.76,1,1
CAFE-006719,11.7,5,6,16.46,0.8492,0.5357,0.467,11.85,2.38,0,1
CAFE-006720,14.5,1,2,15.78,0.6825,0.4736,0.5944,11.36,2.0,0,0
CAFE-006721,28.8,4,6,20.34,0.8519,0.2108,0.6728,14.64,2.82,0,0
CAFE-006722,50.6,0,3,10.55,0.0385,0.3606,0.3871,7.6,0.52,0,0
CAFE-006723,34.7,4,8,16.44,0.6357,0.7501,0.8721,11.84,1.89,1,1
CAFE-006724,19.1,1,4,14.59,0.7204,0.2463,0.5041,10.5,1.88,0,0
CAFE-006725,37.3,4,1,8.47,0.3898,0.6707,0.5234,6.1,0.76,0,1
CAFE-006726,10.1,0,6,13.89,0.3258,0.5358,0.1409,10.0,1.29,0,0
CAFE-006727,43.7,1,2,10.56,0.1687,0.642,0.7249,7.6,0.69,0,0
CAFE-006728,27.8,0,3,11.82,0.1902,0.7402,0.3983,8.51,0.86,0,0
CAFE-006729,3.3,1,5,18.94,0.629,0.4921,0.1876,13.64,2.38,0,0
CAFE-006730,18.3,1,4,12.98,0.4393,0.7828,0.4464,9.35,1.32,1,0
CAFE-006731,2.9,4,5,19.72,0.7042,0.5336,0.2626,14.2,2.63,0,0
CAFE-006732,16.5,3,2,14.13,0.473,0.323,0.7801,10.17,1.49,1,0
CAFE-006733,120.0,1,1,11.2,0.3884,0.66,0.2936,8.06,0.67,0,0
CAFE-006734,3.8,2,3,12.2,0.3241,0.5946,0.6129,8.78,1.16,0,0
CAFE-006735,66.6,0,4,17.34,0.6385,0.6581,0.8465,12.48,1.8,1,0
CAFE-006736,21.5,2,7,16.52,0.6098,0.6168,0.2994,11.89,1.94,0,0
CAFE-006737,25.3,5,6,10.84,0.3716,0.8456,0.4499,7.8,1.0,0,0
CAFE-006738,13.7,2,4,15.87,0.5237,0.6769,0.6873,11.43,1.77,0,0
CAFE-006739,8.5,4,8,21.77,0.929,0.519,0.7933,15.67,3.35,0,0
CAFE-006740,6.2,2,1,9.5,0.2908,0.2875,0.5671,6.84,0.86,0,0
CAFE-006741,26.8,7,7,16.47,0.8928,0.4635,0.8111,11.86,2.37,1,0
CAFE-006742,12.0,4,5,15.5,0.7503,0.2371,0.5772,11.16,2.09,0,0
CAFE-006743,40.1,1,8,15.96,0.5914,0.6966,0.1926,11.49,1.73,1,0
CAFE-006744,21.6,3,6,13.78,0.5107,0.7264,0.2614,9.92,1.48,1,0
CAFE-006745,9.8,4,7,20.81,0.9401,0.2255,0.8607,14.98,3.21,1,1
CAFE-006746,23.7,3,7,17.73,0.7485,0.5727,0.7858,12.77,2.31,1,0
CAFE-006747,7.4,3,4,17.54,0.5637,0.3205,0.6386,12.63,2.06,1,0
CAFE-006748,23.5,3,3,16.73,0.8241,0.6944,0.6206,12.05,2.31,0,0
CAFE-006749,40.3,4,5,13.81,0.5717,0.6646,0.3212,9.94,1.47,0,0
CAFE-006750,65.2,0,3,13.11,0.2987,0.4555,0.3366,9.44,0.92,0,0
CAFE-006751,81.0,3,2,5.0,0.2404,0.62,0.3337,3.6,0.29,0,0
CAFE-006752,59.4,2,5,15.75,0.5797,0.6397,0.4752,11.34,1.58,0,0
CAFE-006753,32.1,6,6,16.07,0.6208,0.5522,0.273,11.57,1.84,0,0
CAFE-006754,19.9,11,12,22.0,0.9242,0.2493,0.3441,15.84,3.28,1,1
CAFE-006755,14.0,3,3,19.37,0.7192,0.5476,0.3157,13.95,2.54,0,1
CAFE-006756,5.1,4,10,16.35,0.8489,0.2783,0.8723,11.77,2.4,0,0
CAFE-006757,24.1,6,6,17.94,0.7128,0.58,0.8815,12.92,2.27,1,1
CAFE-006758,43.9,3,6,14.89,0.6728,0.5842,0.4778,10.72,1.72,0,0
CAFE-006759,73.5,0,0,13.01,0.1104,0.2313,0.5212,9.37,0.63,1,0
CAFE-006760,48.3,0,2,12.73,0.5587,0.5778,0.6026,9.17,1.3,0,0
CAFE-006761,16.7,0,1,13.51,0.3356,0.3818,0.1541,9.73,1.24,1,0
CAFE-006762,20.4,1,9,16.15,0.7263,0.413,0.7478,11.63,2.09,0,0
CAFE-006763,10.8,4,2,15.38,0.4922,0.2323,0.2994,11.07,1.68,0,1
CAFE-006764,4.8,4,6,19.43,0.6186,0.8061,0.3755,13.99,2.41,0,0
CAFE-006765,24.7,2,9,20.12,0.6692,0.4896,0.3266,14.49,2.46,0,0
CAFE-006766,25.7,1,4,13.83,0.3676,0.7806,0.6488,9.96,1.27,0,0
CAFE-006767,19.3,0,6,13.86,0.6258,0.5831,0.1848,9.98,1.66,0,1
CAFE-006768,10.4,3,1,15.22,0.4477,0.4454,0.3722,10.96,1.6,0,1
CAFE-006769,12.4,4,6,12.3,0.6288,0.4597,0.7152,8.86,1.51,0,0
CAFE-006770,46.3,1,4,13.29,0.3861,0.3324,0.501,9.57,1.14,0,0
CAFE-006771,32.1,0,1,13.13,0.2546,0.4815,0.6904,9.45,1.02,0,0
CAFE-006772,26.9,1,3,11.84,0.3487,0.7686,0.6417,8.52,1.06,0,0
CAFE-006773,20.9,0,1,11.86,0.2986,0.6343,0.2711,8.54,1.02,1,0
CAFE-006774,24.9,1,0,8.74,0.3374,0.2651,0.5162,6.29,0.78,1,0
CAFE-006775,5.1,1,4,24.44,0.7368,0.1231,0.7861,17.6,3.32,1,0
CAFE-006776,24.5,7,8,13.59,0.7917,0.5153,0.7417,9.78,1.83,0,1
CAFE-006777,24.6,1,0,11.67,0.3876,0.4639,0.6781,8.4,1.1,0,0
CAFE-006778,21.4,6,12,18.58,0.7611,0.3416,0.3742,13.38,2.46,0,0
CAFE-006779,22.7,1,1,10.83,0.5342,0.351,0.5788,7.8,1.18,1,1
CAFE-006780,16.4,0,5,15.96,0.3387,0.2743,0.6465,11.49,1.47,0,0
CAFE-006781,8.5,2,7,18.58,0.4571,0.7686,0.6851,13.38,1.98,1,0
CAFE-006782,29.7,3,4,13.87,0.5298,0.2586,0.5599,9.99,1.47,0,0
CAFE-006783,7.3,5,6,14.35,0.8129,0.6106,0.4453,10.33,2.05,1,1
CAFE-006784,45.3,3,2,16.2,0.6146,0.6422,0.312,11.66,1.77,0,0
CAFE-006785,13.3,1,4,10.36,0.2016,0.5684,0.7051,7.46,0.82,0,0
CAFE-006786,10.6,5,10,18.56,0.6506,0.2082,0.7062,13.36,2.32,1,1
CAFE-006787,24.5,3,1,11.3,0.1438,0.8075,0.696,8.14,0.79,1,1
CAFE-006788,75.3,2,3,10.31,0.1822,0.8193,0.4451,7.42,0.57,0,0
CAFE-006789,50.2,1,0,8.46,0.1832,0.2677,0.4545,6.09,0.54,0,0
CAFE-006790,16.1,4,5,19.64,0.6757,0.6531,0.2003,14.14,2.47,1,0
CAFE-006791,62.5,2,3,14.26,0.6613,0.2017,0.6056,10.27,1.53,1,0
CAFE-006792,5.6,0,3,10.02,0.074,0.3836,0.5663,7.21,0.7,0,0
CAFE-006793,38.5,5,5,19.28,0.732,0.4226,0.4008,13.88,2.38,1,1
CAFE-006794,34.7,2,6,14.5,0.5167,0.5198,0.2708,10.44,1.5,1,0
CAFE-006795,72.5,2,1,10.4,0.2438,0.4059,0.6423,7.49,0.65,0,0
CAFE-006796,7.9,3,5,17.64,0.8259,0.4117,0.4261,12.7,2.54,0,0
CAFE-006797,27.9,3,3,12.96,0.3217,0.4707,0.1858,9.33,1.12,0,1
CAFE-006798,31.4,2,3,14.8,0.6653,0.4543,0.3214,10.66,1.76,0,0
CAFE-006799,48.2,3,7,17.36,0.6878,0.3061,0.4758,12.5,2.0,1,0
CAFE-006800,11.3,4,5,11.73,0.521,0.4982,0.8394,8.45,1.31,0,0
CAFE-006801,39.0,2,5,12.2,0.4935,0.5018,0.3615,8.78,1.21,0,0
CAFE-006802,22.1,2,4,7.89,0.2392,0.6614,0.4993,5.68,0.63,0,0
CAFE-006803,44.1,2,10,18.38,0.849,0.585,0.3764,13.23,2.44,1,0
CAFE-006804,8.5,0,2,13.51,0.426,0.7121,0.1702,9.73,1.4,0,0
CAFE-006805,65.1,0,3,9.14,0.3284,0.156,0.6625,6.58,0.67,0,0
CAFE-006806,24.7,3,6,16.08,0.6195,0.8213,0.7607,11.58,1.88,0,0
CAFE-006807,76.0,3,5,13.93,0.5094,0.7778,0.841,10.03,1.22,1,0
CAFE-006808,9.6,5,6,14.23,0.618,0.3136,0.5261,10.25,1.74,0,0
CAFE-006809,28.9,0,8,14.21,0.5625,0.7897,0.7689,10.23,1.56,0,0
CAFE-006810,41.6,2,3,15.83,0.4261,0.3034,0.2206,11.4,1.45,0,0
CAFE-006811,21.0,3,6,13.29,0.6675,0.2489,0.3226,9.57,1.64,0,1
CAFE-006812,42.9,1,5,11.01,0.4202,0.3154,0.5463,7.93,1.0,0,0
CAFE-006813,11.2,1,0,9.78,0.1193,0.6726,0.3837,7.04,0.7,1,0
CAFE-006814,41.5,4,5,16.66,0.6489,0.4369,0.4775,12.0,1.9,0,0
CAFE-006815,10.1,1,2,8.35,0.0882,0.7133,0.5275,6.01,0.58,0,0
CAFE-006816,57.5,1,1,7.13,0.1718,0.4695,0.495,5.13,0.43,1,0
CAFE-006817,11.1,5,6,13.94,0.5083,0.2352,0.3101,10.04,1.55,1,0
CAFE-006818,4.3,2,6,15.47,0.6242,0.4999,0.7549,11.14,1.93,0,0
CAFE-006819,19.9,1,5,14.01,0.5012,0.7274,0.4541,10.09,1.5,0,1
CAFE-006820,6.6,2,5,16.88,0.5421,0.5946,0.6766,12.15,1.96,0,1
CAFE-006821,36.7,4,5,13.64,0.4997,0.2976,0.3472,9.82,1.37,1,0
CAFE-006822,19.5,1,5,12.66,0.7449,0.2832,0.55,9.12,1.66,1,1
CAFE-006823,4.3,4,3,14.52,0.3932,0.2666,0.155,10.45,1.48,1,0
CAFE-006824,11.1,2,3,15.9,0.7409,0.6816,0.6877,11.45,2.13,1,0
CAFE-006825,9.6,1,5,6.81,0.3851,0.5651,0.7072,4.9,0.67,0,0
CAFE-006826,10.7,0,4,17.18,0.7168,0.2902,0.2809,12.37,2.26,0,0
CAFE-006827,40.9,4,2,8.33,0.2781,0.3845,0.2549,6.0,0.64,0,0
CAFE-006828,31.1,4,12,19.19,0.7426,0.1276,0.6267,13.82,2.44,0,0
CAFE-006829,18.4,0,0,7.41,0.0262,0.6529,0.533,5.34,0.44,0,0
CAFE-006830,9.3,2,3,15.95,0.4625,0.4531,0.8176,11.48,1.71,0,0
CAFE-006831,10.3,1,3,12.65,0.2987,0.7562,0.709,9.11,1.14,0,0
CAFE-006832,5.6,2,5,17.63,0.5405,0.7132,0.778,12.69,2.05,1,0
CAFE-006833,6.3,3,8,19.28,0.7493,0.6507,0.5628,13.88,2.63,1,0
CAFE-006834,2.1,6,9,14.94,0.868,0.2625,0.2234,10.76,2.24,0,1
CAFE-006835,27.2,2,4,15.48,0.5593,0.2631,0.6967,11.15,1.7,0,0
CAFE-006836,31.7,2,4,11.12,0.6661,0.3718,0.7992,8.01,1.33,1,0
CAFE-006837,27.1,3,6,17.16,0.6259,0.7094,0.3606,12.36,2.0,1,0
CAFE-006838,22.6,0,4,18.61,0.6439,0.8283,0.5163,13.4,2.24,0,0
CAFE-006839,2.5,6,5,18.57,0.9114,0.3657,0.3746,13.37,2.86,1,0
CAFE-006840,35.7,1,9,15.52,0.572,0.2153,0.5005,11.17,1.68,0,0
CAFE-006841,22.9,4,8,20.03,0.6003,0.4769,0.4875,14.42,2.32,0,0
CAFE-006842,47.1,0,3,16.07,0.5423,0.5922,0.3076,11.57,1.63,0,0
CAFE-006843,39.1,1,2,14.9,0.3061,0.8216,0.6939,10.73,1.2,0,0
CAFE-006844,12.1,4,10,19.81,0.94,0.176,0.6735,14.26,3.04,0,0
CAFE-006845,61.5,1,10,11.88,0.2578,0.7489,0.7282,8.55,0.8,0,0
CAFE-006846,22.1,3,3,15.57,0.5727,0.7214,0.2645,11.21,1.76,1,0
CAFE-006847,14.5,1,3,7.3,0.3333,0.2539,0.527,5.26,0.67,1,0
CAFE-006848,33.3,0,9,12.41,0.7092,0.5658,0.4963,8.94,1.53,0,0
CAFE-006849,28.7,2,11,18.25,0.6579,0.202,0.311,13.14,2.18,0,0
CAFE-006850,13.4,4,6,23.81,0.8036,0.623,0.6258,17.14,3.32,1,1
CAFE-006851,78.8,1,2,12.46,0.2532,0.7938,0.3321,8.97,0.76,1,0
CAFE-006852,14.9,3,8,22.47,0.7183,0.2813,0.4447,16.18,2.93,1,0
CAFE-006853,13.5,2,6,13.36,0.5287,0.2511,0.8278,9.62,1.5,0,0
CAFE-006854,14.5,2,6,13.77,0.268,0.6336,0.6486,9.91,1.18,0,0
CAFE-006855,15.5,2,1,19.49,0.5723,0.6097,0.8044,14.03,2.25,0,0
CAFE-006856,31.6,3,6,18.38,0.7762,0.4152,0.3536,13.23,2.39,0,0
CAFE-006857,14.8,3,7,19.23,0.7725,0.414,0.6796,13.85,2.61,1,0
CAFE-006858,3.8,1,0,13.2,0.3912,0.6841,0.3361,9.5,1.34,0,0
CAFE-006859,2.2,3,6,13.47,0.7243,0.3431,0.4227,9.7,1.83,1,0
CAFE-006860,18.8,2,1,13.29,0.4148,0.7406,0.3248,9.57,1.31,0,0
CAFE-006861,25.6,2,5,13.73,0.5841,0.2288,0.8969,9.89,1.55,0,0
CAFE-006862,40.1,0,1,11.06,0.2055,0.7049,0.501,7.96,0.78,0,0
CAFE-006863,30.7,2,3,15.43,0.593,0.418,0.7217,11.11,1.73,0,1
CAFE-006864,3.9,1,2,10.16,0.2972,0.6485,0.6741,7.32,0.94,0,0
CAFE-006865,31.1,4,2,12.9,0.4552,0.3856,0.4754,9.29,1.27,0,0
CAFE-006866,16.1,4,7,22.99,0.8383,0.4513,0.7981,16.55,3.27,1,1
CAFE-006867,30.2,0,6,14.6,0.5064,0.089,0.5104,10.51,1.52,0,0
CAFE-006868,81.7,1,3,13.3,0.4747,0.6014,0.7828,9.58,1.09,0,0
CAFE-006869,11.5,4,4,12.42,0.6409,0.28,0.571,8.94,1.54,0,1
CAFE-006870,27.6,4,4,9.36,0.4549,0.5332,0.0943,6.74,0.93,0,0
CAFE-006871,20.3,0,5,12.3,0.2848,0.8344,0.2942,8.86,1.05,1,0
CAFE-006872,87.9,2,3,15.16,0.4267,0.2445,0.1601,10.92,1.14,0,0
CAFE-006873,6.0,4,8,14.74,0.619,0.2933,0.397,10.61,1.82,0,1
CAFE-006874,9.1,3,3,15.32,0.5506,0.6026,0.2738,11.03,1.77,1,0
CAFE-006875,12.1,1,3,13.91,0.2854,0.325,0.5881,10.02,1.23,0,0
CAFE-006876,7.3,5,7,21.17,0.9954,0.5429,0.7072,15.24,3.39,0,0
CAFE-006877,17.6,1,5,12.15,0.5544,0.4593,0.4419,8.75,1.37,0,0
CAFE-006878,39.7,3,0,15.97,0.5969,0.1018,0.5369,11.5,1.75,1,0
CAFE-006879,16.3,2,5,18.54,0.8461,0.6208,0.2533,13.35,2.65,0,1
CAFE-006880,10.9,2,2,19.21,0.4209,0.4877,0.3967,13.83,1.96,0,1
CAFE-006881,18.9,4,4,15.07,0.4599,0.4481,0.7534,10.85,1.56,0,0
CAFE-006882,34.0,2,2,9.79,0.2732,0.5407,0.4703,7.05,0.77,0,0
CAFE-006883,36.4,4,4,14.97,0.4215,0.6069,0.4078,10.78,1.39,0,0
CAFE-006884,8.9,2,4,10.83,0.3852,0.2451,0.5054,7.8,1.08,1,0
CAFE-006885,31.3,6,6,17.83,0.6765,0.6493,0.4508,12.84,2.15,0,0
CAFE-006886,43.4,2,4,17.22,0.6617,0.3393,0.3663,12.4,1.97,0,1
CAFE-006887,49.8,2,7,17.08,0.7139,0.4085,0.5807,12.3,2.01,1,1
CAFE-006888,24.8,1,1,14.02,0.2871,0.6136,0.3422,10.09,1.17,1,0
CAFE-006889,7.7,1,2,11.65,0.202,0.8779,0.0999,8.39,0.95,1,0
CAFE-006890,31.9,2,3,15.2,0.495,0.2421,0.4929,10.94,1.55,0,0
CAFE-006891,59.0,0,2,10.46,0.2773,0.4937,0.4838,7.53,0.74,0,0
CAFE-006892,15.9,2,4,15.78,0.2725,0.7828,0.5381,11.36,1.35,1,0
CAFE-006893,40.9,6,9,19.56,0.6814,0.0644,0.9438,14.08,2.3,0,1
CAFE-006894,43.7,4,3,16.75,0.6626,0.3677,0.3386,12.06,1.92,1,0
CAFE-006895,14.1,2,3,13.34,0.6702,0.5147,0.619,9.6,1.68,0,1
CAFE-006896,22.2,2,7,19.03,0.6197,0.3765,0.7303,13.7,2.25,0,1
CAFE-006897,19.7,5,6,15.37,0.82,0.3862,0.7926,11.07,2.14,1,0
CAFE-006898,56.3,0,4,12.45,0.3283,0.6542,0.0771,8.96,0.95,0,0
CAFE-006899,37.0,2,6,16.83,0.8124,0.6309,0.3112,12.12,2.22,1,1
CAFE-006900,5.9,0,0,8.64,0.27,0.4393,0.3391,6.22,0.77,0,0
CAFE-006901,4.0,3,3,13.73,0.755,0.282,0.4699,9.89,1.9,0,0
CAFE-006902,13.8,4,12,18.89,0.8931,0.1929,0.5141,13.6,2.8,1,1
CAFE-006903,29.3,2,7,17.78,0.5205,0.5552,0.862,12.8,1.88,1,1
CAFE-006904,28.0,4,7,17.31,0.5456,0.7269,0.5631,12.46,1.88,1,1
CAFE-006905,15.5,2,3,11.67,0.3803,0.2239,0.6688,8.4,1.13,0,0
CAFE-006906,5.9,6,3,19.52,0.6214,0.3312,0.2814,14.05,2.42,0,0
CAFE-006907,68.8,3,8,20.48,0.8792,0.3191,0.6539,14.75,2.6,0,0
CAFE-006908,8.7,5,4,16.93,0.7206,0.6669,0.2646,12.19,2.25,1,0
CAFE-006909,7.9,5,13,17.46,0.8033,0.5146,0.4055,12.57,2.47,1,0
CAFE-006910,52.8,1,3,12.84,0.7003,0.4445,0.4496,9.24,1.48,0,0
CAFE-006911,5.9,4,4,12.23,0.216,0.5961,0.4993,8.81,1.02,0,0
CAFE-006912,14.2,3,4,16.06,0.5423,0.4516,0.484,11.56,1.82,0,0
CAFE-006913,22.4,0,4,11.72,0.2102,0.3225,0.5777,8.44,0.9,1,0
CAFE-006914,11.8,5,11,18.88,0.9378,0.4698,0.4444,13.59,2.9,1,1
CAFE-006915,25.8,4,7,18.28,0.7881,0.658,0.2359,13.16,2.44,0,1
CAFE-006916,21.5,1,3,14.54,0.3544,0.5741,0.4686,10.47,1.33,0,0
CAFE-006917,12.2,6,8,19.04,0.8223,0.6784,0.5324,13.71,2.7,0,0
CAFE-006918,35.2,2,8,14.36,0.6933,0.6716,0.6192,10.34,1.73,0,1
CAFE-006919,48.7,2,1,10.52,0.1501,0.642,0.3475,7.57,0.65,0,0
CAFE-006920,16.9,1,5,19.4,0.6779,0.6702,0.1994,13.97,2.44,0,0
CAFE-006921,31.6,2,6,9.26,0.2527,0.6023,0.2694,6.67,0.72,0,0
CAFE-006922,56.1,2,3,15.15,0.4794,0.5751,0.5076,10.91,1.39,0,0
CAFE-006923,47.8,2,3,13.51,0.5231,0.615,0.5879,9.73,1.34,0,0
CAFE-006924,89.7,1,1,11.65,0.2883,0.3655,0.5075,8.39,0.71,0,1
CAFE-006925,38.0,2,3,12.51,0.4762,0.805,0.6632,9.01,1.23,1,0
CAFE-006926,5.7,5,4,13.93,0.4853,0.4144,0.448,10.03,1.54,1,1
CAFE-006927,7.7,1,1,11.75,0.6011,0.2299,0.5949,8.46,1.43,0,0
CAFE-006928,11.3,6,6,11.45,0.8314,0.772,0.9702,8.24,1.64,0,0
CAFE-006929,35.7,4,2,13.86,0.6248,0.3025,0.5467,9.98,1.57,1,0
CAFE-006930,3.0,4,9,18.38,0.7803,0.4616,0.7131,13.23,2.59,0,0
CAFE-006931,10.6,2,2,11.76,0.2973,0.2312,0.5108,8.47,1.06,0,0
CAFE-006932,7.7,2,5,20.22,0.713,0.2764,0.5104,14.56,2.68,0,0
CAFE-006933,29.6,4,2,21.58,0.906,0.4851,0.3053,15.54,3.11,0,1
CAFE-006934,3.3,7,1,14.8,0.8286,0.7725,0.4421,10.66,2.16,0,1
CAFE-006935,50.9,3,4,16.17,0.4412,0.5481,0.1779,11.64,1.45,0,0
CAFE-006936,35.2,1,6,11.61,0.6182,0.4501,0.3454,8.36,1.31,1,0
CAFE-006937,3.3,2,1,17.52,0.6037,0.8213,0.4617,12.61,2.16,0,0
CAFE-006938,43.3,5,6,19.45,0.6434,0.6753,0.8532,14.0,2.19,1,1
CAFE-006939,10.1,1,4,18.68,0.892,0.1956,0.8193,13.45,2.79,0,0
CAFE-006940,3.7,5,4,18.89,0.7076,0.3592,0.1472,13.6,2.52,0,1
CAFE-006941,29.0,3,4,18.82,0.8021,0.4659,0.6311,13.55,2.52,0,0
CAFE-006942,8.0,3,9,9.21,0.4567,0.8593,0.1284,6.63,0.98,0,1
CAFE-006943,9.0,4,2,12.72,0.339,0.2125,0.5231,9.16,1.2,1,0
CAFE-006944,16.6,1,8,16.98,0.7266,0.1836,0.8702,12.23,2.22,0,0
CAFE-006945,10.1,2,8,22.27,0.7076,0.2737,0.3813,16.03,2.92,0,1
CAFE-006946,23.3,3,0,16.5,0.7108,0.3526,0.5322,11.88,2.09,0,0
CAFE-006947,22.1,3,0,11.42,0.3796,0.5174,0.6644,8.22,1.07,0,0
CAFE-006948,42.6,1,3,18.28,0.7161,0.338,0.4563,13.16,2.2,1,0
CAFE-006949,21.8,1,3,9.27,0.2318,0.4175,0.4838,6.67,0.74,1,0
CAFE-006950,2.7,1,4,13.65,0.4736,0.7591,0.3795,9.83,1.51,0,1
CAFE-006951,23.0,6,10,17.63,0.7453,0.3328,0.5394,12.69,2.3,1,1
CAFE-006952,28.1,4,2,16.62,0.5142,0.204,0.4326,11.97,1.75,1,1
CAFE-006953,24.8,1,2,7.19,0.218,0.391,0.3499,5.18,0.55,0,1
CAFE-006954,10.5,2,3,11.37,0.296,0.4763,0.1084,8.19,1.02,0,0
CAFE-006955,70.1,7,6,16.81,0.5184,0.4156,0.8101,12.1,1.52,0,0
CAFE-006956,45.6,0,1,10.9,0.2298,0.6154,0.1416,7.85,0.77,1,0
CAFE-006957,51.7,2,9,10.66,0.5236,0.5758,0.4548,7.68,1.04,1,0
CAFE-006958,16.3,3,9,20.56,0.8921,0.2441,0.2311,14.8,3.03,1,1
CAFE-006959,60.7,0,1,15.6,0.4441,0.6333,0.3829,11.23,1.35,1,0
CAFE-006960,11.9,2,7,16.7,0.5354,0.2321,0.2397,12.02,1.89,0,0
CAFE-006961,9.1,4,6,14.43,0.7454,0.6674,0.5938,10.39,1.95,1,1
CAFE-006962,22.9,4,2,10.55,0.4534,0.516,0.2527,7.6,1.07,1,1
CAFE-006963,16.3,2,2,14.51,0.4267,0.4889,0.5682,10.45,1.46,0,1
CAFE-006964,31.0,4,6,20.64,0.66,0.546,0.1738,14.86,2.45,0,0
CAFE-006965,51.6,3,6,18.69,0.6834,0.2854,0.3717,13.46,2.13,0,0
CAFE-006966,80.7,7,3,15.63,0.4298,0.3675,0.6201,11.25,1.22,0,0
CAFE-006967,75.8,4,3,15.03,0.5715,0.4224,0.5523,10.82,1.41,0,0
CAFE-006968,12.8,0,5,9.94,0.4045,0.2724,0.7868,7.16,0.99,0,0
CAFE-006969,42.4,1,6,14.83,0.4675,0.2523,0.5331,10.68,1.42,0,0
CAFE-006970,4.9,7,2,17.13,0.6203,0.4314,0.8506,12.33,2.13,0,0
CAFE-006971,16.5,5,6,20.46,0.973,0.7459,0.5359,14.73,3.18,0,1
CAFE-006972,64.4,1,3,10.09,0.3792,0.5289,0.6935,7.26,0.79,0,0
CAFE-006973,8.7,6,8,19.9,0.8857,0.1884,0.5636,14.33,2.97,1,0
CAFE-006974,26.5,2,3,12.04,0.3006,0.6933,0.5636,8.67,1.02,0,0
CAFE-006975,1.8,4,4,18.98,0.4205,0.5729,0.1326,13.67,2.0,0,1
CAFE-006976,41.7,4,3,13.8,0.4683,0.3619,0.4814,9.94,1.32,0,0
CAFE-006977,13.1,6,4,21.98,0.8153,0.6481,0.3692,15.83,3.1,0,0
CAFE-006978,6.5,6,4,15.39,0.7841,0.1667,0.4023,11.08,2.16,0,0
CAFE-006979,26.3,1,3,19.08,0.4775,0.281,0.3819,13.74,1.95,0,0
CAFE-006980,25.3,4,12,14.52,0.8408,0.6697,0.2986,10.45,2.02,1,0
CAFE-006981,6.1,1,1,8.98,0.2638,0.738,0.5174,6.47,0.79,0,0
CAFE-006982,53.2,2,3,12.94,0.2126,0.6353,0.3071,9.32,0.86,0,0
CAFE-006983,42.8,1,5,11.57,0.1885,0.5221,0.6731,8.33,0.78,0,0
CAFE-006984,1.4,3,5,16.38,0.8756,0.6727,0.2574,11.79,2.47,0,0
CAFE-006985,21.4,5,8,16.96,0.5829,0.5655,0.6765,12.21,1.94,0,0
CAFE-006986,20.3,1,3,9.32,0.3153,0.4646,0.4797,6.71,0.82,0,0
CAFE-006987,68.9,1,3,13.19,0.3983,0.5639,0.318,9.5,1.04,0,0
CAFE-006988,43.7,5,4,12.98,0.6381,0.4058,0.5068,9.35,1.45,1,0
CAFE-006989,41.4,2,2,8.07,0.0924,0.5051,0.2124,5.81,0.47,0,0
CAFE-006990,45.9,7,8,17.22,0.6621,0.5084,0.6035,12.4,1.96,0,0
CAFE-006991,21.2,1,1,9.71,0.2729,0.5326,0.2647,6.99,0.81,0,0
CAFE-006992,27.8,5,6,16.24,0.7164,0.5335,0.4407,11.69,2.04,0,0
CAFE-006993,6.3,8,5,16.98,0.6775,0.4356,0.8246,12.23,2.2,1,0
CAFE-006994,28.1,0,2,12.43,0.1701,0.5386,0.4744,8.95,0.88,0,0
CAFE-006995,25.1,1,8,10.06,0.4311,0.6674,0.4229,7.24,0.99,0,0
CAFE-006996,45.8,3,6,20.03,0.716,0.1327,0.7997,14.42,2.39,0,0
CAFE-006997,25.9,0,6,19.52,0.4122,0.5595,0.6626,14.05,1.87,1,1
CAFE-006998,56.2,1,1,11.41,0.2136,0.1722,0.3189,8.22,0.74,0,0
CAFE-006999,19.3,3,0,10.71,0.3208,0.6283,0.2989,7.71,0.95,0,0
CAFE-007000,50.4,2,3,17.24,0.5918,0.3003,0.8242,12.41,1.81,1,0
CAFE-007001,9.6,4,6,16.22,0.9119,0.6791,0.3828,11.68,2.46,0,1
CAFE-007002,19.4,3,3,13.06,0.3343,0.7157,0.7984,9.4,1.18,0,1
CAFE-007003,20.6,0,4,16.17,0.567,0.6473,0.4977,11.64,1.83,0,0
CAFE-007004,30.4,4,10,16.08,0.7632,0.7979,0.57,11.58,2.08,1,1
CAFE-007005,22.4,2,4,18.08,0.7361,0.3915,0.7048,13.02,2.34,0,0
CAFE-007006,5.8,2,2,11.55,0.309,0.301,0.6337,8.32,1.07,1,0
CAFE-007007,38.6,6,4,17.21,0.671,0.5845,0.4027,12.39,2.02,0,0
CAFE-007008,10.0,0,4,14.39,0.5429,0.486,0.6423,10.36,1.65,0,0
CAFE-007009,19.7,2,2,9.24,0.2223,0.7347,0.7997,6.65,0.73,0,0
CAFE-007010,6.1,1,3,15.73,0.5911,0.4393,0.7048,11.33,1.9,0,0
CAFE-007011,3.2,2,10,14.26,0.712,0.4047,0.3125,10.27,1.91,0,0
CAFE-007012,59.6,1,3,14.5,0.46,0.8278,0.4829,10.44,1.28,0,0
CAFE-007013,7.0,1,2,11.71,0.1539,0.5159,0.2626,8.43,0.9,0,0
CAFE-007014,11.9,0,8,17.52,0.7082,0.5426,0.4436,12.61,2.29,1,1
CAFE-007015,45.0,1,7,13.81,0.4145,0.5909,0.2758,9.94,1.23,0,0
CAFE-007016,4.9,0,5,14.08,0.4353,0.336,0.5298,10.14,1.49,0,0
CAFE-007017,18.7,2,4,11.73,0.444,0.1604,0.695,8.45,1.19,1,0
CAFE-007018,36.5,5,9,20.44,0.7714,0.6452,0.345,14.72,2.62,0,0
CAFE-007019,52.0,1,5,12.87,0.4465,0.4718,0.3373,9.27,1.16,0,0
CAFE-007020,58.7,1,0,11.8,0.2472,0.7529,0.6886,8.5,0.8,0,0
CAFE-007021,14.5,2,6,20.57,0.7658,0.1946,0.6899,14.81,2.78,0,1
CAFE-007022,59.5,0,5,12.43,0.2979,0.6489,0.1863,8.95,0.9,0,0
CAFE-007023,25.8,3,2,14.17,0.3361,0.6134,0.5666,10.2,1.25,0,0
CAFE-007024,10.0,1,9,12.73,0.529,0.3683,0.6413,9.17,1.44,0,0
CAFE-007025,50.0,1,2,13.2,0.4386,0.7156,0.4669,9.5,1.19,0,0
CAFE-007026,19.3,3,7,18.38,0.8278,0.1649,0.4696,13.23,2.57,0,0
CAFE-007027,13.8,4,12,18.27,0.6346,0.7749,0.466,13.15,2.24,0,0
CAFE-007028,28.2,4,7,17.4,0.8989,0.254,0.3619,12.53,2.5,1,0
CAFE-007029,1.2,2,5,18.76,0.708,0.1972,0.3997,13.51,2.52,0,0
CAFE-007030,6.4,3,11,20.19,0.7325,0.6777,0.5553,14.54,2.72,1,1
CAFE-007031,16.9,5,3,16.83,0.7313,0.2598,0.6383,12.12,2.21,1,0
CAFE-007032,30.5,1,3,19.39,0.2279,0.5898,0.0693,13.96,1.47,0,0
CAFE-007033,40.4,0,3,14.07,0.0649,0.3917,0.1968,10.13,0.79,0,0
CAFE-007034,45.7,5,5,18.31,0.6559,0.4947,0.4567,13.18,2.07,0,0
CAFE-007035,37.1,1,5,10.17,0.2504,0.2523,0.439,7.32,0.77,0,0
CAFE-007036,5.4,7,3,17.89,0.7327,0.3349,0.756,12.88,2.42,0,1
CAFE-007037,12.2,1,3,15.91,0.6671,0.3926,0.194,11.46,2.01,0,1
CAFE-007038,26.3,3,9,15.21,0.3819,0.607,0.4773,10.95,1.41,0,1
CAFE-007039,40.0,2,2,19.44,0.7764,0.6924,0.4099,14.0,2.47,0,0
CAFE-007040,50.8,3,3,15.66,0.3662,0.3977,0.3389,11.28,1.29,0,0
CAFE-007041,10.7,5,4,11.83,0.1168,0.4063,0.3895,8.52,0.85,1,0
CAFE-007042,24.9,2,5,13.25,0.4444,0.3897,0.2273,9.54,1.32,0,0
CAFE-007043,87.3,1,3,10.27,0.4303,0.8565,0.3971,7.39,0.78,1,0
CAFE-007044,25.6,4,3,20.51,0.7528,0.234,0.7713,14.77,2.67,0,0
CAFE-007045,21.8,3,6,15.36,0.55,0.6607,0.4489,11.06,1.71,1,0
CAFE-007046,13.7,1,3,7.97,0.0587,0.7425,0.6833,5.74,0.52,0,0
CAFE-007047,59.1,3,0,12.07,0.3291,0.7148,0.5266,8.69,0.91,0,0
CAFE-007048,19.8,2,8,19.73,0.8833,0.6957,0.3712,14.21,2.86,1,1
CAFE-007049,15.2,0,2,12.4,0.283,0.3905,0.2274,8.93,1.08,0,0
CAFE-007050,19.2,0,6,12.11,0.434,0.4836,0.2969,8.72,1.22,0,0
CAFE-007051,14.4,0,0,14.06,0.1288,0.5281,0.4701,10.12,1.01,0,0
CAFE-007052,46.7,0,0,9.84,0.1192,0.3251,0.7304,7.08,0.58,0,0
CAFE-007053,33.9,3,3,15.86,0.5926,0.509,0.476,11.42,1.76,0,1
CAFE-007054,68.4,2,2,14.37,0.3232,0.7135,0.3884,10.35,1.03,1,0
CAFE-007055,85.4,3,8,7.97,0.4697,0.6555,0.7686,5.74,0.64,1,0
CAFE-007056,48.0,3,2,15.54,0.4303,0.1389,0.3608,11.19,1.39,0,0
CAFE-007057,16.9,2,2,12.12,0.2641,0.449,0.8127,8.73,1.02,0,0
CAFE-007058,47.2,3,6,17.18,0.5458,0.3983,0.6247,12.37,1.75,1,1
CAFE-007059,35.1,6,9,15.95,0.8051,0.4096,0.598,11.48,2.1,0,0
CAFE-007060,42.4,1,1,11.66,0.4327,0.8185,0.5172,8.4,1.07,1,0
CAFE-007061,18.2,3,4,12.72,0.4522,0.4457,0.5258,9.16,1.31,0,0
CAFE-007062,9.0,0,2,8.22,0.129,0.5542,0.5278,5.92,0.61,1,0
CAFE-007063,39.1,6,5,18.25,0.7473,0.1153,0.4622,13.14,2.27,1,0
CAFE-007064,3.4,0,3,5.93,0.074,0.705,0.4632,4.27,0.42,0,0
CAFE-007065,48.4,1,4,16.76,0.2424,0.6608,0.2692,12.07,1.19,0,0
CAFE-007066,29.7,2,6,20.35,0.6285,0.4491,0.6692,14.65,2.36,0,0
CAFE-007067,13.5,4,4,16.51,0.7417,0.802,0.509,11.89,2.2,0,0
CAFE-007068,38.5,5,6,13.02,0.5836,0.6169,0.5607,9.37,1.41,0,0
CAFE-007069,17.6,4,9,18.77,0.6651,0.4397,0.6318,13.51,2.33,0,1
CAFE-007070,9.5,1,5,16.46,0.31,0.8335,0.788,11.85,1.51,0,1
CAFE-007071,41.5,4,3,13.36,0.1762,0.7627,0.7276,9.62,0.89,1,0
CAFE-007072,7.4,4,2,14.55,0.5007,0.3016,0.4046,10.48,1.62,1,0
CAFE-007073,12.0,1,5,15.47,0.7981,0.4245,0.8795,11.14,2.16,0,0
CAFE-007074,33.1,2,3,14.26,0.4961,0.3791,0.5717,10.27,1.45,1,0
CAFE-007075,21.8,2,6,21.14,0.7717,0.5492,0.5868,15.22,2.82,0,0
CAFE-007076,12.3,4,7,22.94,0.9624,0.7882,0.5771,16.52,3.57,1,1
CAFE-007077,39.7,3,4,13.19,0.3495,0.2513,0.5536,9.5,1.12,0,0
CAFE-007078,59.2,5,0,7.53,0.2789,0.3246,0.6954,5.42,0.53,0,0
CAFE-007079,13.7,3,2,14.09,0.4032,0.7066,0.342,10.14,1.4,0,1
CAFE-007080,2.4,1,2,12.88,0.4491,0.4817,0.4868,9.27,1.39,0,1
CAFE-007081,27.9,4,11,16.77,0.5593,0.7044,0.429,12.07,1.84,0,1
CAFE-007082,27.9,2,2,11.6,0.2442,0.646,0.1875,8.35,0.91,0,0
CAFE-007083,32.9,0,1,13.47,0.0685,0.4401,0.5887,9.7,0.79,1,0
CAFE-007084,87.5,2,5,14.74,0.3983,0.2399,0.8468,10.61,1.07,0,0
CAFE-007085,23.0,0,8,13.59,0.5691,0.5603,0.693,9.78,1.53,0,0
CAFE-007086,26.9,3,6,17.34,0.8059,0.4776,0.7969,12.48,2.34,0,1
CAFE-007087,16.7,1,0,14.01,0.4382,0.6537,0.3396,10.09,1.43,0,0
CAFE-007088,6.6,4,5,18.15,0.9095,0.3211,0.3468,13.07,2.77,1,0
CAFE-007089,84.3,3,7,13.66,0.7241,0.3598,0.4538,9.84,1.45,1,0
CAFE-007090,24.4,5,4,22.03,0.6299,0.5422,0.6931,15.86,2.6,0,1
CAFE-007091,29.0,1,9,16.39,0.8059,0.4711,0.6699,11.8,2.2,1,0
CAFE-007092,11.3,6,9,26.39,0.9039,0.6228,0.7772,19.0,3.97,1,0
CAFE-007093,17.2,1,3,10.63,0.2423,0.2452,0.1747,7.65,0.87,0,1
CAFE-007094,20.1,3,7,14.39,0.7411,0.2485,0.2674,10.36,1.88,0,0
CAFE-007095,11.7,4,8,17.94,0.7481,0.4147,0.5114,12.92,2.41,0,0
CAFE-007096,13.3,7,5,16.78,0.7022,0.1569,0.2096,12.08,2.17,1,0
CAFE-007097,9.6,0,5,15.9,0.4947,0.6655,0.7186,11.45,1.75,0,0
CAFE-007098,13.8,9,5,18.21,0.7588,0.4612,0.5918,13.11,2.46,1,1
CAFE-007099,9.1,2,7,12.43,0.5467,0.6826,0.6243,8.95,1.43,0,0
CAFE-007100,5.6,2,3,16.92,0.675,0.423,0.2948,12.18,2.19,1,0
CAFE-007101,69.9,1,6,13.18,0.5386,0.5051,0.581,9.49,1.22,1,0
CAFE-007102,9.5,2,7,13.85,0.5036,0.3557,0.5082,9.97,1.54,0,0
CAFE-007103,29.3,3,7,14.72,0.5183,0.1863,0.3769,10.6,1.55,0,0
CAFE-007104,40.0,1,3,15.04,0.5053,0.4081,0.488,10.83,1.51,0,0
CAFE-007105,19.7,3,7,12.64,0.664,0.3765,0.4247,9.1,1.56,1,1
CAFE-007106,101.5,4,5,12.61,0.6079,0.5965,0.5425,9.08,1.11,0,0
CAFE-007107,29.3,1,2,12.05,0.1872,0.4666,0.5809,8.68,0.87,0,0
CAFE-007108,20.4,4,5,17.34,0.6371,0.3853,0.3362,12.48,2.09,0,1
CAFE-007109,12.6,8,8,22.33,0.8807,0.6767,0.3184,16.08,3.29,1,1
CAFE-007110,12.8,3,7,14.1,0.6448,0.4153,0.8641,10.15,1.75,1,1
CAFE-007111,20.8,1,3,17.89,0.3737,0.3164,0.4734,12.88,1.68,0,0
CAFE-007112,28.7,2,3,11.41,0.6367,0.2099,0.7553,8.22,1.34,0,0
CAFE-007113,18.6,5,2,20.08,0.7829,0.3324,0.2153,14.46,2.72,0,1
CAFE-007114,42.9,0,3,12.13,0.0581,0.9509,0.2802,8.73,0.66,0,0
CAFE-007115,19.6,1,2,11.04,0.29,0.368,0.369,7.95,0.95,1,0
CAFE-007116,42.9,5,9,11.42,0.4067,0.7479,0.6922,8.22,1.02,0,0
CAFE-007117,36.8,1,3,10.86,0.1879,0.4763,0.5873,7.82,0.76,0,0
CAFE-007118,59.3,6,8,16.14,0.6335,0.5328,0.2886,11.62,1.71,1,0
CAFE-007119,13.6,3,8,18.76,0.8916,0.4857,0.5845,13.51,2.78,1,0
CAFE-007120,40.6,3,5,15.86,0.507,0.2611,0.3602,11.42,1.59,0,1
CAFE-007121,10.7,2,3,15.56,0.2277,0.3413,0.1713,11.2,1.29,0,0
CAFE-007122,33.6,2,5,13.8,0.4702,0.3384,0.6629,9.94,1.37,0,0
CAFE-007123,28.6,2,7,18.16,0.6865,0.2042,0.8836,13.08,2.22,1,0
CAFE-007124,38.7,4,3,18.84,0.4722,0.64,0.7691,13.56,1.83,0,0
CAFE-007125,23.0,4,5,19.26,0.7332,0.7139,0.5901,13.87,2.49,1,0
CAFE-007126,24.0,3,6,20.89,0.5729,0.1699,0.3237,15.04,2.35,0,1
CAFE-007127,33.5,2,7,13.17,0.6115,0.6932,0.3814,9.48,1.49,1,1
CAFE-007128,17.8,2,8,15.17,0.7887,0.6852,0.5983,10.92,2.07,0,0
CAFE-007129,33.8,2,6,14.4,0.7825,0.6878,0.4037,10.37,1.87,0,1
CAFE-007130,29.0,5,10,19.2,0.6995,0.8575,0.4006,13.82,2.37,0,0
CAFE-007131,13.9,4,10,18.32,0.9011,0.4746,0.5934,13.19,2.73,0,0
CAFE-007132,38.5,2,5,15.97,0.4364,0.3339,0.4466,11.5,1.5,0,1
CAFE-007133,1.1,2,4,14.48,0.5456,0.6468,0.5621,10.43,1.71,0,1
CAFE-007134,7.3,2,1,14.45,0.4316,0.4898,0.7296,10.4,1.51,0,0
CAFE-007135,16.8,3,9,12.85,0.569,0.5261,0.6661,9.25,1.48,0,1
CAFE-007136,29.7,2,6,21.8,0.8167,0.4723,0.4585,15.7,2.94,1,0
CAFE-007137,40.1,4,2,14.11,0.6077,0.6262,0.628,10.16,1.56,0,0
CAFE-007138,19.1,3,5,21.73,0.748,0.2199,0.5259,15.65,2.87,0,0
CAFE-007139,9.3,1,7,11.35,0.3297,0.5863,0.4998,8.17,1.06,0,0
CAFE-007140,3.1,9,7,17.02,0.7291,0.3493,0.4653,12.25,2.31,0,1
CAFE-007141,5.5,3,3,17.8,0.7135,0.6727,0.2807,12.82,2.37,0,1
CAFE-007142,14.4,2,1,12.4,0.24,0.4437,0.4351,8.93,1.03,0,0
CAFE-007143,6.7,2,10,20.92,0.8094,0.3293,0.6825,15.06,2.98,1,1
CAFE-007144,6.1,2,2,11.55,0.3748,0.6188,0.232,8.32,1.15,1,0
CAFE-007145,35.2,2,2,10.96,0.3036,0.6625,0.5055,7.89,0.9,0,0
CAFE-007146,27.8,2,6,16.55,0.7209,0.4661,0.3286,11.92,2.09,1,1
CAFE-007147,2.5,1,9,12.12,0.4683,0.5499,0.6968,8.73,1.33,0,1
CAFE-007148,12.2,6,2,16.61,0.5832,0.6795,0.4986,11.96,1.96,1,1
CAFE-007149,10.8,2,5,9.18,0.2386,0.5654,0.3119,6.61,0.77,0,0
CAFE-007150,66.4,1,2,11.79,0.3029,0.85,0.6451,8.49,0.83,0,0
CAFE-007151,31.2,1,2,16.63,0.4799,0.5036,0.5531,11.97,1.68,1,1
CAFE-007152,20.7,5,5,13.45,0.3214,0.426,0.4911,9.68,1.19,0,1
CAFE-007153,9.6,1,5,12.47,0.4078,0.3779,0.4842,8.98,1.26,0,0
CAFE-007154,21.4,4,6,20.07,0.6542,0.413,0.4397,14.45,2.44,0,0
CAFE-007155,34.5,1,7,17.62,0.8039,0.2426,0.3638,12.69,2.33,0,0
CAFE-007156,62.9,1,1,13.34,0.4646,0.3088,0.5316,9.6,1.17,0,0
CAFE-007157,12.1,6,5,20.14,0.6577,0.7888,0.4409,14.5,2.53,1,1
CAFE-007158,3.8,3,5,23.14,0.813,0.2906,0.8646,16.66,3.33,0,0
CAFE-007159,50.8,1,6,12.12,0.5168,0.5264,0.7727,8.73,1.18,0,0
CAFE-007160,21.5,4,4,19.96,0.4529,0.3897,0.39,14.37,2.03,0,0
CAFE-007161,23.0,1,2,11.68,0.2683,0.6704,0.6116,8.41,0.96,0,0
CAFE-007162,31.0,1,2,13.33,0.356,0.4687,0.4733,9.6,1.18,0,0
CAFE-007163,46.4,1,5,18.47,0.6834,0.8351,0.4188,13.3,2.14,0,0
CAFE-007164,27.9,4,5,13.41,0.4731,0.4775,0.4854,9.66,1.36,0,1
CAFE-007165,19.5,0,3,10.9,0.4284,0.4418,0.6133,7.85,1.09,0,1
CAFE-007166,26.0,2,6,19.77,0.6776,0.3931,0.7681,14.23,2.42,0,0
CAFE-007167,21.3,6,6,13.08,0.732,0.091,0.5116,9.42,1.69,0,0
CAFE-007168,11.2,3,10,17.06,0.7544,0.1095,0.3599,12.28,2.31,0,0
CAFE-007169,27.9,3,3,12.19,0.3744,0.4266,0.374,8.78,1.11,0,0
CAFE-007170,20.1,3,9,19.18,0.8108,0.3944,0.7047,13.81,2.64,1,1
CAFE-007171,38.3,6,5,16.03,0.4535,0.4152,0.3074,11.54,1.53,0,0
CAFE-007172,32.2,2,9,16.55,0.4275,0.7938,0.5106,11.92,1.57,0,0
CAFE-007173,21.7,3,5,13.57,0.6433,0.3343,0.4287,9.77,1.64,0,0
CAFE-007174,4.8,0,2,18.09,0.5216,0.3486,0.6561,13.02,2.07,0,0
CAFE-007175,12.0,4,6,11.64,0.5449,0.6411,0.6209,8.38,1.33,1,1
CAFE-007176,3.8,3,3,15.34,0.6654,0.1379,0.5157,11.04,1.98,0,0
CAFE-007177,54.2,1,7,20.63,0.4363,0.7898,0.743,14.85,1.82,0,0
CAFE-007178,4.1,4,7,20.89,0.8094,0.3844,0.621,15.04,3.0,0,1
CAFE-007179,16.3,1,4,16.63,0.4461,0.2649,0.4824,11.97,1.71,0,0
CAFE-007180,12.7,3,4,16.55,0.5317,0.632,0.6312,11.92,1.86,0,1
CAFE-007181,41.7,1,4,15.88,0.1578,0.4762,0.7695,11.43,1.03,0,0
CAFE-007182,10.4,2,11,21.96,0.6858,0.3685,0.5962,15.81,2.83,1,0
CAFE-007183,3.9,0,3,10.85,0.0965,0.4708,0.3478,7.81,0.78,0,0
CAFE-007184,23.6,1,4,14.76,0.5424,0.5661,0.385,10.63,1.62,0,0
CAFE-007185,59.1,2,4,11.24,0.3681,0.6553,0.4306,8.09,0.89,0,0
CAFE-007186,22.3,1,2,17.87,0.8418,0.1748,0.5647,12.87,2.5,0,0
CAFE-007187,52.9,3,2,13.63,0.3838,0.9061,0.4084,9.81,1.14,0,0
CAFE-007188,14.6,2,6,13.53,0.5258,0.8356,0.1794,9.74,1.51,0,1
CAFE-007189,17.3,11,4,16.99,0.5955,0.521,0.7275,12.23,1.99,1,1
CAFE-007190,16.7,3,6,18.98,0.6101,0.305,0.4948,13.67,2.26,1,1
CAFE-007191,57.2,2,3,13.24,0.276,0.3018,0.2302,9.53,0.94,0,1
CAFE-007192,25.3,2,4,13.58,0.5327,0.6221,0.5001,9.78,1.47,0,0
CAFE-007193,4.6,1,2,13.78,0.2994,0.863,0.6887,9.92,1.27,0,0
CAFE-007194,19.9,1,3,11.21,0.2049,0.6279,0.5604,8.07,0.87,0,0
CAFE-007195,16.7,3,8,17.3,0.6696,0.5795,0.4081,12.46,2.16,0,0
CAFE-007196,12.9,4,6,13.55,0.7074,0.2904,0.4393,9.76,1.76,1,0
CAFE-007197,59.5,2,5,12.64,0.4411,0.6613,0.5141,9.1,1.1,0,1
CAFE-007198,102.7,1,2,11.44,0.3163,0.9203,0.4555,8.24,0.67,1,0
CAFE-007199,6.8,4,4,11.85,0.4901,0.2849,0.6021,8.53,1.31,1,1
CAFE-007200,15.3,1,7,12.16,0.4641,0.4993,0.5122,8.76,1.28,0,0
CAFE-007201,20.7,1,8,17.01,0.764,0.538,0.4152,12.25,2.26,1,1
CAFE-007202,32.8,1,7,14.27,0.4344,0.4665,0.5986,10.27,1.36,0,1
CAFE-007203,11.4,6,3,12.03,0.3428,0.7499,0.5876,8.66,1.13,0,0
CAFE-007204,51.7,1,6,13.6,0.1621,0.3967,0.3231,9.79,0.84,0,0
CAFE-007205,12.1,1,4,14.07,0.4867,0.5512,0.4935,10.13,1.52,0,0
CAFE-007206,6.3,2,4,15.43,0.6194,0.7905,0.3568,11.11,1.91,0,0
CAFE-007207,33.9,2,3,16.76,0.3802,0.6819,0.5814,12.07,1.51,0,0
CAFE-007208,25.5,3,7,14.72,0.3143,0.643,0.2634,10.6,1.27,0,0
CAFE-007209,10.4,3,9,19.66,0.7229,0.5595,0.4034,14.16,2.61,0,0
CAFE-007210,50.4,2,3,11.39,0.3052,0.6038,0.1585,8.2,0.87,1,0
CAFE-007211,10.3,1,10,20.13,0.9447,0.4141,0.7469,14.49,3.12,0,0
CAFE-007212,41.1,1,9,17.75,0.7075,0.2026,0.7454,12.78,2.13,0,0
CAFE-007213,7.8,4,10,19.76,0.7388,0.4551,0.6662,14.23,2.67,0,0
CAFE-007214,17.0,0,4,12.26,0.4853,0.4779,0.3423,8.83,1.3,0,0
CAFE-007215,49.5,1,0,13.79,0.1403,0.7672,0.2346,9.93,0.83,0,0
CAFE-007216,5.8,5,5,14.75,0.8227,0.307,0.6773,10.62,2.13,0,1
CAFE-007217,58.5,2,4,12.64,0.3858,0.281,0.4519,9.1,1.03,0,0
CAFE-007218,7.6,0,2,15.87,0.2226,0.5188,0.286,11.43,1.33,1,0
CAFE-007219,28.0,2,5,15.45,0.6023,0.4499,0.6986,11.12,1.76,0,0
CAFE-007220,6.8,3,7,17.57,0.6587,0.4553,0.2328,12.65,2.24,0,1
CAFE-007221,40.7,2,1,8.59,0.1287,0.8879,0.3677,6.18,0.53,0,0
CAFE-007222,16.1,6,8,21.43,0.8138,0.1784,0.6091,15.43,2.99,0,1
CAFE-007223,19.8,2,6,20.16,0.563,0.7229,0.446,14.52,2.28,0,0
CAFE-007224,10.4,2,3,15.59,0.5507,0.2096,0.597,11.22,1.8,0,0
CAFE-007225,10.2,5,5,11.36,0.3662,0.4868,0.5406,8.18,1.1,0,0
CAFE-007226,14.3,3,2,18.77,0.4606,0.5952,0.4991,13.51,1.97,0,0
CAFE-007227,51.0,2,5,16.38,0.2812,0.2093,0.4204,11.79,1.21,1,1
CAFE-007228,3.8,0,3,14.15,0.4055,0.5302,0.21,10.19,1.46,1,0
CAFE-007229,18.5,3,3,18.04,0.5097,0.1438,0.5353,12.99,1.95,0,0
CAFE-007230,14.8,0,4,6.15,0.1982,0.8544,0.6936,4.43,0.48,0,0
CAFE-007231,14.4,5,5,11.06,0.3184,0.521,0.3494,7.96,1.0,1,0
CAFE-007232,20.7,4,3,13.29,0.4775,0.3698,0.4922,9.57,1.39,1,0
CAFE-007233,28.0,4,5,12.86,0.4031,0.5145,0.7072,9.26,1.21,0,1
CAFE-007234,14.2,5,8,16.18,0.83,0.1356,0.6215,11.65,2.3,0,0
CAFE-007235,13.4,5,3,17.34,0.5376,0.4042,0.4641,12.48,1.96,0,0
CAFE-007236,18.0,3,3,9.74,0.2647,0.5859,0.6306,7.01,0.82,1,1
CAFE-007237,28.1,6,3,20.39,0.8754,0.499,0.6335,14.68,2.88,0,0
CAFE-007238,15.4,2,5,16.93,0.7497,0.463,0.725,12.19,2.26,1,0
CAFE-007239,36.3,6,3,14.8,0.5238,0.809,0.3452,10.66,1.53,0,0
CAFE-007240,3.0,1,3,14.53,0.3986,0.1689,0.4913,10.46,1.49,1,0
CAFE-007241,30.4,5,12,16.48,0.6146,0.6557,0.6973,11.87,1.89,0,0
CAFE-007242,10.2,3,2,9.15,0.4352,0.295,0.2525,6.59,0.95,1,0
CAFE-007243,46.2,3,6,14.36,0.4849,0.7719,0.2791,10.34,1.38,0,1
CAFE-007244,16.4,1,2,13.89,0.3258,0.4236,0.728,10.0,1.26,0,0
CAFE-007245,55.7,2,7,14.71,0.8022,0.6174,0.5184,10.59,1.83,0,0
CAFE-007246,31.5,0,1,9.64,0.1367,0.6258,0.4411,6.94,0.64,1,0
CAFE-007247,63.8,1,0,11.23,0.1269,0.2501,0.3501,8.09,0.6,0,0
CAFE-007248,26.7,3,1,13.88,0.3776,0.7341,0.7075,9.99,1.28,0,0
CAFE-007249,26.1,1,4,10.47,0.4662,0.345,0.7056,7.54,1.06,1,1
CAFE-007250,7.1,2,4,12.43,0.5024,0.4173,0.5965,8.95,1.39,0,0
CAFE-007251,46.0,1,4,16.36,0.4338,0.4336,0.3577,11.78,1.49,0,0
CAFE-007252,33.2,3,2,12.19,0.3243,0.3304,0.4019,8.78,1.03,0,0
CAFE-007253,63.0,1,5,14.92,0.4042,0.6259,0.1283,10.74,1.22,0,0
CAFE-007254,97.1,2,6,14.89,0.4613,0.3478,0.5582,10.72,1.12,0,0
CAFE-007255,108.8,0,5,12.21,0.2059,0.4406,0.6256,8.79,0.55,0,0
CAFE-007256,43.2,1,4,18.76,0.6811,0.2242,0.2424,13.51,2.19,0,0
CAFE-007257,28.8,3,9,18.37,0.7252,0.3559,0.884,13.23,2.32,0,0
CAFE-007258,3.3,1,7,18.8,0.525,0.3048,0.6143,13.54,2.17,0,0
CAFE-007259,7.9,4,3,13.23,0.5633,0.0772,0.5753,9.53,1.55,1,1
CAFE-007260,47.9,1,2,10.58,0.1384,0.7979,0.68,7.62,0.64,0,1
CAFE-007261,11.8,1,0,9.02,0.2392,0.7345,0.8162,6.49,0.75,0,0
CAFE-007262,38.5,0,3,15.05,0.4442,0.4141,0.1574,10.84,1.42,0,0
CAFE-007263,13.4,2,4,13.99,0.4576,0.56,0.4443,10.07,1.47,1,0
CAFE-007264,7.8,2,11,16.56,0.8285,0.1436,0.575,11.92,2.39,0,0
CAFE-007265,8.2,2,9,19.61,0.8125,0.4164,0.3203,14.12,2.79,1,0
CAFE-007266,57.4,0,1,11.62,0.171,0.4916,0.2138,8.37,0.7,0,0
CAFE-007267,41.7,2,1,14.63,0.478,0.8557,0.4006,10.53,1.42,1,0
CAFE-007268,12.0,1,4,8.28,0.3461,0.7063,0.8142,5.96,0.78,1,0
CAFE-007269,1.8,1,1,11.48,0.0451,0.5465,0.2924,8.27,0.78,0,0
CAFE-007270,7.9,2,7,14.71,0.6354,0.543,0.8967,10.59,1.83,0,0
CAFE-007271,45.7,2,2,15.17,0.4215,0.2485,0.282,10.92,1.36,0,0
CAFE-007272,6.2,3,8,12.92,0.7521,0.2952,0.3879,9.3,1.77,1,0
CAFE-007273,8.1,5,8,18.23,0.9742,0.3423,0.7676,13.13,2.89,0,0
CAFE-007274,22.3,2,7,18.13,0.6353,0.4866,0.6196,13.05,2.17,0,0
CAFE-007275,26.0,3,3,12.63,0.5156,0.6731,0.1967,9.09,1.34,0,0
CAFE-007276,10.3,4,1,9.1,0.217,0.3523,0.3917,6.55,0.75,0,0
CAFE-007277,8.3,4,3,19.3,0.8692,0.4269,0.521,13.9,2.86,1,0
CAFE-007278,5.6,3,2,10.28,0.3068,0.4795,0.3677,7.4,0.95,1,0
CAFE-007279,46.1,0,1,13.48,0.169,0.3794,0.4697,9.71,0.87,0,0
CAFE-007280,35.1,2,4,20.18,0.866,0.7697,0.5125,14.53,2.78,0,0
CAFE-007281,23.0,2,8,20.82,0.8063,0.5773,0.8421,14.99,2.84,0,0
CAFE-007282,8.8,2,6,14.11,0.6001,0.7907,0.479,10.16,1.71,0,0
CAFE-007283,14.9,1,8,16.6,0.6363,0.4755,0.4734,11.95,2.03,0,0
CAFE-007284,29.2,4,8,18.27,0.6274,0.7744,0.2388,13.15,2.12,1,0
CAFE-007285,3.9,3,7,13.63,0.3547,0.339,0.4376,9.81,1.34,0,1
CAFE-007286,37.7,5,3,11.92,0.4618,0.6079,0.7576,8.58,1.15,0,0
CAFE-007287,19.0,2,2,11.99,0.2185,0.3562,0.6232,8.63,0.95,1,1
CAFE-007288,15.4,6,6,22.54,0.9329,0.4259,0.609,16.23,3.42,1,0
CAFE-007289,37.6,2,6,18.51,0.692,0.6143,0.7829,13.33,2.21,0,0
CAFE-007290,51.3,1,4,9.61,0.2787,0.4816,0.3141,6.92,0.71,0,0
CAFE-007291,23.9,5,9,18.81,0.748,0.1782,0.6765,13.54,2.45,0,0
CAFE-007292,36.6,0,8,18.16,0.789,0.4105,0.6124,13.08,2.36,1,1
CAFE-007293,33.3,2,6,15.56,0.4595,0.6616,0.3317,11.2,1.52,0,0
CAFE-007294,65.8,1,10,10.15,0.5821,0.2516,0.6341,7.31,1.0,0,0
CAFE-007295,32.7,2,6,19.24,0.5951,0.4968,0.4401,13.85,2.15,0,1
CAFE-007296,24.6,1,4,7.39,0.2969,0.1597,0.2133,5.32,0.63,0,0
CAFE-007297,21.1,3,7,19.51,0.7735,0.5169,0.3268,14.05,2.61,0,0
CAFE-007298,63.3,2,10,11.19,0.4936,0.3216,0.4308,8.06,1.01,0,0
CAFE-007299,4.4,1,6,17.74,0.9312,0.6212,0.8741,12.77,2.76,1,1
CAFE-007300,4.8,2,3,18.25,0.548,0.8912,0.5582,13.14,2.14,0,0
CAFE-007301,7.7,4,12,24.74,0.912,0.5218,0.3707,17.81,3.77,0,1
CAFE-007302,10.9,7,3,17.69,0.8437,0.2711,0.9544,12.74,2.56,0,0
CAFE-007303,27.9,4,13,21.01,0.9715,0.7016,0.484,15.13,3.17,0,0
CAFE-007304,35.9,3,3,18.91,0.7184,0.5066,0.6203,13.62,2.32,0,1
CAFE-007305,45.3,2,3,18.16,0.6541,0.7646,0.4177,13.08,2.05,1,0
CAFE-007306,23.5,3,10,22.95,0.9124,0.4179,0.5833,16.52,3.37,0,0
CAFE-007307,38.5,0,0,6.48,0.0585,0.3588,0.5204,4.67,0.36,0,0
CAFE-007308,26.5,2,1,13.69,0.4501,0.8902,0.4586,9.86,1.36,0,0
CAFE-007309,120.0,3,2,13.29,0.4433,0.4221,0.7777,9.57,0.87,0,0
CAFE-007310,11.0,2,5,12.09,0.6049,0.1155,0.6112,8.7,1.46,0,0
CAFE-007311,46.7,2,1,13.09,0.3888,0.5139,0.765,9.42,1.13,1,0
CAFE-007312,52.4,3,2,15.6,0.6069,0.7022,0.5797,11.23,1.65,1,1
CAFE-007313,14.7,0,2,11.37,0.0973,0.5161,0.4299,8.19,0.78,0,0
CAFE-007314,31.2,0,5,9.01,0.1129,0.549,0.7526,6.49,0.58,1,0
CAFE-007315,46.7,1,4,21.62,0.809,0.5263,0.8009,15.57,2.77,0,0
CAFE-007316,5.9,4,5,16.91,0.6151,0.4958,0.4731,12.18,2.09,1,0
CAFE-007317,50.8,1,4,13.87,0.2888,0.5605,0.3068,9.99,1.03,0,0
CAFE-007318,8.6,1,6,21.75,0.8092,0.3958,0.7049,15.66,3.08,0,0
CAFE-007319,37.3,3,4,12.38,0.7761,0.2864,0.7298,8.91,1.59,1,0
CAFE-007320,11.3,2,2,15.33,0.397,0.6679,0.7079,11.04,1.53,1,0
CAFE-007321,8.8,6,9,17.64,0.5538,0.6936,0.7456,12.7,2.05,1,1
CAFE-007322,18.1,0,2,14.09,0.1564,0.429,0.326,10.14,1.03,0,0
CAFE-007323,21.4,0,8,10.74,0.6632,0.503,0.3791,7.73,1.32,1,0
CAFE-007324,20.4,4,3,17.41,0.5067,0.5788,0.4763,12.54,1.87,0,1
CAFE-007325,24.2,0,8,14.04,0.7105,0.7119,0.6748,10.11,1.77,0,0
CAFE-007326,65.3,0,5,14.6,0.3833,0.7964,0.6571,10.51,1.15,0,0
CAFE-007327,2.1,4,5,17.07,0.4084,0.385,0.555,12.29,1.78,1,1
CAFE-007328,62.6,0,8,9.36,0.3559,0.3774,0.2978,6.74,0.72,1,0
CAFE-007329,41.8,0,3,16.93,0.6584,0.5596,0.2628,12.19,1.94,1,0
CAFE-007330,19.6,3,3,15.78,0.4431,0.6389,0.193,11.36,1.6,0,0
CAFE-007331,30.5,2,4,18.47,0.4009,0.481,0.6097,13.3,1.72,1,1
CAFE-007332,11.5,3,3,10.69,0.2969,0.4156,0.6064,7.7,0.96,1,0
CAFE-007333,21.8,1,8,18.37,0.8785,0.3015,0.6629,13.23,2.65,1,0
CAFE-007334,12.2,1,4,13.55,0.4652,0.7243,0.8444,9.76,1.44,0,0
CAFE-007335,40.2,5,3,15.64,0.5807,0.6532,0.6378,11.26,1.68,0,0
CAFE-007336,2.9,3,4,9.42,0.3549,0.4082,0.5135,6.78,0.93,1,0
CAFE-007337,22.9,1,3,17.3,0.3824,0.5564,0.4641,12.46,1.63,0,0
CAFE-007338,20.4,2,2,14.71,0.339,0.3252,0.5543,10.59,1.33,1,0
CAFE-007339,17.9,1,5,12.45,0.6591,0.4641,0.4481,8.96,1.54,0,0
CAFE-007340,45.5,2,3,14.48,0.7103,0.4846,0.815,10.43,1.72,0,0
CAFE-007341,13.5,1,2,13.75,0.3521,0.5119,0.3274,9.9,1.3,0,0
CAFE-007342,22.0,4,4,14.28,0.5715,0.1017,0.3981,10.28,1.62,0,0
CAFE-007343,7.0,1,4,8.59,0.2542,0.441,0.6172,6.18,0.75,0,0
CAFE-007344,33.2,2,6,16.14,0.7047,0.6925,0.173,11.62,1.98,1,0
CAFE-007345,35.4,3,2,8.14,0.0758,0.4019,0.633,5.86,0.48,0,1
CAFE-007346,17.3,6,7,18.5,0.7967,0.6275,0.7895,13.32,2.54,0,1
CAFE-007347,12.7,1,6,14.91,0.471,0.3432,0.6868,10.74,1.59,0,0
CAFE-007348,25.3,7,1,22.4,0.8614,0.329,0.5762,16.13,3.16,1,0
CAFE-007349,30.8,1,2,16.74,0.7708,0.4062,0.3536,12.05,2.18,0,0
CAFE-007350,35.2,6,12,21.22,0.7425,0.8604,0.7146,15.28,2.66,0,1
CAFE-007351,19.3,3,1,14.18,0.6765,0.2915,0.779,10.21,1.77,0,0
CAFE-007352,8.0,3,4,12.75,0.4302,0.6449,0.5828,9.18,1.33,0,0
CAFE-007353,20.5,5,6,14.49,0.8002,0.2527,0.7284,10.43,1.98,0,0
CAFE-007354,30.5,2,3,17.3,0.5215,0.8249,0.5584,12.46,1.82,1,1
CAFE-007355,43.4,5,4,16.42,0.3661,0.514,0.4899,11.82,1.4,0,0
CAFE-007356,20.6,1,11,11.17,0.4209,0.7118,0.4587,8.04,1.1,1,0
CAFE-007357,21.8,0,9,15.23,0.6314,0.069,0.371,10.97,1.82,1,0
CAFE-007358,8.6,3,1,15.05,0.3045,0.2991,0.3691,10.84,1.37,1,0
CAFE-007359,27.9,2,6,14.95,0.5314,0.5989,0.5723,10.76,1.6,0,0
CAFE-007360,18.1,3,1,16.02,0.5034,0.7437,0.8206,11.53,1.73,1,0
CAFE-007361,2.3,1,12,21.98,0.9331,0.438,0.62,15.83,3.44,1,1
CAFE-007362,5.6,3,4,22.3,0.9742,0.6314,0.8934,16.06,3.55,1,1
CAFE-007363,11.2,2,3,11.85,0.4315,0.5175,0.2755,8.53,1.22,1,0
CAFE-007364,113.5,1,3,12.6,0.4028,0.66,0.2994,9.07,0.8,0,1
CAFE-007365,20.5,0,7,22.65,0.9739,0.1384,0.7773,16.31,3.49,1,1
CAFE-007366,32.9,1,6,13.74,0.7047,0.3375,0.1675,9.89,1.68,1,0
CAFE-007367,8.6,2,11,14.5,0.5147,0.5557,0.5762,10.44,1.63,0,0
CAFE-007368,15.7,2,2,15.81,0.3878,0.6466,0.6792,11.38,1.54,0,0
CAFE-007369,26.3,3,4,17.81,0.4819,0.5764,0.3685,12.82,1.83,1,0
CAFE-007370,26.1,0,1,6.9,0.1132,0.4561,0.2097,4.97,0.45,0,0
CAFE-007371,40.7,2,3,18.33,0.5613,0.4617,0.5014,13.2,1.93,0,0
CAFE-007372,54.5,3,2,19.28,0.5599,0.855,0.3863,13.88,1.94,1,0
CAFE-007373,5.8,6,5,15.04,0.5934,0.2403,0.7792,10.83,1.82,0,1
CAFE-007374,15.1,1,5,19.74,0.6988,0.3162,0.3084,14.21,2.54,0,0
CAFE-007375,32.7,1,5,16.47,0.5552,0.3136,0.3988,11.86,1.77,1,1
CAFE-007376,21.6,5,1,15.03,0.3928,0.7415,0.6299,10.82,1.44,0,0
CAFE-007377,37.7,0,1,15.81,0.2448,0.6652,0.2707,11.38,1.18,1,0
CAFE-007378,12.3,4,7,15.46,0.7142,0.3484,0.7855,11.13,2.03,0,1
CAFE-007379,2.7,0,2,9.4,0.147,0.4807,0.7771,6.77,0.73,0,0
CAFE-007380,18.7,0,3,10.84,0.2272,0.6014,0.1995,7.8,0.87,1,0
CAFE-007381,37.1,3,11,19.24,0.8573,0.2371,0.7904,13.85,2.62,1,1
CAFE-007382,16.7,2,6,11.94,0.4914,0.2947,0.7307,8.6,1.28,0,0
CAFE-007383,49.5,5,4,14.61,0.5442,0.1603,0.1551,10.52,1.47,1,0
CAFE-007384,64.1,0,2,14.1,0.3026,0.7786,0.7343,10.15,1.0,1,0
CAFE-007385,34.9,4,9,21.75,0.828,0.4828,0.364,15.66,2.92,0,1
CAFE-007386,38.6,5,7,18.29,0.8907,0.5318,0.773,13.17,2.55,0,0
CAFE-007387,12.2,0,8,18.3,0.7743,0.3161,0.4247,13.18,2.51,0,0
CAFE-007388,20.3,1,4,20.49,0.7005,0.7068,0.5512,14.75,2.6,0,0
CAFE-007389,38.7,3,8,14.75,0.6807,0.4026,0.2786,10.62,1.74,0,0
CAFE-007390,45.7,2,2,12.38,0.2911,0.7285,0.638,8.91,0.95,0,0
CAFE-007391,32.0,3,4,11.48,0.3168,0.4629,0.2422,8.27,0.97,1,0
CAFE-007392,24.1,2,3,13.8,0.6418,0.5979,0.8648,9.94,1.65,1,0
CAFE-007393,10.0,1,7,18.37,0.6546,0.1503,0.6194,13.23,2.31,0,0
CAFE-007394,30.5,0,7,9.97,0.3531,0.3146,0.1671,7.18,0.88,0,0
CAFE-007395,17.4,1,5,12.39,0.3156,0.6034,0.682,8.92,1.11,0,0
CAFE-007396,12.7,3,4,14.31,0.5056,0.4758,0.5514,10.3,1.57,1,0
CAFE-007397,14.0,0,4,9.16,0.3132,0.8041,0.6892,6.6,0.83,0,1
CAFE-007398,10.0,2,12,20.06,0.9153,0.2946,0.7721,14.44,3.05,0,0
CAFE-007399,16.4,2,2,15.9,0.5127,0.1021,0.2954,11.45,1.74,0,0
CAFE-007400,37.9,0,1,11.78,0.383,0.3424,0.8688,8.48,1.04,0,0
CAFE-007401,26.1,2,7,17.04,0.5161,0.8942,0.5108,12.27,1.81,0,1
CAFE-007402,10.8,3,4,20.12,0.5776,0.3976,0.4643,14.49,2.37,0,1
CAFE-007403,56.5,0,4,11.6,0.3484,0.1885,0.286,8.35,0.91,0,0
CAFE-007404,26.0,3,2,14.48,0.4413,0.7438,0.5696,10.43,1.43,1,1
CAFE-007405,31.5,2,4,19.85,0.8382,0.5612,0.733,14.29,2.71,1,0
CAFE-007406,110.2,2,1,9.48,0.256,0.4573,0.4367,6.83,0.47,0,0
CAFE-007407,5.9,3,7,17.89,0.7002,0.7236,0.8404,12.88,2.36,0,1
CAFE-007408,13.5,2,2,12.02,0.1486,0.2883,0.3115,8.65,0.89,1,0
CAFE-007409,11.4,6,6,19.79,0.9367,0.73,0.4976,14.25,3.04,0,0
CAFE-007410,13.5,2,6,13.99,0.3713,0.2971,0.3601,10.07,1.35,0,1
CAFE-007411,41.8,0,2,11.92,0.3164,0.3325,0.4565,8.58,0.96,0,0
CAFE-007412,50.9,2,4,16.88,0.2921,0.2969,0.8477,12.15,1.26,0,0
CAFE-007413,14.9,2,3,17.09,0.6383,0.5133,0.2218,12.3,2.09,1,0
CAFE-007414,32.1,3,2,14.01,0.4701,0.6455,0.3885,10.09,1.39,0,1
CAFE-007415,64.0,0,2,7.65,0.1505,0.3627,0.3498,5.51,0.43,0,0
CAFE-007416,24.0,6,6,17.75,0.9152,0.7762,0.464,12.78,2.61,1,0
CAFE-007417,27.6,5,10,18.94,0.7741,0.6558,0.2691,13.64,2.49,1,0
CAFE-007418,38.3,0,1,9.0,0.0884,0.7175,0.1084,6.48,0.53,0,0
CAFE-007419,33.1,3,6,15.48,0.7646,0.4509,0.2907,11.15,1.99,0,0
CAFE-007420,52.0,3,3,13.45,0.4924,0.8682,0.332,9.68,1.27,0,0
CAFE-007421,20.8,5,2,14.34,0.4676,0.3497,0.5129,10.32,1.48,0,0
CAFE-007422,6.8,2,6,12.86,0.4288,0.5372,0.4844,9.26,1.34,0,1
CAFE-007423,14.3,3,2,14.23,0.4694,0.4397,0.3565,10.25,1.51,0,1
CAFE-007424,30.3,5,6,23.12,0.9744,0.5554,0.626,16.65,3.48,1,0
CAFE-007425,27.6,3,1,18.1,0.484,0.6084,0.3205,13.03,1.85,0,0
CAFE-007426,36.3,3,1,16.47,0.5116,0.4607,0.5149,11.86,1.68,1,0
CAFE-007427,6.7,1,1,10.93,0.3868,0.7485,0.5555,7.87,1.1,1,0
CAFE-007428,9.4,1,6,14.62,0.6674,0.5249,0.4298,10.53,1.86,0,0
CAFE-007429,24.9,2,10,17.13,0.7116,0.4183,0.8318,12.33,2.16,1,1
CAFE-007430,3.8,7,9,19.49,0.9579,0.481,0.6198,14.03,3.09,0,1
CAFE-007431,38.8,5,7,12.54,0.3573,0.5277,0.222,9.03,1.08,0,1
CAFE-007432,23.3,4,9,17.7,0.7503,0.5876,0.2491,12.74,2.31,0,1
CAFE-007433,10.9,3,9,17.87,0.6197,0.3018,0.404,12.87,2.18,0,1
CAFE-007434,7.0,2,7,16.46,0.7371,0.5095,0.4566,11.85,2.23,0,1
CAFE-007435,15.2,1,10,18.45,0.731,0.8589,0.8074,13.28,2.43,0,1
CAFE-007436,31.6,1,2,17.76,0.3982,0.182,0.1836,12.79,1.64,0,0
CAFE-007437,42.6,3,1,8.82,0.1961,0.6579,0.5462,6.35,0.6,0,0
CAFE-007438,9.4,1,1,14.48,0.3184,0.2673,0.239,10.43,1.34,0,0
CAFE-007439,41.5,0,1,9.93,0.0798,0.4588,0.4176,7.15,0.57,0,0
CAFE-007440,2.3,5,6,20.01,0.7097,0.3968,0.4217,14.41,2.68,0,1
CAFE-007441,9.8,1,5,19.3,0.8388,0.3488,0.4353,13.9,2.79,1,0
CAFE-007442,27.8,2,3,17.79,0.6414,0.5506,0.7917,12.81,2.1,1,1
CAFE-007443,17.2,1,7,13.9,0.2976,0.8569,0.3926,10.01,1.22,0,1
CAFE-007444,18.6,2,4,12.85,0.6888,0.6863,0.5319,9.25,1.62,0,0
CAFE-007445,33.7,3,5,12.09,0.5379,0.7154,0.3341,8.7,1.28,1,1
CAFE-007446,12.2,3,4,20.87,0.8427,0.4551,0.3212,15.03,3.0,1,1
CAFE-007447,6.7,4,4,11.85,0.5906,0.2709,0.3743,8.53,1.43,0,0
CAFE-007448,89.9,5,8,18.53,0.801,0.3918,0.5213,13.34,2.07,1,0
CAFE-007449,8.6,3,6,20.1,0.7567,0.3069,0.6535,14.47,2.75,0,0
CAFE-007450,12.8,0,2,10.29,0.232,0.5738,0.6336,7.41,0.85,0,0
CAFE-007451,26.6,1,9,16.41,0.7227,0.6013,0.4834,11.82,2.08,1,0
CAFE-007452,9.5,5,6,19.56,0.8289,0.1335,0.5081,14.08,2.81,1,1
CAFE-007453,5.0,0,3,12.5,0.206,0.6779,0.6774,9.0,1.03,0,0
CAFE-007454,24.6,3,7,15.99,0.8496,0.2023,0.3771,11.51,2.24,0,0
CAFE-007455,19.5,1,6,19.75,0.7654,0.6245,0.2259,14.22,2.64,1,1
CAFE-007456,17.6,1,5,7.18,0.2647,0.4237,0.7907,5.17,0.6,1,0
CAFE-007457,15.0,3,3,17.0,0.5313,0.3721,0.833,12.24,1.9,1,1
CAFE-007458,33.7,0,5,13.98,0.3468,0.7645,0.7168,10.07,1.21,0,1
CAFE-007459,67.2,9,8,16.45,0.7838,0.7164,0.6731,11.84,1.94,0,0
CAFE-007460,1.1,1,4,13.69,0.292,0.3552,0.7947,9.86,1.27,0,0
CAFE-007461,16.6,2,7,17.98,0.9747,0.7055,0.738,12.95,2.8,0,0
CAFE-007462,44.5,2,4,16.81,0.778,0.3863,0.6912,12.1,2.11,0,0
CAFE-007463,18.4,6,5,11.66,0.6202,0.4429,0.8658,8.4,1.39,0,1
CAFE-007464,24.6,0,1,8.7,0.1711,0.4522,0.0744,6.26,0.63,0,0
CAFE-007465,10.0,2,8,17.03,0.6306,0.2446,0.7696,12.26,2.1,0,0
CAFE-007466,6.0,2,5,18.75,0.8142,0.2283,0.4384,13.5,2.69,0,0
CAFE-007467,35.1,3,4,12.42,0.323,0.6033,0.5696,8.94,1.04,1,0
CAFE-007468,14.4,4,10,20.87,0.9818,0.5421,0.4334,15.03,3.28,1,1
CAFE-007469,78.1,3,5,14.63,0.5999,0.3536,0.4023,10.53,1.4,0,0
CAFE-007470,29.3,3,1,16.06,0.5489,0.6817,0.7758,11.56,1.74,0,0
CAFE-007471,52.7,1,3,14.62,0.4929,0.5603,0.4903,10.53,1.38,0,0
CAFE-007472,28.1,5,2,11.06,0.3127,0.5089,0.393,7.96,0.94,0,0
CAFE-007473,33.7,1,5,17.25,0.3712,0.3234,0.6752,12.42,1.54,1,0
CAFE-007474,35.9,6,5,10.95,0.502,0.6154,0.3277,7.88,1.11,0,0
CAFE-007475,14.0,1,5,15.06,0.5894,0.0928,0.6036,10.84,1.78,1,0
CAFE-007476,8.5,4,11,15.07,0.5764,0.5478,0.5864,10.85,1.79,0,0
CAFE-007477,17.5,3,5,19.17,0.8613,0.5311,0.4865,13.8,2.76,0,0
CAFE-007478,3.0,4,11,16.13,0.6863,0.4416,0.7105,11.61,2.12,0,1
CAFE-007479,34.9,2,0,16.38,0.2835,0.3346,0.4636,11.79,1.31,0,0
CAFE-007480,30.6,4,11,18.73,0.5605,0.1948,0.6862,13.49,2.04,0,0
CAFE-007481,10.5,3,5,16.56,0.5556,0.2013,0.6251,11.92,1.92,0,1
CAFE-007482,13.9,1,0,8.11,0.1226,0.3382,0.4617,5.84,0.58,0,0
CAFE-007483,72.9,1,1,9.59,0.3855,0.6029,0.2269,6.9,0.73,0,0
CAFE-007484,19.7,2,4,18.18,0.5602,0.6626,0.6931,13.09,2.05,0,0
CAFE-007485,32.5,2,3,11.79,0.219,0.6479,0.2103,8.49,0.87,1,0
CAFE-007486,44.9,4,8,16.44,0.7834,0.5907,0.4508,11.84,2.07,1,1
CAFE-007487,14.3,1,3,8.13,0.2033,0.5545,0.6099,5.85,0.64,0,0
CAFE-007488,62.4,2,7,13.66,0.3618,0.6859,0.4698,9.84,1.06,1,1
CAFE-007489,14.7,0,7,19.53,0.6724,0.5952,0.6726,14.06,2.46,0,1
CAFE-007490,17.4,2,7,16.73,0.4754,0.7262,0.1162,12.05,1.76,1,1
CAFE-007491,114.5,2,1,14.67,0.3374,0.5722,0.2915,10.56,0.83,1,0
CAFE-007492,21.4,2,6,15.71,0.4278,0.247,0.2794,11.31,1.56,0,0
CAFE-007493,27.0,4,8,18.14,0.8667,0.3077,0.6141,13.06,2.56,1,1
CAFE-007494,37.6,1,3,9.24,0.2662,0.8967,0.2473,6.65,0.71,0,0
CAFE-007495,30.0,0,7,12.96,0.675,0.4795,0.3888,9.33,1.56,1,0
CAFE-007496,31.7,0,6,12.76,0.1271,0.3752,0.1893,9.19,0.83,1,1
CAFE-007497,33.5,1,3,12.83,0.2812,0.7057,0.635,9.24,1.03,0,1
CAFE-007498,23.9,4,2,15.89,0.7211,0.6115,0.8379,11.44,2.03,0,0
CAFE-007499,34.2,1,11,16.98,0.6687,0.803,0.7354,12.23,2.01,0,1
CAFE-007500,11.4,3,3,9.77,0.2209,0.8154,0.5104,7.03,0.8,0,1
CAFE-007501,17.5,2,5,16.09,0.6225,0.8225,0.5332,11.58,1.93,1,1
CAFE-007502,42.7,4,5,15.24,0.4079,0.3065,0.2311,10.97,1.36,0,0
CAFE-007503,19.7,1,5,17.45,0.4616,0.8092,0.3055,12.56,1.8,1,0
CAFE-007504,15.5,4,3,14.23,0.4749,0.6843,0.6202,10.25,1.51,0,0
CAFE-007505,22.1,2,3,11.92,0.4115,0.5275,0.418,8.58,1.16,1,0
CAFE-007506,50.6,2,10,17.34,0.9143,0.5578,0.4623,12.48,2.38,0,0
CAFE-007507,57.6,4,9,17.83,0.749,0.4098,0.6843,12.84,2.11,0,0
CAFE-007508,29.1,0,2,5.0,0.1296,0.2886,0.453,3.6,0.33,0,0
CAFE-007509,108.9,0,4,7.57,0.1688,0.6696,0.4495,5.45,0.32,0,0
CAFE-007510,56.6,2,4,14.71,0.5839,0.8196,0.5498,10.59,1.5,1,0
CAFE-007511,12.2,2,2,13.07,0.5158,0.2009,0.8576,9.41,1.45,0,1
CAFE-007512,40.9,0,4,14.32,0.2259,0.5221,0.6399,10.31,1.03,0,0
CAFE-007513,43.0,3,4,13.64,0.6004,0.5298,0.4484,9.82,1.48,1,0
CAFE-007514,9.8,1,8,18.21,0.5518,0.3772,0.1369,13.11,2.11,0,1
CAFE-007515,14.4,1,5,16.71,0.6647,0.8043,0.752,12.03,2.09,1,1
CAFE-007516,26.9,0,7,12.66,0.3498,0.9148,0.7129,9.12,1.13,0,0
CAFE-007517,5.6,1,6,16.0,0.678,0.43,0.6518,11.52,2.08,0,0
CAFE-007518,20.9,4,6,19.22,0.8631,0.3746,0.5327,13.84,2.74,0,0
CAFE-007519,8.2,2,7,16.19,0.5023,0.664,0.2229,11.66,1.8,1,0
CAFE-007520,47.5,1,3,13.34,0.3335,0.5408,0.273,9.6,1.07,1,0
CAFE-007521,87.3,1,3,9.04,0.2199,0.5537,0.4583,6.51,0.49,0,0
CAFE-007522,4.3,1,7,19.26,0.7005,0.4896,0.4482,13.87,2.55,1,0
CAFE-007523,10.8,1,1,6.54,0.1271,0.3095,0.6249,4.71,0.48,0,0
CAFE-007524,31.0,1,6,22.54,0.8886,0.5253,0.6676,16.23,3.19,0,1
CAFE-007525,28.0,3,13,15.61,0.6127,0.8391,0.831,11.24,1.8,1,1
CAFE-007526,23.0,1,3,19.51,0.8475,0.189,0.3727,14.05,2.74,0,1
CAFE-007527,34.0,3,3,19.62,0.7669,0.4397,0.2767,14.13,2.52,0,0
CAFE-007528,22.0,3,12,18.13,0.8085,0.5863,0.4604,13.05,2.48,1,1
CAFE-007529,71.4,0,5,20.15,0.5111,0.3803,0.3318,14.51,1.8,0,0
CAFE-007530,22.5,1,8,10.18,0.5348,0.3809,0.5201,7.33,1.11,1,0
CAFE-007531,17.5,4,8,21.63,0.7363,0.6386,0.686,15.57,2.84,1,0
CAFE-007532,15.8,1,10,16.17,0.5479,0.4288,0.5354,11.64,1.83,1,1
CAFE-007533,31.8,5,1,15.35,0.551,0.3689,0.182,11.05,1.65,0,0
CAFE-007534,21.1,1,1,12.83,0.2088,0.4771,0.2313,9.24,0.99,1,0
CAFE-007535,26.2,2,5,9.13,0.4774,0.8026,0.5239,6.57,0.93,0,0
CAFE-007536,92.8,2,0,9.89,0.1136,0.6439,0.631,7.12,0.41,0,0
CAFE-007537,11.6,0,0,7.89,0.1492,0.2273,0.4514,5.68,0.59,1,0
CAFE-007538,13.7,4,9,14.36,0.7606,0.5818,0.3828,10.34,1.94,0,0
CAFE-007539,2.7,2,1,16.17,0.5657,0.4889,0.2535,11.64,1.93,0,0
CAFE-007540,47.6,2,1,15.99,0.6002,0.5516,0.169,11.51,1.71,0,0
CAFE-007541,43.5,3,5,18.29,0.6411,0.2323,0.3586,13.17,2.06,1,1
CAFE-007542,8.2,2,5,20.66,0.7633,0.6518,0.6492,14.88,2.84,1,0
CAFE-007543,75.6,3,2,15.23,0.5451,0.4949,0.7873,10.97,1.39,0,0
CAFE-007544,2.1,0,5,8.27,0.2573,0.3765,0.2789,5.95,0.74,0,0
CAFE-007545,19.2,4,5,15.55,0.7109,0.3165,0.7251,11.2,1.99,1,1
CAFE-007546,52.3,1,2,9.85,0.3191,0.4857,0.2674,7.09,0.76,0,0
CAFE-007547,8.1,5,4,17.85,0.8032,0.3744,0.6783,12.85,2.52,1,0
CAFE-007548,58.0,2,5,10.13,0.3841,0.5235,0.2065,7.29,0.83,0,0
CAFE-007549,68.2,0,6,13.38,0.3124,0.6454,0.6809,9.63,0.95,0,0
CAFE-007550,8.7,5,7,18.81,0.7209,0.164,0.8137,13.54,2.5,0,1
CAFE-007551,25.8,1,7,18.56,0.5605,0.6589,0.2278,13.36,2.06,1,0
CAFE-007552,29.5,6,3,10.14,0.3996,0.8656,0.5553,7.3,0.95,0,0
CAFE-007553,7.5,5,8,12.55,0.5832,0.5526,0.2835,9.04,1.5,0,0
CAFE-007554,12.5,2,10,16.19,0.5769,0.2719,0.6139,11.66,1.9,1,1
CAFE-007555,27.3,4,9,15.26,0.8951,0.215,0.8623,10.99,2.19,0,0
CAFE-007556,25.7,2,3,17.58,0.4078,0.7048,0.3243,12.66,1.68,0,0
CAFE-007557,3.5,4,6,13.05,0.4616,0.5983,0.6392,9.4,1.42,0,0
CAFE-007558,33.1,1,4,14.72,0.5905,0.2722,0.2078,10.6,1.64,1,0
CAFE-007559,94.3,1,7,13.64,0.3729,0.2564,0.4116,9.82,0.92,0,0
CAFE-007560,19.6,1,12,15.27,0.7094,0.2202,0.7708,10.99,1.95,1,0
CAFE-007561,35.2,2,3,13.8,0.4523,0.6414,0.3213,9.94,1.33,1,0
CAFE-007562,13.2,4,3,14.01,0.4926,0.3264,0.3038,10.09,1.52,0,1
CAFE-007563,7.6,1,5,15.04,0.7748,0.2394,0.7835,10.83,2.09,1,0
CAFE-007564,35.1,2,1,13.01,0.506,0.5581,0.277,9.37,1.33,1,0
CAFE-007565,8.4,2,7,17.01,0.852,0.5106,0.7251,12.25,2.49,0,0
CAFE-007566,15.5,4,3,16.22,0.6297,0.3056,0.4936,11.68,1.97,1,0
CAFE-007567,27.5,1,4,16.92,0.5844,0.3407,0.8262,12.18,1.9,0,0
CAFE-007568,17.3,1,7,18.13,0.9771,0.4762,0.3084,13.05,2.82,0,0
CAFE-007569,9.5,4,4,23.1,0.9062,0.3082,0.76,16.63,3.49,1,1
CAFE-007570,29.8,0,0,11.25,0.0938,0.4519,0.5496,8.1,0.7,0,0
CAFE-007571,14.4,2,5,13.03,0.5404,0.8215,0.528,9.38,1.47,0,1
CAFE-007572,7.6,5,8,15.83,0.7644,0.6618,0.6937,11.4,2.18,0,0
CAFE-007573,25.6,1,1,5.0,0.047,0.8778,0.2795,3.6,0.3,0,0
CAFE-007574,72.4,1,2,9.01,0.1947,0.2485,0.2822,6.49,0.52,0,0
CAFE-007575,77.4,0,1,10.84,0.2627,0.4879,0.2487,7.8,0.68,1,1
CAFE-007576,12.5,0,4,11.2,0.2058,0.4521,0.6724,8.06,0.9,0,0
CAFE-007577,35.2,3,6,15.05,0.5679,0.4363,0.4314,10.84,1.63,0,1
CAFE-007578,17.6,2,2,17.6,0.6938,0.3909,0.3716,12.67,2.24,0,0
CAFE-007579,30.4,4,4,17.1,0.7105,0.501,0.8235,12.31,2.12,1,0
CAFE-007580,15.4,4,8,11.04,0.5389,0.8669,0.4261,7.95,1.24,0,0
CAFE-007581,120.0,0,5,11.37,0.3218,0.3773,0.3921,8.19,0.6,0,0
CAFE-007582,42.0,1,5,10.79,0.7247,0.1379,0.69,7.77,1.31,0,0
CAFE-007583,25.1,2,4,16.86,0.5283,0.3279,0.7187,12.14,1.82,1,0
CAFE-007584,39.2,3,1,17.39,0.5776,0.5936,0.3523,12.52,1.87,0,0
CAFE-007585,26.7,7,10,20.0,0.8162,0.2813,0.347,14.4,2.72,0,1
CAFE-007586,8.7,2,3,13.43,0.3525,0.5177,0.4011,9.67,1.29,1,0
CAFE-007587,9.7,2,3,15.31,0.3863,0.4682,0.4112,11.02,1.52,0,0
CAFE-007588,5.4,5,5,14.93,0.5278,0.4689,0.7713,10.75,1.71,0,0
CAFE-007589,28.2,3,3,10.13,0.473,0.4217,0.2066,7.29,1.02,0,0
CAFE-007590,33.0,2,4,17.44,0.7545,0.7813,0.481,12.56,2.22,1,0
CAFE-007591,62.5,1,2,11.83,0.3346,0.8147,0.1855,8.52,0.89,1,0
CAFE-007592,30.2,2,2,12.57,0.2907,0.6957,0.5836,9.05,1.03,0,0
CAFE-007593,15.1,0,5,16.92,0.5236,0.5596,0.181,12.18,1.88,0,0
CAFE-007594,7.0,3,3,12.15,0.4298,0.6713,0.3596,8.75,1.27,0,0
CAFE-007595,15.8,3,1,17.06,0.5215,0.7065,0.5565,12.28,1.88,0,0
CAFE-007596,25.3,0,6,13.01,0.4734,0.4291,0.8773,9.37,1.33,0,0
CAFE-007597,20.8,2,9,19.43,0.6314,0.4121,0.7571,13.99,2.32,0,0
CAFE-007598,34.4,3,7,14.09,0.4228,0.3133,0.5504,10.14,1.32,1,0
CAFE-007599,25.9,2,1,17.45,0.6068,0.3108,0.4136,12.56,2.01,0,0
CAFE-007600,35.3,0,4,15.57,0.5299,0.575,0.6984,11.21,1.62,0,0
CAFE-007601,40.1,4,5,9.79,0.2527,0.4123,0.667,7.05,0.73,0,0
CAFE-007602,41.0,2,9,19.73,0.8679,0.5923,0.5794,14.21,2.68,0,0
CAFE-007603,21.0,2,3,10.06,0.3941,0.5724,0.56,7.24,0.96,1,1
CAFE-007604,16.1,2,8,17.86,0.613,0.5643,0.3829,12.86,2.13,0,0
CAFE-007605,30.1,7,5,19.38,0.7758,0.7906,0.6396,13.95,2.53,0,1
CAFE-007606,43.5,4,9,13.34,0.5003,0.5324,0.6025,9.6,1.31,0,0
CAFE-007607,8.5,4,8,20.4,0.7616,0.1468,0.7527,14.69,2.8,1,0
CAFE-007608,26.6,0,5,9.72,0.4579,0.3055,0.4486,7.0,0.97,0,0
CAFE-007609,16.6,3,5,12.82,0.6079,0.5856,0.6119,9.23,1.52,0,0
CAFE-007610,28.7,2,6,16.08,0.3162,0.333,0.549,11.58,1.37,0,0
CAFE-007611,24.1,1,1,5.37,0.0561,0.3548,0.5577,3.87,0.33,0,0
CAFE-007612,25.8,0,0,11.99,0.0207,0.2107,0.6957,8.63,0.68,0,1
CAFE-007613,75.3,2,0,13.26,0.5384,0.5123,0.751,9.55,1.2,0,0
CAFE-007614,11.2,4,4,14.02,0.4031,0.7117,0.4393,10.09,1.41,1,1
CAFE-007615,30.2,1,2,13.55,0.2175,0.9199,0.1738,9.76,1.01,0,0
CAFE-007616,3.2,0,5,22.63,0.6852,0.6723,0.5532,16.29,2.97,0,1
CAFE-007617,5.5,6,5,15.44,0.7856,0.4432,0.5153,11.12,2.17,0,1
CAFE-007618,16.3,6,4,20.08,0.8289,0.3136,0.3126,14.46,2.83,0,0
CAFE-007619,19.3,2,1,14.53,0.3228,0.8194,0.5208,10.46,1.3,0,0
CAFE-007620,80.4,1,3,15.17,0.2758,0.3809,0.4144,10.92,0.95,0,0
CAFE-007621,30.8,2,2,13.36,0.4485,0.193,0.6778,9.62,1.31,0,0
CAFE-007622,8.8,6,6,20.35,0.7098,0.5263,0.3187,14.65,2.68,0,0
CAFE-007623,17.4,2,4,19.1,0.8144,0.6295,0.6862,13.75,2.66,0,0
CAFE-007624,38.2,0,7,9.18,0.516,0.5461,0.3884,6.61,0.93,1,0
CAFE-007625,6.7,1,7,15.74,0.5034,0.4044,0.551,11.33,1.76,0,0
CAFE-007626,103.2,1,6,16.89,0.3702,0.4267,0.306,12.16,1.08,0,0
CAFE-007627,18.3,2,5,16.29,0.759,0.5515,0.3839,11.73,2.17,1,1
CAFE-007628,29.2,4,3,15.16,0.6112,0.3388,0.6695,10.92,1.74,0,0
CAFE-007629,22.7,2,7,16.21,0.6007,0.7927,0.5524,11.67,1.88,0,0
CAFE-007630,65.3,1,4,14.75,0.5345,0.71,0.3311,10.62,1.39,0,0
CAFE-007631,40.1,0,0,8.81,0.2058,0.8227,0.2641,6.34,0.62,0,0
CAFE-007632,10.6,2,5,18.58,0.7316,0.6245,0.6533,13.38,2.48,0,1
CAFE-007633,26.5,3,8,16.96,0.6198,0.5538,0.5396,12.21,1.97,0,0
CAFE-007634,12.6,3,10,19.99,0.8424,0.223,0.4785,14.39,2.87,1,1
CAFE-007635,28.0,4,7,16.89,0.7471,0.5265,0.407,12.16,2.17,0,1
CAFE-007636,21.8,0,1,5.0,0.0197,0.6122,0.0975,3.6,0.29,0,0
CAFE-007637,7.6,5,6,17.29,0.8864,0.1638,0.9483,12.45,2.59,1,1
CAFE-007638,8.2,4,4,20.61,0.798,0.3204,0.6178,14.84,2.9,1,0
CAFE-007639,7.1,3,6,12.97,0.6874,0.4608,0.509,9.34,1.69,0,0
CAFE-007640,13.2,2,1,14.46,0.5126,0.6986,0.1009,10.41,1.6,1,0
CAFE-007641,8.9,4,8,19.82,0.727,0.3656,0.2501,14.27,2.65,0,1
CAFE-007642,14.4,1,1,15.43,0.6686,0.3815,0.7303,11.11,1.94,0,0
CAFE-007643,27.6,1,2,13.93,0.3884,0.5023,0.3892,10.03,1.29,0,1
CAFE-007644,8.8,2,9,19.22,0.9274,0.5216,0.6826,13.84,2.95,0,0
CAFE-007645,25.6,3,6,14.26,0.8093,0.4177,0.3521,10.27,1.94,1,1
CAFE-007646,24.2,3,2,15.02,0.3899,0.3835,0.4023,10.81,1.42,1,0
CAFE-007647,34.8,2,4,10.96,0.5791,0.2158,0.5634,7.89,1.2,1,0
CAFE-007648,39.6,0,3,7.44,0.1283,0.5669,0.565,5.36,0.47,0,0
CAFE-007649,28.2,4,4,10.99,0.439,0.5071,0.2076,7.91,1.07,1,0
CAFE-007650,39.3,4,6,11.32,0.3778,0.6408,0.5217,8.15,0.99,0,0
CAFE-007651,11.8,2,7,17.21,0.6571,0.481,0.4012,12.39,2.16,0,0
CAFE-007652,23.7,1,2,13.23,0.4893,0.3928,0.4377,9.53,1.38,1,0
CAFE-007653,8.2,3,5,12.51,0.5479,0.7216,0.1936,9.01,1.45,0,0
CAFE-007654,70.0,2,6,13.98,0.6902,0.7765,0.364,10.07,1.51,0,1
CAFE-007655,9.4,4,11,19.13,0.9622,0.7353,0.7507,13.77,3.0,1,1
CAFE-007656,19.5,1,4,14.4,0.4181,0.2189,0.343,10.37,1.42,0,0
CAFE-007657,10.7,1,3,13.11,0.4851,0.5267,0.4935,9.44,1.42,0,0
CAFE-007658,50.1,1,8,16.15,0.6323,0.4403,0.3607,11.63,1.76,0,0
CAFE-007659,17.7,5,6,18.7,0.6875,0.714,0.7526,13.46,2.36,1,1
CAFE-007660,8.8,1,4,15.48,0.5134,0.6537,0.5699,11.15,1.74,0,0
CAFE-007661,61.5,3,5,12.49,0.5056,0.72,0.6583,8.99,1.15,0,0
CAFE-007662,21.2,5,5,19.51,0.687,0.741,0.7887,14.05,2.44,0,0
CAFE-007663,14.8,2,4,6.69,0.156,0.7511,0.4827,4.82,0.5,0,0
CAFE-007664,97.1,1,2,14.83,0.4834,0.5878,0.761,10.68,1.15,1,0
CAFE-007665,26.4,3,1,12.2,0.2065,0.6687,0.5253,8.78,0.92,0,0
CAFE-007666,4.3,2,6,16.91,0.6453,0.4755,0.3855,12.18,2.15,0,0
CAFE-007667,11.5,1,3,14.09,0.4008,0.2758,0.2542,10.14,1.41,0,0
CAFE-007668,56.0,1,3,13.21,0.3088,0.7672,0.1395,9.51,0.99,0,0
CAFE-007669,20.3,1,10,20.98,0.559,0.3738,0.3455,15.11,2.36,0,0
CAFE-007670,14.1,1,1,8.57,0.2526,0.3668,0.5578,6.17,0.72,0,1
CAFE-007671,70.9,2,3,17.31,0.3315,0.5978,0.3285,12.46,1.24,0,0
CAFE-007672,38.1,0,1,11.58,0.0927,0.7662,0.3743,8.34,0.69,0,0
CAFE-007673,11.3,4,7,12.64,0.592,0.7474,0.1921,9.1,1.51,0,0
CAFE-007674,11.9,3,6,21.12,0.8043,0.7006,0.6363,15.21,2.96,0,0
CAFE-007675,13.2,5,8,21.8,0.9679,0.5263,0.4474,15.7,3.4,1,0
CAFE-007676,13.8,2,3,11.09,0.3073,0.6337,0.1684,7.98,1.0,0,0
CAFE-007677,40.4,4,4,16.47,0.6985,0.4455,0.7773,11.86,1.96,0,1
CAFE-007678,6.0,1,4,14.34,0.3441,0.6011,0.3868,10.32,1.38,0,0
CAFE-007679,40.8,2,1,11.76,0.1797,0.2775,0.3618,8.47,0.79,0,0
CAFE-007680,17.8,3,4,10.3,0.5475,0.2707,0.5458,7.42,1.16,1,1
CAFE-007681,8.7,3,6,17.95,0.8465,0.5137,0.4022,12.92,2.61,1,1
CAFE-007682,17.7,1,2,12.94,0.2425,0.1628,0.6269,9.32,1.06,1,0
CAFE-007683,24.3,3,7,12.4,0.4776,0.5683,0.7453,8.93,1.28,0,0
CAFE-007684,20.8,4,3,13.99,0.424,0.4868,0.6378,10.07,1.38,0,0
CAFE-007685,0.7,1,13,15.0,0.6034,0.4231,0.4612,10.8,1.86,0,0
CAFE-007686,24.4,4,5,20.04,0.807,0.364,0.5377,14.43,2.72,0,0
CAFE-007687,57.6,2,8,12.65,0.5673,0.6949,0.3412,9.11,1.26,0,0
CAFE-007688,13.9,4,4,18.58,0.5977,0.5006,0.2308,13.38,2.21,1,0
CAFE-007689,38.7,2,3,13.91,0.522,0.3007,0.1731,10.02,1.42,0,0
CAFE-007690,13.8,5,5,14.9,0.6879,0.2863,0.7203,10.73,1.9,1,0
CAFE-007691,26.2,4,3,22.64,0.8425,0.332,0.5482,16.3,3.14,0,1
CAFE-007692,1.2,1,4,11.76,0.1517,0.3184,0.7374,8.47,0.93,0,0
CAFE-007693,26.8,3,1,5.0,0.1709,0.8823,0.6735,3.6,0.36,0,0
CAFE-007694,5.2,1,3,10.45,0.3346,0.632,0.6914,7.52,1.0,0,1
CAFE-007695,25.0,4,9,20.16,0.8181,0.5783,0.5025,14.52,2.76,0,1
CAFE-007696,21.3,2,12,16.94,0.851,0.3889,0.5578,12.2,2.4,1,1
CAFE-007697,17.5,4,3,15.27,0.5741,0.7921,0.5831,10.99,1.76,0,0
CAFE-007698,46.6,0,4,7.22,0.071,0.3079,0.1178,5.2,0.39,0,0
CAFE-007699,31.6,0,4,18.09,0.4847,0.2836,0.508,13.02,1.83,0,0
CAFE-007700,2.7,1,7,12.47,0.5943,0.6159,0.5185,8.98,1.53,0,0
CAFE-007701,35.3,1,2,12.79,0.4116,0.5644,0.5536,9.21,1.18,0,0
CAFE-007702,15.1,1,5,21.29,0.7437,0.5559,0.5383,15.33,2.83,1,1
CAFE-007703,36.3,2,5,10.85,0.2658,0.3638,0.5143,7.81,0.84,1,1
CAFE-007704,9.1,4,6,14.8,0.3472,0.5746,0.5144,10.66,1.41,0,0
CAFE-007705,26.6,3,6,20.27,0.9002,0.2199,0.5527,14.59,2.93,0,1
CAFE-007706,26.4,3,3,9.66,0.4695,0.6328,0.462,6.96,0.98,1,1
CAFE-007707,31.5,4,6,19.92,0.6736,0.6642,0.8226,14.34,2.39,0,0
CAFE-007708,27.8,2,4,8.0,0.1888,0.7316,0.6271,5.76,0.58,0,0
CAFE-007709,23.1,4,8,16.07,0.4746,0.4788,0.6915,11.57,1.66,0,0
CAFE-007710,55.0,2,2,10.3,0.3859,0.7606,0.6211,7.42,0.85,0,0
CAFE-007711,14.5,2,6,17.94,0.714,0.2347,0.5804,12.92,2.34,1,0
CAFE-007712,7.8,0,2,15.39,0.3486,0.8136,0.6732,11.08,1.48,0,1
CAFE-007713,15.0,1,4,12.78,0.43,0.5249,0.7829,9.2,1.3,0,0
CAFE-007714,13.7,0,4,14.17,0.6227,0.3199,0.3966,10.2,1.72,1,0
CAFE-007715,45.0,0,4,15.36,0.2017,0.6195,0.7077,11.06,1.04,0,1
CAFE-007716,11.4,0,2,12.46,0.4894,0.288,0.4161,8.97,1.36,1,0
CAFE-007717,37.9,3,3,12.04,0.2792,0.1842,0.4858,8.67,0.94,0,1
CAFE-007718,12.5,1,3,15.24,0.479,0.4478,0.6723,10.97,1.64,0,0
CAFE-007719,30.3,3,5,15.65,0.5883,0.7018,0.8694,11.27,1.75,0,0
CAFE-007720,32.9,1,10,16.4,0.6216,0.9031,0.5411,11.81,1.87,0,0
CAFE-007721,28.5,2,4,15.54,0.6667,0.2586,0.3366,11.19,1.87,0,0
CAFE-007722,17.7,1,2,18.69,0.7733,0.6841,0.749,13.46,2.52,0,0
CAFE-007723,37.4,4,6,16.69,0.7701,0.2032,0.2876,12.02,2.13,0,1
CAFE-007724,7.8,4,3,15.22,0.6265,0.8384,0.7155,10.96,1.88,0,0
CAFE-007725,19.8,2,6,12.29,0.4802,0.2293,0.7165,8.85,1.29,1,0
CAFE-007726,24.2,4,4,16.38,0.816,0.6001,0.6353,11.79,2.24,0,0
CAFE-007727,43.0,2,4,15.14,0.5511,0.2109,0.267,10.9,1.57,0,0
CAFE-007728,17.1,3,6,17.85,0.6169,0.5711,0.8125,12.85,2.13,0,0
CAFE-007729,66.5,0,2,10.86,0.1114,0.4791,0.7283,7.82,0.56,0,0
CAFE-007730,20.7,3,2,13.37,0.4215,0.7382,0.3618,9.63,1.32,0,1
CAFE-007731,71.1,2,2,15.57,0.5709,0.7903,0.3601,11.21,1.49,0,0
CAFE-007732,33.6,0,4,15.23,0.5434,0.7083,0.6218,10.97,1.62,0,0
CAFE-007733,18.2,3,6,12.12,0.4054,0.566,0.1281,8.73,1.19,1,0
CAFE-007734,23.4,3,7,15.68,0.5576,0.2523,0.3428,11.29,1.75,1,0
CAFE-007735,34.4,3,6,15.09,0.6214,0.7041,0.421,10.86,1.72,1,0
CAFE-007736,52.5,1,0,5.02,0.0416,0.2799,0.1398,3.61,0.25,0,0
CAFE-007737,28.9,1,4,13.91,0.518,0.3343,0.4951,10.02,1.47,0,0
CAFE-007738,33.9,3,3,12.43,0.3319,0.3416,0.305,8.95,1.06,0,0
CAFE-007739,13.7,6,6,17.82,0.7183,0.3844,0.6711,12.83,2.33,0,1
CAFE-007740,13.2,4,7,16.6,0.6356,0.4355,0.4674,11.95,2.04,0,1
CAFE-007741,4.2,5,3,17.01,0.6012,0.656,0.89,12.25,2.09,0,0
CAFE-007742,30.9,0,2,9.03,0.1024,0.7737,0.7017,6.5,0.57,0,0
CAFE-007743,6.0,6,5,20.57,0.7147,0.7858,0.9276,14.81,2.74,0,0
CAFE-007744,49.8,2,2,13.35,0.2315,0.3842,0.5186,9.61,0.92,0,0
CAFE-007745,18.4,3,6,17.25,0.6287,0.5542,0.2823,12.42,2.07,1,1
CAFE-007746,19.8,7,14,14.17,0.5966,0.7409,0.711,10.2,1.65,1,1
CAFE-007747,82.5,0,4,14.14,0.4417,0.1512,0.721,10.18,1.11,0,0
CAFE-007748,11.8,3,9,19.97,0.9218,0.671,0.4357,14.38,3.03,0,1
CAFE-007749,43.8,2,6,17.28,0.596,0.5856,0.5092,12.44,1.86,0,1
CAFE-007750,14.3,5,3,17.4,0.7847,0.401,0.331,12.53,2.39,0,1
CAFE-007751,19.1,3,2,15.79,0.3547,0.3367,0.5508,11.37,1.46,0,0
CAFE-007752,10.1,1,2,16.29,0.6528,0.6087,0.4093,11.73,2.05,1,0
CAFE-007753,1.0,0,4,10.59,0.1901,0.4668,0.1991,7.62,0.88,0,0
CAFE-007754,24.3,0,1,7.69,0.1196,0.3026,0.5357,5.54,0.52,1,0
CAFE-007755,37.8,1,4,16.25,0.5793,0.2126,0.4634,11.7,1.76,0,1
CAFE-007756,25.7,3,3,13.14,0.5123,0.7775,0.8216,9.46,1.39,0,0
CAFE-007757,19.0,2,3,18.95,0.4641,0.5424,0.347,13.64,1.96,0,0
CAFE-007758,32.1,1,3,12.63,0.3374,0.7175,0.618,9.09,1.09,0,0
CAFE-007759,78.4,1,2,11.73,0.217,0.5198,0.4558,8.45,0.67,1,0
CAFE-007760,10.4,5,5,23.81,0.8687,0.2424,0.4125,17.14,3.5,1,0
CAFE-007761,2.5,2,1,12.95,0.3213,0.8502,0.4389,9.32,1.23,0,0
CAFE-007762,11.5,1,5,22.56,0.8011,0.5338,0.7424,16.24,3.16,0,0
CAFE-007763,18.1,5,1,18.98,0.9326,0.0479,0.6808,13.67,2.86,1,1
CAFE-007764,85.8,5,4,15.9,0.6444,0.6184,0.2414,11.45,1.55,0,0
CAFE-007765,33.6,1,5,17.42,0.6337,0.2412,0.6185,12.54,2.01,1,0
CAFE-007766,10.9,6,2,18.08,0.806,0.8402,0.8545,13.02,2.54,1,0
CAFE-007767,10.1,7,9,17.18,0.8371,0.6593,0.4187,12.37,2.48,1,0
CAFE-007768,49.7,9,8,19.69,0.856,0.6177,0.548,14.18,2.59,1,0
CAFE-007769,12.1,6,5,19.78,0.7672,0.3586,0.7521,14.24,2.7,1,0
CAFE-007770,10.5,3,13,17.57,0.8967,0.7015,0.8034,12.65,2.63,0,0
CAFE-007771,18.6,0,8,14.79,0.4638,0.3402,0.2664,10.65,1.53,0,0
CAFE-007772,92.3,0,5,11.76,0.2509,0.7813,0.2125,8.47,0.66,0,0
CAFE-007773,57.1,3,4,15.46,0.3505,0.9253,0.3635,11.13,1.21,0,0
CAFE-007774,13.2,5,7,20.74,0.8112,0.5202,0.5377,14.93,2.91,1,0
CAFE-007775,45.7,3,3,9.65,0.4398,0.2189,0.6337,6.95,0.88,0,0
CAFE-007776,12.2,3,7,22.21,0.7434,0.3111,0.4621,15.99,2.97,1,0
CAFE-007777,80.9,0,1,5.49,0.0523,0.4238,0.439,3.95,0.22,0,0
CAFE-007778,5.3,3,6,18.48,0.8346,0.1204,0.5293,13.31,2.69,0,1
CAFE-007779,12.1,1,3,11.87,0.4761,0.5774,0.4137,8.55,1.27,0,0
CAFE-007780,9.0,0,7,17.53,0.8129,0.4074,0.8063,12.62,2.49,1,0
CAFE-007781,120.0,0,3,12.32,0.4198,0.3295,0.5406,8.87,0.77,0,0
CAFE-007782,57.4,1,6,14.54,0.2278,0.5212,0.2057,10.47,0.96,0,0
CAFE-007783,45.8,1,6,12.18,0.4124,0.4683,0.3634,8.77,1.08,1,0
CAFE-007784,9.8,2,3,12.36,0.3935,0.6936,0.5122,8.9,1.23,1,1
CAFE-007785,25.1,1,3,10.37,0.3827,0.1859,0.2997,7.47,0.97,1,1
CAFE-007786,6.0,3,2,14.04,0.3557,0.6107,0.4261,10.11,1.37,0,0
CAFE-007787,18.1,4,7,19.47,0.8476,0.1851,0.4594,14.02,2.77,0,0
CAFE-007788,35.4,3,8,15.43,0.6486,0.4543,0.4023,11.11,1.79,0,0
CAFE-007789,44.4,2,7,12.18,0.4816,0.1093,0.6052,8.77,1.17,0,0
CAFE-007790,9.3,0,1,8.38,0.1833,0.8414,0.3111,6.03,0.66,1,0
CAFE-007791,22.3,2,2,9.04,0.427,0.5256,0.5847,6.51,0.89,0,0
CAFE-007792,12.6,0,2,11.94,0.196,0.6827,0.1143,8.6,0.94,0,0
CAFE-007793,20.1,0,4,8.03,0.1432,0.4694,0.1383,5.78,0.57,0,1
CAFE-007794,33.5,5,6,18.67,0.9071,0.6341,0.8447,13.44,2.66,1,1
CAFE-007795,8.6,2,4,14.74,0.5331,0.5262,0.6244,10.61,1.68,0,0
CAFE-007796,23.0,3,2,14.86,0.4323,0.4994,0.4285,10.7,1.47,0,0
CAFE-007797,6.9,5,6,18.96,0.742,0.1291,0.407,13.65,2.57,0,1
CAFE-007798,42.3,4,6,18.2,0.6213,0.4942,0.6858,13.1,2.02,0,0
CAFE-007799,30.0,1,1,11.16,0.1922,0.4324,0.4813,8.04,0.81,0,0
CAFE-007800,17.0,4,8,23.1,0.7552,0.7452,0.5581,16.63,3.08,1,1
CAFE-007801,7.8,1,1,10.04,0.1961,0.409,0.8185,7.23,0.81,1,1
CAFE-007802,96.0,1,2,11.34,0.151,0.7659,0.7578,8.16,0.51,0,0
CAFE-007803,25.1,2,2,11.71,0.2831,0.3285,0.1821,8.43,0.98,1,0
CAFE-007804,9.1,2,4,17.37,0.5811,0.2823,0.2516,12.51,2.06,0,1
CAFE-007805,37.2,3,6,12.23,0.4835,0.3872,0.522,8.81,1.21,0,0
CAFE-007806,38.5,0,2,8.34,0.1437,0.7468,0.4763,6.0,0.54,0,0
CAFE-007807,11.4,4,7,16.35,0.7928,0.1397,0.6681,11.77,2.28,1,0
CAFE-007808,37.8,1,5,12.04,0.394,0.5703,0.4593,8.67,1.08,1,0
CAFE-007809,71.2,4,3,15.66,0.573,0.6411,0.6821,11.28,1.5,0,0
CAFE-007810,2.6,1,6,14.89,0.7409,0.3423,0.5077,10.72,2.04,0,0
CAFE-007811,8.4,4,3,16.49,0.6086,0.541,0.6066,11.87,2.01,0,0
CAFE-007812,14.4,3,1,9.04,0.3745,0.4201,0.3608,6.51,0.87,1,0
CAFE-007813,12.2,3,6,23.79,0.9006,0.1566,0.4986,17.13,3.56,0,0
CAFE-007814,53.7,2,2,11.5,0.2329,0.7847,0.1572,8.28,0.78,0,0
CAFE-007815,40.9,0,3,8.81,0.158,0.8947,0.6894,6.34,0.57,1,0
CAFE-007816,66.8,5,3,16.15,0.3941,0.2029,0.6932,11.63,1.28,1,0
CAFE-007817,15.9,8,4,16.99,0.6503,0.4693,0.2512,12.23,2.09,1,1
CAFE-007818,10.6,0,12,13.59,0.6985,0.6099,0.7545,9.78,1.77,1,0
CAFE-007819,19.8,4,4,16.5,0.8193,0.6451,0.5523,11.88,2.29,0,0
CAFE-007820,26.1,4,7,15.3,0.6405,0.6423,0.4039,11.02,1.82,1,0
CAFE-007821,34.9,4,5,18.76,0.617,0.5306,0.3243,13.51,2.12,0,0
CAFE-007822,32.9,3,8,18.2,0.5073,0.3743,0.6142,13.1,1.87,0,0
CAFE-007823,40.3,2,3,8.73,0.3365,0.5063,0.4444,6.29,0.73,0,0
CAFE-007824,3.1,2,2,13.73,0.5782,0.3651,0.3437,9.89,1.66,0,0
CAFE-007825,60.1,0,1,15.3,0.0579,0.3584,0.1126,11.02,0.74,0,0
CAFE-007826,47.6,2,6,17.95,0.587,0.1256,0.5344,12.92,1.89,0,0
CAFE-007827,35.4,3,2,11.73,0.3963,0.3413,0.4345,8.45,1.07,0,0
CAFE-007828,13.7,1,3,9.31,0.1779,0.8579,0.2435,6.7,0.72,0,0
CAFE-007829,37.5,3,3,18.99,0.6267,0.7634,0.6019,13.67,2.15,1,0
CAFE-007830,13.9,2,3,13.2,0.2809,0.7628,0.6271,9.5,1.15,1,0
CAFE-007831,23.5,5,8,18.95,0.7382,0.7285,0.7404,13.64,2.45,0,1
CAFE-007832,12.4,3,3,19.56,0.6789,0.5596,0.5583,14.08,2.49,0,0
CAFE-007833,52.5,2,0,12.92,0.2869,0.7969,0.2261,9.3,0.95,0,0
CAFE-007834,11.5,5,5,19.62,0.8632,0.5168,0.6748,14.13,2.87,0,1
CAFE-007835,9.9,0,1,8.89,0.4218,0.5626,0.1833,6.4,0.91,0,0
CAFE-007836,20.9,0,2,8.32,0.2024,0.5879,0.2303,5.99,0.64,0,0
CAFE-007837,40.9,2,7,18.49,0.7969,0.2125,0.4416,13.31,2.38,0,0
CAFE-007838,3.4,7,1,19.17,0.7626,0.5192,0.4516,13.8,2.67,0,1
CAFE-007839,39.0,3,2,19.19,0.7294,0.3992,0.5114,13.82,2.36,1,0
CAFE-007840,8.9,6,9,16.35,0.6996,0.8269,0.7096,11.77,2.14,1,1
CAFE-007841,49.3,3,5,17.91,0.6747,0.4486,0.7124,12.9,2.04,1,0
CAFE-007842,9.2,4,1,20.8,0.7267,0.272,0.8854,14.98,2.77,0,0
CAFE-007843,39.5,0,3,14.69,0.4238,0.5269,0.3099,10.58,1.35,0,1
CAFE-007844,10.2,4,6,18.5,0.7737,0.4214,0.3272,13.32,2.55,0,1
CAFE-007845,31.3,3,5,18.69,0.7825,0.6991,0.5866,13.46,2.45,0,1
CAFE-007846,13.1,1,1,9.84,0.3509,0.4448,0.4091,7.08,0.93,0,0
CAFE-007847,7.0,2,9,15.49,0.7806,0.2853,0.6589,11.15,2.16,1,1
CAFE-007848,32.3,0,3,10.99,0.5129,0.2818,0.2381,7.91,1.14,0,0
CAFE-007849,29.0,3,5,15.56,0.7555,0.3198,0.4799,11.2,2.01,0,0
CAFE-007850,32.8,0,0,11.06,0.1293,0.548,0.2701,7.96,0.72,0,0
CAFE-007851,9.9,4,5,17.72,0.7277,0.6208,0.8444,12.76,2.36,0,1
CAFE-007852,1.6,2,2,12.5,0.2575,0.5244,0.5107,9.0,1.11,1,0
CAFE-007853,35.6,3,6,16.67,0.5226,0.3825,0.4394,12.0,1.72,1,0
CAFE-007854,3.1,1,5,14.54,0.447,0.4401,0.7822,10.47,1.56,0,0
CAFE-007855,31.5,7,6,15.12,0.583,0.7378,0.2332,10.89,1.68,0,0
CAFE-007856,7.4,8,10,13.05,0.7297,0.3563,0.7162,9.4,1.75,1,1
CAFE-007857,21.0,5,8,17.83,0.5397,0.5736,0.4677,12.84,1.97,1,0
CAFE-007858,16.5,3,6,17.58,0.5957,0.5238,0.5457,12.66,2.07,1,1
CAFE-007859,37.5,1,5,12.1,0.4528,0.1975,0.8515,8.71,1.16,0,1
CAFE-007860,34.1,5,4,18.84,0.7939,0.4712,0.5046,13.56,2.47,0,0
CAFE-007861,33.6,1,4,11.25,0.1897,0.2667,0.5968,8.1,0.8,0,0
CAFE-007862,63.9,2,4,16.19,0.6407,0.619,0.6309,11.66,1.7,0,0
CAFE-007863,31.9,1,2,13.1,0.5097,0.298,0.3505,9.43,1.36,1,0
CAFE-007864,24.1,1,3,9.24,0.2698,0.2286,0.8283,6.65,0.76,0,0
CAFE-007865,4.5,1,3,16.36,0.3101,0.385,0.2009,11.78,1.53,0,1
CAFE-007866,43.6,6,5,16.08,0.6074,0.3418,0.4199,11.58,1.75,0,0
CAFE-007867,56.3,3,1,16.42,0.3028,0.8126,0.4058,11.82,1.22,0,0
CAFE-007868,14.3,5,11,14.3,0.5777,0.4425,0.6277,10.3,1.67,0,1
CAFE-007869,21.2,0,4,12.05,0.5274,0.887,0.5118,8.68,1.31,1,0
CAFE-007870,30.4,0,3,7.28,0.127,0.5916,0.2063,5.24,0.48,0,0
CAFE-007871,2.6,5,5,19.37,0.9513,0.1281,0.3928,13.95,3.06,0,1
CAFE-007872,5.9,5,10,15.33,0.6071,0.4189,0.327,11.04,1.88,1,1
CAFE-007873,28.0,2,6,16.47,0.3572,0.5663,0.8513,11.86,1.48,1,1
CAFE-007874,49.8,1,2,16.94,0.533,0.5541,0.5392,12.2,1.68,1,0
CAFE-007875,32.9,0,2,7.21,0.2538,0.5343,0.7603,5.19,0.56,0,0
CAFE-007876,39.1,0,1,9.28,0.1341,0.2414,0.6041,6.68,0.59,0,0
CAFE-007877,16.9,1,6,14.06,0.3882,0.8914,0.583,10.12,1.36,0,0
CAFE-007878,53.8,2,3,14.47,0.3993,0.38,0.5967,10.42,1.22,0,0
CAFE-007879,22.2,4,3,8.35,0.4124,0.7224,0.1203,6.01,0.81,0,0
CAFE-007880,22.6,3,5,20.24,0.7653,0.7721,0.5458,14.57,2.68,0,0
CAFE-007881,4.5,2,3,19.07,0.7192,0.2223,0.6353,13.73,2.56,1,1
CAFE-007882,13.7,2,3,13.24,0.3565,0.3926,0.3557,9.53,1.25,0,0
CAFE-007883,24.3,1,2,10.21,0.1438,0.4319,0.6539,7.35,0.71,0,0
CAFE-007884,19.2,4,5,18.8,0.648,0.6034,0.3987,13.54,2.29,1,1
CAFE-007885,18.1,4,7,14.81,0.546,0.7446,0.5717,10.66,1.66,0,1
CAFE-007886,38.2,0,7,12.77,0.7809,0.7894,0.5113,9.19,1.64,0,0
CAFE-007887,12.0,3,14,19.0,0.914,0.4833,0.6051,13.68,2.87,0,0
CAFE-007888,25.6,1,7,13.95,0.4201,0.7744,0.2123,10.04,1.35,0,0
CAFE-007889,4.3,2,5,13.5,0.37,0.4983,0.5435,9.72,1.34,0,0
CAFE-007890,47.2,1,2,14.64,0.3984,0.7048,0.5403,10.54,1.27,0,0
CAFE-007891,13.3,2,8,16.59,0.6941,0.4679,0.2578,11.94,2.13,1,0
CAFE-007892,25.0,3,3,14.24,0.4931,0.6357,0.5312,10.25,1.49,1,1
CAFE-007893,16.0,0,6,6.77,0.2682,0.4745,0.5304,4.87,0.58,0,0
CAFE-007894,9.6,2,1,11.29,0.2951,0.4344,0.4737,8.13,1.02,0,0
CAFE-007895,120.0,2,1,7.82,0.2695,0.6008,0.7114,5.63,0.37,1,0
CAFE-007896,26.3,6,6,21.14,0.883,0.5109,0.7928,15.22,3.02,0,0
CAFE-007897,15.9,1,5,18.8,0.93,0.4361,0.2202,13.54,2.84,1,0
CAFE-007898,5.6,1,3,15.88,0.4036,0.7244,0.254,11.43,1.63,1,0
CAFE-007899,10.0,1,6,17.07,0.6724,0.4805,0.4266,12.29,2.18,0,0
CAFE-007900,10.8,1,6,6.7,0.2501,0.4295,0.6001,4.82,0.57,0,0
CAFE-007901,11.4,7,5,20.48,0.7024,0.3509,0.7399,14.75,2.67,1,1
CAFE-007902,14.6,2,3,19.12,0.6862,0.071,0.2834,13.77,2.44,0,0
CAFE-007903,6.1,6,5,12.63,0.7893,0.1746,0.2998,9.09,1.78,0,1
CAFE-007904,3.6,3,1,14.7,0.5355,0.3384,0.3282,10.58,1.71,0,0
CAFE-007905,24.6,1,4,14.73,0.4291,0.8152,0.2323,10.61,1.44,0,0
CAFE-007906,5.4,4,10,22.38,0.801,0.2901,0.6543,16.11,3.18,1,1
CAFE-007907,37.1,1,3,13.71,0.2561,0.3799,0.489,9.87,1.05,0,0
CAFE-007908,11.3,4,8,21.5,0.7112,0.4799,0.3754,15.48,2.82,1,0
CAFE-007909,10.2,3,9,21.76,0.9513,0.4699,0.9545,15.67,3.38,1,1
CAFE-007910,3.4,3,5,9.21,0.3555,0.5801,0.2177,6.63,0.91,0,0
CAFE-007911,18.7,1,6,14.99,0.6204,0.8303,0.5863,10.79,1.79,1,0
CAFE-007912,60.5,3,4,11.78,0.5495,0.6007,0.7023,8.48,1.14,1,0
CAFE-007913,20.3,2,9,15.34,0.7035,0.3409,0.1941,11.04,1.95,1,0
CAFE-007914,1.5,3,4,16.84,0.685,0.7553,0.3185,12.12,2.22,1,0
CAFE-007915,55.3,2,7,16.96,0.7191,0.3656,0.479,12.21,1.97,1,0
CAFE-007916,12.3,1,5,15.97,0.5512,0.4749,0.3565,11.5,1.83,0,0
CAFE-007917,32.8,2,9,13.76,0.6087,0.6669,0.358,9.91,1.56,0,1
CAFE-007918,13.2,9,4,21.21,0.7913,0.7155,0.5808,15.27,2.93,1,1
CAFE-007919,3.4,3,4,19.95,0.9846,0.7398,0.7877,14.36,3.19,0,0
CAFE-007920,25.8,3,4,16.9,0.6742,0.0831,0.3693,12.17,2.06,1,1
CAFE-007921,59.1,3,2,14.51,0.4119,0.5605,0.4901,10.45,1.22,0,0
CAFE-007922,16.2,1,3,15.41,0.5037,0.4587,0.6963,11.1,1.67,0,1
CAFE-007923,13.8,5,5,17.73,0.614,0.2144,0.7493,12.77,2.14,0,1
CAFE-007924,10.3,2,2,15.53,0.5838,0.1905,0.6568,11.18,1.84,0,0
CAFE-007925,1.6,1,2,11.27,0.1929,0.9094,0.3282,8.11,0.93,0,1
CAFE-007926,30.4,3,5,16.85,0.4428,0.3954,0.5695,12.13,1.64,0,0
CAFE-007927,40.3,4,1,10.96,0.4966,0.223,0.4137,7.89,1.09,1,0
CAFE-007928,17.2,1,2,12.77,0.2884,0.6455,0.2332,9.19,1.11,0,0
CAFE-007929,22.3,3,1,16.33,0.3652,0.1172,0.3353,11.76,1.51,0,0
CAFE-007930,27.3,0,0,12.99,0.0759,0.3436,0.1357,9.35,0.8,0,0
CAFE-007931,26.3,3,3,8.93,0.5033,0.535,0.229,6.43,0.94,1,0
CAFE-007932,19.3,1,4,12.32,0.4972,0.5041,0.7923,8.87,1.32,0,0
CAFE-007933,72.3,0,5,14.78,0.376,0.7191,0.6241,10.64,1.12,0,0
CAFE-007934,5.9,1,6,15.3,0.4993,0.3889,0.733,11.02,1.71,0,0
CAFE-007935,17.0,2,5,20.0,0.948,0.3657,0.5413,14.4,3.05,0,0
CAFE-007936,44.3,2,3,21.37,0.6409,0.3556,0.8046,15.39,2.4,0,0
CAFE-007937,20.3,1,2,13.3,0.5553,0.6569,0.767,9.58,1.49,0,1
CAFE-007938,33.5,0,1,12.9,0.5973,0.5167,0.4421,9.29,1.44,1,0
CAFE-007939,24.0,2,7,13.29,0.4725,0.6891,0.8191,9.57,1.36,1,0
CAFE-007940,21.5,2,8,16.3,0.4869,0.7314,0.2542,11.74,1.71,0,0
CAFE-007941,9.9,3,4,10.63,0.3847,0.2473,0.2542,7.65,1.05,0,0
CAFE-007942,27.5,0,5,8.86,0.4008,0.5107,0.2749,6.38,0.83,0,1
CAFE-007943,2.8,5,4,15.74,0.7144,0.4433,0.594,11.33,2.12,0,0
CAFE-007944,9.5,1,0,8.41,0.2534,0.4685,0.5488,6.06,0.72,1,0
CAFE-007945,37.2,9,7,16.73,0.676,0.7363,0.7441,12.05,1.98,0,1
CAFE-007946,16.5,1,0,11.16,0.114,0.4306,0.7864,8.04,0.78,0,0
CAFE-007947,15.6,1,5,13.37,0.3899,0.3362,0.2905,9.63,1.3,1,0
CAFE-007948,15.2,4,3,19.12,0.5778,0.4622,0.6844,13.77,2.22,0,0
CAFE-007949,0.8,2,6,17.45,0.6571,0.2727,0.5254,12.56,2.26,1,1
CAFE-007950,16.4,2,1,10.72,0.263,0.8354,0.3288,7.72,0.9,0,0
CAFE-007951,44.8,4,4,11.4,0.4603,0.2317,0.8249,8.21,1.07,0,1
CAFE-007952,25.3,4,5,16.57,0.7036,0.2091,0.7609,11.93,2.08,0,1
CAFE-007953,38.5,0,2,9.36,0.1939,0.4267,0.1082,6.74,0.65,1,0
CAFE-007954,24.8,1,5,12.99,0.298,0.4672,0.7654,9.35,1.1,0,0
CAFE-007955,60.7,2,2,12.45,0.3516,0.6708,0.5057,8.96,0.96,0,0
CAFE-007956,60.1,3,2,10.08,0.5979,0.7548,0.3523,7.26,1.03,1,0
CAFE-007957,35.2,2,10,15.91,0.5779,0.3509,0.5308,11.46,1.74,1,1
CAFE-007958,18.6,2,2,19.43,0.5633,0.6954,0.5377,13.99,2.21,1,0
CAFE-007959,31.0,1,3,9.61,0.2095,0.2629,0.5802,6.92,0.71,0,0
CAFE-007960,23.7,0,1,11.7,0.1384,0.2149,0.4388,8.42,0.81,0,1
CAFE-007961,6.5,1,6,19.08,0.8725,0.3605,0.5605,13.74,2.84,0,0
CAFE-007962,67.0,2,4,11.64,0.3622,0.4999,0.5917,8.38,0.89,0,0
CAFE-007963,104.9,1,0,9.92,0.1531,0.3655,0.3731,7.14,0.41,0,0
CAFE-007964,35.0,2,2,16.93,0.3742,0.7609,0.4288,12.19,1.5,0,1
CAFE-007965,28.7,0,5,19.19,0.6809,0.6815,0.4288,13.82,2.34,0,0
CAFE-007966,7.3,4,5,27.16,0.8558,0.1326,0.3406,19.56,3.99,0,0
CAFE-007967,13.9,7,8,15.19,0.7344,0.4161,0.4376,10.94,2.01,0,1
CAFE-007968,21.2,0,3,16.16,0.3174,0.7917,0.321,11.64,1.42,1,0
CAFE-007969,5.2,3,6,13.9,0.6746,0.2591,0.6975,10.01,1.8,0,0
CAFE-007970,31.0,1,1,12.89,0.1711,0.3059,0.4002,9.28,0.9,0,0
CAFE-007971,13.9,1,1,6.98,0.1588,0.5163,0.2264,5.03,0.52,0,0
CAFE-007972,109.7,4,5,12.81,0.6034,0.3635,0.4533,9.22,1.09,0,1
CAFE-007973,48.1,2,5,10.42,0.5691,0.6184,0.3901,7.5,1.08,0,0
CAFE-007974,10.7,6,10,18.5,0.8279,0.4621,0.504,13.32,2.64,0,1
CAFE-007975,34.1,2,0,11.16,0.2241,0.4023,0.7544,8.04,0.83,0,0
CAFE-007976,2.4,0,9,19.64,0.8201,0.5331,0.3181,14.14,2.85,1,0
CAFE-007977,8.8,1,7,17.87,0.7509,0.7782,0.539,12.87,2.43,0,1
CAFE-007978,8.7,1,9,18.88,0.831,0.3749,0.3151,13.59,2.72,0,0
CAFE-007979,39.7,1,3,10.33,0.2792,0.3355,0.277,7.44,0.8,0,0
CAFE-007980,9.8,2,6,17.44,0.681,0.6768,0.6796,12.56,2.24,1,0
CAFE-007981,28.9,0,8,20.1,0.8039,0.7748,0.5463,14.47,2.69,0,0
CAFE-007982,12.9,1,3,12.01,0.3392,0.5955,0.6154,8.65,1.12,0,0
CAFE-007983,17.7,3,9,22.02,0.9251,0.5483,0.3151,15.85,3.31,0,0
CAFE-007984,56.8,2,4,16.51,0.3877,0.6753,0.7196,11.89,1.36,1,0
CAFE-007985,15.7,0,3,14.72,0.2453,0.4109,0.4394,10.6,1.22,0,0
CAFE-007986,56.2,2,0,14.56,0.2689,0.3211,0.8439,10.48,1.03,0,0
CAFE-007987,12.6,2,3,8.19,0.1333,0.6275,0.3761,5.9,0.6,1,1
CAFE-007988,19.5,7,2,19.84,0.8075,0.3617,0.3097,14.28,2.73,0,0
CAFE-007989,7.9,1,5,12.23,0.1703,0.6003,0.7733,8.81,0.96,0,0
CAFE-007990,47.6,3,4,10.68,0.4103,0.5887,0.8929,7.69,0.94,0,0
CAFE-007991,34.9,1,2,11.77,0.2641,0.4655,0.3585,8.47,0.92,0,0
CAFE-007992,5.2,2,8,20.34,0.7831,0.3183,0.7649,14.64,2.86,1,1
CAFE-007993,28.6,2,5,17.68,0.6313,0.3226,0.6535,12.73,2.07,0,1
CAFE-007994,11.3,2,5,18.33,0.393,0.6793,0.5374,13.2,1.82,0,1
CAFE-007995,23.8,1,3,8.87,0.082,0.2139,0.5847,6.39,0.56,0,0
CAFE-007996,2.5,4,4,13.58,0.5581,0.7235,0.153,9.78,1.61,1,1
CAFE-007997,11.1,1,7,15.82,0.7291,0.4134,0.4932,11.39,2.1,0,0
CAFE-007998,1.0,3,3,15.94,0.3819,0.3238,0.6766,11.48,1.62,1,1
CAFE-007999,18.3,4,6,19.03,0.7168,0.3347,0.8037,13.7,2.46,1,1
CAFE-008000,24.6,1,3,14.96,0.5726,0.0722,0.6393,10.77,1.68,0,0
CAFE-008001,32.1,4,4,23.93,0.8528,0.429,0.7611,17.23,3.3,1,0
CAFE-008002,52.8,3,6,20.2,0.7446,0.4196,0.4901,14.54,2.41,0,0
CAFE-008003,37.6,1,5,17.44,0.5595,0.3451,0.4703,12.56,1.86,0,0
CAFE-008004,36.7,7,6,16.36,0.8812,0.23,0.337,11.78,2.27,0,0
CAFE-008005,37.9,1,4,9.03,0.0884,0.8248,0.604,6.5,0.53,1,0
CAFE-008006,50.4,4,11,17.4,0.7926,0.1683,0.6698,12.53,2.18,0,0
CAFE-008007,8.1,4,7,13.68,0.575,0.1917,0.5239,9.85,1.62,0,0
CAFE-008008,24.7,3,11,26.39,0.812,0.665,0.4716,19.0,3.6,0,1
CAFE-008009,14.0,3,1,16.59,0.5467,0.6285,0.1372,11.94,1.89,0,0
CAFE-008010,8.8,2,5,18.11,0.6738,0.1686,0.6127,13.04,2.32,0,1
CAFE-008011,40.9,0,7,14.27,0.3981,0.4817,0.212,10.27,1.27,0,0
CAFE-008012,28.0,1,3,12.15,0.5071,0.49,0.3748,8.75,1.27,0,0
CAFE-008013,29.0,2,2,15.75,0.4445,0.3238,0.7494,11.34,1.54,0,0
CAFE-008014,28.6,2,1,12.77,0.1138,0.6795,0.5193,9.19,0.83,0,0
CAFE-008015,21.3,2,13,17.33,0.8539,0.3361,0.5524,12.48,2.46,1,1
CAFE-008016,13.9,6,7,18.79,0.8501,0.1124,0.6658,13.53,2.71,1,0
CAFE-008017,14.7,3,4,14.79,0.6383,0.6697,0.5602,10.65,1.81,0,0
CAFE-008018,45.8,1,4,9.35,0.15,0.6007,0.3,6.73,0.58,0,0
CAFE-008019,37.7,1,6,15.83,0.4401,0.4649,0.2545,11.4,1.49,0,0
CAFE-008020,13.2,2,5,17.34,0.5013,0.0855,0.0812,12.48,1.9,1,1
CAFE-008021,36.4,1,0,10.09,0.1296,0.2477,0.4401,7.26,0.64,0,0
CAFE-008022,13.0,1,5,12.57,0.4695,0.7913,0.7601,9.05,1.34,1,0
CAFE-008023,11.5,4,8,18.72,0.5379,0.4132,0.3356,13.48,2.13,0,0
CAFE-008024,22.5,8,6,19.41,0.9087,0.6471,0.4345,13.98,2.85,0,0
CAFE-008025,1.2,0,6,20.32,0.747,0.3571,0.147,14.63,2.81,1,0
CAFE-008026,74.8,0,0,9.69,0.0485,0.5916,0.4553,6.98,0.41,0,1
CAFE-008027,7.1,5,6,20.57,0.9843,0.4682,0.4859,14.81,3.29,0,0
CAFE-008028,29.4,3,7,16.98,0.6934,0.2798,0.8103,12.23,2.08,1,0
CAFE-008029,9.5,1,3,12.8,0.4071,0.5813,0.5391,9.22,1.3,0,0
CAFE-008030,24.7,5,6,15.81,0.6495,0.3991,0.3566,11.38,1.9,1,1
CAFE-008031,17.7,3,4,9.28,0.3469,0.2583,0.3217,6.68,0.86,0,0
CAFE-008032,17.9,0,1,10.5,0.078,0.8397,0.6037,7.56,0.69,0,0
CAFE-008033,30.4,0,4,9.68,0.2511,0.6185,0.4294,6.97,0.76,1,0
CAFE-008034,50.0,5,2,16.85,0.3087,0.7851,0.4775,12.13,1.3,1,0
CAFE-008035,20.5,3,5,14.81,0.5639,0.3495,0.2307,10.66,1.67,0,0
CAFE-008036,23.8,1,4,10.84,0.1724,0.6,0.1764,7.8,0.79,0,0
CAFE-008037,27.7,5,5,16.77,0.639,0.418,0.7685,12.07,1.98,1,1
CAFE-008038,5.9,6,11,15.78,0.7333,0.3381,0.5081,11.36,2.13,0,0
CAFE-008039,2.3,4,4,14.7,0.6091,0.6673,0.2338,10.58,1.82,1,0
CAFE-008040,7.1,4,3,19.37,0.4069,0.474,0.7524,13.95,1.98,1,1
CAFE-008041,37.2,1,4,17.77,0.3776,0.2592,0.5141,12.79,1.57,0,0
CAFE-008042,35.6,0,2,10.73,0.3534,0.5162,0.7728,7.73,0.93,1,0
CAFE-008043,10.5,7,3,15.7,0.7296,0.1476,0.4608,11.3,2.09,1,0
CAFE-008044,14.2,1,6,17.03,0.6275,0.7381,0.3218,12.26,2.07,1,0
CAFE-008045,31.3,2,5,14.17,0.6873,0.7145,0.231,10.2,1.72,1,0
CAFE-008046,30.1,7,7,18.92,0.9754,0.4152,0.5038,13.62,2.85,1,0
CAFE-008047,76.6,3,2,17.68,0.4048,0.6008,0.2578,12.73,1.36,0,0
CAFE-008048,42.1,2,3,11.53,0.3232,0.3131,0.2139,8.3,0.94,0,0
CAFE-008049,36.6,5,4,19.37,0.6604,0.2193,0.42,13.95,2.26,1,1
CAFE-008050,18.9,4,3,18.19,0.432,0.4989,0.2221,13.1,1.83,0,0
CAFE-008051,10.0,1,2,13.59,0.3101,0.5029,0.3488,9.78,1.24,0,0
CAFE-008052,17.9,4,5,12.35,0.4091,0.5809,0.7709,8.89,1.22,1,1
CAFE-008053,16.3,1,7,18.83,0.6216,0.7438,0.2865,13.56,2.27,0,0
CAFE-008054,32.1,1,5,13.3,0.7154,0.5109,0.6517,9.58,1.65,0,1
CAFE-008055,53.1,0,2,7.45,0.1448,0.5677,0.3618,5.36,0.44,1,0
CAFE-008056,10.5,2,5,16.26,0.6145,0.8914,0.5784,11.71,1.98,0,1
CAFE-008057,16.9,3,5,15.53,0.8106,0.4828,0.454,11.18,2.16,0,0
CAFE-008058,7.7,1,9,12.37,0.3888,0.5628,0.3702,8.91,1.24,0,0
CAFE-008059,12.4,2,7,14.27,0.5565,0.3798,0.8078,10.27,1.64,1,1
CAFE-008060,14.5,3,2,11.4,0.4713,0.6176,0.442,8.21,1.21,0,0
CAFE-008061,28.2,0,1,14.12,0.3019,0.4683,0.367,10.17,1.19,0,0
CAFE-008062,45.5,0,2,13.0,0.4422,0.7651,0.4954,9.36,1.19,0,0
CAFE-008063,24.6,2,3,15.41,0.5099,0.8521,0.4743,11.1,1.64,1,0
CAFE-008064,27.8,2,3,10.49,0.3433,0.5792,0.2138,7.55,0.93,1,0
CAFE-008065,39.4,3,5,13.4,0.2624,0.8486,0.0573,9.65,1.02,0,1
CAFE-008066,31.4,3,7,20.2,0.818,0.5296,0.4137,14.54,2.72,0,0
CAFE-008067,16.2,7,4,16.3,0.7478,0.2932,0.6873,11.74,2.17,1,1
CAFE-008068,35.1,5,5,17.24,0.6192,0.7559,0.4191,12.41,1.95,1,1
CAFE-008069,25.5,2,4,17.59,0.6057,0.5873,0.3648,12.66,2.03,0,0
CAFE-008070,20.4,4,2,10.6,0.3013,0.3524,0.3471,7.63,0.92,1,0
CAFE-008071,43.9,0,2,10.22,0.3625,0.2546,0.2515,7.36,0.86,1,0
CAFE-008072,67.1,0,1,9.78,0.1426,0.5206,0.6874,7.04,0.53,0,0
CAFE-008073,19.4,0,4,12.65,0.4294,0.3836,0.191,9.11,1.26,0,0
CAFE-008074,6.0,2,2,10.96,0.3525,0.7107,0.379,7.89,1.06,0,1
CAFE-008075,6.7,1,6,14.52,0.5885,0.561,0.9146,10.45,1.75,0,0
CAFE-008076,47.5,2,0,11.73,0.4274,0.8171,0.2166,8.45,1.05,0,0
CAFE-008077,8.1,2,8,18.77,0.7166,0.0998,0.6625,13.51,2.49,0,0
CAFE-008078,23.4,1,2,6.92,0.3431,0.1579,0.6258,4.98,0.62,0,1
CAFE-008079,18.5,3,5,17.29,0.6308,0.5763,0.4154,12.45,2.08,0,0
CAFE-008080,9.8,4,4,13.41,0.4138,0.4227,0.6359,9.66,1.37,0,0
CAFE-008081,35.1,3,4,16.63,0.5478,0.7035,0.1839,11.97,1.77,0,0
CAFE-008082,43.0,0,6,16.91,0.6419,0.6984,0.4904,12.18,1.91,0,0
CAFE-008083,13.0,6,13,21.28,0.9236,0.4895,0.7842,15.32,3.23,0,0
CAFE-008084,8.2,4,12,19.37,0.7579,0.7157,0.6947,13.95,2.65,0,0
CAFE-008085,3.7,3,9,16.28,0.8042,0.736,0.5402,11.72,2.33,0,0
CAFE-008086,4.7,1,5,14.36,0.5061,0.8925,0.4082,10.34,1.62,0,0
CAFE-008087,17.0,3,7,19.19,0.7064,0.4236,0.2377,13.82,2.47,0,1
CAFE-008088,36.5,0,2,14.98,0.3472,0.6069,0.1192,10.79,1.28,0,0
CAFE-008089,20.7,2,5,17.03,0.7708,0.5114,0.3224,12.26,2.28,1,0
CAFE-008090,9.2,3,4,13.68,0.6232,0.1272,0.5106,9.85,1.68,0,0
CAFE-008091,67.4,6,6,12.61,0.7169,0.4214,0.4717,9.08,1.41,0,0
CAFE-008092,18.0,2,4,13.49,0.4905,0.1609,0.2847,9.71,1.44,1,0
CAFE-008093,33.4,2,6,11.87,0.587,0.4767,0.6529,8.55,1.31,0,0
CAFE-008094,14.5,1,2,8.66,0.4221,0.4075,0.6241,6.24,0.87,0,0
CAFE-008095,35.7,1,3,9.08,0.3884,0.8813,0.606,6.54,0.82,0,0
CAFE-008096,14.6,0,3,13.24,0.2692,0.6483,0.3197,9.53,1.13,0,0
CAFE-008097,13.4,4,5,15.19,0.5246,0.539,0.3525,10.94,1.7,0,0
CAFE-008098,35.6,1,3,15.94,0.4198,0.5941,0.1511,11.48,1.49,0,0
CAFE-008099,9.3,4,7,19.07,0.7724,0.5508,0.4138,13.73,2.63,1,1
CAFE-008100,34.0,0,1,8.78,0.1157,0.4566,0.0407,6.32,0.56,1,0
CAFE-008101,11.3,6,6,16.22,0.8726,0.5511,0.8714,11.68,2.39,1,1
CAFE-008102,6.8,5,8,21.3,0.9615,0.4322,0.4858,15.34,3.36,0,0
CAFE-008103,24.5,1,6,19.75,0.753,0.3263,0.9141,14.22,2.58,0,0
CAFE-008104,13.8,4,6,20.08,0.817,0.7448,0.5214,14.46,2.83,1,0
CAFE-008105,6.4,4,12,22.53,0.9682,0.6746,0.798,16.22,3.57,1,0
CAFE-008106,6.1,3,4,14.37,0.532,0.7535,0.8417,10.35,1.65,0,0
CAFE-008107,35.3,5,4,14.96,0.6859,0.6546,0.4841,10.77,1.79,0,1
CAFE-008108,22.0,0,3,12.95,0.2942,0.5534,0.0887,9.32,1.11,0,0
CAFE-008109,21.0,6,6,15.01,0.74,0.677,0.6568,10.81,1.96,0,0
CAFE-008110,12.5,3,2,14.92,0.4396,0.6229,0.3605,10.74,1.54,0,0
CAFE-008111,82.5,0,2,10.63,0.1913,0.567,0.509,7.65,0.57,0,0
CAFE-008112,11.3,3,5,12.57,0.7568,0.8507,0.5417,9.05,1.7,0,1
CAFE-008113,7.9,2,5,17.4,0.8524,0.1902,0.649,12.53,2.55,1,0
CAFE-008114,3.1,1,8,19.03,0.4917,0.2855,0.3055,13.7,2.13,0,0
CAFE-008115,5.2,4,8,15.54,0.4642,0.2115,0.8023,11.19,1.69,0,1
CAFE-008116,39.4,6,5,15.97,0.7211,0.4619,0.6469,11.5,1.95,0,0
CAFE-008117,28.1,3,9,19.42,0.8745,0.7548,0.6067,13.98,2.74,0,1
CAFE-008118,23.1,1,1,14.51,0.151,0.65,0.2537,10.45,1.03,0,0
CAFE-008119,14.9,2,5,14.79,0.3997,0.7865,0.4009,10.65,1.46,1,0
CAFE-008120,26.6,5,5,19.81,0.748,0.3921,0.3597,14.26,2.56,1,0
CAFE-008121,16.2,1,3,12.74,0.3165,0.4478,0.6833,9.17,1.14,0,0
CAFE-008122,21.5,1,1,13.57,0.5486,0.5375,0.7887,9.77,1.51,0,0
CAFE-008123,33.8,0,1,16.07,0.198,0.474,0.632,11.57,1.15,0,0
CAFE-008124,20.4,5,11,15.39,0.6685,0.4698,0.2704,11.08,1.9,0,1
CAFE-008125,11.9,3,5,15.55,0.473,0.3086,0.2719,11.2,1.66,0,0
CAFE-008126,25.5,4,7,12.26,0.5227,0.6994,0.3178,8.83,1.31,0,1
CAFE-008127,18.5,2,3,15.62,0.4755,0.4543,0.4312,11.25,1.64,1,0
CAFE-008128,22.0,2,5,9.93,0.3907,0.2964,0.3666,7.15,0.94,0,1
CAFE-008129,27.1,1,0,16.23,0.7198,0.396,0.3164,11.69,2.05,0,0
CAFE-008130,26.9,4,2,17.6,0.7109,0.2696,0.451,12.67,2.21,0,0
CAFE-008131,51.6,0,5,12.33,0.263,0.2527,0.4779,8.88,0.88,0,0
CAFE-008132,45.4,2,6,16.19,0.7806,0.7251,0.5615,11.66,2.04,0,0
CAFE-008133,59.3,2,2,6.91,0.1259,0.5831,0.5747,4.98,0.38,0,0
CAFE-008134,15.9,0,7,19.48,0.71,0.3393,0.6972,14.03,2.52,0,0
CAFE-008135,70.7,2,2,15.16,0.4487,0.4235,0.4014,10.92,1.26,0,0
CAFE-008136,26.2,1,3,14.3,0.2075,0.8965,0.2779,10.3,1.08,1,0
CAFE-008137,32.6,1,3,16.09,0.4047,0.397,0.1908,11.58,1.49,0,0
CAFE-008138,31.9,0,7,9.76,0.4258,0.1842,0.2223,7.03,0.93,0,1
CAFE-008139,35.0,4,7,14.15,0.5429,0.411,0.5252,10.19,1.5,0,1
CAFE-008140,8.8,3,9,12.88,0.6768,0.6808,0.2325,9.27,1.66,0,0
CAFE-008141,64.5,1,5,9.31,0.3456,0.4076,0.688,6.7,0.7,0,0
CAFE-008142,10.5,2,6,7.46,0.4074,0.5488,0.6659,5.37,0.75,0,1
CAFE-008143,35.6,0,4,18.01,0.5713,0.5102,0.5987,12.97,1.95,1,0
CAFE-008144,19.6,0,1,13.16,0.2044,0.5415,0.2821,9.48,1.02,0,0
CAFE-008145,12.9,5,4,19.83,0.8068,0.5497,0.5497,14.28,2.78,0,1
CAFE-008146,22.6,1,8,18.67,0.6139,0.8131,0.6147,13.44,2.19,0,0
CAFE-008147,41.5,3,6,12.76,0.6532,0.4718,0.5553,9.19,1.46,0,1
CAFE-008148,48.4,1,4,15.12,0.1209,0.9269,0.2951,10.89,0.89,0,1
CAFE-008149,31.0,0,1,10.16,0.1078,0.7609,0.3746,7.32,0.65,0,0
CAFE-008150,11.6,5,11,16.36,0.8812,0.2676,0.6505,11.78,2.42,0,0
CAFE-008151,12.9,0,6,8.92,0.3386,0.4191,0.7571,6.42,0.83,0,0
CAFE-008152,2.8,4,6,17.97,0.6203,0.2658,0.8667,12.94,2.25,1,1
CAFE-008153,71.7,2,1,11.49,0.4486,0.6388,0.5307,8.27,0.95,0,0
CAFE-008154,15.7,0,4,14.41,0.7744,0.2678,0.2962,10.38,1.96,1,0
CAFE-008155,18.1,2,8,16.92,0.8381,0.2722,0.5555,12.18,2.39,0,0
CAFE-008156,15.8,1,8,14.38,0.6174,0.233,0.5943,10.35,1.73,0,1
CAFE-008157,9.4,2,2,19.67,0.8458,0.2917,0.2889,14.16,2.86,1,1
CAFE-008158,36.8,5,7,19.23,0.7816,0.3417,0.7582,13.85,2.48,0,0
CAFE-008159,15.3,0,0,10.39,0.1616,0.2219,0.5305,7.48,0.78,1,0
CAFE-008160,23.8,5,8,18.39,0.5863,0.4856,0.7968,13.24,2.1,0,0
CAFE-008161,25.4,2,6,11.94,0.4554,0.6711,0.4583,8.6,1.2,0,0
CAFE-008162,13.0,1,2,9.95,0.2787,0.5544,0.7223,7.16,0.87,0,0
CAFE-008163,21.3,4,7,15.57,0.6484,0.3857,0.6059,11.21,1.89,0,0
CAFE-008164,1.2,1,8,15.3,0.5515,0.3511,0.2035,11.02,1.82,0,0
CAFE-008165,25.4,3,8,20.17,0.7049,0.4315,0.6845,14.52,2.53,1,1
CAFE-008166,17.2,2,2,10.6,0.1311,0.2635,0.1292,7.63,0.75,0,0
CAFE-008167,30.7,6,7,12.99,0.6814,0.691,0.212,9.35,1.57,0,0
CAFE-008168,12.2,4,4,14.95,0.9126,0.4624,0.7053,10.76,2.26,0,0
CAFE-008169,32.1,2,5,18.85,0.4949,0.7116,0.8137,13.57,1.92,0,0
CAFE-008170,18.7,7,1,14.22,0.5432,0.4854,0.279,10.24,1.59,1,0
CAFE-008171,35.0,1,3,12.72,0.1626,0.6627,0.3271,9.16,0.86,0,0
CAFE-008172,84.3,3,6,14.26,0.5955,0.5381,0.7427,10.27,1.33,0,1
CAFE-008173,28.4,1,2,5.0,0.1526,0.3828,0.4122,3.6,0.35,0,1
CAFE-008174,60.2,5,9,17.44,0.7682,0.8065,0.7908,12.56,2.08,1,0
CAFE-008175,19.4,4,4,15.46,0.482,0.6599,0.2089,11.13,1.63,1,1
CAFE-008176,3.1,3,6,13.37,0.3136,0.4128,0.1233,9.63,1.26,1,0
CAFE-008177,21.9,4,5,15.92,0.9256,0.3408,0.2743,11.46,2.37,1,0
CAFE-008178,42.0,2,5,14.26,0.7279,0.7152,0.5785,10.27,1.74,0,1
CAFE-008179,10.5,4,6,20.12,0.805,0.4455,0.5101,14.49,2.83,0,1
CAFE-008180,14.9,3,3,17.5,0.6024,0.1532,0.6049,12.6,2.08,1,0
CAFE-008181,22.3,1,6,9.18,0.3015,0.4876,0.834,6.61,0.79,1,0
CAFE-008182,27.3,2,7,18.89,0.819,0.4916,0.4871,13.6,2.57,0,0
CAFE-008183,39.8,2,1,7.76,0.3038,0.1583,0.4105,5.59,0.62,0,0
CAFE-008184,25.2,1,3,13.88,0.4212,0.5744,0.6137,9.99,1.35,0,0
CAFE-008185,4.8,3,5,12.45,0.5251,0.5463,0.2347,8.96,1.43,0,1
CAFE-008186,72.6,4,1,16.02,0.4266,0.5225,0.829,11.53,1.29,0,0
CAFE-008187,3.1,2,6,13.65,0.4212,0.4616,0.722,9.83,1.43,0,1
CAFE-008188,42.4,1,6,15.4,0.7102,0.164,0.7836,11.09,1.84,0,0
CAFE-008189,39.7,1,5,8.51,0.3893,0.7268,0.2413,6.13,0.75,1,0
CAFE-008190,64.8,1,1,13.1,0.1192,0.7974,0.4031,9.43,0.69,0,0
CAFE-008191,7.2,3,6,18.53,0.8257,0.4358,0.5588,13.34,2.67,0,0
CAFE-008192,2.4,1,5,17.31,0.5669,0.7547,0.25,12.46,2.07,0,0
CAFE-008193,15.6,1,4,16.47,0.6534,0.6876,0.3906,11.86,2.04,0,0
CAFE-008194,26.6,1,6,19.71,0.9274,0.1488,0.2078,14.19,2.9,0,0
CAFE-008195,45.7,3,2,7.91,0.3978,0.8502,0.3877,5.7,0.69,0,0
CAFE-008196,72.6,5,6,9.75,0.5397,0.1709,0.6736,7.02,0.9,0,1
CAFE-008197,54.6,1,2,11.76,0.2391,0.7236,0.1757,8.47,0.8,1,0
CAFE-008198,10.9,4,8,16.56,0.8732,0.5963,0.5089,11.92,2.44,0,1
CAFE-008199,9.0,4,5,17.97,0.7465,0.6812,0.8512,12.94,2.43,0,0
CAFE-008200,3.8,4,3,11.69,0.3899,0.6097,0.5515,8.42,1.19,1,1
CAFE-008201,28.1,4,4,20.76,0.5191,0.8983,0.5016,14.95,2.2,0,0
CAFE-008202,2.9,3,12,16.94,0.7203,0.2503,0.8942,12.2,2.29,0,0
CAFE-008203,14.7,4,8,14.41,0.5591,0.651,0.6093,10.38,1.65,1,0
CAFE-008204,24.6,0,3,9.37,0.3226,0.6522,0.4301,6.75,0.82,0,0
CAFE-008205,31.3,3,6,21.94,0.8412,0.7741,0.3492,15.8,3.0,1,1
CAFE-008206,42.0,2,8,16.43,0.6163,0.3329,0.7342,11.83,1.82,1,0
CAFE-008207,15.4,4,7,15.49,0.5051,0.6144,0.5392,11.15,1.69,1,1
CAFE-008208,43.0,5,9,18.47,0.5518,0.5296,0.7997,13.3,1.92,1,0
CAFE-008209,14.5,3,3,19.05,0.761,0.6671,0.7512,13.72,2.57,1,0
CAFE-008210,44.2,3,7,15.58,0.5583,0.3304,0.284,11.22,1.62,0,0
CAFE-008211,18.6,3,9,20.71,0.7546,0.3081,0.7328,14.91,2.75,0,0
CAFE-008212,11.9,1,2,15.67,0.3463,0.893,0.8104,11.28,1.48,1,0
CAFE-008213,5.5,1,2,10.23,0.2741,0.8674,0.4601,7.37,0.91,0,0
CAFE-008214,13.9,6,4,17.05,0.7675,0.4299,0.5527,12.28,2.31,0,0
CAFE-008215,18.7,4,6,15.77,0.7935,0.2139,0.1796,11.35,2.15,0,0
CAFE-008216,26.4,3,2,18.45,0.6701,0.3005,0.7298,13.28,2.24,1,0
CAFE-008217,63.0,2,1,14.64,0.1211,0.5446,0.2988,10.54,0.78,0,0
CAFE-008218,13.4,1,10,11.48,0.3838,0.1434,0.6159,8.27,1.12,0,0
CAFE-008219,19.3,3,5,20.03,0.7617,0.7674,0.2872,14.42,2.67,1,1
CAFE-008220,61.5,3,4,14.71,0.3684,0.4,0.1358,10.59,1.16,0,0
CAFE-008221,13.2,3,2,15.34,0.6836,0.4999,0.1778,11.04,1.96,1,0
CAFE-008222,12.2,3,7,15.19,0.8309,0.1002,0.5549,10.94,2.17,0,1
CAFE-008223,98.3,1,0,12.75,0.0854,0.7019,0.645,9.18,0.51,0,0
CAFE-008224,14.5,2,3,13.73,0.3359,0.8422,0.6101,9.89,1.27,0,0
CAFE-008225,13.4,3,6,14.41,0.3836,0.772,0.4448,10.38,1.41,0,0
CAFE-008226,15.1,4,3,13.76,0.4933,0.7702,0.782,9.91,1.48,1,0
CAFE-008227,11.2,2,3,11.71,0.4688,0.3866,0.3639,8.43,1.25,0,1
CAFE-008228,3.1,2,4,9.85,0.4263,0.2024,0.7794,7.09,1.04,0,0
CAFE-008229,31.8,7,4,17.64,0.7704,0.5442,0.3468,12.7,2.29,0,1
CAFE-008230,21.1,5,4,15.91,0.7781,0.7076,0.5847,11.46,2.14,0,1
CAFE-008231,9.4,1,3,14.73,0.7106,0.6778,0.7961,10.61,1.94,0,0
CAFE-008232,42.2,2,8,18.05,0.6192,0.3691,0.32,13.0,2.0,0,0
CAFE-008233,2.4,3,6,19.07,0.7022,0.3385,0.7414,13.73,2.54,0,0
CAFE-008234,3.9,0,10,24.5,0.9521,0.1746,0.5026,17.64,3.87,0,1
CAFE-008235,9.1,7,9,20.39,0.8271,0.12,0.7675,14.68,2.92,0,1
CAFE-008236,37.4,7,6,19.8,0.7974,0.2592,0.8584,14.26,2.58,0,0
CAFE-008237,0.8,1,3,16.94,0.9362,0.3411,0.2913,12.2,2.67,1,0
CAFE-008238,36.9,3,8,14.66,0.8192,0.4506,0.4393,10.56,1.94,0,0
CAFE-008239,16.8,1,3,20.87,0.6979,0.4741,0.1663,15.03,2.67,0,1
CAFE-008240,46.4,0,1,10.73,0.2734,0.787,0.6576,7.73,0.8,0,0
CAFE-008241,49.8,2,1,10.18,0.2056,0.7232,0.3565,7.33,0.68,0,0
CAFE-008242,8.0,1,3,13.53,0.4704,0.4496,0.1469,9.74,1.46,0,0
CAFE-008243,9.6,8,9,16.21,0.782,0.1488,0.5504,11.67,2.25,1,1
CAFE-008244,14.9,3,6,19.45,0.7398,0.4506,0.7182,14.0,2.58,0,0
CAFE-008245,15.0,6,5,17.54,0.5452,0.2683,0.4032,12.63,1.98,0,1
CAFE-008246,13.6,2,2,11.4,0.2529,0.7986,0.5373,8.21,0.96,1,0
CAFE-008247,32.1,3,2,9.12,0.3377,0.4425,0.5964,6.57,0.79,0,0
CAFE-008248,3.5,2,5,15.31,0.7512,0.2828,0.4976,11.02,2.11,0,1
CAFE-008249,31.5,0,4,7.92,0.3257,0.7588,0.7837,5.7,0.68,1,0
CAFE-008250,9.8,2,4,17.29,0.5458,0.3974,0.6588,12.45,1.99,0,0
CAFE-008251,107.8,3,3,12.05,0.2846,0.5309,0.8548,8.68,0.65,0,1
CAFE-008252,23.7,2,9,12.69,0.5608,0.5579,0.5433,9.14,1.42,1,0
CAFE-008253,10.2,2,2,11.04,0.36,0.7519,0.2525,7.95,1.06,1,0
CAFE-008254,24.9,4,4,15.35,0.7469,0.3053,0.6769,11.05,1.99,1,1
CAFE-008255,14.9,0,5,12.1,0.5597,0.5461,0.2801,8.71,1.39,0,0
CAFE-008256,9.9,4,2,12.03,0.3369,0.4245,0.5497,8.66,1.13,0,0
CAFE-008257,20.3,4,8,17.19,0.7259,0.3827,0.5794,12.38,2.22,1,0
CAFE-008258,31.9,2,1,14.31,0.1972,0.6293,0.5914,10.3,1.03,0,0
CAFE-008259,4.2,4,6,18.54,0.8728,0.3548,0.4866,13.35,2.78,1,1
CAFE-008260,22.9,8,6,15.93,0.6725,0.3,0.1448,11.47,1.96,0,1
CAFE-008261,33.9,1,5,17.33,0.5159,0.554,0.7924,12.48,1.79,0,0
CAFE-008262,11.8,2,6,16.18,0.6333,0.4439,0.6622,11.65,1.99,0,0
CAFE-008263,27.4,1,2,10.45,0.3095,0.6864,0.3202,7.52,0.89,0,0
CAFE-008264,7.8,2,4,8.19,0.4946,0.6975,0.6357,5.9,0.91,0,0
CAFE-008265,23.5,2,2,8.49,0.3228,0.4212,0.5002,6.11,0.75,0,1
CAFE-008266,54.0,3,3,11.08,0.3088,0.532,0.3417,7.98,0.84,0,0
CAFE-008267,42.6,0,3,11.03,0.2087,0.4255,0.4194,7.94,0.77,0,0
CAFE-008268,37.4,4,3,11.13,0.3475,0.3926,0.3409,8.01,0.95,0,0
CAFE-008269,23.4,3,5,13.96,0.4236,0.4811,0.4343,10.05,1.37,0,0
CAFE-008270,30.1,3,6,17.18,0.668,0.8518,0.7555,12.37,2.06,0,0
CAFE-008271,15.6,3,1,14.68,0.542,0.6785,0.565,10.57,1.65,0,0
CAFE-008272,14.4,2,7,19.55,0.7816,0.2616,0.4847,14.08,2.68,0,1
CAFE-008273,23.1,1,4,19.29,0.681,0.5094,0.4319,13.89,2.39,0,0
CAFE-008274,26.4,5,4,16.98,0.6809,0.559,0.7284,12.23,2.08,0,1
CAFE-008275,79.7,0,2,10.37,0.2575,0.6126,0.3594,7.47,0.63,0,0
CAFE-008276,27.0,4,8,15.53,0.7778,0.1457,0.4511,11.18,2.05,1,0
CAFE-008277,23.7,2,5,17.15,0.6536,0.2369,0.5638,12.35,2.07,0,1
CAFE-008278,37.6,1,3,14.98,0.2276,0.7093,0.487,10.79,1.1,1,0
CAFE-008279,39.8,1,3,20.78,0.5804,0.5702,0.4501,14.96,2.24,0,0
CAFE-008280,18.2,5,12,17.35,0.7479,0.3365,0.9222,12.49,2.29,1,1
CAFE-008281,27.3,1,1,5.0,0.137,0.3123,0.5821,3.6,0.34,1,0
CAFE-008282,23.6,3,7,14.04,0.6587,0.7763,0.6068,10.11,1.7,0,0
CAFE-008283,39.1,6,3,14.94,0.5472,0.6772,0.6687,10.76,1.56,1,0
CAFE-008284,18.0,3,6,16.78,0.6631,0.5839,0.4856,12.08,2.08,0,0
CAFE-008285,28.2,2,2,17.12,0.6277,0.3281,0.7441,12.33,2.0,1,0
CAFE-008286,43.5,1,0,9.93,0.218,0.7614,0.1542,7.15,0.7,0,0
CAFE-008287,25.2,2,4,17.65,0.8503,0.3325,0.5953,12.71,2.47,1,1
CAFE-008288,12.3,1,6,17.12,0.6091,0.2274,0.4889,12.33,2.06,0,0
CAFE-008289,14.4,1,7,16.64,0.6394,0.1849,0.4665,11.98,2.04,0,0
CAFE-008290,35.7,1,1,8.46,0.1923,0.618,0.5328,6.09,0.6,1,0
CAFE-008291,19.0,3,4,13.48,0.4606,0.5667,0.8477,9.71,1.39,1,0
CAFE-008292,62.3,0,2,5.16,0.2307,0.7206,0.4823,3.72,0.33,0,0
CAFE-008293,23.1,5,2,18.0,0.8426,0.4099,0.6653,12.96,2.52,0,1
CAFE-008294,3.2,3,4,21.72,0.7799,0.6436,0.399,15.64,3.06,0,0
CAFE-008295,7.6,1,2,12.74,0.3591,0.4988,0.6501,9.17,1.24,0,1
CAFE-008296,10.9,3,3,15.04,0.7086,0.6571,0.429,10.83,1.97,0,1
CAFE-008297,17.6,1,3,14.61,0.2137,0.5988,0.5634,10.52,1.15,0,1
CAFE-008298,31.1,4,3,14.54,0.3938,0.3671,0.7112,10.47,1.34,0,0
CAFE-008299,5.5,1,6,18.95,0.7332,0.4206,0.6718,13.64,2.56,0,0
CAFE-008300,41.9,0,1,9.89,0.1147,0.6721,0.488,7.12,0.6,0,0
CAFE-008301,21.4,2,4,13.7,0.4577,0.5538,0.5747,9.86,1.4,0,0
CAFE-008302,36.0,4,8,18.92,0.5299,0.3874,0.2847,13.62,1.97,0,0
CAFE-008303,30.8,4,6,19.09,0.7413,0.33,0.5632,13.74,2.43,0,0
CAFE-008304,69.6,3,2,12.32,0.2696,0.483,0.8488,8.87,0.81,0,0
CAFE-008305,26.4,3,12,25.05,0.9171,0.4865,0.6111,18.04,3.66,0,0
CAFE-008306,24.0,1,5,22.82,0.6378,0.2517,0.7119,16.43,2.72,1,0
CAFE-008307,73.7,1,2,8.23,0.1993,0.4316,0.5548,5.93,0.47,0,0
CAFE-008308,32.8,0,2,6.96,0.0591,0.9267,0.4677,5.01,0.4,0,0
CAFE-008309,6.5,3,8,14.49,0.7306,0.5341,0.782,10.43,1.95,0,1
CAFE-008310,2.2,0,5,17.23,0.5181,0.3503,0.4228,12.41,1.98,0,1
CAFE-008311,31.5,0,2,15.66,0.1544,0.6427,0.4095,11.28,1.07,0,0
CAFE-008312,52.1,10,8,20.0,0.7111,0.3055,0.673,14.4,2.33,0,1
CAFE-008313,37.3,5,2,17.13,0.3875,0.6618,0.6763,12.33,1.53,0,0
CAFE-008314,38.2,3,9,13.63,0.7172,0.2209,0.4562,9.81,1.66,1,0
CAFE-008315,44.9,1,2,16.13,0.2599,0.5654,0.4602,11.61,1.19,0,0
CAFE-008316,46.0,3,0,15.52,0.6009,0.119,0.885,11.17,1.67,0,0
CAFE-008317,41.5,0,5,15.58,0.6138,0.7512,0.4811,11.22,1.72,0,0
CAFE-008318,11.1,0,9,9.52,0.6432,0.4311,0.5099,6.85,1.18,0,0
CAFE-008319,14.1,3,4,9.37,0.5726,0.378,0.1405,6.75,1.09,0,0
CAFE-008320,3.6,0,5,17.95,0.5959,0.3593,0.8115,12.92,2.2,1,1
CAFE-008321,31.2,1,4,14.6,0.5662,0.263,0.436,10.51,1.6,0,0
CAFE-008322,27.3,4,1,10.03,0.329,0.5412,0.7616,7.22,0.87,0,0
CAFE-008323,11.4,0,2,10.26,0.173,0.2875,0.3123,7.39,0.79,1,0
CAFE-008324,77.9,0,3,12.95,0.1661,0.7325,0.4345,9.32,0.68,0,1
CAFE-008325,4.4,2,4,15.82,0.7955,0.5102,0.3333,11.39,2.25,0,0
CAFE-008326,76.5,0,4,9.14,0.2859,0.6781,0.6866,6.58,0.59,0,0
CAFE-008327,60.9,1,1,14.25,0.2884,0.4453,0.7516,10.26,1.01,1,1
CAFE-008328,44.8,5,6,19.84,0.9912,0.2839,0.6129,14.28,2.92,0,0
CAFE-008329,5.0,5,4,15.04,0.655,0.2806,0.4868,10.83,1.92,0,0
CAFE-008330,12.7,5,6,18.32,0.8228,0.207,0.6077,13.19,2.6,1,0
CAFE-008331,16.3,2,8,15.76,0.638,0.5556,0.3647,11.35,1.92,0,0
CAFE-008332,28.3,2,1,12.87,0.1107,0.7222,0.6351,9.27,0.84,1,1
CAFE-008333,65.1,1,1,8.89,0.0735,0.8316,0.3284,6.4,0.43,0,0
CAFE-008334,20.8,3,3,19.99,0.7573,0.4349,0.6721,14.39,2.64,0,0
CAFE-008335,56.4,1,2,11.95,0.2331,0.7322,0.3442,8.6,0.8,0,0
CAFE-008336,20.6,1,5,16.04,0.4731,0.1456,0.6035,11.55,1.67,1,0
CAFE-008337,34.6,1,5,10.4,0.5289,0.7064,0.5231,7.49,1.09,1,1
CAFE-008338,13.5,7,5,16.1,0.7194,0.8403,0.8885,11.59,2.11,0,0
CAFE-008339,18.8,4,8,20.16,0.5236,0.8488,0.4241,14.52,2.21,0,1
CAFE-008340,31.5,3,1,12.08,0.2828,0.5307,0.8176,8.7,0.98,0,0
CAFE-008341,20.6,2,4,11.85,0.3547,0.4813,0.4178,8.53,1.09,0,0
CAFE-008342,120.0,0,9,8.35,0.1551,0.5051,0.5977,6.01,0.33,0,0
CAFE-008343,10.9,1,2,18.4,0.8838,0.2157,0.3611,13.25,2.73,0,0
CAFE-008344,24.4,0,4,17.78,0.5798,0.3987,0.581,12.8,2.01,0,0
CAFE-008345,33.2,0,1,13.97,0.1406,0.554,0.2103,10.06,0.92,0,0
CAFE-008346,9.5,3,8,19.19,0.6487,0.1881,0.6264,13.82,2.41,0,0
CAFE-008347,55.6,1,5,13.66,0.4231,0.5346,0.7972,9.84,1.18,0,0
CAFE-008348,12.8,4,9,18.43,0.9059,0.4062,0.449,13.27,2.76,0,1
CAFE-008349,9.2,2,5,16.92,0.7323,0.4273,0.3777,12.18,2.27,0,1
CAFE-008350,10.4,1,3,15.79,0.3786,0.3149,0.3603,11.37,1.55,1,1
CAFE-008351,33.7,2,5,14.01,0.6204,0.4276,0.7393,10.09,1.6,0,0
CAFE-008352,28.7,0,8,11.01,0.3257,0.5495,0.5961,7.93,0.95,0,0
CAFE-008353,33.8,3,8,14.33,0.7216,0.6519,0.4462,10.32,1.78,1,1
CAFE-008354,19.4,4,6,15.76,0.6165,0.7358,0.6976,11.35,1.87,0,1
CAFE-008355,13.1,1,3,12.81,0.2805,0.8259,0.5464,9.22,1.12,1,0
CAFE-008356,16.8,5,10,16.44,0.8386,0.673,0.8126,11.84,2.33,0,0
CAFE-008357,119.6,2,2,14.78,0.4345,0.883,0.2842,10.64,0.95,1,0
CAFE-008358,18.9,4,3,9.46,0.2786,0.3407,0.6414,6.81,0.8,0,0
CAFE-008359,32.0,1,4,14.95,0.5214,0.6427,0.6525,10.76,1.56,0,0
CAFE-008360,62.3,1,1,10.69,0.099,0.807,0.2763,7.7,0.55,0,0
CAFE-008361,21.1,5,7,12.68,0.5094,0.3365,0.443,9.13,1.36,0,0
CAFE-008362,19.6,1,6,13.32,0.3006,0.5228,0.3738,9.59,1.16,1,0
CAFE-008363,10.2,5,3,17.23,0.5872,0.3266,0.5717,12.41,2.05,0,0
CAFE-008364,29.1,3,2,12.71,0.2924,0.7179,0.3529,9.15,1.05,1,1
CAFE-008365,10.8,0,6,15.31,0.6665,0.711,0.1592,11.02,1.94,0,0
CAFE-008366,26.3,2,3,12.0,0.24,0.5936,0.0991,8.64,0.94,0,1
CAFE-008367,41.7,2,5,12.34,0.4368,0.7827,0.7601,8.88,1.14,0,0
CAFE-008368,14.9,4,14,20.12,0.9388,0.7662,0.665,14.49,3.07,1,1
CAFE-008369,29.2,1,3,17.42,0.5676,0.6392,0.317,12.54,1.92,0,1
CAFE-008370,30.9,1,7,12.91,0.4144,0.4403,0.713,9.3,1.22,0,0
CAFE-008371,19.2,4,4,11.28,0.2308,0.6487,0.4865,8.12,0.9,0,0
CAFE-008372,28.7,1,2,17.45,0.4117,0.1808,0.437,12.56,1.65,0,0
CAFE-008373,18.1,1,7,20.65,0.7641,0.5232,0.7613,14.87,2.76,0,0
CAFE-008374,12.2,1,6,16.92,0.7189,0.2434,0.3667,12.18,2.22,0,0
CAFE-008375,35.1,4,9,19.27,0.9214,0.2674,0.3327,13.87,2.77,0,1
CAFE-008376,27.6,4,3,11.96,0.3182,0.6538,0.6191,8.61,1.03,0,0
CAFE-008377,33.0,0,8,9.33,0.259,0.4058,0.4968,6.72,0.73,1,0
CAFE-008378,80.0,0,8,17.69,0.7025,0.3412,0.5581,12.74,1.87,0,0
CAFE-008379,11.5,1,3,11.38,0.2425,0.3146,0.5798,8.19,0.96,0,1
CAFE-008380,9.6,5,10,18.1,0.7916,0.5362,0.5093,13.03,2.53,1,1
CAFE-008381,18.3,4,9,19.61,0.8556,0.6246,0.8513,14.12,2.8,0,0
CAFE-008382,18.9,5,5,11.51,0.4614,0.5214,0.2102,8.29,1.19,0,1
CAFE-008383,36.0,2,7,11.39,0.4718,0.7941,0.4994,8.2,1.12,1,1
CAFE-008384,12.4,3,5,16.22,0.5584,0.2977,0.3493,11.68,1.87,1,0
CAFE-008385,19.6,4,4,16.95,0.6105,0.8229,0.4909,12.2,2.0,1,1
CAFE-008386,30.9,3,4,19.82,0.6727,0.4899,0.4981,14.27,2.38,0,1
CAFE-008387,35.5,1,3,14.08,0.2975,0.4805,0.4878,10.14,1.14,1,0
CAFE-008388,5.8,6,5,17.05,0.7858,0.2256,0.6378,12.28,2.4,0,0
CAFE-008389,25.7,3,10,16.41,0.7955,0.4846,0.2125,11.82,2.2,1,0
CAFE-008390,36.1,2,7,16.42,0.4654,0.7241,0.3955,11.82,1.6,1,0
CAFE-008391,14.6,1,7,12.72,0.5852,0.4687,0.5336,9.16,1.49,0,0
CAFE-008392,6.1,6,6,15.64,0.765,0.4429,0.433,11.26,2.16,1,0
CAFE-008393,9.1,5,8,18.97,0.8625,0.3886,0.8169,13.66,2.79,0,1
CAFE-008394,16.7,3,7,17.59,0.6059,0.3411,0.8336,12.66,2.09,0,1
CAFE-008395,51.0,1,1,11.18,0.2298,0.3663,0.3872,8.05,0.77,0,0
CAFE-008396,10.6,3,5,20.5,0.9427,0.3592,0.2561,14.76,3.17,0,1
CAFE-008397,38.2,1,3,13.66,0.4045,0.6118,0.7308,9.84,1.24,1,0
CAFE-008398,10.9,2,1,15.76,0.3233,0.7779,0.7982,11.35,1.46,0,0
CAFE-008399,23.6,3,1,13.41,0.5474,0.6273,0.4856,9.66,1.48,0,1
CAFE-008400,60.4,4,2,13.67,0.5831,0.5758,0.3451,9.84,1.37,0,1
CAFE-008401,15.3,1,5,8.94,0.2696,0.5682,0.4799,6.44,0.76,1,0
CAFE-008402,29.5,2,4,12.57,0.2543,0.7134,0.4458,9.05,0.99,0,0
CAFE-008403,13.5,1,6,18.2,0.74,0.3436,0.4304,13.1,2.42,0,0
CAFE-008404,7.6,6,7,18.26,0.7952,0.3143,0.4654,13.15,2.57,1,0
CAFE-008405,31.7,2,3,10.12,0.2508,0.7235,0.4855,7.29,0.79,0,0
CAFE-008406,45.8,0,2,8.11,0.1748,0.7231,0.5358,5.84,0.53,0,0
CAFE-008407,38.8,1,3,12.77,0.6061,0.5335,0.6554,9.19,1.41,1,0
CAFE-008408,10.8,0,6,14.57,0.3374,0.708,0.5177,10.49,1.37,0,0
CAFE-008409,55.2,1,0,6.5,0.2364,0.7937,0.5898,4.68,0.44,1,0
CAFE-008410,68.8,0,5,13.09,0.6269,0.35,0.2766,9.42,1.33,0,0
CAFE-008411,39.7,2,3,13.19,0.4123,0.5126,0.6011,9.5,1.2,0,0
CAFE-008412,33.9,1,6,11.01,0.3407,0.5025,0.451,7.93,0.95,0,0
CAFE-008413,3.3,0,3,10.63,0.4926,0.5548,0.473,7.65,1.19,0,0
CAFE-008414,56.2,1,5,14.71,0.5565,0.4853,0.6262,10.59,1.46,0,0
CAFE-008415,22.7,2,5,6.41,0.4548,0.7749,0.4779,4.62,0.65,0,0
CAFE-008416,9.8,3,6,16.5,0.544,0.4215,0.3947,11.88,1.9,0,0
CAFE-008417,35.7,1,9,19.35,0.6977,0.1435,0.7102,13.93,2.34,1,0
CAFE-008418,7.0,2,8,17.43,0.9137,0.0828,0.7847,12.55,2.66,0,0
CAFE-008419,7.8,5,5,17.16,0.6103,0.632,0.8066,12.36,2.1,0,0
CAFE-008420,18.4,1,8,16.66,0.6931,0.2515,0.7449,12.0,2.11,0,0
CAFE-008421,21.1,2,3,12.92,0.5487,0.521,0.3018,9.3,1.44,0,0
CAFE-008422,11.5,4,7,16.19,0.7274,0.4748,0.7397,11.66,2.15,0,1
CAFE-008423,18.7,5,8,20.25,0.5932,0.5451,0.7515,14.58,2.36,1,0
CAFE-008424,32.1,2,2,13.25,0.2398,0.723,0.473,9.54,1.01,0,0
CAFE-008425,22.6,3,7,19.66,0.8705,0.5502,0.5111,14.16,2.81,0,1
CAFE-008426,11.2,3,3,10.81,0.2888,0.2645,0.2081,7.78,0.96,0,0
CAFE-008427,19.1,3,6,10.14,0.4519,0.5456,0.6284,7.3,1.04,1,1
CAFE-008428,33.0,2,6,19.69,0.7508,0.4608,0.4675,14.18,2.5,0,0
CAFE-008429,34.3,2,7,24.54,0.8418,0.738,0.8396,17.67,3.33,1,1
CAFE-008430,48.3,2,4,16.49,0.5366,0.2356,0.2455,11.87,1.65,0,0
CAFE-008431,21.2,2,4,13.07,0.5039,0.6717,0.54,9.41,1.4,1,0
CAFE-008432,28.6,3,4,17.3,0.5508,0.3917,0.2565,12.46,1.88,1,0
CAFE-008433,38.0,1,5,10.57,0.3097,0.1633,0.2845,7.61,0.86,0,0
CAFE-008434,21.7,4,3,14.17,0.2468,0.5019,0.2336,10.2,1.15,1,1
CAFE-008435,24.6,2,8,13.02,0.5868,0.7415,0.678,9.37,1.48,0,0
CAFE-008436,98.4,2,1,7.53,0.2027,0.69,0.7086,5.42,0.37,0,0
CAFE-008437,4.8,2,4,9.75,0.3236,0.4271,0.2741,7.02,0.92,0,0
CAFE-008438,33.5,0,7,14.24,0.3962,0.553,0.4998,10.25,1.3,1,0
CAFE-008439,11.9,1,8,11.05,0.3517,0.6669,0.4267,7.96,1.05,0,0
CAFE-008440,27.4,0,7,21.08,0.7423,0.4714,0.6714,15.18,2.71,0,1
CAFE-008441,5.7,1,5,22.95,0.6845,0.6627,0.383,16.52,2.99,0,0
CAFE-008442,74.9,1,0,11.42,0.228,0.6527,0.4008,8.22,0.68,0,0
CAFE-008443,89.2,1,3,14.29,0.4451,0.3222,0.6036,10.29,1.09,0,0
CAFE-008444,61.3,3,6,13.38,0.5599,0.3907,0.4732,9.63,1.31,0,0
CAFE-008445,47.2,0,2,9.68,0.1193,0.7888,0.4428,6.97,0.57,0,0
CAFE-008446,10.1,4,5,17.81,0.6772,0.2776,0.721,12.82,2.28,1,0
CAFE-008447,21.2,2,7,15.61,0.7127,0.7094,0.4552,11.24,1.99,1,1
CAFE-008448,7.2,3,8,12.82,0.6838,0.4473,0.4871,9.23,1.66,1,0
CAFE-008449,9.1,5,6,18.79,0.813,0.4086,0.7237,13.53,2.67,1,1
CAFE-008450,35.0,4,7,16.97,0.4837,0.5281,0.2656,12.22,1.69,1,0
CAFE-008451,77.4,2,1,10.07,0.2371,0.7138,0.2743,7.25,0.6,0,0
CAFE-008452,24.0,3,4,17.19,0.6182,0.3623,0.8202,12.38,2.01,0,0
CAFE-008453,59.8,2,5,9.3,0.4054,0.8667,0.3014,6.7,0.77,1,0
CAFE-008454,25.1,1,3,15.68,0.4295,0.4879,0.5421,11.29,1.54,1,0
CAFE-008455,80.1,3,2,12.26,0.2821,0.6484,0.572,8.83,0.78,0,0
CAFE-008456,17.5,2,4,10.03,0.3698,0.1915,0.4055,7.22,0.95,0,1
CAFE-008457,9.2,3,6,17.79,0.6075,0.7716,0.3617,12.81,2.16,0,1
CAFE-008458,3.7,7,4,16.62,0.7596,0.8107,0.9446,11.97,2.3,1,1
CAFE-008459,36.9,1,3,15.02,0.4367,0.7395,0.2841,10.81,1.42,1,0
CAFE-008460,12.3,1,5,7.96,0.3388,0.4729,0.4014,5.73,0.74,0,0
CAFE-008461,6.4,6,8,20.44,0.8313,0.766,0.3409,14.72,2.96,0,0
CAFE-008462,20.2,1,3,13.19,0.2729,0.3372,0.4358,9.5,1.11,0,0
CAFE-008463,55.2,2,5,13.54,0.4729,0.8103,0.5061,9.75,1.24,0,0
CAFE-008464,59.5,3,7,14.63,0.4544,0.4136,0.3669,10.53,1.29,1,0
CAFE-008465,120.0,6,0,9.31,0.2238,0.4323,0.4451,6.7,0.4,0,0
CAFE-008466,22.5,5,4,19.79,0.9268,0.4397,0.5497,14.25,2.94,0,0
CAFE-008467,1.9,1,2,15.69,0.2206,0.9114,0.1638,11.3,1.34,0,0
CAFE-008468,13.3,0,5,15.05,0.5353,0.4128,0.8254,10.84,1.7,1,0
CAFE-008469,55.1,1,3,11.76,0.3657,0.7689,0.6103,8.47,0.95,0,0
CAFE-008470,41.2,0,6,15.23,0.4876,0.5455,0.3908,10.97,1.49,1,0
CAFE-008471,20.2,8,11,15.43,0.7269,0.3157,0.6022,11.11,2.0,0,1
CAFE-008472,38.2,4,6,21.16,0.7261,0.7112,0.2251,15.24,2.6,0,0
CAFE-008473,2.9,1,5,16.74,0.4944,0.5569,0.576,12.05,1.88,0,1
CAFE-008474,18.1,0,1,9.22,0.1063,0.4038,0.5077,6.64,0.63,0,0
CAFE-008475,2.8,3,9,18.46,0.8164,0.306,0.3889,13.29,2.67,0,0
CAFE-008476,14.4,2,7,17.66,0.8161,0.4893,0.6739,12.72,2.48,0,0
CAFE-008477,27.3,0,9,13.59,0.5677,0.2221,0.6472,9.78,1.51,1,0
CAFE-008478,37.1,2,4,12.73,0.5468,0.4505,0.7637,9.17,1.34,1,1
CAFE-008479,63.4,1,2,12.82,0.5145,0.2876,0.5533,9.23,1.19,0,0
CAFE-008480,9.5,0,5,10.69,0.5266,0.4885,0.6963,7.7,1.21,1,0
CAFE-008481,10.0,2,3,13.98,0.523,0.4456,0.6384,10.07,1.58,0,0
CAFE-008482,20.8,6,9,23.25,0.8978,0.7557,0.2886,16.74,3.4,1,1
CAFE-008483,29.6,1,6,17.63,0.5361,0.2163,0.2834,12.69,1.89,0,1
CAFE-008484,17.4,2,2,18.67,0.6452,0.6364,0.3451,13.44,2.28,0,0
CAFE-008485,1.8,2,8,20.84,0.7392,0.5784,0.3063,15.0,2.86,1,0
CAFE-008486,89.6,3,4,11.82,0.3549,0.3209,0.4588,8.51,0.79,1,0
CAFE-008487,10.5,2,1,14.3,0.1768,0.5436,0.6798,10.3,1.11,0,0
CAFE-008488,16.6,0,4,7.75,0.3974,0.6357,0.3092,5.58,0.76,0,0
CAFE-008489,56.8,1,2,15.62,0.3482,0.4181,0.1781,11.25,1.22,0,0
CAFE-008490,1.9,3,6,20.26,0.8659,0.3851,0.9388,14.59,3.04,0,0
CAFE-008491,9.7,3,3,13.5,0.456,0.4743,0.5346,9.72,1.43,0,1
CAFE-008492,14.9,2,5,14.89,0.6582,0.4645,0.5376,10.72,1.85,0,0
CAFE-008493,8.2,4,10,14.83,0.6651,0.1153,0.3796,10.68,1.89,0,0
CAFE-008494,13.7,3,2,15.34,0.509,0.58,0.3501,11.04,1.69,1,0
CAFE-008495,26.6,5,4,19.13,0.8309,0.2607,0.3681,13.77,2.63,1,1
CAFE-008496,13.4,5,10,21.88,0.9226,0.3058,0.5442,15.75,3.31,1,1
CAFE-008497,74.5,1,4,6.18,0.2755,0.2242,0.3154,4.45,0.4,1,0
CAFE-008498,33.3,4,10,14.56,0.626,0.3011,0.8174,10.48,1.67,0,0
CAFE-008499,33.6,1,1,10.08,0.1184,0.8987,0.6979,7.26,0.64,0,0
CAFE-008500,14.3,3,2,15.05,0.5095,0.6729,0.6103,10.84,1.65,0,0
CAFE-008501,8.4,5,7,14.61,0.5961,0.3503,0.6596,10.52,1.76,1,0
CAFE-008502,23.6,2,4,11.93,0.2125,0.2061,0.2579,8.59,0.92,0,0
CAFE-008503,27.2,2,2,8.64,0.4509,0.3568,0.4347,6.22,0.86,0,0
CAFE-008504,60.4,1,1,10.47,0.2313,0.8712,0.2168,7.54,0.68,1,0
CAFE-008505,22.9,3,3,10.78,0.3085,0.4992,0.305,7.76,0.93,0,0
CAFE-008506,35.9,5,6,18.81,0.8582,0.4019,0.812,13.54,2.58,1,0
CAFE-008507,19.0,3,7,18.29,0.8272,0.2901,0.797,13.17,2.56,0,1
CAFE-008508,2.6,6,10,22.73,0.8904,0.6822,0.3045,16.37,3.46,1,0
CAFE-008509,17.6,3,3,14.6,0.6621,0.385,0.6984,10.51,1.81,1,0
CAFE-008510,30.7,1,4,21.09,0.6423,0.4579,0.2787,15.18,2.47,0,1
CAFE-008511,12.2,6,5,17.82,0.5009,0.3753,0.4673,12.83,1.95,0,1
CAFE-008512,20.0,2,2,10.43,0.1812,0.6668,0.2585,7.51,0.78,0,0
CAFE-008513,2.3,3,9,21.08,0.8991,0.2539,0.4693,15.18,3.23,0,0
CAFE-008514,38.8,2,1,9.07,0.3062,0.5964,0.6136,6.53,0.73,0,0
CAFE-008515,19.6,2,6,15.55,0.683,0.4846,0.4178,11.2,1.95,0,0
CAFE-008516,24.9,6,9,18.53,0.7006,0.5924,0.5647,13.34,2.32,0,1
CAFE-008517,74.2,2,7,21.57,0.7155,0.394,0.4942,15.53,2.35,0,0
CAFE-008518,32.6,2,7,19.32,0.7209,0.3177,0.4874,13.91,2.4,0,0
CAFE-008519,40.0,0,3,13.99,0.329,0.6,0.3361,10.07,1.15,0,0
CAFE-008520,52.5,3,4,14.37,0.4096,0.6042,0.4709,10.35,1.24,0,0
CAFE-008521,20.7,0,3,6.81,0.1318,0.4639,0.5197,4.9,0.47,0,0
CAFE-008522,37.4,0,3,9.29,0.2048,0.5629,0.251,6.69,0.66,0,0
CAFE-008523,18.5,1,3,8.98,0.2596,0.6095,0.5649,6.47,0.75,1,0
CAFE-008524,8.1,4,5,12.96,0.3734,0.1929,0.6087,9.33,1.28,0,1
CAFE-008525,12.5,0,4,17.32,0.6857,0.3867,0.389,12.47,2.22,1,0
CAFE-008526,13.4,2,3,17.74,0.4765,0.616,0.5096,12.77,1.9,0,0
CAFE-008527,16.8,3,3,20.09,0.7385,0.2157,0.7541,14.46,2.65,0,0
CAFE-008528,25.9,3,6,15.77,0.5144,0.5994,0.7365,11.35,1.67,0,0
CAFE-008529,4.8,1,4,12.14,0.323,0.8627,0.1776,8.74,1.15,1,1
CAFE-008530,26.5,6,5,16.2,0.466,0.4488,0.2051,11.66,1.64,0,1
CAFE-008531,120.0,3,3,16.49,0.4243,0.1868,0.8279,11.87,1.04,0,0
CAFE-008532,36.2,6,4,13.43,0.702,0.6244,0.395,9.67,1.63,0,0
CAFE-008533,40.7,0,4,13.56,0.3827,0.4098,0.5516,9.76,1.19,0,0
CAFE-008534,50.7,1,4,12.12,0.3085,0.3875,0.4333,8.73,0.93,0,1
CAFE-008535,41.4,4,2,14.14,0.5533,0.3581,0.78,10.18,1.48,0,0
CAFE-008536,15.0,1,3,13.39,0.16,0.8211,0.6707,9.64,1.0,0,0
CAFE-008537,10.1,3,8,24.08,0.7955,0.6517,0.4809,17.34,3.37,0,0
CAFE-008538,18.3,2,5,20.14,0.59,0.4194,0.6728,14.5,2.34,0,0
CAFE-008539,4.8,3,5,16.36,0.8229,0.215,0.4426,11.78,2.37,0,0
CAFE-008540,7.4,4,5,16.41,0.6212,0.5319,0.8289,11.82,2.03,0,0
CAFE-008541,17.2,4,6,15.26,0.5276,0.6439,0.5626,10.99,1.69,0,0
CAFE-008542,13.5,2,5,14.68,0.633,0.2206,0.213,10.57,1.8,0,0
CAFE-008543,48.0,1,3,11.97,0.2467,0.6258,0.492,8.62,0.85,0,0
CAFE-008544,11.0,2,2,16.61,0.5323,0.265,0.7042,11.96,1.88,0,0
CAFE-008545,50.2,5,2,18.75,0.2395,0.3738,0.4531,13.5,1.31,0,0
CAFE-008546,15.7,4,6,16.56,0.7898,0.6775,0.4888,11.92,2.27,0,0
CAFE-008547,62.2,2,4,11.59,0.4333,0.3363,0.3674,8.34,0.98,0,0
CAFE-008548,34.4,2,7,9.59,0.329,0.7374,0.6947,6.9,0.81,0,0
CAFE-008549,61.2,1,3,19.3,0.4056,0.205,0.8016,13.9,1.59,0,0
CAFE-008550,8.2,2,2,10.95,0.1608,0.6597,0.285,7.88,0.84,0,0
CAFE-008551,23.0,2,2,10.04,0.2615,0.8159,0.1867,7.23,0.82,0,0
CAFE-008552,6.2,0,5,15.23,0.7157,0.4942,0.8313,10.97,2.03,0,0
CAFE-008553,23.3,3,2,13.99,0.4299,0.263,0.4818,10.07,1.38,0,0
CAFE-008554,20.2,3,1,14.67,0.2878,0.4027,0.2118,10.56,1.25,0,0
CAFE-008555,25.0,1,9,18.56,0.6852,0.5627,0.5685,13.36,2.29,0,1
CAFE-008556,25.8,2,7,13.0,0.8158,0.4895,0.1984,9.36,1.77,0,0
CAFE-008557,3.1,1,1,14.04,0.3284,0.8258,0.5363,10.11,1.34,1,1
CAFE-008558,11.5,8,8,17.5,0.8368,0.443,0.3059,12.6,2.51,1,1
CAFE-008559,28.1,0,4,13.75,0.3069,0.6768,0.5803,9.9,1.16,0,1
CAFE-008560,31.6,3,3,9.25,0.3199,0.4441,0.8064,6.66,0.78,0,1
CAFE-008561,33.2,2,5,18.74,0.5657,0.6658,0.2226,13.49,2.04,0,0
CAFE-008562,26.2,3,5,18.35,0.8719,0.3657,0.8272,13.21,2.6,0,0
CAFE-008563,31.0,0,3,7.8,0.2315,0.8258,0.4544,5.62,0.59,1,1
CAFE-008564,9.6,0,2,11.82,0.4569,0.4617,0.5894,8.51,1.26,1,1
CAFE-008565,24.0,2,4,12.94,0.5377,0.4892,0.6827,9.32,1.41,0,0
CAFE-008566,55.1,1,2,6.74,0.3691,0.434,0.4084,4.85,0.55,1,0
CAFE-008567,13.9,4,7,24.08,0.947,0.666,0.8744,17.34,3.7,1,1
CAFE-008568,10.7,2,2,19.11,0.5879,0.3583,0.1357,13.76,2.27,0,0
CAFE-008569,67.5,1,3,14.87,0.1867,0.514,0.5199,10.71,0.87,0,0
CAFE-008570,9.7,3,10,12.54,0.6798,0.2015,0.8076,9.03,1.61,0,0
CAFE-008571,11.7,2,7,17.74,0.8113,0.4638,0.3938,12.77,2.5,0,0
CAFE-008572,12.6,5,2,12.16,0.5056,0.5598,0.843,8.76,1.34,0,0
CAFE-008573,18.6,2,4,14.68,0.564,0.3639,0.6939,10.57,1.67,0,0
CAFE-008574,44.0,2,3,16.44,0.4545,0.6329,0.1796,11.84,1.54,0,0
CAFE-008575,28.5,6,7,18.0,0.7966,0.5632,0.3678,12.96,2.4,0,1
CAFE-008576,12.1,4,4,10.8,0.4055,0.2507,0.5196,7.78,1.08,1,0
CAFE-008577,35.6,1,5,9.83,0.2784,0.8254,0.6484,7.08,0.78,1,0
CAFE-008578,23.4,0,3,14.92,0.6324,0.4176,0.5584,10.74,1.77,0,0
CAFE-008579,7.8,0,4,9.21,0.0895,0.4819,0.2702,6.63,0.65,1,0
CAFE-008580,34.6,2,4,19.74,0.7938,0.4859,0.6237,14.21,2.58,0,1
CAFE-008581,22.9,3,3,16.85,0.4809,0.3924,0.6351,12.13,1.75,1,1
CAFE-008582,29.5,0,4,11.78,0.4058,0.3072,0.472,8.48,1.11,0,0
CAFE-008583,10.9,2,10,17.21,0.8184,0.4664,0.9153,12.39,2.44,0,0
CAFE-008584,54.5,4,6,13.43,0.6156,0.511,0.6091,9.67,1.42,1,0
CAFE-008585,31.3,1,1,9.52,0.2456,0.78,0.1001,6.85,0.74,1,0
CAFE-008586,11.3,8,3,17.57,0.6456,0.3801,0.7577,12.65,2.19,1,1
CAFE-008587,20.6,2,1,14.46,0.4425,0.5276,0.3252,10.41,1.46,1,0
CAFE-008588,11.2,4,1,11.99,0.3467,0.5992,0.6894,8.63,1.13,1,0
CAFE-008589,37.6,0,2,13.64,0.285,0.291,0.2426,9.82,1.08,0,0
CAFE-008590,27.6,5,5,18.59,0.84,0.8405,0.7877,13.38,2.57,0,0
CAFE-008591,4.8,7,6,17.84,0.899,0.3013,0.6634,12.84,2.71,0,0
CAFE-008592,1.6,4,7,18.4,0.8207,0.1667,0.7409,13.25,2.68,0,1
CAFE-008593,2.4,4,6,17.0,0.8079,0.5919,0.741,12.24,2.45,1,0
CAFE-008594,6.3,0,3,13.26,0.2405,0.39,0.5457,9.55,1.14,0,0
CAFE-008595,29.2,1,2,9.82,0.1285,0.7612,0.4434,7.07,0.65,0,0
CAFE-008596,9.5,1,3,13.99,0.3376,0.4196,0.3714,10.07,1.32,1,1
CAFE-008597,28.0,1,3,15.14,0.5723,0.2568,0.4243,10.9,1.68,1,0
CAFE-008598,16.2,2,5,21.77,0.8765,0.5266,0.4609,15.67,3.17,0,0
CAFE-008599,53.7,2,4,15.01,0.2562,0.546,0.509,10.81,1.06,0,0
CAFE-008600,22.8,1,6,12.75,0.4964,0.3084,0.768,9.18,1.34,0,0
CAFE-008601,36.7,0,11,14.65,0.7549,0.4821,0.3011,10.55,1.85,0,1
CAFE-008602,15.7,7,0,13.19,0.3711,0.3755,0.2762,9.5,1.26,0,1
CAFE-008603,39.6,3,4,11.63,0.3738,0.5916,0.818,8.37,1.01,0,0
CAFE-008604,55.1,4,5,15.04,0.4046,0.4642,0.6023,10.83,1.27,1,0
CAFE-008605,14.7,3,4,11.49,0.3773,0.2293,0.5765,8.27,1.11,0,0
CAFE-008606,3.7,1,10,18.05,0.8887,0.4252,0.8346,13.0,2.74,0,1
CAFE-008607,12.4,1,3,14.42,0.3853,0.1557,0.8071,10.38,1.41,0,0
CAFE-008608,25.5,3,6,17.54,0.7262,0.2115,0.7176,12.63,2.24,1,0
CAFE-008609,38.7,2,6,16.1,0.647,0.2773,0.3662,11.59,1.85,1,0
CAFE-008610,45.5,1,3,9.79,0.2771,0.1535,0.5444,7.05,0.74,0,0
CAFE-008611,13.9,0,2,13.22,0.2459,0.5969,0.4261,9.52,1.11,1,0
CAFE-008612,37.1,0,6,11.88,0.2339,0.5407,0.6724,8.55,0.88,0,0
CAFE-008613,19.9,2,2,9.79,0.1197,0.6751,0.2631,7.05,0.67,0,1
CAFE-008614,24.5,2,6,13.22,0.6026,0.2103,0.514,9.52,1.53,1,1
CAFE-008615,25.7,2,3,18.71,0.5115,0.8409,0.1869,13.47,1.98,1,0
CAFE-008616,12.2,5,9,18.75,0.844,0.4653,0.588,13.5,2.7,1,0
CAFE-008617,48.5,0,4,12.45,0.1949,0.6838,0.4022,8.96,0.82,0,0
CAFE-008618,43.6,3,3,13.12,0.3937,0.2778,0.7956,9.45,1.15,0,0
CAFE-008619,31.1,2,3,18.13,0.5773,0.6286,0.3786,13.05,2.0,1,0
CAFE-008620,34.9,4,11,14.93,0.5808,0.3299,0.5414,10.75,1.64,0,0
CAFE-008621,10.7,3,8,14.52,0.7541,0.1454,0.4715,10.45,1.97,0,1
CAFE-008622,15.4,2,12,16.54,0.6735,0.3732,0.488,11.91,2.08,0,1
CAFE-008623,36.6,4,6,19.67,0.7238,0.482,0.5584,14.16,2.42,1,1
CAFE-008624,44.0,3,2,11.52,0.3066,0.4906,0.5636,8.29,0.91,0,0
CAFE-008625,31.6,5,9,20.58,0.8893,0.6118,0.3651,14.82,2.91,0,1
CAFE-008626,13.0,4,5,21.15,0.8663,0.584,0.6594,15.23,3.09,0,0
CAFE-008627,18.0,2,5,16.79,0.4426,0.3245,0.7191,12.09,1.71,0,0
CAFE-008628,79.1,3,7,19.64,0.5167,0.5671,0.5548,14.14,1.71,0,0
CAFE-008629,7.9,2,5,20.92,0.8957,0.5934,0.6508,15.06,3.15,1,0
CAFE-008630,36.6,2,2,17.17,0.6592,0.6132,0.4987,12.36,2.0,0,0
CAFE-008631,50.7,2,6,15.28,0.5521,0.3717,0.7667,11.0,1.54,0,0
CAFE-008632,9.0,2,6,13.19,0.5635,0.5448,0.7215,9.5,1.54,0,0
CAFE-008633,7.2,2,7,24.53,0.9832,0.5086,0.5684,17.66,3.92,0,1
CAFE-008634,17.6,6,5,16.65,0.658,0.5116,0.6655,11.99,2.06,1,1
CAFE-008635,21.2,6,8,17.22,0.7341,0.7311,0.6738,12.4,2.23,0,0
CAFE-008636,29.2,3,2,13.94,0.3828,0.446,0.1306,10.04,1.28,1,0
CAFE-008637,15.5,3,4,14.33,0.7085,0.8112,0.7224,10.32,1.85,0,0
CAFE-008638,2.8,4,10,17.7,0.881,0.1492,0.3768,12.74,2.67,0,0
CAFE-008639,24.4,5,5,20.86,0.845,0.4869,0.8039,15.02,2.91,1,0
CAFE-008640,40.9,1,11,13.91,0.746,0.7011,0.3343,10.02,1.72,0,1
CAFE-008641,35.3,1,2,10.84,0.5386,0.5379,0.3455,7.8,1.14,0,1
CAFE-008642,11.4,2,7,17.84,0.8835,0.3795,0.4647,12.84,2.64,1,0
CAFE-008643,40.5,5,8,16.15,0.6083,0.2458,0.7632,11.63,1.78,0,1
CAFE-008644,31.9,1,4,11.09,0.2278,0.5248,0.5988,7.98,0.84,0,0
CAFE-008645,8.7,3,2,19.21,0.8449,0.7574,0.5988,13.83,2.79,1,0
CAFE-008646,34.6,3,1,19.86,0.4658,0.471,0.6363,14.3,1.95,0,0
CAFE-008647,20.0,2,5,15.52,0.5144,0.6959,0.8035,11.17,1.68,0,0
CAFE-008648,105.8,1,0,7.84,0.0665,0.5904,0.4142,5.64,0.31,1,0
CAFE-008649,10.4,4,2,17.29,0.6122,0.3872,0.204,12.45,2.1,0,0
CAFE-008650,24.2,2,1,12.29,0.4268,0.5861,0.4373,8.85,1.2,0,0
CAFE-008651,29.5,2,4,16.46,0.5544,0.5319,0.4277,11.85,1.79,1,0
CAFE-008652,40.0,2,5,10.53,0.3344,0.3968,0.7366,7.58,0.87,0,0
CAFE-008653,4.1,2,3,15.11,0.6741,0.4186,0.8136,10.88,1.96,0,1
CAFE-008654,31.3,1,0,13.96,0.2288,0.902,0.4396,10.05,1.06,0,0
CAFE-008655,15.2,3,4,17.79,0.5255,0.765,0.3232,12.81,1.98,1,0
CAFE-008656,74.2,4,4,16.06,0.4612,0.7159,0.7531,11.56,1.34,0,0
CAFE-008657,8.2,4,8,10.31,0.7136,0.7955,0.5321,7.42,1.37,0,0
CAFE-008658,47.3,3,5,13.19,0.4229,0.3909,0.6013,9.5,1.18,0,1
CAFE-008659,6.8,3,5,14.91,0.4741,0.6183,0.3368,10.74,1.62,0,0
CAFE-008660,4.8,3,6,12.74,0.6155,0.2769,0.5562,9.17,1.58,1,1
CAFE-008661,12.1,5,6,14.3,0.6599,0.3586,0.7464,10.3,1.8,0,0
CAFE-008662,16.7,0,7,21.18,0.6552,0.2863,0.2454,15.25,2.62,0,0
CAFE-008663,3.6,4,12,21.71,0.6705,0.8032,0.7674,15.63,2.82,1,1
CAFE-008664,40.6,1,10,20.78,0.8321,0.2917,0.4074,14.96,2.76,1,0
CAFE-008665,9.0,2,5,14.19,0.4817,0.2531,0.5492,10.22,1.55,1,0
CAFE-008666,12.5,4,8,13.09,0.3742,0.7155,0.5495,9.42,1.27,0,0
CAFE-008667,11.3,4,6,23.83,0.9008,0.1247,0.4016,17.16,3.57,0,0
CAFE-008668,17.3,5,10,14.94,0.6577,0.2189,0.7959,10.76,1.85,1,0
CAFE-008669,29.8,4,7,19.51,0.7314,0.4057,0.3165,14.05,2.47,0,1
CAFE-008670,19.4,0,4,19.01,0.6226,0.479,0.2563,13.69,2.27,0,0
CAFE-008671,17.6,1,2,11.07,0.4011,0.6601,0.4426,7.97,1.08,1,0
CAFE-008672,5.9,3,1,11.53,0.2079,0.4093,0.5,8.3,0.95,0,0
CAFE-008673,20.1,3,10,13.59,0.8225,0.6316,0.3279,9.78,1.89,0,0
CAFE-008674,17.1,1,8,21.26,0.9179,0.5414,0.7208,15.31,3.18,0,1
CAFE-008675,33.9,2,2,9.7,0.3398,0.544,0.5437,6.98,0.83,0,0
CAFE-008676,18.3,2,6,21.61,0.7987,0.8204,0.7811,15.56,2.97,0,0
CAFE-008677,22.9,0,7,12.71,0.709,0.3849,0.523,9.15,1.61,1,0
CAFE-008678,37.2,1,6,10.19,0.3273,0.7274,0.1081,7.34,0.85,0,0
CAFE-008679,12.5,3,2,9.75,0.4431,0.2302,0.4791,7.02,1.01,0,0
CAFE-008680,41.2,1,3,15.92,0.4242,0.6201,0.6601,11.46,1.46,0,0
CAFE-008681,4.2,1,8,13.65,0.5106,0.6205,0.5232,9.83,1.55,0,0
CAFE-008682,28.2,4,4,17.39,0.5178,0.3523,0.5247,12.52,1.84,1,1
CAFE-008683,8.2,1,6,12.11,0.3944,0.3485,0.5343,8.72,1.22,1,1
CAFE-008684,36.1,2,5,9.54,0.4223,0.8205,0.5175,6.87,0.89,0,0
CAFE-008685,15.5,4,5,16.69,0.5986,0.563,0.2636,12.02,1.97,0,0
CAFE-008686,5.5,3,2,14.08,0.3809,0.5342,0.4884,10.14,1.41,1,0
CAFE-008687,1.4,0,4,22.06,0.8343,0.6698,0.6938,15.88,3.24,1,1
CAFE-008688,21.8,3,9,13.62,0.5749,0.2796,0.4832,9.81,1.55,0,1
CAFE-008689,20.0,1,4,18.53,0.7957,0.5746,0.7295,13.34,2.53,0,0
CAFE-008690,24.5,4,5,8.92,0.2653,0.5092,0.2404,6.42,0.73,0,0
CAFE-008691,101.2,0,4,11.58,0.3181,0.383,0.8638,8.34,0.69,0,0
CAFE-008692,64.5,0,1,15.02,0.4534,0.0985,0.1077,10.81,1.29,0,0
CAFE-008693,10.3,1,5,17.44,0.8679,0.3663,0.5814,12.56,2.57,1,1
CAFE-008694,39.6,7,1,16.88,0.5637,0.2914,0.2666,12.15,1.79,0,0
CAFE-008695,10.7,3,13,18.17,0.8106,0.7427,0.8152,13.08,2.57,0,1
CAFE-008696,120.0,0,3,5.0,0.1092,0.4808,0.3397,3.6,0.2,0,0
CAFE-008697,33.8,4,5,14.55,0.5335,0.7727,0.2136,10.48,1.53,1,0
CAFE-008698,17.0,0,1,5.0,0.0285,0.3869,0.0589,3.6,0.3,0,0
CAFE-008699,20.2,1,3,11.62,0.2982,0.4754,0.3346,8.37,1.01,0,0
CAFE-008700,45.9,2,4,11.49,0.1824,0.4204,0.3822,8.27,0.76,0,0
CAFE-008701,52.3,4,4,16.18,0.6989,0.7381,0.2843,11.65,1.86,1,0
CAFE-008702,52.4,5,7,18.7,0.7643,0.6672,0.3055,13.46,2.27,0,0
CAFE-008703,38.7,5,2,17.46,0.6933,0.1456,0.1505,12.57,2.08,1,0
CAFE-008704,40.4,0,3,18.51,0.4343,0.7035,0.6217,13.33,1.72,0,0
CAFE-008705,26.9,2,1,8.23,0.4164,0.8627,0.474,5.93,0.79,0,0
CAFE-008706,45.1,2,8,13.57,0.6938,0.4319,0.3106,9.77,1.59,0,0
CAFE-008707,24.2,4,8,18.66,0.6544,0.2528,0.4372,13.44,2.25,1,1
CAFE-008708,20.4,1,8,23.56,0.8331,0.3814,0.6239,16.96,3.3,1,1
CAFE-008709,33.3,4,7,18.41,0.897,0.5675,0.2712,13.26,2.61,0,1
CAFE-008710,95.8,0,5,18.92,0.382,0.567,0.5338,13.62,1.28,0,0
CAFE-008711,59.7,3,2,11.93,0.3457,0.8679,0.5448,8.59,0.92,0,0
CAFE-008712,26.3,6,4,13.47,0.5224,0.3045,0.2042,9.7,1.44,0,1
CAFE-008713,55.5,3,8,14.93,0.5106,0.6873,0.7931,10.75,1.42,0,0
CAFE-008714,10.2,1,3,13.36,0.4363,0.7045,0.5244,9.62,1.39,0,0
CAFE-008715,8.6,2,1,16.47,0.4371,0.4947,0.7083,11.86,1.72,0,0
CAFE-008716,13.8,2,10,17.58,0.7276,0.4487,0.6597,12.66,2.32,0,0
CAFE-008717,26.2,6,9,16.07,0.799,0.4371,0.6881,11.57,2.16,0,1
CAFE-008718,25.2,2,3,17.51,0.7503,0.2098,0.3682,12.61,2.28,1,0
CAFE-008719,34.0,3,5,14.08,0.7849,0.364,0.5365,10.14,1.83,0,0
CAFE-008720,105.6,4,3,14.61,0.5803,0.3407,0.3371,10.52,1.23,0,0
CAFE-008721,10.7,1,3,6.7,0.179,0.2747,0.0865,4.82,0.52,0,0
CAFE-008722,69.1,2,3,8.48,0.3123,0.6709,0.4424,6.11,0.6,0,0
CAFE-008723,11.4,2,4,10.05,0.106,0.4242,0.5435,7.24,0.71,0,0
CAFE-008724,14.8,3,7,17.0,0.5317,0.7417,0.2864,12.24,1.9,0,0
CAFE-008725,24.8,2,6,15.6,0.5817,0.4875,0.3585,11.23,1.77,0,0
CAFE-008726,20.8,0,1,5.47,0.2087,0.3687,0.3402,3.94,0.42,0,0
CAFE-008727,18.2,0,3,9.52,0.1536,0.3051,0.2666,6.85,0.69,0,0
CAFE-008728,22.1,4,13,15.52,0.6514,0.5508,0.7006,11.17,1.88,1,1
CAFE-008729,30.1,2,10,10.05,0.5295,0.6474,0.1656,7.24,1.07,1,1
CAFE-008730,45.3,1,3,14.36,0.4039,0.7551,0.2072,10.34,1.26,0,0
CAFE-008731,15.2,5,12,13.31,0.8584,0.4192,0.8287,9.58,1.92,0,0
CAFE-008732,4.4,2,5,12.42,0.3953,0.1553,0.7556,8.94,1.27,1,0
CAFE-008733,42.0,1,4,11.26,0.3323,0.7805,0.763,8.11,0.92,1,0
CAFE-008734,15.2,3,1,14.68,0.4462,0.2106,0.4669,10.57,1.51,1,0
CAFE-008735,20.8,0,4,6.3,0.0543,0.3464,0.3543,4.54,0.39,0,0
CAFE-008736,66.8,0,0,11.46,0.1344,0.4711,0.1692,8.25,0.61,0,0
CAFE-008737,7.5,5,7,19.73,0.9735,0.3919,0.7613,14.21,3.13,0,0
CAFE-008738,51.8,2,8,17.14,0.5985,0.694,0.514,12.34,1.8,0,0
CAFE-008739,14.9,3,11,18.74,0.8318,0.263,0.5298,13.49,2.66,0,0
CAFE-008740,21.4,4,8,24.01,0.8796,0.5623,0.4137,17.29,3.46,0,0
CAFE-008741,23.4,4,6,16.64,0.9411,0.0708,0.5386,11.98,2.49,0,0
CAFE-008742,4.1,6,9,19.65,0.9292,0.295,0.7823,14.15,3.05,1,0
CAFE-008743,13.8,4,9,9.45,0.4659,0.8371,0.7719,6.8,1.0,0,0
CAFE-008744,33.4,2,4,10.84,0.4149,0.3931,0.4818,7.8,1.01,1,0
CAFE-008745,17.3,0,1,13.6,0.3158,0.7377,0.327,9.79,1.22,0,0
CAFE-008746,11.0,5,7,19.23,0.8048,0.5564,0.5056,13.85,2.7,0,0
CAFE-008747,12.5,3,8,16.09,0.6638,0.5773,0.476,11.58,2.03,0,0
CAFE-008748,22.9,2,5,12.1,0.2855,0.8631,0.434,8.71,1.02,0,0
CAFE-008749,14.7,1,3,15.77,0.4059,0.3918,0.4397,11.35,1.57,0,0
CAFE-008750,17.4,0,4,18.69,0.5464,0.5089,0.6634,13.46,2.1,0,0
CAFE-008751,21.5,7,7,13.29,0.789,0.3214,0.4867,9.57,1.8,0,0
CAFE-008752,8.2,5,9,16.41,0.5922,0.5916,0.3503,11.82,1.97,1,1
CAFE-008753,21.8,1,5,20.97,0.6497,0.8794,0.4064,15.1,2.54,0,0
CAFE-008754,6.7,2,2,20.4,0.9499,0.3744,0.4664,14.69,3.19,0,1
CAFE-008755,7.2,3,4,13.54,0.5349,0.516,0.5961,9.75,1.56,1,1
CAFE-008756,29.8,2,4,14.05,0.4401,0.5698,0.6759,10.12,1.37,0,1
CAFE-008757,50.5,4,2,11.14,0.2694,0.427,0.6104,8.02,0.81,0,0
CAFE-008758,7.3,4,5,15.65,0.7965,0.45,0.7918,11.27,2.21,0,0
CAFE-008759,20.2,2,4,18.48,0.6749,0.422,0.7153,13.31,2.3,0,0
CAFE-008760,7.8,2,4,19.28,0.8733,0.1754,0.6023,13.88,2.86,0,0
CAFE-008761,28.9,2,5,25.33,0.7352,0.2775,0.5952,18.24,3.22,0,0
CAFE-008762,26.2,2,10,17.1,0.8135,0.5709,0.5725,12.31,2.32,1,1
CAFE-008763,26.9,2,1,11.15,0.4296,0.2674,0.7605,8.03,1.08,1,0
CAFE-008764,9.5,1,8,14.0,0.3757,0.3227,0.548,10.08,1.37,0,0
CAFE-008765,3.8,4,4,19.59,0.7566,0.1852,0.7679,14.1,2.71,1,0
CAFE-008766,12.0,3,5,17.3,0.7493,0.3015,0.6148,12.46,2.33,1,0
CAFE-008767,17.1,2,9,20.93,0.8962,0.6552,0.4255,15.07,3.09,1,0
CAFE-008768,19.1,4,6,16.32,0.6342,0.7485,0.5925,11.75,1.97,1,0
CAFE-008769,17.3,1,5,16.69,0.2924,0.305,0.1805,12.02,1.45,0,1
CAFE-008770,43.2,0,2,11.74,0.2864,0.3069,0.2209,8.45,0.91,0,0
CAFE-008771,36.4,4,2,18.21,0.75,0.2442,0.6621,13.11,2.29,1,0
CAFE-008772,44.6,2,3,14.3,0.3669,0.5953,0.5053,10.3,1.21,0,0
CAFE-008773,24.4,2,1,13.41,0.4585,0.3278,0.8293,9.66,1.36,0,0
CAFE-008774,7.9,1,2,13.72,0.2747,0.318,0.1873,9.88,1.22,0,0
CAFE-008775,8.2,3,6,17.58,0.8018,0.3668,0.3921,12.66,2.48,0,0
CAFE-008776,23.5,6,5,17.91,0.6618,0.4629,0.5029,12.9,2.18,0,0
CAFE-008777,19.4,2,7,19.7,0.7647,0.2016,0.6325,14.18,2.63,1,0
CAFE-008778,13.2,2,2,11.86,0.3273,0.6521,0.4013,8.54,1.09,1,0
CAFE-008779,35.7,1,2,20.82,0.8441,0.2866,0.3196,14.99,2.82,1,0
CAFE-008780,14.4,6,7,22.9,0.9294,0.1349,0.6343,16.49,3.48,0,0
CAFE-008781,55.0,2,7,17.62,0.7177,0.3798,0.5301,12.69,2.04,1,0
CAFE-008782,33.3,1,10,15.3,0.6854,0.7308,0.6074,11.02,1.84,0,1
CAFE-008783,32.5,2,6,14.58,0.4716,0.5384,0.4479,10.5,1.45,0,0
CAFE-008784,33.2,2,6,11.58,0.5749,0.4939,0.8236,8.34,1.27,0,0
CAFE-008785,4.0,3,5,14.87,0.3681,0.6499,0.3635,10.71,1.48,0,1
CAFE-008786,25.3,5,5,13.19,0.4646,0.2186,0.7332,9.5,1.34,0,0
CAFE-008787,20.9,4,3,11.39,0.5998,0.3667,0.7339,8.2,1.33,0,0
CAFE-008788,71.1,1,1,10.09,0.2091,0.2364,0.3102,7.26,0.6,0,0
CAFE-008789,4.9,3,6,19.17,0.5434,0.7177,0.8441,13.8,2.23,0,0
CAFE-008790,44.1,4,4,11.73,0.566,0.3084,0.5683,8.45,1.23,0,0
CAFE-008791,40.5,3,8,22.77,0.6933,0.3844,0.7134,16.39,2.7,1,0
CAFE-008792,17.8,4,5,17.32,0.6727,0.4925,0.7121,12.47,2.16,0,0
CAFE-008793,22.1,2,6,13.16,0.391,0.5655,0.8528,9.48,1.25,0,0
CAFE-008794,27.3,2,4,18.57,0.4445,0.5531,0.3759,13.37,1.83,0,1
CAFE-008795,15.7,4,2,11.2,0.348,0.5947,0.8295,8.06,1.04,1,0
CAFE-008796,4.3,0,0,11.83,0.2227,0.651,0.7097,8.52,1.0,0,0
CAFE-008797,28.3,6,4,17.68,0.7121,0.7411,0.5324,12.73,2.21,0,1
CAFE-008798,28.5,2,1,12.5,0.2166,0.3564,0.2734,9.0,0.94,0,0
CAFE-008799,21.0,0,1,9.81,0.3062,0.2256,0.2004,7.06,0.85,0,0
CAFE-008800,21.7,2,4,13.46,0.5449,0.2796,0.5567,9.69,1.49,1,1
CAFE-008801,82.4,1,2,7.18,0.2877,0.7794,0.5383,5.17,0.45,0,0
CAFE-008802,42.6,3,5,14.35,0.4874,0.4641,0.6597,10.33,1.4,0,0
CAFE-008803,67.4,4,3,13.99,0.527,0.4234,0.3197,10.07,1.29,0,0
CAFE-008804,60.1,1,2,11.36,0.2786,0.5269,0.4479,8.18,0.8,0,0
CAFE-008805,11.5,1,3,17.31,0.5489,0.3663,0.7754,12.46,1.99,1,0
CAFE-008806,5.2,2,9,21.49,0.764,0.3098,0.5572,15.47,2.98,0,1
CAFE-008807,5.8,4,9,15.2,0.4941,0.4164,0.3855,10.94,1.69,0,1
CAFE-008808,5.8,2,5,17.27,0.7139,0.4045,0.7369,12.43,2.3,1,1
CAFE-008809,40.2,4,3,17.48,0.4779,0.4336,0.6723,12.59,1.7,1,1
CAFE-008810,22.1,6,3,13.77,0.8552,0.2442,0.2294,9.91,1.95,0,1
CAFE-008811,15.0,1,5,16.05,0.5145,0.2455,0.4737,11.56,1.77,0,0
CAFE-008812,17.9,6,10,16.51,0.9,0.1624,0.4978,11.89,2.44,1,0
CAFE-008813,8.5,3,6,18.98,0.9356,0.3116,0.319,13.67,2.93,0,1
CAFE-008814,38.1,0,0,16.7,0.4889,0.2644,0.2945,12.02,1.66,0,0
CAFE-008815,41.5,3,10,16.85,0.8849,0.4475,0.3669,12.13,2.32,0,0
CAFE-008816,56.8,0,2,16.24,0.3654,0.6154,0.2874,11.69,1.3,0,0
CAFE-008817,56.5,3,3,9.44,0.3832,0.4006,0.4585,6.8,0.77,0,0
CAFE-008818,8.3,2,2,11.25,0.2931,0.6386,0.4819,8.1,1.02,1,0
CAFE-008819,11.5,1,6,14.82,0.3307,0.5797,0.6177,10.67,1.38,0,0
CAFE-008820,11.5,2,10,12.46,0.4726,0.4304,0.7465,8.97,1.33,0,0
CAFE-008821,37.0,3,10,18.83,0.8552,0.6177,0.1688,13.56,2.56,0,0
CAFE-008822,15.6,5,6,14.78,0.824,0.3525,0.3795,10.64,2.08,0,0
CAFE-008823,11.8,0,2,8.93,0.1316,0.2702,0.5873,6.43,0.65,1,0
CAFE-008824,14.9,4,3,15.38,0.538,0.6339,0.5652,11.07,1.73,1,0
CAFE-008825,30.1,1,4,10.96,0.2367,0.7536,0.1835,7.89,0.84,0,0
CAFE-008826,58.1,3,3,14.28,0.5618,0.2011,0.4266,10.28,1.42,1,0
CAFE-008827,8.1,1,10,10.22,0.3231,0.3962,0.6087,7.36,0.95,0,1
CAFE-008828,16.4,2,4,14.93,0.4777,0.3733,0.2261,10.75,1.58,0,0
CAFE-008829,19.2,2,5,22.55,0.624,0.2935,0.6669,16.24,2.69,0,0
CAFE-008830,17.3,2,6,15.07,0.7891,0.515,0.2572,10.85,2.06,0,0
CAFE-008831,20.1,1,0,12.15,0.1386,0.5322,0.4707,8.75,0.86,0,0
CAFE-008832,7.8,1,6,14.94,0.5597,0.7343,0.83,10.76,1.75,0,0
CAFE-008833,20.8,1,3,12.07,0.5906,0.7596,0.4665,8.69,1.39,0,0
CAFE-008834,11.8,3,6,17.1,0.5448,0.7985,0.8772,12.31,1.95,0,0
CAFE-008835,12.4,2,2,16.16,0.6245,0.4374,0.7643,11.64,1.97,0,0
CAFE-008836,58.6,1,6,12.94,0.4249,0.4195,0.1313,9.32,1.1,0,0
CAFE-008837,31.3,3,10,22.61,0.9212,0.3596,0.8735,16.28,3.28,0,0
CAFE-008838,20.9,0,2,7.73,0.2997,0.6124,0.2038,5.57,0.67,0,0
CAFE-008839,33.2,2,2,16.99,0.6906,0.686,0.7455,12.23,2.06,0,0
CAFE-008840,21.9,5,6,17.44,0.8304,0.5165,0.7245,12.56,2.43,0,0
CAFE-008841,10.4,2,6,11.67,0.4315,0.3874,0.5743,8.4,1.21,0,1
CAFE-008842,6.6,0,2,10.74,0.2359,0.2251,0.2182,7.73,0.92,0,0
CAFE-008843,40.4,1,6,16.01,0.4519,0.3851,0.6903,11.53,1.52,1,0
CAFE-008844,17.0,4,2,15.42,0.3435,0.4702,0.5792,11.1,1.42,0,0
CAFE-008845,30.5,4,5,14.14,0.6182,0.5209,0.4168,10.18,1.62,0,1
CAFE-008846,17.1,1,2,15.56,0.4808,0.501,0.2151,11.2,1.65,1,0
CAFE-008847,17.0,2,3,14.93,0.5841,0.5812,0.334,10.75,1.74,0,0
CAFE-008848,26.6,2,10,18.74,0.7582,0.4497,0.2795,13.49,2.44,1,0
CAFE-008849,23.8,2,5,15.29,0.7526,0.5043,0.5887,11.01,2.0,0,0
CAFE-008850,3.8,6,9,19.23,0.8278,0.7143,0.6416,13.85,2.8,0,0
CAFE-008851,2.6,3,3,17.08,0.7017,0.7576,0.4735,12.3,2.28,0,0
CAFE-008852,2.6,2,3,17.87,0.8879,0.6439,0.5796,12.87,2.71,0,0
CAFE-008853,9.1,1,10,15.4,0.6927,0.4603,0.3966,11.09,2.0,1,0
CAFE-008854,10.2,2,1,14.92,0.5458,0.6445,0.1539,10.74,1.71,0,1
CAFE-008855,9.5,0,2,11.33,0.3341,0.3895,0.6208,8.16,1.06,0,0
CAFE-008856,18.6,3,9,20.09,0.9346,0.6593,0.4257,14.46,3.03,0,1
CAFE-008857,13.1,1,5,17.39,0.6921,0.5489,0.2986,12.52,2.23,0,0
CAFE-008858,15.2,1,5,9.35,0.4684,0.386,0.5117,6.73,0.99,1,0
CAFE-008859,5.8,2,2,14.9,0.4359,0.6531,0.5242,10.73,1.57,0,1
CAFE-008860,6.6,0,5,10.72,0.3298,0.7823,0.2186,7.72,1.01,0,0
CAFE-008861,31.1,1,3,13.87,0.5236,0.5254,0.3697,9.99,1.46,0,0
CAFE-008862,29.0,4,3,15.93,0.3822,0.8142,0.57,11.47,1.46,1,1
CAFE-008863,6.0,2,2,16.09,0.3634,0.234,0.1755,11.58,1.58,0,0
CAFE-008864,40.6,1,2,10.28,0.3263,0.6597,0.5108,7.4,0.84,0,0
CAFE-008865,46.4,0,4,9.21,0.3087,0.8604,0.4816,6.63,0.72,0,0
CAFE-008866,8.5,2,5,10.35,0.3695,0.6052,0.5503,7.45,1.01,1,1
CAFE-008867,29.0,1,3,16.56,0.6285,0.1641,0.4344,11.92,1.93,0,0
CAFE-008868,14.3,2,4,12.7,0.4041,0.2232,0.538,9.14,1.26,0,0
CAFE-008869,11.2,4,4,15.04,0.6024,0.8446,0.8855,10.83,1.81,1,1
CAFE-008870,8.4,1,7,17.36,0.954,0.6131,0.3005,12.5,2.71,0,0
CAFE-008871,38.4,2,3,13.74,0.4894,0.5314,0.3119,9.89,1.36,0,1
CAFE-008872,44.9,1,7,12.68,0.3969,0.6985,0.4156,9.13,1.11,1,0
CAFE-008873,32.8,1,4,13.68,0.3491,0.5576,0.5323,9.85,1.19,0,0
CAFE-008874,8.8,2,3,13.22,0.5283,0.4852,0.7004,9.52,1.5,0,0
CAFE-008875,23.9,1,1,13.48,0.1174,0.3192,0.2579,9.71,0.9,1,0
CAFE-008876,10.6,2,9,20.46,0.9013,0.2747,0.3939,14.73,3.08,0,0
CAFE-008877,35.6,4,4,11.59,0.5226,0.4482,0.814,8.34,1.2,0,0
CAFE-008878,13.6,9,1,16.33,0.6798,0.7835,0.6181,11.76,2.08,0,0
CAFE-008879,9.0,4,6,14.06,0.8447,0.2193,0.4158,10.12,2.04,1,0
CAFE-008880,36.4,2,5,17.42,0.5733,0.3399,0.3787,12.54,1.89,0,0
CAFE-008881,4.9,0,4,11.86,0.3393,0.6029,0.7864,8.54,1.14,0,0
CAFE-008882,28.9,2,1,12.1,0.1123,0.7283,0.2173,8.71,0.78,0,0
CAFE-008883,14.8,2,4,16.23,0.5932,0.6248,0.6914,11.69,1.92,0,1
CAFE-008884,41.9,1,1,9.02,0.1549,0.6782,0.6588,6.49,0.58,0,0
CAFE-008885,14.1,0,2,12.38,0.3473,0.2045,0.3309,8.91,1.16,1,0
CAFE-008886,60.1,4,7,15.77,0.6241,0.5942,0.8314,11.35,1.65,0,0
CAFE-008887,10.9,1,1,13.23,0.4172,0.9289,0.3044,9.53,1.35,0,0
CAFE-008888,20.2,3,6,14.03,0.3914,0.2341,0.7573,10.1,1.35,0,0
CAFE-008889,19.0,5,9,15.4,0.7853,0.3639,0.6401,11.09,2.09,0,1
CAFE-008890,14.4,4,10,19.44,0.7295,0.6624,0.1698,14.0,2.56,0,0
CAFE-008891,25.6,7,6,17.21,0.823,0.487,0.3686,12.39,2.36,0,0
CAFE-008892,63.4,0,0,7.82,0.1076,0.7505,0.682,5.63,0.41,0,0
CAFE-008893,18.5,0,4,10.28,0.2039,0.309,0.5855,7.4,0.8,0,0
CAFE-008894,14.7,1,5,14.81,0.7443,0.2993,0.2716,10.66,1.97,0,0
CAFE-008895,4.7,1,8,11.63,0.4472,0.3954,0.461,8.37,1.24,0,1
CAFE-008896,10.6,5,7,19.67,0.7679,0.5192,0.7185,14.16,2.69,1,1
CAFE-008897,8.7,2,7,18.32,0.5739,0.6431,0.3324,13.19,2.17,1,0
CAFE-008898,2.8,1,3,17.86,0.2983,0.4645,0.7009,12.86,1.66,0,0
CAFE-008899,33.0,1,1,21.77,0.5572,0.7947,0.6483,15.67,2.35,0,0
CAFE-008900,48.9,4,3,5.73,0.0864,0.5264,0.6938,4.13,0.32,1,0
CAFE-008901,14.5,5,7,17.12,0.5999,0.579,0.4495,12.33,2.03,1,0
CAFE-008902,14.7,3,7,16.31,0.8204,0.7021,0.8172,11.74,2.3,0,1
CAFE-008903,2.6,3,7,12.96,0.6171,0.569,0.7887,9.33,1.62,0,1
CAFE-008904,11.4,2,5,18.71,0.6837,0.3621,0.4908,13.47,2.4,1,1
CAFE-008905,82.4,0,6,8.88,0.2383,0.7498,0.0674,6.39,0.52,0,0
CAFE-008906,21.2,3,3,12.66,0.2674,0.4393,0.6734,9.12,1.05,0,0
CAFE-008907,13.7,2,2,11.47,0.0408,0.6547,0.3842,8.26,0.72,1,0
CAFE-008908,60.2,5,10,15.42,0.8207,0.8477,0.674,11.1,1.92,1,0
CAFE-008909,5.7,2,7,21.45,0.974,0.5323,0.7395,15.44,3.42,1,0
CAFE-008910,45.7,2,4,11.3,0.2236,0.3302,0.5226,8.14,0.79,1,1
CAFE-008911,23.5,3,5,18.49,0.6705,0.3447,0.5177,13.31,2.27,1,0
CAFE-008912,24.7,2,3,13.26,0.3296,0.6348,0.7689,9.55,1.17,0,0
CAFE-008913,12.0,2,4,13.52,0.3517,0.6737,0.2958,9.73,1.28,0,1
CAFE-008914,12.7,3,3,10.91,0.3088,0.7402,0.7865,7.86,0.99,0,1
CAFE-008915,46.2,1,0,8.95,0.1306,0.4533,0.7919,6.44,0.54,0,0
CAFE-008916,16.2,1,1,10.12,0.1322,0.7559,0.4209,7.29,0.72,0,0
CAFE-008917,15.9,3,8,15.65,0.6589,0.2145,0.4634,11.27,1.94,0,0
CAFE-008918,1.8,3,0,14.55,0.3873,0.4037,0.2769,10.48,1.49,0,1
CAFE-008919,74.0,3,5,14.22,0.6516,0.223,0.365,10.24,1.46,0,0
CAFE-008920,16.9,3,3,19.86,0.7,0.4266,0.2345,14.3,2.54,0,1
CAFE-008921,34.2,2,4,15.02,0.3043,0.9372,0.5685,10.81,1.23,0,0
CAFE-008922,65.8,0,2,12.03,0.4412,0.5459,0.3193,8.66,1.02,0,0
CAFE-008923,15.4,7,9,18.22,0.7072,0.5617,0.2646,13.12,2.35,0,1
CAFE-008924,13.8,3,6,19.1,0.8736,0.7419,0.3879,13.75,2.8,0,1
CAFE-008925,20.3,2,7,15.26,0.6063,0.6328,0.6787,10.99,1.79,0,0
CAFE-008926,9.5,4,4,22.11,0.7938,0.2765,0.2196,15.92,3.09,0,0
CAFE-008927,47.9,2,10,13.97,0.562,0.5156,0.2335,10.06,1.44,1,0
CAFE-008928,24.7,2,1,12.1,0.3243,0.652,0.7864,8.71,1.06,0,0
CAFE-008929,15.5,3,5,11.81,0.3942,0.6374,0.6939,8.5,1.16,0,0
CAFE-008930,1.3,2,3,11.94,0.2881,0.5379,0.7448,8.6,1.1,0,1
CAFE-008931,12.7,2,6,16.99,0.4305,0.37,0.2283,12.23,1.74,1,1
CAFE-008932,33.7,1,9,11.82,0.6975,0.501,0.4049,8.51,1.44,0,1
CAFE-008933,31.1,3,2,14.93,0.2726,0.8176,0.1948,10.75,1.2,1,1
CAFE-008934,23.2,3,4,20.57,0.673,0.6159,0.6032,14.81,2.53,0,0
CAFE-008935,22.5,2,6,10.75,0.4821,0.7309,0.6651,7.74,1.12,0,0
CAFE-008936,16.8,4,3,21.34,0.6435,0.7769,0.3734,15.36,2.61,0,0
CAFE-008937,3.9,2,11,22.91,0.8432,0.223,0.4757,16.5,3.37,0,1
CAFE-008938,19.5,1,4,19.65,0.5549,0.5693,0.3744,14.15,2.21,1,0
CAFE-008939,41.9,3,5,20.9,0.7887,0.4705,0.337,15.05,2.67,0,1
CAFE-008940,17.1,1,5,8.27,0.292,0.2971,0.5936,5.95,0.72,0,0
CAFE-008941,22.2,2,0,8.15,0.1009,0.6573,0.1423,5.87,0.54,0,1
CAFE-008942,33.3,0,5,7.05,0.4008,0.8054,0.1568,5.08,0.65,0,0
CAFE-008943,20.3,3,3,17.39,0.6994,0.1369,0.8996,12.52,2.2,0,0
CAFE-008944,11.3,1,0,12.32,0.2365,0.2902,0.6455,8.87,1.03,0,0
CAFE-008945,37.2,3,5,16.84,0.4501,0.7776,0.5327,12.12,1.61,0,0
CAFE-008946,4.6,3,2,10.29,0.3413,0.2508,0.5606,7.41,0.99,1,0
CAFE-008947,40.9,3,5,15.12,0.638,0.2311,0.565,10.89,1.71,1,0
CAFE-008948,28.9,1,5,13.18,0.512,0.3115,0.4461,9.49,1.38,1,1
CAFE-008949,10.0,2,6,10.31,0.4625,0.4267,0.182,7.42,1.1,0,0
CAFE-008950,26.3,2,6,15.24,0.3326,0.4676,0.6157,10.97,1.34,0,0
CAFE-008951,7.9,0,2,9.86,0.0681,0.4977,0.7211,7.1,0.67,0,0
CAFE-008952,3.7,2,2,14.05,0.4797,0.4551,0.4336,10.12,1.55,1,0
CAFE-008953,14.8,3,3,17.16,0.5632,0.5477,0.8331,12.36,1.97,0,0
CAFE-008954,72.3,2,1,13.76,0.2957,0.3847,0.4714,9.91,0.93,1,0
CAFE-008955,8.5,9,7,22.04,0.9218,0.7749,0.6845,15.87,3.37,0,1
CAFE-008956,9.6,1,4,12.63,0.4078,0.3649,0.2045,9.09,1.28,0,0
CAFE-008957,3.5,4,3,12.32,0.3902,0.4558,0.5531,8.87,1.25,1,0
CAFE-008958,42.0,0,1,7.37,0.2024,0.4273,0.6128,5.31,0.51,0,0
CAFE-008959,23.1,2,6,14.21,0.5518,0.6085,0.2707,10.23,1.58,1,1
CAFE-008960,14.6,2,8,20.72,0.8995,0.1745,0.6471,14.92,3.08,1,0
CAFE-008961,26.3,1,2,10.6,0.2699,0.2673,0.7023,7.63,0.86,0,0
CAFE-008962,24.8,1,9,18.53,0.5258,0.3802,0.5967,13.34,1.99,0,1
CAFE-008963,19.3,3,10,12.38,0.4411,0.1038,0.4643,8.91,1.25,1,0
CAFE-008964,44.4,0,5,15.95,0.2852,0.2164,0.288,11.48,1.22,0,0
CAFE-008965,14.2,1,2,15.79,0.5019,0.7527,0.686,11.37,1.72,1,0
CAFE-008966,17.3,6,5,21.15,0.831,0.4954,0.1917,15.23,2.98,0,0
CAFE-008967,8.4,2,4,8.88,0.4792,0.56,0.7998,6.39,0.97,1,1
CAFE-008968,9.7,3,7,14.08,0.5792,0.2352,0.8727,10.14,1.67,0,1
CAFE-008969,23.0,2,4,20.08,0.7663,0.674,0.4576,14.46,2.66,1,0
CAFE-008970,21.4,3,2,15.82,0.2351,0.5668,0.1436,11.39,1.26,0,0
CAFE-008971,18.1,0,1,22.86,0.4033,0.4677,0.7823,16.46,2.24,0,0
CAFE-008972,63.1,0,4,15.41,0.446,0.5819,0.5972,11.1,1.32,0,0
CAFE-008973,23.9,1,5,12.57,0.5621,0.4374,0.355,9.05,1.4,0,1
CAFE-008974,80.7,2,9,16.62,0.629,0.8083,0.4121,11.97,1.63,1,1
CAFE-008975,21.9,2,5,14.51,0.6592,0.4198,0.4221,10.45,1.77,1,0
CAFE-008976,7.0,2,3,13.53,0.4104,0.7488,0.7337,9.74,1.39,0,1
CAFE-008977,36.1,2,5,18.46,0.4661,0.3569,0.5918,13.29,1.8,1,0
CAFE-008978,19.8,1,3,14.85,0.2843,0.8778,0.0824,10.69,1.27,1,0
CAFE-008979,10.5,1,3,14.12,0.5326,0.343,0.7425,10.17,1.6,0,1
CAFE-008980,1.5,3,2,13.61,0.6815,0.6377,0.6957,9.8,1.79,1,1
CAFE-008981,26.3,1,7,12.79,0.4287,0.7334,0.5729,9.21,1.25,0,0
CAFE-008982,28.0,1,4,8.05,0.3611,0.5366,0.6913,5.8,0.72,1,1
CAFE-008983,64.2,0,9,14.89,0.5165,0.6138,0.5347,10.72,1.38,1,0
CAFE-008984,23.9,4,1,21.39,0.9305,0.3803,0.6283,15.4,3.18,1,0
CAFE-008985,27.9,2,5,11.71,0.462,0.7132,0.3942,8.43,1.17,0,0
CAFE-008986,25.6,1,5,8.79,0.3527,0.6788,0.7759,6.33,0.79,0,1
CAFE-008987,6.5,2,5,15.04,0.233,0.7233,0.4494,10.83,1.28,0,0
CAFE-008988,9.8,2,5,19.41,0.8586,0.4852,0.8177,13.98,2.84,0,0
CAFE-008989,80.5,4,1,20.98,0.2848,0.7733,0.699,15.11,1.33,0,0
CAFE-008990,19.4,6,7,13.16,0.4621,0.3771,0.3032,9.48,1.36,0,0
CAFE-008991,4.2,1,2,13.68,0.4702,0.7874,0.4788,9.85,1.5,0,0
CAFE-008992,11.2,2,3,14.1,0.2838,0.5948,0.2208,10.15,1.25,0,1
CAFE-008993,58.1,2,4,11.56,0.4061,0.446,0.154,8.32,0.97,0,0
CAFE-008994,17.5,2,10,18.47,0.4047,0.3049,0.436,13.3,1.81,0,0
CAFE-008995,26.3,4,6,14.79,0.6953,0.5849,0.5914,10.65,1.83,0,0
CAFE-008996,17.9,2,2,9.12,0.0801,0.7002,0.4886,6.57,0.6,0,0
CAFE-008997,10.8,2,7,17.75,0.5237,0.5823,0.1703,12.78,2.0,0,1
CAFE-008998,14.8,5,9,20.95,0.8702,0.6463,0.4407,15.08,3.05,0,0
CAFE-008999,20.5,5,4,18.11,0.5815,0.3051,0.352,13.04,2.08,1,0
CAFE-009000,27.3,2,6,11.13,0.4461,0.7693,0.6934,8.01,1.1,1,1
CAFE-009001,37.4,1,3,16.84,0.6641,0.2578,0.3819,12.12,1.97,1,0
CAFE-009002,4.8,1,6,17.44,0.516,0.7084,0.247,12.56,1.99,0,0
CAFE-009003,24.9,5,5,16.45,0.5407,0.7194,0.5826,11.84,1.79,0,0
CAFE-009004,31.7,2,5,16.98,0.64,0.4658,0.7068,12.23,1.98,1,1
CAFE-009005,39.9,7,6,24.72,0.8299,0.4141,0.689,17.8,3.28,1,0
CAFE-009006,40.8,0,4,16.2,0.4318,0.3787,0.6356,11.66,1.5,0,0
CAFE-009007,26.8,3,2,11.43,0.4126,0.5976,0.1107,8.23,1.09,1,0
CAFE-009008,8.8,6,11,20.18,0.8555,0.2708,0.435,14.53,2.95,1,1
CAFE-009009,75.0,2,3,12.96,0.2509,0.5939,0.6747,9.33,0.8,0,0
CAFE-009010,45.6,5,6,19.9,0.785,0.3737,0.6548,14.33,2.51,1,0
CAFE-009011,75.5,2,2,10.93,0.1092,0.5716,0.5796,7.87,0.52,0,0
CAFE-009012,14.4,0,3,14.02,0.1845,0.8027,0.2963,10.09,1.08,0,0
CAFE-009013,10.0,2,4,15.62,0.3872,0.7176,0.8303,11.25,1.55,0,0
CAFE-009014,73.8,0,1,10.14,0.0914,0.4472,0.522,7.3,0.47,0,0
CAFE-009015,48.3,3,1,9.24,0.2538,0.402,0.6665,6.65,0.67,0,0
CAFE-009016,24.5,2,5,11.46,0.6348,0.3702,0.8721,8.25,1.36,0,0
CAFE-009017,24.6,2,3,15.08,0.3571,0.6585,0.8503,10.86,1.37,0,0
CAFE-009018,16.5,4,4,16.2,0.706,0.7151,0.244,11.66,2.08,0,1
CAFE-009019,54.1,1,4,16.19,0.5182,0.5337,0.8479,11.66,1.56,0,0
CAFE-009020,24.2,3,5,17.41,0.6307,0.3868,0.6177,12.54,2.06,1,0
CAFE-009021,18.7,1,1,10.92,0.345,0.7209,0.5502,7.86,1.0,0,0
CAFE-009022,11.7,3,7,19.12,0.6386,0.2095,0.4294,13.77,2.36,1,1
CAFE-009023,5.7,1,2,15.69,0.4747,0.9204,0.3746,11.3,1.72,0,0
CAFE-009024,15.0,3,4,13.73,0.5285,0.5329,0.6549,9.89,1.53,0,0
CAFE-009025,45.9,2,2,10.15,0.1823,0.6139,0.3559,7.31,0.67,1,0
CAFE-009026,6.8,2,6,16.35,0.6185,0.8585,0.7607,11.77,2.02,0,0
CAFE-009027,7.1,1,2,9.12,0.2522,0.4831,0.6337,6.57,0.79,1,0
CAFE-009028,52.7,2,6,21.33,0.6873,0.1759,0.4142,15.36,2.43,0,0
CAFE-009029,8.2,6,2,16.88,0.5741,0.5212,0.4351,12.15,2.0,1,1
CAFE-009030,30.4,1,6,10.11,0.6296,0.6147,0.4532,7.28,1.17,0,0
CAFE-009031,20.8,2,4,16.52,0.3777,0.5327,0.711,11.89,1.56,0,0
CAFE-009032,13.7,1,5,14.12,0.6778,0.3259,0.2488,10.17,1.79,0,1
CAFE-009033,21.1,4,2,13.01,0.6306,0.2993,0.4842,9.37,1.55,0,0
CAFE-009034,21.1,2,6,21.12,0.9074,0.4683,0.6501,15.21,3.11,1,0
CAFE-009035,22.2,5,8,17.93,0.775,0.277,0.3461,12.91,2.39,0,1
CAFE-009036,35.8,2,9,12.78,0.5608,0.7965,0.828,9.2,1.37,0,0
CAFE-009037,42.0,2,4,15.42,0.5343,0.4141,0.4491,11.1,1.58,0,0
CAFE-009038,6.7,2,9,16.59,0.7193,0.5931,0.6216,11.94,2.22,0,0
CAFE-009039,12.7,2,5,17.1,0.3839,0.3844,0.3043,12.31,1.67,0,1
CAFE-009040,25.8,2,5,8.54,0.2431,0.4288,0.3392,6.15,0.67,0,0
CAFE-009041,13.6,4,7,16.06,0.8851,0.6289,0.8379,11.56,2.37,0,0
CAFE-009042,11.4,2,5,17.89,0.5841,0.6352,0.577,12.88,2.12,1,1
CAFE-009043,21.8,0,7,12.06,0.3479,0.6016,0.5194,8.68,1.1,0,0
CAFE-009044,8.6,2,5,18.95,0.5061,0.4282,0.4608,13.64,2.11,1,0
CAFE-009045,20.1,1,5,16.35,0.5858,0.4298,0.5348,11.77,1.89,1,0
CAFE-009046,34.1,0,1,13.62,0.4769,0.4141,0.5206,9.81,1.35,1,1
CAFE-009047,7.2,3,13,19.43,0.7932,0.4818,0.3199,13.99,2.73,0,1
CAFE-009048,23.4,1,3,12.08,0.3948,0.4942,0.4681,8.7,1.15,0,0
CAFE-009049,19.2,8,5,21.79,0.8317,0.4229,0.8263,15.69,3.06,0,0
CAFE-009050,18.0,4,0,12.42,0.0986,0.7008,0.6868,8.94,0.84,0,0
CAFE-009051,28.1,1,4,8.35,0.2398,0.3468,0.1593,6.01,0.65,1,0
CAFE-009052,38.1,3,6,17.36,0.8975,0.1397,0.3925,12.5,2.43,1,0
CAFE-009053,24.1,1,6,16.54,0.8045,0.5835,0.1362,11.91,2.25,1,0
CAFE-009054,37.6,0,4,8.09,0.2938,0.8733,0.4947,5.82,0.65,0,0
CAFE-009055,27.5,4,4,9.44,0.3966,0.2915,0.1466,6.8,0.89,0,1
CAFE-009056,61.3,1,3,10.48,0.2959,0.6118,0.1952,7.55,0.75,0,0
CAFE-009057,17.0,2,4,14.76,0.6208,0.5206,0.2277,10.63,1.77,0,0
CAFE-009058,33.5,1,0,10.01,0.349,0.5498,0.527,7.21,0.87,1,0
CAFE-009059,2.6,3,4,6.48,0.2654,0.6161,0.5916,4.67,0.58,0,0
CAFE-009060,37.8,4,3,13.35,0.5206,0.3578,0.4883,9.61,1.37,1,1
CAFE-009061,17.3,1,5,11.18,0.3928,0.7195,0.617,8.05,1.09,1,0
CAFE-009062,51.8,1,2,15.69,0.4079,0.4155,0.703,11.3,1.35,0,0
CAFE-009063,8.1,1,5,16.43,0.7531,0.1459,0.5344,11.83,2.24,0,0
CAFE-009064,27.8,0,1,11.24,0.2715,0.5393,0.3875,8.09,0.91,1,0
CAFE-009065,16.7,5,5,16.72,0.6273,0.6399,0.6833,12.04,2.02,1,0
CAFE-009066,11.6,5,6,19.77,0.9121,0.533,0.4446,14.23,2.99,0,0
CAFE-009067,34.0,4,3,13.86,0.4384,0.276,0.3004,9.98,1.33,1,0
CAFE-009068,16.1,2,3,10.92,0.2338,0.6591,0.5007,7.86,0.89,1,0
CAFE-009069,15.7,5,10,17.47,0.6886,0.7107,0.2577,12.58,2.22,0,0
CAFE-009070,22.9,1,5,17.03,0.5329,0.6978,0.5792,12.26,1.86,0,1
CAFE-009071,20.3,3,9,24.52,0.7507,0.1028,0.2991,17.65,3.23,1,0
CAFE-009072,15.0,3,7,24.03,0.9447,0.4931,0.5575,17.3,3.68,0,0
CAFE-009073,11.8,3,4,8.32,0.3255,0.4998,0.3585,5.99,0.77,0,0
CAFE-009074,9.1,4,6,20.3,0.8334,0.2748,0.268,14.62,2.92,0,0
CAFE-009075,43.1,0,3,7.64,0.3836,0.4401,0.3479,5.5,0.66,1,0
CAFE-009076,25.0,3,6,17.2,0.5123,0.3655,0.6791,12.38,1.83,1,0
CAFE-009077,44.9,2,5,11.43,0.3333,0.7608,0.5379,8.23,0.93,1,0
CAFE-009078,16.2,1,5,14.55,0.4871,0.4462,0.4103,10.48,1.56,1,1
CAFE-009079,7.9,3,14,18.14,0.8545,0.6125,0.3399,13.06,2.66,1,1
CAFE-009080,30.9,2,6,17.28,0.6669,0.5686,0.2494,12.44,2.07,0,0
CAFE-009081,44.6,1,1,12.16,0.4558,0.1827,0.773,8.76,1.14,0,0
CAFE-009082,25.3,3,4,9.35,0.327,0.4649,0.1466,6.73,0.82,0,0
CAFE-009083,30.6,0,4,12.44,0.555,0.8091,0.324,8.96,1.35,0,0
CAFE-009084,22.2,0,3,13.71,0.2147,0.1793,0.4348,9.87,1.06,0,0
CAFE-009085,8.3,3,1,8.88,0.1575,0.4319,0.5322,6.39,0.68,0,0
CAFE-009086,54.5,0,3,10.82,0.1303,0.7158,0.8019,7.79,0.62,1,1
CAFE-009087,14.3,5,6,18.41,0.6882,0.5669,0.668,13.26,2.35,0,1
CAFE-009088,23.0,0,7,24.05,0.8585,0.4907,0.3296,17.32,3.4,1,1
CAFE-009089,55.8,0,3,11.56,0.1899,0.6441,0.1393,8.32,0.73,0,0
CAFE-009090,5.4,2,4,11.81,0.4024,0.1217,0.8009,8.5,1.21,0,0
CAFE-009091,6.4,0,3,13.43,0.3738,0.1982,0.3108,9.67,1.33,0,0
CAFE-009092,23.6,1,3,17.44,0.7784,0.3025,0.6358,12.56,2.33,1,0
CAFE-009093,8.7,6,6,14.26,0.7102,0.1644,0.85,10.27,1.88,0,1
CAFE-009094,3.4,3,5,16.22,0.5126,0.5904,0.6124,11.68,1.85,0,1
CAFE-009095,9.4,2,5,18.36,0.7971,0.623,0.5761,13.22,2.58,1,0
CAFE-009096,48.6,8,7,18.36,0.8627,0.7338,0.4542,13.22,2.44,0,0
CAFE-009097,42.9,1,2,8.38,0.3874,0.2098,0.6724,6.03,0.73,0,0
CAFE-009098,3.1,1,4,13.41,0.5985,0.7202,0.3374,9.66,1.65,0,0
CAFE-009099,84.0,1,6,7.1,0.3875,0.8756,0.4313,5.11,0.51,0,1
CAFE-009100,29.5,2,5,13.69,0.6948,0.6959,0.661,9.86,1.68,0,0
CAFE-009101,26.5,1,4,16.11,0.5366,0.3484,0.3126,11.6,1.74,0,0
CAFE-009102,60.0,2,4,10.63,0.15,0.4154,0.3547,7.65,0.61,0,0
CAFE-009103,17.4,2,4,13.24,0.4518,0.497,0.3759,9.53,1.36,1,1
CAFE-009104,31.9,1,1,10.74,0.2368,0.7389,0.2013,7.73,0.82,0,0
CAFE-009105,12.9,6,8,16.35,0.8508,0.1037,0.2167,11.77,2.36,0,1
CAFE-009106,105.0,3,6,11.56,0.3462,0.4039,0.5731,8.32,0.7,0,0
CAFE-009107,13.2,4,10,20.0,0.7619,0.7226,0.8772,14.4,2.71,0,0
CAFE-009108,8.8,2,5,17.02,0.5219,0.4882,0.3023,12.25,1.92,1,1
CAFE-009109,22.7,4,8,17.54,0.7602,0.5395,0.7148,12.63,2.31,1,0
CAFE-009110,14.4,3,7,13.8,0.7199,0.4575,0.7556,9.94,1.81,0,0
CAFE-009111,16.4,4,5,12.12,0.5477,0.5883,0.4785,8.73,1.37,0,0
CAFE-009112,9.3,2,5,18.36,0.6478,0.7462,0.7426,13.22,2.3,1,0
CAFE-009113,13.5,1,3,16.59,0.4175,0.3506,0.4925,11.94,1.67,1,0
CAFE-009114,58.3,1,5,9.03,0.3247,0.5394,0.4772,6.5,0.68,0,0
CAFE-009115,32.5,1,3,10.87,0.2898,0.3264,0.2255,7.83,0.88,0,0
CAFE-009116,27.4,1,3,6.85,0.1666,0.5148,0.4039,4.93,0.48,1,1
CAFE-009117,79.4,3,5,15.29,0.4375,0.7188,0.3419,11.01,1.21,0,0
CAFE-009118,5.3,2,2,19.41,0.6698,0.3818,0.599,13.98,2.51,0,0
CAFE-009119,2.2,4,6,19.32,0.7894,0.1865,0.8143,13.91,2.75,0,1
CAFE-009120,24.5,2,8,20.87,0.8525,0.6487,0.2557,15.03,2.93,0,0
CAFE-009121,16.4,1,6,19.06,0.7796,0.3096,0.3728,13.72,2.59,0,0
CAFE-009122,28.0,2,2,18.08,0.454,0.3327,0.2872,13.02,1.8,0,0
CAFE-009123,11.0,6,5,13.47,0.8348,0.0864,0.6779,9.7,1.93,1,0
CAFE-009124,57.8,1,4,10.11,0.2177,0.4077,0.5396,7.28,0.66,1,0
CAFE-009125,52.2,1,3,9.0,0.4038,0.2724,0.4998,6.48,0.77,1,0
CAFE-009126,54.2,1,0,11.86,0.3,0.6074,0.6598,8.54,0.88,0,0
CAFE-009127,21.8,1,6,15.73,0.4462,0.8315,0.6817,11.33,1.59,0,0
CAFE-009128,38.7,5,2,20.24,0.6803,0.4259,0.731,14.57,2.39,0,0
CAFE-009129,8.2,1,2,10.84,0.2741,0.2759,0.4996,7.8,0.96,0,1
CAFE-009130,88.2,5,2,14.17,0.3916,0.8424,0.824,10.2,1.01,0,0
CAFE-009131,24.0,0,1,6.69,0.1588,0.5932,0.5864,4.82,0.48,1,0
CAFE-009132,32.2,2,1,11.53,0.4955,0.9004,0.19,8.3,1.18,0,0
CAFE-009133,13.8,3,3,12.7,0.3562,0.3092,0.3061,9.14,1.2,1,0
CAFE-009134,67.5,1,7,19.53,0.6753,0.6189,0.4446,14.06,2.09,0,0
CAFE-009135,17.4,1,3,11.44,0.3232,0.273,0.3337,8.24,1.03,0,0
CAFE-009136,14.9,2,5,21.31,0.8872,0.2811,0.2167,15.34,3.14,1,0
CAFE-009137,20.6,1,2,18.28,0.6536,0.1466,0.6645,13.16,2.23,0,0
CAFE-009138,48.5,3,13,19.94,0.9177,0.427,0.3717,14.36,2.76,1,0
CAFE-009139,22.4,2,3,17.5,0.7955,0.5788,0.4718,12.6,2.37,0,0
CAFE-009140,6.0,3,3,15.55,0.3988,0.4934,0.2861,11.2,1.58,0,0
CAFE-009141,16.8,2,5,19.13,0.7102,0.6071,0.7134,13.77,2.47,0,1
CAFE-009142,18.5,1,2,12.15,0.1822,0.5266,0.3262,8.75,0.92,1,0
CAFE-009143,18.0,1,1,13.41,0.3943,0.17,0.3681,9.66,1.3,1,0
CAFE-009144,12.5,1,3,8.89,0.3902,0.302,0.4874,6.4,0.88,1,1
CAFE-009145,41.2,1,6,19.42,0.6493,0.3115,0.6077,13.98,2.22,1,1
CAFE-009146,19.4,2,7,19.77,0.6387,0.6089,0.3851,14.23,2.39,1,0
CAFE-009147,0.8,0,8,14.59,0.3087,0.302,0.6855,10.5,1.38,1,0
CAFE-009148,27.5,3,1,12.32,0.2786,0.3888,0.7421,8.87,1.01,0,0
CAFE-009149,10.0,3,10,19.26,0.8307,0.54,0.2714,13.87,2.76,1,1
CAFE-009150,4.7,2,5,12.96,0.6903,0.4677,0.6682,9.33,1.7,1,0
CAFE-009151,10.3,4,10,21.07,0.889,0.6155,0.4056,15.17,3.14,0,1
CAFE-009152,11.6,6,2,14.98,0.4328,0.8153,0.369,10.79,1.54,1,1
CAFE-009153,91.0,1,7,14.28,0.4174,0.3184,0.2519,10.28,1.04,1,0
CAFE-009154,15.3,2,5,16.6,0.4253,0.6498,0.6864,11.95,1.68,0,0
CAFE-009155,21.0,0,2,7.25,0.338,0.518,0.4348,5.22,0.65,0,0
CAFE-009156,50.7,4,4,15.58,0.5009,0.8064,0.637,11.22,1.49,0,0
CAFE-009157,16.6,0,4,15.18,0.3288,0.287,0.5419,10.93,1.38,0,0
CAFE-009158,32.2,1,4,10.54,0.3025,0.5093,0.4407,7.59,0.87,0,1
CAFE-009159,44.4,2,8,10.56,0.5264,0.3284,0.3252,7.6,1.06,0,0
CAFE-009160,19.9,0,3,7.98,0.1867,0.3253,0.1742,5.75,0.6,0,0
CAFE-009161,21.3,6,6,19.2,0.5525,0.513,0.4517,13.82,2.14,1,1
CAFE-009162,12.9,5,4,17.25,0.6274,0.3199,0.6879,12.42,2.11,0,0
CAFE-009163,12.3,6,8,19.26,0.9516,0.2432,0.5868,13.87,2.98,1,1
CAFE-009164,41.5,2,3,16.58,0.3712,0.5443,0.7741,11.94,1.43,0,0
CAFE-009165,14.8,0,1,6.17,0.1955,0.7867,0.6607,4.44,0.48,1,0
CAFE-009166,22.0,1,5,16.84,0.6846,0.6433,0.5074,12.12,2.1,0,1
CAFE-009167,34.5,2,1,6.44,0.3417,0.3709,0.5837,4.64,0.55,0,0
CAFE-009168,13.8,1,10,13.95,0.7428,0.3291,0.871,10.04,1.86,1,1
CAFE-009169,6.8,4,8,17.81,0.795,0.5014,0.6854,12.82,2.51,0,0
CAFE-009170,40.3,0,2,16.43,0.2627,0.5694,0.6633,11.83,1.24,0,1
CAFE-009171,82.6,2,6,17.73,0.4319,0.333,0.7506,12.77,1.37,0,0
CAFE-009172,22.5,3,8,22.94,0.8801,0.4146,0.9045,16.52,3.3,0,0
CAFE-009173,30.1,1,6,11.44,0.3919,0.7495,0.3226,8.24,1.06,1,0
CAFE-009174,19.8,3,6,15.38,0.6328,0.5089,0.8153,11.07,1.85,0,1
CAFE-009175,35.0,4,1,16.24,0.5226,0.4752,0.4051,11.69,1.68,0,0
CAFE-009176,14.7,0,1,5.0,0.0051,0.866,0.1627,3.6,0.3,0,0
CAFE-009177,6.2,3,2,16.28,0.65,0.5541,0.8264,11.72,2.06,1,0
CAFE-009178,13.4,2,3,10.55,0.5869,0.5771,0.8248,7.6,1.24,0,1
CAFE-009179,12.5,5,7,19.26,0.69,0.2789,0.3773,13.87,2.47,0,1
CAFE-009180,63.5,6,4,14.39,0.4737,0.4574,0.7586,10.36,1.27,0,1
CAFE-009181,8.8,2,3,10.46,0.5018,0.6936,0.2642,7.53,1.16,0,0
CAFE-009182,19.8,2,8,20.19,0.8902,0.0347,0.2187,14.54,2.95,1,0
CAFE-009183,25.4,1,1,7.2,0.0785,0.5919,0.6111,5.18,0.45,0,0
CAFE-009184,27.5,5,5,21.29,0.891,0.5351,0.8355,15.33,3.05,1,1
CAFE-009185,31.5,4,1,11.08,0.3147,0.5461,0.3534,7.98,0.93,0,0
CAFE-009186,49.1,6,4,17.27,0.3926,0.3864,0.2846,12.43,1.48,1,1
CAFE-009187,9.3,1,2,17.04,0.6246,0.5723,0.4595,12.27,2.1,1,0
CAFE-009188,11.4,3,4,17.3,0.7737,0.6647,0.4493,12.46,2.37,0,1
CAFE-009189,12.4,2,7,15.95,0.4655,0.3787,0.7738,11.48,1.69,0,0
CAFE-009190,38.6,0,0,7.03,0.1182,0.6909,0.4095,5.06,0.44,0,0
CAFE-009191,4.5,3,4,23.39,0.8739,0.7212,0.7913,16.84,3.5,1,0
CAFE-009192,9.4,4,5,18.79,0.6434,0.5445,0.5928,13.53,2.35,1,0
CAFE-009193,16.7,2,4,14.37,0.621,0.566,0.901,10.35,1.73,0,0
CAFE-009194,81.7,0,3,14.06,0.3045,0.391,0.1995,10.12,0.91,0,0
CAFE-009195,8.9,1,4,11.15,0.1603,0.8774,0.6641,8.03,0.86,1,1
CAFE-009196,9.0,8,8,17.62,0.83,0.3526,0.5416,12.69,2.53,1,1
CAFE-009197,43.2,1,3,14.51,0.2994,0.2081,0.4115,10.45,1.14,0,0
CAFE-009198,43.6,2,7,19.54,0.7872,0.6865,0.2665,14.07,2.48,1,0
CAFE-009199,40.2,2,1,15.3,0.4961,0.1529,0.4806,11.02,1.52,0,0
CAFE-009200,27.2,1,4,18.06,0.4722,0.4111,0.8491,13.0,1.83,0,0
CAFE-009201,30.8,1,4,15.9,0.3794,0.7907,0.5156,11.45,1.44,0,0
CAFE-009202,5.3,1,2,13.41,0.5839,0.5459,0.6906,9.66,1.62,0,0
CAFE-009203,16.8,1,5,9.59,0.3549,0.5488,0.6059,6.9,0.9,0,0
CAFE-009204,13.6,8,8,17.57,0.534,0.6713,0.8528,12.65,1.98,1,1
CAFE-009205,17.9,2,5,14.97,0.5279,0.7341,0.4603,10.78,1.65,0,0
CAFE-009206,26.5,4,8,18.92,0.8457,0.4782,0.7492,13.62,2.63,1,0
CAFE-009207,6.0,4,6,14.11,0.634,0.5786,0.8331,10.16,1.77,1,0
CAFE-009208,33.5,0,1,8.42,0.3593,0.2396,0.3027,6.06,0.74,0,0
CAFE-009209,23.2,7,6,20.53,0.8037,0.8164,0.8207,14.78,2.79,1,1
CAFE-009210,7.8,4,6,17.84,0.743,0.7358,0.9157,12.84,2.42,0,0
CAFE-009211,17.6,3,7,22.77,0.8481,0.3409,0.1509,16.39,3.24,1,0
CAFE-009212,38.2,1,6,10.89,0.2786,0.2812,0.5525,7.84,0.85,0,1
CAFE-009213,29.6,2,4,8.84,0.1609,0.7125,0.4006,6.36,0.61,1,0
CAFE-009214,4.2,0,4,12.13,0.3635,0.8045,0.5212,8.73,1.2,0,0
CAFE-009215,0.6,0,5,14.87,0.6265,0.6941,0.6839,10.71,1.88,0,0
CAFE-009216,83.3,2,2,8.52,0.1974,0.6343,0.5662,6.13,0.46,0,0
CAFE-009217,33.5,2,2,15.31,0.3487,0.3486,0.2827,11.02,1.33,0,0
CAFE-009218,36.7,6,2,18.87,0.5775,0.3416,0.3257,13.59,2.05,0,0
CAFE-009219,10.8,0,1,9.22,0.0675,0.5162,0.4492,6.64,0.62,0,0
CAFE-009220,21.1,1,6,15.16,0.5105,0.4988,0.4436,10.92,1.63,0,1
CAFE-009221,3.8,0,12,16.12,0.6572,0.3428,0.4945,11.61,2.07,1,1
CAFE-009222,24.6,2,4,15.75,0.6605,0.3056,0.6219,11.34,1.91,0,1
CAFE-009223,16.3,0,2,11.01,0.3196,0.7635,0.2011,7.93,0.99,0,0
CAFE-009224,60.7,7,7,15.1,0.6123,0.501,0.6692,10.87,1.56,0,0
CAFE-009225,10.7,0,2,8.39,0.1072,0.5945,0.2598,6.04,0.59,0,0
CAFE-009226,25.1,6,7,22.08,0.8978,0.5988,0.3916,15.9,3.2,1,1
CAFE-009227,26.8,2,0,14.1,0.3109,0.5164,0.4906,10.15,1.2,1,0
CAFE-009228,53.5,0,3,9.27,0.1866,0.4174,0.729,6.67,0.59,0,0
CAFE-009229,25.2,4,8,13.52,0.5351,0.6875,0.493,9.73,1.47,0,1
CAFE-009230,10.9,9,8,17.87,0.8082,0.404,0.7762,12.87,2.52,0,1
CAFE-009231,38.9,1,1,16.19,0.6852,0.2684,0.5279,11.66,1.92,0,0
CAFE-009232,17.4,2,2,18.16,0.4799,0.7519,0.4522,13.08,1.92,1,0
CAFE-009233,24.0,3,8,25.23,0.9339,0.6565,0.6064,18.17,3.75,0,1
CAFE-009234,11.9,4,6,10.85,0.477,0.5309,0.5418,7.81,1.17,1,1
CAFE-009235,39.5,3,4,16.58,0.9162,0.4265,0.2646,11.94,2.34,0,0
CAFE-009236,46.1,4,3,13.49,0.3437,0.4897,0.2155,9.71,1.1,0,0
CAFE-009237,18.8,4,5,14.76,0.89,0.6506,0.3672,10.63,2.16,0,0
CAFE-009238,57.4,3,4,14.08,0.5829,0.1705,0.2976,10.14,1.43,0,0
CAFE-009239,6.1,5,3,23.32,0.9606,0.4295,0.6568,16.79,3.68,0,1
CAFE-009240,28.9,4,2,14.31,0.4329,0.5163,0.4156,10.3,1.39,0,1
CAFE-009241,24.9,2,6,11.5,0.5889,0.6886,0.3023,8.28,1.31,0,0
CAFE-009242,37.4,1,6,17.66,0.3553,0.3122,0.6899,12.72,1.52,0,0
CAFE-009243,18.5,0,3,14.36,0.5569,0.1266,0.3777,10.34,1.62,0,0
CAFE-009244,29.8,1,0,10.33,0.0979,0.3157,0.4831,7.44,0.65,1,0
CAFE-009245,55.6,2,3,8.44,0.2559,0.39,0.1809,6.08,0.59,0,0
CAFE-009246,10.5,3,3,11.75,0.4374,0.6735,0.8472,8.46,1.22,1,0
CAFE-009247,44.1,1,3,12.04,0.4165,0.5225,0.6574,8.67,1.08,0,1
CAFE-009248,25.2,0,5,14.17,0.6223,0.3281,0.1832,10.2,1.66,1,0
CAFE-009249,8.0,1,1,13.21,0.5589,0.5923,0.2798,9.51,1.55,0,0
CAFE-009250,32.9,0,0,5.0,0.0962,0.484,0.3183,3.6,0.31,1,1
CAFE-009251,39.3,2,4,11.39,0.3526,0.2072,0.5798,8.2,0.97,1,1
CAFE-009252,19.1,4,2,10.86,0.186,0.9303,0.675,7.82,0.82,1,1
CAFE-009253,7.1,1,6,8.99,0.4746,0.1327,0.3409,6.47,0.98,1,0
CAFE-009254,10.9,1,3,13.04,0.2114,0.2678,0.1395,9.39,1.06,0,0
CAFE-009255,26.1,2,1,13.74,0.2254,0.4908,0.1563,9.89,1.06,0,0
CAFE-009256,49.3,3,4,10.4,0.2825,0.9308,0.6718,7.49,0.77,0,0
CAFE-009257,36.5,5,5,15.98,0.6266,0.6012,0.3942,11.51,1.81,0,1
CAFE-009258,24.2,4,8,21.35,0.7307,0.4324,0.3296,15.37,2.74,0,0
CAFE-009259,28.1,1,5,16.34,0.4703,0.6051,0.4616,11.76,1.65,1,0
CAFE-009260,6.6,3,5,19.92,0.8866,0.5294,0.6722,14.34,2.99,0,0
CAFE-009261,32.8,0,3,9.51,0.2253,0.6096,0.1321,6.85,0.71,1,0
CAFE-009262,24.7,2,7,20.79,0.8705,0.7658,0.5747,14.97,2.96,0,0
CAFE-009263,66.8,1,0,12.92,0.2788,0.7561,0.5859,9.3,0.88,0,0
CAFE-009264,57.6,1,0,8.52,0.2855,0.7137,0.6263,6.13,0.61,1,0
CAFE-009265,3.7,0,3,13.41,0.4477,0.6387,0.4714,9.66,1.44,0,0
CAFE-009266,9.5,3,0,18.68,0.5745,0.7241,0.3138,13.45,2.2,1,0
CAFE-009267,10.1,2,1,10.74,0.1798,0.6945,0.7906,7.73,0.84,0,0
CAFE-009268,11.5,3,2,17.52,0.581,0.5968,0.6479,12.61,2.07,1,0
CAFE-009269,38.4,3,3,16.67,0.6555,0.6067,0.5317,12.0,1.93,0,0
CAFE-009270,27.6,1,5,17.5,0.9035,0.6043,0.7939,12.6,2.53,1,1
CAFE-009271,39.3,3,7,23.72,0.8644,0.4078,0.6102,17.08,3.23,0,0
CAFE-009272,24.2,4,5,17.57,0.4383,0.5148,0.7217,12.65,1.74,0,0
CAFE-009273,25.0,1,6,18.02,0.5432,0.324,0.7236,12.97,1.97,0,0
CAFE-009274,25.8,6,8,18.88,0.8104,0.4196,0.4553,13.59,2.56,0,0
CAFE-009275,40.4,3,6,18.43,0.627,0.4395,0.8348,13.27,2.07,0,1
CAFE-009276,5.9,1,7,19.18,0.3732,0.472,0.8245,13.81,1.9,1,0
CAFE-009277,19.2,4,1,18.25,0.4795,0.3031,0.7083,13.14,1.92,0,0
CAFE-009278,9.5,2,10,15.08,0.8114,0.8557,0.6507,10.86,2.14,1,0
CAFE-009279,25.5,2,2,16.0,0.4387,0.7876,0.5334,11.52,1.58,0,0
CAFE-009280,8.6,1,6,15.55,0.7987,0.735,0.6768,11.2,2.19,1,0
CAFE-009281,21.4,5,9,14.7,0.6508,0.4727,0.7136,10.58,1.78,1,0
CAFE-009282,69.3,1,4,9.17,0.2742,0.4001,0.8309,6.6,0.61,1,0
CAFE-009283,13.4,2,9,14.54,0.5107,0.4173,0.252,10.47,1.6,0,1
CAFE-009284,1.8,6,13,19.17,0.8533,0.2045,0.9617,13.8,2.85,0,1
CAFE-009285,23.6,6,6,16.78,0.7251,0.6224,0.3339,12.08,2.15,0,0
CAFE-009286,24.4,2,3,15.04,0.5285,0.4491,0.4592,10.83,1.63,0,0
CAFE-009287,13.8,2,8,17.01,0.4672,0.8694,0.325,12.25,1.8,1,1
CAFE-009288,16.9,5,10,18.57,0.6716,0.3196,0.5857,13.37,2.32,0,0
CAFE-009289,59.1,2,2,11.11,0.1379,0.5777,0.434,8.0,0.63,0,0
CAFE-009290,29.5,1,10,18.98,0.8112,0.4076,0.4401,13.67,2.55,1,0
CAFE-009291,12.7,3,5,18.17,0.8629,0.6505,0.4559,13.08,2.65,0,1
CAFE-009292,13.4,1,5,13.7,0.5019,0.7798,0.146,9.86,1.5,0,1
CAFE-009293,13.5,4,8,16.67,0.7083,0.5646,0.5833,12.0,2.17,0,0
CAFE-009294,30.9,3,2,8.05,0.3209,0.5354,0.313,5.8,0.68,0,0
CAFE-009295,12.8,3,5,15.72,0.7599,0.1569,0.787,11.32,2.13,1,1
CAFE-009296,66.9,1,3,10.37,0.2194,0.3565,0.2147,7.47,0.64,0,0
CAFE-009297,45.6,1,10,19.91,0.6214,0.5453,0.4275,14.34,2.18,1,1
CAFE-009298,104.5,1,1,9.26,0.2565,0.2861,0.2981,6.67,0.48,0,0
CAFE-009299,36.2,5,9,17.94,0.7551,0.4968,0.4517,12.92,2.27,1,1
CAFE-009300,6.5,6,8,21.87,0.8199,0.3458,0.6113,15.75,3.14,0,0
CAFE-009301,33.9,0,3,9.11,0.3392,0.7272,0.7325,6.56,0.78,0,1
CAFE-009302,79.5,3,6,19.22,0.7687,0.4978,0.7855,13.84,2.16,0,0
CAFE-009303,19.8,1,2,11.78,0.3264,0.8269,0.302,8.48,1.05,0,0
CAFE-009304,18.2,2,1,10.53,0.2705,0.2674,0.349,7.58,0.89,1,0
CAFE-009305,3.9,5,9,16.88,0.6602,0.2714,0.637,12.15,2.17,0,1
CAFE-009306,13.6,6,8,20.08,0.6788,0.3994,0.3861,14.46,2.55,1,1
CAFE-009307,40.5,2,2,14.46,0.4628,0.3112,0.391,10.41,1.38,0,0
CAFE-009308,37.5,2,0,11.92,0.3017,0.5598,0.2929,8.58,0.96,0,0
CAFE-009309,20.4,2,4,13.0,0.2883,0.9031,0.5821,9.36,1.11,1,1
CAFE-009310,17.2,6,2,18.24,0.6832,0.2968,0.7138,13.13,2.3,0,0
CAFE-009311,8.9,3,9,18.7,0.8219,0.3952,0.8342,13.46,2.67,1,0
CAFE-009312,15.1,3,9,14.99,0.5731,0.5066,0.5467,10.79,1.74,0,0
CAFE-009313,27.9,3,3,10.09,0.3994,0.5986,0.5661,7.26,0.95,1,0
CAFE-009314,61.2,2,4,16.99,0.5,0.6082,0.7844,12.23,1.56,0,0
CAFE-009315,36.1,2,6,13.13,0.3227,0.724,0.286,9.45,1.09,0,0
CAFE-009316,23.5,1,1,11.7,0.4909,0.15,0.5039,8.42,1.22,1,0
CAFE-009317,20.6,3,7,18.22,0.734,0.1544,0.2945,13.12,2.37,0,1
CAFE-009318,61.8,3,5,10.74,0.4435,0.5042,0.381,7.73,0.92,0,0
CAFE-009319,8.8,2,5,10.2,0.4748,0.4855,0.1206,7.34,1.1,0,1
CAFE-009320,44.6,1,2,10.84,0.4413,0.8324,0.5578,7.8,1.0,1,0
CAFE-009321,14.9,2,3,5.0,0.088,0.4171,0.5334,3.6,0.34,0,0
CAFE-009322,40.3,2,9,11.56,0.3994,0.3603,0.1328,8.32,1.03,0,1
CAFE-009323,5.5,1,13,19.25,0.9379,0.6914,0.5262,13.86,3.0,1,0
CAFE-009324,7.1,0,2,12.05,0.2926,0.1962,0.3865,8.68,1.09,0,0
CAFE-009325,21.9,2,7,13.91,0.5383,0.1816,0.3744,10.02,1.53,1,0
CAFE-009326,13.4,1,4,17.47,0.4594,0.3273,0.5458,12.58,1.84,1,1
CAFE-009327,35.0,4,9,20.26,0.5107,0.5524,0.8122,14.59,2.08,0,0
CAFE-009328,39.8,2,4,13.4,0.2003,0.4602,0.6014,9.65,0.93,0,1
CAFE-009329,28.0,2,4,12.48,0.5672,0.4347,0.7611,8.99,1.38,0,0
CAFE-009330,32.3,5,4,17.17,0.7731,0.5898,0.3472,12.36,2.23,1,0
CAFE-009331,26.4,3,5,14.87,0.299,0.3273,0.782,10.71,1.25,0,0
CAFE-009332,16.1,3,5,11.04,0.434,0.5353,0.4441,7.95,1.12,1,1
CAFE-009333,25.2,2,4,13.64,0.53,0.3587,0.8087,9.82,1.47,0,0
CAFE-009334,19.9,0,3,10.0,0.2235,0.5443,0.6862,7.2,0.79,1,0
CAFE-009335,56.6,3,0,10.59,0.2633,0.6038,0.7488,7.62,0.74,0,1
CAFE-009336,66.0,2,4,15.41,0.3141,0.6689,0.5461,11.1,1.1,0,0
CAFE-009337,13.9,5,3,13.99,0.5241,0.8239,0.4062,10.07,1.56,0,0
CAFE-009338,56.3,0,3,6.04,0.237,0.7873,0.1534,4.35,0.41,1,0
CAFE-009339,16.4,7,8,19.95,0.8094,0.4333,0.4767,14.36,2.77,0,1
CAFE-009340,37.0,5,5,15.95,0.6224,0.4842,0.8238,11.48,1.8,0,1
CAFE-009341,8.8,4,8,18.01,0.7457,0.5824,0.8602,12.97,2.44,0,0
CAFE-009342,5.0,4,11,17.72,0.7999,0.5548,0.6012,12.76,2.52,1,1
CAFE-009343,40.2,1,2,15.24,0.3885,0.352,0.7566,10.97,1.35,0,0
CAFE-009344,20.3,5,10,18.13,0.7338,0.4759,0.5522,13.05,2.36,0,0
CAFE-009345,79.9,1,12,14.42,0.5349,0.7446,0.4299,10.38,1.28,0,0
CAFE-009346,11.2,2,5,14.84,0.4927,0.1489,0.6117,10.68,1.62,0,0
CAFE-009347,51.0,1,12,19.18,0.5171,0.4838,0.2785,13.81,1.87,0,0
CAFE-009348,19.6,1,5,13.21,0.6438,0.4318,0.6054,9.51,1.6,1,1
CAFE-009349,3.9,3,9,18.27,0.8985,0.4788,0.549,13.15,2.79,0,1
CAFE-009350,17.2,4,7,19.91,0.8472,0.4876,0.6787,14.34,2.84,0,1
CAFE-009351,19.5,0,1,10.5,0.1861,0.2865,0.1418,7.56,0.79,0,0
CAFE-009352,48.6,1,3,16.72,0.599,0.5486,0.4814,12.04,1.78,0,0
CAFE-009353,12.0,5,9,20.13,0.7504,0.6861,0.6466,14.49,2.71,0,0
CAFE-009354,31.3,2,9,15.42,0.6768,0.7795,0.1873,11.1,1.86,0,0
CAFE-009355,15.8,0,3,11.74,0.3145,0.3842,0.5625,8.45,1.05,0,0
CAFE-009356,49.7,5,2,14.5,0.7144,0.3264,0.3841,10.44,1.7,0,0
CAFE-009357,1.0,2,4,17.94,0.6885,0.3914,0.354,12.92,2.38,0,0
CAFE-009358,19.4,3,5,21.43,0.7948,0.7571,0.6074,15.43,2.93,0,0
CAFE-009359,15.1,6,2,16.43,0.5041,0.7397,0.7438,11.83,1.79,0,0
CAFE-009360,24.5,7,5,22.88,0.9097,0.5694,0.606,16.47,3.34,1,0
CAFE-009361,61.5,3,5,15.59,0.4731,0.1644,0.6721,11.22,1.39,0,0
CAFE-009362,80.7,1,1,12.48,0.2998,0.6857,0.6395,8.99,0.81,0,0
CAFE-009363,9.8,3,7,24.07,0.9541,0.6168,0.2846,17.33,3.75,0,1
CAFE-009364,16.2,3,4,13.55,0.4751,0.6205,0.5216,9.76,1.43,0,0
CAFE-009365,23.4,0,2,12.94,0.0833,0.8172,0.7356,9.32,0.83,0,0
CAFE-009366,32.2,1,0,8.9,0.2853,0.563,0.2314,6.41,0.72,1,0
CAFE-009367,71.9,1,4,14.45,0.3545,0.4595,0.2972,10.4,1.06,0,0
CAFE-009368,51.3,1,9,14.65,0.5558,0.3955,0.7853,10.55,1.48,0,0
CAFE-009369,38.6,3,4,11.95,0.4707,0.4908,0.6762,8.6,1.16,0,1
CAFE-009370,2.3,3,4,16.4,0.7255,0.5063,0.4115,11.81,2.23,0,0
CAFE-009371,2.7,2,5,21.62,0.8539,0.4049,0.4423,15.57,3.21,0,0
CAFE-009372,34.9,2,8,21.86,0.9035,0.7781,0.939,15.74,3.1,0,0
CAFE-009373,15.0,2,9,16.34,0.6673,0.7268,0.3607,11.76,2.05,1,0
CAFE-009374,32.9,3,3,10.96,0.4339,0.7933,0.2258,7.89,1.05,0,0
CAFE-009375,52.5,4,4,15.48,0.6093,0.5459,0.289,11.15,1.64,0,0
CAFE-009376,28.5,5,3,14.56,0.5322,0.2512,0.705,10.48,1.56,1,0
CAFE-009377,13.6,1,8,21.42,0.9252,0.7151,0.5209,15.42,3.25,0,0
CAFE-009378,45.5,1,3,12.93,0.5154,0.2117,0.798,9.31,1.28,0,0
CAFE-009379,3.9,2,1,8.14,0.2415,0.7432,0.6261,5.86,0.71,0,0
CAFE-009380,95.5,3,2,11.94,0.4446,0.2529,0.6491,8.6,0.88,1,0
CAFE-009381,14.1,4,5,18.21,0.6016,0.7473,0.467,13.11,2.17,1,0
CAFE-009382,41.1,0,5,16.69,0.4015,0.5642,0.7804,12.02,1.49,0,0
CAFE-009383,5.1,1,3,9.35,0.4139,0.4824,0.1957,6.73,0.97,0,1
CAFE-009384,23.6,0,1,12.87,0.3041,0.3993,0.5841,9.27,1.11,0,0
CAFE-009385,32.1,0,1,15.86,0.4366,0.4975,0.4523,11.42,1.52,0,0
CAFE-009386,38.0,2,1,14.24,0.435,0.57,0.1604,10.25,1.34,0,0
CAFE-009387,4.0,3,10,15.57,0.6722,0.2513,0.5464,11.21,2.02,0,0
CAFE-009388,22.0,1,2,20.68,0.3634,0.5618,0.4744,14.89,1.91,0,0
CAFE-009389,53.2,4,3,15.4,0.665,0.5559,0.207,11.09,1.71,0,0
CAFE-009390,18.8,3,7,15.41,0.527,0.6635,0.5119,11.1,1.69,0,0
CAFE-009391,16.9,7,10,18.69,0.7098,0.4731,0.6107,13.46,2.41,0,0
CAFE-009392,26.9,4,9,20.01,0.8799,0.5502,0.765,14.41,2.85,0,0
CAFE-009393,9.4,0,4,19.03,0.6913,0.5873,0.3929,13.7,2.47,0,1
CAFE-009394,36.7,2,3,12.4,0.3193,0.4312,0.3043,8.93,1.03,0,0
CAFE-009395,9.3,5,7,16.98,0.5607,0.6389,0.1841,12.23,1.98,1,0
CAFE-009396,57.4,2,3,15.67,0.4103,0.3347,0.267,11.28,1.32,1,0
CAFE-009397,16.1,4,4,13.6,0.5903,0.3589,0.5868,9.79,1.59,1,0
CAFE-009398,11.9,0,4,10.15,0.2439,0.5553,0.5263,7.31,0.85,1,1
CAFE-009399,25.6,1,7,10.4,0.276,0.4142,0.7385,7.49,0.86,0,0
CAFE-009400,39.6,1,5,22.01,0.846,0.3501,0.4522,15.85,2.96,0,0
CAFE-009401,62.5,2,3,15.71,0.4173,0.7166,0.7422,11.31,1.31,0,0
CAFE-009402,9.9,1,3,14.17,0.2214,0.6463,0.5569,10.2,1.17,0,0
CAFE-009403,26.9,1,7,17.09,0.8063,0.5057,0.6233,12.3,2.31,0,0
CAFE-009404,6.6,4,7,15.55,0.4917,0.5089,0.3517,11.2,1.72,0,0
CAFE-009405,65.4,2,2,12.66,0.4278,0.574,0.6195,9.12,1.05,0,0
CAFE-009406,17.6,0,6,12.3,0.3715,0.4921,0.1197,8.86,1.17,0,0
CAFE-009407,19.6,4,10,17.91,0.7278,0.2459,0.6125,12.9,2.32,0,0
CAFE-009408,24.2,1,2,11.31,0.3259,0.4548,0.7227,8.14,0.99,0,0
CAFE-009409,52.4,2,0,11.59,0.3355,0.4278,0.6677,8.34,0.91,1,0
CAFE-009410,43.1,1,2,8.03,0.1807,0.3595,0.2851,5.78,0.53,1,0
CAFE-009411,6.4,2,5,15.39,0.6712,0.1637,0.3358,11.08,1.98,0,1
CAFE-009412,21.8,2,3,15.09,0.5872,0.5835,0.3153,10.86,1.73,0,0
CAFE-009413,31.4,2,3,13.51,0.4968,0.4989,0.7911,9.73,1.38,0,0
CAFE-009414,16.4,1,1,17.58,0.5761,0.6367,0.7116,12.66,2.03,0,1
CAFE-009415,9.6,2,9,17.77,0.5128,0.5114,0.292,12.79,1.99,0,0
CAFE-009416,23.6,1,4,14.07,0.3497,0.8095,0.2993,10.13,1.27,0,0
CAFE-009417,16.5,1,7,17.38,0.5169,0.3743,0.4504,12.51,1.91,0,0
CAFE-009418,46.3,1,1,14.08,0.4684,0.2653,0.8411,10.14,1.33,0,0
CAFE-009419,52.0,0,1,16.24,0.2501,0.5314,0.5433,11.69,1.14,0,0
CAFE-009420,10.3,6,3,21.01,0.899,0.5802,0.655,15.13,3.16,0,1
CAFE-009421,49.1,4,4,19.59,0.5973,0.1043,0.5657,14.1,2.08,0,0
CAFE-009422,68.1,4,3,16.54,0.8026,0.5814,0.2656,11.91,1.98,0,0
CAFE-009423,29.6,3,2,17.5,0.6244,0.588,0.5815,12.6,2.03,0,0
CAFE-009424,64.2,1,2,14.02,0.2684,0.1911,0.4773,10.09,0.95,1,0
CAFE-009425,4.6,2,3,8.8,0.2986,0.5214,0.4504,6.34,0.81,1,0
CAFE-009426,65.2,0,1,8.33,0.0803,0.5884,0.3256,6.0,0.4,0,0
CAFE-009427,30.7,4,3,14.76,0.4,0.6719,0.4567,10.63,1.37,0,0
CAFE-009428,41.1,3,3,19.97,0.6783,0.4763,0.2608,14.38,2.34,0,0
CAFE-009429,24.4,4,10,15.01,0.8969,0.2788,0.2052,10.81,2.18,1,0
CAFE-009430,57.1,0,2,11.83,0.3046,0.2218,0.3389,8.52,0.87,0,0
CAFE-009431,65.7,4,1,14.79,0.3186,0.3402,0.841,10.65,1.07,0,1
CAFE-009432,20.8,2,3,11.26,0.41,0.6802,0.6526,8.11,1.1,0,0
CAFE-009433,17.4,4,11,14.96,0.8157,0.4713,0.2445,10.77,2.08,0,0
CAFE-009434,47.2,1,4,13.86,0.527,0.8085,0.8081,9.98,1.38,0,0
CAFE-009435,7.9,0,5,6.88,0.2809,0.3268,0.3009,4.95,0.61,0,0
CAFE-009436,21.2,1,0,13.44,0.2458,0.6183,0.8617,9.68,1.09,0,0
CAFE-009437,32.5,3,0,7.78,0.1895,0.3636,0.2414,5.6,0.55,0,0
CAFE-009438,8.1,2,4,15.46,0.2469,0.5764,0.6659,11.13,1.33,0,0
CAFE-009439,18.8,0,2,9.46,0.0992,0.2311,0.7227,6.81,0.64,0,0
CAFE-009440,37.6,4,5,13.4,0.5548,0.6781,0.3919,9.65,1.42,1,1
CAFE-009441,33.1,5,3,15.88,0.5934,0.474,0.3412,11.43,1.77,0,0
CAFE-009442,18.5,4,8,19.31,0.5638,0.6747,0.8272,13.9,2.2,0,0
CAFE-009443,25.7,5,3,19.32,0.7785,0.4385,0.323,13.91,2.56,0,0
CAFE-009444,12.0,5,6,15.44,0.7547,0.1197,0.3141,11.12,2.09,0,1
CAFE-009445,15.3,3,10,19.28,0.8595,0.4537,0.3301,13.88,2.78,1,1
CAFE-009446,66.3,2,4,12.52,0.1973,0.3609,0.6084,9.01,0.75,1,0
CAFE-009447,11.8,0,1,6.22,0.0304,0.2444,0.5249,4.48,0.39,0,1
CAFE-009448,40.2,3,5,16.83,0.485,0.2225,0.1603,12.12,1.65,0,0
CAFE-009449,19.5,0,4,15.95,0.4857,0.8366,0.2696,11.48,1.68,0,0
CAFE-009450,26.8,2,1,8.77,0.0932,0.9413,0.7371,6.31,0.56,0,0
CAFE-009451,29.0,0,3,14.14,0.297,0.6551,0.6072,10.18,1.18,1,0
CAFE-009452,11.2,2,5,20.13,0.9237,0.6357,0.4689,14.49,3.07,0,0
CAFE-009453,14.3,4,7,18.0,0.8105,0.5268,0.1733,12.96,2.52,0,0
CAFE-009454,8.9,0,1,15.46,0.4004,0.7933,0.4579,11.13,1.56,0,1
CAFE-009455,7.3,3,10,19.34,0.8421,0.7114,0.8964,13.92,2.82,0,1
CAFE-009456,25.1,2,3,17.24,0.4661,0.4833,0.4703,12.41,1.75,0,0
CAFE-009457,22.7,1,7,19.72,0.7356,0.2852,0.7923,14.2,2.55,0,0
CAFE-009458,24.2,3,8,13.69,0.7828,0.836,0.5777,9.86,1.83,0,1
CAFE-009459,22.5,3,5,12.56,0.1938,0.5722,0.4037,9.04,0.95,0,0
CAFE-009460,19.3,6,2,17.63,0.8435,0.6648,0.4299,12.69,2.49,0,0
CAFE-009461,13.5,2,5,13.42,0.4874,0.1867,0.1686,9.66,1.45,0,1
CAFE-009462,36.1,2,3,16.09,0.425,0.3465,0.4691,11.58,1.5,0,0
CAFE-009463,13.8,2,5,18.89,0.762,0.2495,0.348,13.6,2.55,1,0
CAFE-009464,22.4,2,3,14.48,0.6924,0.0976,0.4252,10.43,1.81,1,1
CAFE-009465,24.6,3,2,13.13,0.5028,0.3656,0.2902,9.45,1.38,0,0
CAFE-009466,10.2,4,5,20.13,0.747,0.2041,0.4945,14.49,2.72,0,1
CAFE-009467,14.0,5,6,9.83,0.3305,0.4707,0.5942,7.08,0.9,0,1
CAFE-009468,19.0,7,7,15.61,0.6924,0.7533,0.7337,11.24,1.97,0,0
CAFE-009469,71.9,1,1,9.15,0.2818,0.2999,0.1772,6.59,0.61,0,0
CAFE-009470,7.2,5,4,11.0,0.5789,0.3972,0.5145,7.92,1.31,0,1
CAFE-009471,6.4,1,3,15.88,0.4664,0.2451,0.4786,11.43,1.72,0,0
CAFE-009472,15.7,4,7,17.24,0.6753,0.2794,0.8481,12.41,2.17,1,0
CAFE-009473,19.2,1,4,14.96,0.4892,0.2047,0.713,10.77,1.59,0,1
CAFE-009474,29.9,1,2,12.91,0.2167,0.59,0.4264,9.3,0.97,0,0
CAFE-009475,18.9,3,6,14.09,0.5408,0.6308,0.3783,10.14,1.57,0,0
CAFE-009476,26.0,6,2,15.92,0.407,0.7551,0.7847,11.46,1.52,0,1
CAFE-009477,13.4,0,6,18.81,0.5266,0.2853,0.6271,13.54,2.1,0,0
CAFE-009478,30.7,0,6,12.86,0.2544,0.6172,0.1571,9.26,1.01,0,0
CAFE-009479,4.6,3,1,14.24,0.3629,0.2181,0.6251,10.25,1.4,0,0
CAFE-009480,5.5,5,6,16.28,0.6668,0.504,0.3199,11.72,2.1,0,0
CAFE-009481,18.1,4,6,17.32,0.6378,0.2743,0.4533,12.47,2.1,0,0
CAFE-009482,45.5,2,1,8.58,0.2041,0.2685,0.2,6.18,0.58,0,0
CAFE-009483,13.1,3,5,16.47,0.622,0.2147,0.3689,11.86,2.0,0,0
CAFE-009484,10.8,2,3,11.32,0.4441,0.1924,0.5858,8.15,1.18,0,1
CAFE-009485,10.8,0,2,10.47,0.0851,0.9096,0.351,7.54,0.72,0,0
CAFE-009486,81.7,2,3,15.91,0.6278,0.56,0.9109,11.46,1.55,1,0
CAFE-009487,31.6,0,4,8.83,0.1162,0.1837,0.2438,6.36,0.57,0,0
CAFE-009488,6.5,2,4,16.47,0.5089,0.4742,0.4895,11.86,1.85,0,1
CAFE-009489,14.1,0,3,9.97,0.3268,0.4558,0.4951,7.18,0.91,0,0
CAFE-009490,18.3,2,7,12.83,0.391,0.5568,0.2434,9.24,1.24,0,0
CAFE-009491,48.1,2,6,22.62,0.9415,0.7125,0.5707,16.29,3.19,0,0
CAFE-009492,19.5,1,4,13.15,0.4114,0.6432,0.5711,9.47,1.29,1,1
CAFE-009493,11.4,1,6,10.34,0.5041,0.2381,0.5869,7.44,1.14,0,0
CAFE-009494,11.5,7,4,10.01,0.3701,0.3841,0.3825,7.21,0.97,1,1
CAFE-009495,23.7,0,5,17.67,0.6358,0.2743,0.3094,12.72,2.1,1,0
CAFE-009496,37.3,3,3,13.33,0.5014,0.8374,0.3464,9.6,1.34,0,0
CAFE-009497,13.4,4,12,21.91,0.9813,0.2358,0.5768,15.78,3.45,1,0
CAFE-009498,9.0,3,2,15.67,0.4895,0.6145,0.4375,11.28,1.72,1,0
CAFE-009499,1.3,2,6,14.3,0.456,0.8991,0.2715,10.3,1.56,0,0
CAFE-009500,7.9,6,5,16.67,0.964,0.349,0.3457,12.0,2.63,1,0
CAFE-009501,60.1,2,4,8.25,0.2776,0.5459,0.5485,5.94,0.58,0,0
CAFE-009502,22.7,3,4,15.64,0.5448,0.5186,0.1953,11.26,1.73,0,1
CAFE-009503,17.3,1,6,9.54,0.1547,0.3986,0.4444,6.87,0.7,1,0
CAFE-009504,17.7,2,7,17.62,0.7039,0.6902,0.2987,12.69,2.26,0,0
CAFE-009505,21.4,4,7,16.43,0.4989,0.4358,0.7012,11.83,1.74,1,1
CAFE-009506,3.2,2,6,15.63,0.6909,0.7884,0.4702,11.25,2.06,1,0
CAFE-009507,4.2,3,5,11.36,0.5503,0.4611,0.5687,8.18,1.34,0,0
CAFE-009508,29.6,0,6,15.77,0.6226,0.2806,0.7426,11.35,1.82,0,0
CAFE-009509,87.0,3,6,10.23,0.569,0.4747,0.6169,7.37,0.92,0,0
CAFE-009510,63.1,1,0,12.88,0.1463,0.2287,0.7673,9.27,0.72,0,0
CAFE-009511,7.6,1,3,9.44,0.2455,0.7988,0.5296,6.8,0.81,1,1
CAFE-009512,19.8,5,5,18.74,0.7323,0.3574,0.2344,13.49,2.44,0,1
CAFE-009513,17.9,1,6,14.02,0.3603,0.4623,0.3808,10.09,1.31,0,0
CAFE-009514,51.3,5,10,18.43,0.85,0.6356,0.7092,13.27,2.41,0,0
CAFE-009515,28.5,2,7,14.22,0.5942,0.4759,0.4833,10.24,1.61,1,0
CAFE-009516,42.1,2,3,13.39,0.5099,0.4581,0.1477,9.64,1.34,0,0
CAFE-009517,4.0,4,6,14.54,0.7078,0.518,0.6119,10.47,1.94,0,1
CAFE-009518,18.0,1,8,15.78,0.7216,0.225,0.8357,11.36,2.05,0,0
CAFE-009519,32.5,3,5,10.89,0.4985,0.4296,0.6962,7.84,1.11,0,0
CAFE-009520,35.4,0,3,13.57,0.54,0.6726,0.4801,9.77,1.43,0,0
CAFE-009521,59.7,3,4,8.0,0.1891,0.4487,0.4157,5.76,0.49,1,0
CAFE-009522,56.1,4,5,19.72,0.6716,0.4158,0.4455,14.2,2.19,0,0
CAFE-009523,14.4,5,5,15.57,0.7139,0.1852,0.4387,11.21,2.03,0,0
CAFE-009524,9.3,4,1,13.16,0.6405,0.4163,0.474,9.48,1.64,0,0
CAFE-009525,12.4,2,8,17.06,0.7357,0.7172,0.8422,12.28,2.27,1,0
CAFE-009526,49.2,2,10,16.35,0.77,0.5495,0.8085,11.77,2.02,0,0
CAFE-009527,31.1,2,8,16.91,0.6941,0.5063,0.2515,12.18,2.07,1,0
CAFE-009528,37.5,4,6,18.58,0.5308,0.6955,0.5939,13.38,1.92,0,0
CAFE-009529,14.0,4,6,19.43,0.5984,0.4281,0.6555,13.99,2.31,0,1
CAFE-009530,15.2,5,2,14.48,0.4412,0.6269,0.8717,10.43,1.49,0,0
CAFE-009531,17.6,3,0,17.77,0.3754,0.5197,0.6261,12.79,1.69,1,0
CAFE-009532,9.0,0,8,12.87,0.5988,0.656,0.2804,9.27,1.55,1,1
CAFE-009533,9.1,6,3,17.69,0.8603,0.408,0.5972,12.74,2.6,1,0
CAFE-009534,61.7,4,7,17.4,0.6342,0.5084,0.3069,12.53,1.83,0,0
CAFE-009535,25.2,4,3,11.13,0.3348,0.5072,0.1483,8.01,0.98,0,0
CAFE-009536,52.0,1,2,13.46,0.3945,0.572,0.6222,9.69,1.14,1,0
CAFE-009537,15.2,2,4,17.94,0.5735,0.7594,0.4007,12.92,2.08,1,1
CAFE-009538,41.4,3,2,19.91,0.4325,0.7091,0.5637,14.34,1.84,0,0
CAFE-009539,24.1,1,6,16.96,0.6981,0.4163,0.6727,12.21,2.12,0,0
CAFE-009540,26.2,1,0,5.0,0.0486,0.2888,0.4521,3.6,0.3,0,0
CAFE-009541,28.4,2,5,14.31,0.3033,0.6074,0.4106,10.3,1.2,1,1
CAFE-009542,16.9,1,1,10.03,0.2321,0.2817,0.7885,7.22,0.81,0,0
CAFE-009543,28.8,4,4,8.45,0.4336,0.2479,0.5299,6.08,0.82,0,1
CAFE-009544,8.4,4,7,16.49,0.7162,0.7473,0.7646,11.87,2.19,0,1
CAFE-009545,27.6,0,3,14.73,0.4226,0.5499,0.2032,10.61,1.42,0,0
CAFE-009546,62.7,2,2,11.59,0.2853,0.6141,0.438,8.34,0.81,0,0
CAFE-009547,22.8,2,9,18.85,0.7713,0.5059,0.8595,13.57,2.51,0,0
CAFE-009548,70.1,3,5,16.45,0.4783,0.1454,0.4213,11.84,1.42,0,0
CAFE-009549,37.7,3,3,17.03,0.5993,0.5681,0.5149,12.26,1.88,0,0
CAFE-009550,35.6,0,3,13.93,0.2635,0.384,0.3029,10.03,1.08,0,0
CAFE-009551,22.4,1,2,16.35,0.2877,0.3974,0.4885,11.77,1.38,0,0
CAFE-009552,28.2,6,3,15.21,0.9023,0.1748,0.6608,10.95,2.19,0,0
CAFE-009553,11.1,5,7,19.8,0.764,0.7975,0.5015,14.26,2.7,0,1
CAFE-009554,7.5,6,7,14.39,0.7638,0.5088,0.5657,10.36,1.98,0,0
CAFE-009555,61.3,0,4,7.69,0.0701,0.2714,0.3947,5.54,0.38,1,0
CAFE-009556,41.9,1,0,11.34,0.3281,0.4331,0.3926,8.16,0.93,0,0
CAFE-009557,22.2,3,3,13.66,0.4377,0.5395,0.2609,9.84,1.36,0,0
CAFE-009558,3.4,7,6,18.12,0.6978,0.5844,0.366,13.05,2.4,0,0
CAFE-009559,24.2,5,7,16.07,0.6011,0.2235,0.3181,11.57,1.85,1,1
CAFE-009560,48.6,0,1,9.14,0.0718,0.5933,0.3807,6.58,0.49,0,0
CAFE-009561,30.9,6,9,20.15,0.6609,0.6648,0.253,14.51,2.4,0,1
CAFE-009562,28.9,2,5,16.99,0.4718,0.1648,0.8033,12.23,1.71,0,0
CAFE-009563,34.0,4,5,13.72,0.5855,0.3717,0.3148,9.88,1.51,0,0
CAFE-009564,14.8,0,6,11.78,0.373,0.3865,0.6859,8.48,1.13,0,1
CAFE-009565,49.8,4,8,18.41,0.9877,0.2436,0.8542,13.26,2.67,0,0
CAFE-009566,26.7,2,6,21.86,0.7635,0.1164,0.5173,15.74,2.86,1,0
CAFE-009567,16.2,2,3,17.97,0.5296,0.4788,0.6552,12.94,2.0,1,0
CAFE-009568,25.1,5,4,12.64,0.6034,0.7175,0.8106,9.1,1.46,0,1
CAFE-009569,73.9,7,5,11.93,0.577,0.4955,0.3659,8.59,1.13,1,0
CAFE-009570,8.2,0,5,11.53,0.4082,0.7756,0.4638,8.3,1.17,0,1
CAFE-009571,15.8,1,3,11.3,0.457,0.3074,0.5445,8.14,1.18,0,0
CAFE-009572,4.1,3,11,16.67,0.7527,0.4063,0.4432,12.0,2.3,0,0
CAFE-009573,25.6,2,7,16.48,0.5949,0.2346,0.7964,11.87,1.88,0,0
CAFE-009574,31.9,4,5,19.11,0.559,0.7149,0.7878,13.76,2.07,0,0
CAFE-009575,14.8,7,7,23.43,0.9652,0.5811,0.4794,16.87,3.64,1,1
CAFE-009576,27.3,2,5,15.09,0.5784,0.461,0.1872,10.86,1.69,0,0
CAFE-009577,70.2,3,7,11.85,0.4314,0.395,0.6068,8.53,0.97,1,0
CAFE-009578,42.0,1,0,8.88,0.0969,0.6782,0.3063,6.39,0.52,0,0
CAFE-009579,19.9,3,4,18.24,0.5427,0.3365,0.7291,13.13,2.03,0,1
CAFE-009580,70.1,0,4,17.28,0.5103,0.2558,0.3543,12.44,1.55,1,0
CAFE-009581,67.1,0,2,14.89,0.1689,0.8717,0.3291,10.72,0.84,0,0
CAFE-009582,19.0,1,3,13.92,0.2832,0.3926,0.6514,10.02,1.19,0,1
CAFE-009583,33.7,3,4,13.87,0.5525,0.5432,0.7626,9.99,1.49,0,1
CAFE-009584,23.8,2,4,15.81,0.4819,0.3158,0.793,11.38,1.64,0,0
CAFE-009585,5.5,1,7,17.01,0.8116,0.3099,0.5949,12.25,2.44,0,1
CAFE-009586,7.5,0,2,8.09,0.0764,0.522,0.2494,5.82,0.56,0,0
CAFE-009587,30.1,5,4,13.91,0.3844,0.6101,0.2367,10.02,1.27,0,0
CAFE-009588,14.6,4,6,18.95,0.732,0.4044,0.6027,13.64,2.5,0,1
CAFE-009589,13.8,0,4,12.1,0.1914,0.4237,0.4452,8.71,0.95,0,0
CAFE-009590,18.2,2,8,18.74,0.7355,0.4148,0.8092,13.49,2.45,1,1
CAFE-009591,25.4,4,10,18.21,0.6451,0.5597,0.7514,13.11,2.17,0,1
CAFE-009592,4.9,2,3,11.9,0.4764,0.2403,0.5682,8.57,1.31,0,0
CAFE-009593,88.4,2,3,13.9,0.4702,0.4899,0.4209,10.01,1.1,0,0
CAFE-009594,45.9,6,2,16.27,0.3835,0.3697,0.4977,11.71,1.4,0,0
CAFE-009595,16.8,3,2,20.2,0.5892,0.621,0.6074,14.54,2.36,0,0
CAFE-009596,13.7,5,7,22.07,0.9089,0.6256,0.6369,15.89,3.31,1,1
CAFE-009597,7.2,0,3,18.25,0.7882,0.4841,0.6001,13.14,2.56,0,0
CAFE-009598,33.6,2,5,15.11,0.5324,0.2156,0.5835,10.88,1.59,0,0
CAFE-009599,33.0,5,10,15.81,0.8471,0.2488,0.9027,11.38,2.16,1,1
CAFE-009600,16.1,6,4,19.81,0.6819,0.8006,0.3602,14.26,2.5,0,1
CAFE-009601,50.1,1,3,9.47,0.3028,0.2621,0.6504,6.82,0.72,0,0
CAFE-009602,87.3,5,9,19.84,0.7791,0.621,0.3573,14.28,2.19,0,0
CAFE-009603,13.6,4,6,13.1,0.6812,0.3794,0.3625,9.43,1.67,0,0
CAFE-009604,32.0,4,3,17.76,0.5101,0.2142,0.4323,12.79,1.84,0,0
CAFE-009605,51.4,0,1,10.73,0.0374,0.8845,0.4625,7.73,0.53,0,0
CAFE-009606,4.5,2,8,15.5,0.5387,0.632,0.6358,11.16,1.8,0,0
CAFE-009607,7.6,5,4,16.01,0.6469,0.5212,0.6918,11.53,2.02,0,1
CAFE-009608,24.4,1,3,12.44,0.319,0.3259,0.1856,8.96,1.08,0,0
CAFE-009609,0.9,4,9,14.68,0.6381,0.3876,0.6478,10.57,1.87,1,0
CAFE-009610,26.0,2,2,20.03,0.7996,0.2688,0.3168,14.42,2.7,0,0
CAFE-009611,5.5,2,3,12.21,0.5201,0.2616,0.6069,8.79,1.39,1,0
CAFE-009612,16.1,3,3,21.19,0.8038,0.5611,0.4363,15.26,2.94,0,0
CAFE-009613,54.0,2,5,12.43,0.3297,0.5935,0.7821,8.95,0.96,0,0
CAFE-009614,28.7,2,6,14.76,0.3961,0.4542,0.3479,10.63,1.38,1,0
CAFE-009615,10.1,3,5,16.2,0.7534,0.4914,0.8815,11.66,2.2,0,1
CAFE-009616,11.8,4,3,16.44,0.5241,0.5601,0.5827,11.84,1.84,0,0
CAFE-009617,52.3,3,7,10.36,0.4585,0.6035,0.6704,7.46,0.94,1,1
CAFE-009618,75.3,2,7,10.4,0.392,0.402,0.1342,7.49,0.79,0,0
CAFE-009619,15.9,5,3,17.87,0.7538,0.4079,0.5212,12.87,2.39,0,1
CAFE-009620,28.0,6,3,20.33,0.7807,0.4605,0.4766,14.64,2.68,1,0
CAFE-009621,24.9,0,13,17.81,0.4877,0.2901,0.2771,12.82,1.85,0,0
CAFE-009622,40.8,3,3,6.15,0.3636,0.3206,0.6645,4.43,0.53,0,0
CAFE-009623,18.6,1,4,9.41,0.2766,0.2178,0.4458,6.78,0.8,0,0
CAFE-009624,14.1,5,8,21.37,0.8326,0.7415,0.7707,15.39,3.04,1,1
CAFE-009625,13.0,1,4,10.37,0.2355,0.5465,0.7093,7.47,0.86,0,0
CAFE-009626,16.2,6,6,23.0,0.8798,0.6714,0.6382,16.56,3.36,0,0
CAFE-009627,12.8,3,11,17.47,0.6635,0.214,0.5569,12.58,2.2,0,0
CAFE-009628,22.4,0,2,12.16,0.2404,0.4636,0.3442,8.76,0.97,0,0
CAFE-009629,33.1,4,6,13.12,0.6092,0.498,0.2593,9.45,1.48,0,0
CAFE-009630,16.9,2,2,12.16,0.4909,0.5635,0.659,8.76,1.3,1,1
CAFE-009631,40.7,5,9,21.39,0.8527,0.527,0.4938,15.4,2.88,0,0
CAFE-009632,35.4,2,1,14.96,0.2228,0.4322,0.5349,10.77,1.1,0,0
CAFE-009633,16.0,4,7,20.29,0.8601,0.403,0.5232,14.61,2.93,0,1
CAFE-009634,4.9,4,5,14.3,0.6228,0.7656,0.1418,10.3,1.78,0,1
CAFE-009635,8.8,2,3,12.79,0.2832,0.5889,0.4729,9.21,1.14,1,0
CAFE-009636,20.4,2,1,12.16,0.1694,0.8615,0.3475,8.76,0.89,0,0
CAFE-009637,14.9,2,5,17.62,0.4614,0.5472,0.4448,12.69,1.85,0,0
CAFE-009638,14.5,4,8,13.46,0.4149,0.3933,0.8852,9.69,1.35,0,0
CAFE-009639,26.1,4,9,22.29,0.8165,0.4765,0.6688,16.05,3.04,0,0
CAFE-009640,55.0,0,1,12.39,0.0949,0.5959,0.4678,8.92,0.67,0,0
CAFE-009641,80.3,0,0,9.76,0.0601,0.1753,0.5228,7.03,0.4,0,0
CAFE-009642,5.9,4,5,23.57,0.9351,0.2773,0.8652,16.97,3.66,0,1
CAFE-009643,11.4,5,5,11.85,0.6103,0.3155,0.3393,8.53,1.43,0,0
CAFE-009644,39.6,5,3,21.65,0.8391,0.2807,0.5228,15.59,2.89,1,1
CAFE-009645,30.1,4,8,18.2,0.7291,0.2261,0.6372,13.1,2.29,1,0
CAFE-009646,72.4,2,4,12.65,0.2882,0.7157,0.0945,9.11,0.84,0,0
CAFE-009647,18.6,1,4,18.31,0.5383,0.4906,0.7789,13.18,2.03,0,0
CAFE-009648,22.2,1,9,20.33,0.8194,0.2895,0.5241,14.64,2.8,0,0
CAFE-009649,33.1,1,7,19.73,0.7663,0.4777,0.1702,14.21,2.54,0,0
CAFE-009650,40.4,1,3,7.8,0.1731,0.383,0.631,5.62,0.52,0,0
CAFE-009651,45.1,2,1,15.29,0.6274,0.7739,0.3566,11.01,1.69,0,0
CAFE-009652,0.2,2,9,23.9,0.8773,0.2538,0.804,17.21,3.62,0,0
CAFE-009653,37.9,5,3,17.01,0.6671,0.0707,0.6184,12.25,1.99,1,0
CAFE-009654,9.4,4,3,15.49,0.6009,0.3548,0.3401,11.15,1.87,1,1
CAFE-009655,24.0,2,3,9.8,0.4433,0.34,0.3555,7.06,0.98,0,0
CAFE-009656,80.9,2,4,13.01,0.2609,0.1422,0.3143,9.37,0.79,0,0
CAFE-009657,14.0,4,7,13.42,0.4023,0.8175,0.2755,9.66,1.33,0,0
CAFE-009658,19.5,3,7,12.91,0.5689,0.6754,0.4056,9.3,1.47,0,0
CAFE-009659,5.2,0,7,20.59,0.8026,0.7307,0.6058,14.82,2.93,0,1
CAFE-009660,64.4,3,5,14.28,0.6043,0.5537,0.6329,10.28,1.45,0,0
CAFE-009661,14.8,0,1,15.73,0.1118,0.2882,0.2623,11.33,1.1,0,0
CAFE-009662,21.0,2,4,14.29,0.4156,0.5197,0.471,10.29,1.4,0,0
CAFE-009663,20.3,3,5,19.61,0.7016,0.4328,0.3713,14.12,2.49,1,0
CAFE-009664,5.5,4,1,17.79,0.3789,0.5447,0.4837,12.81,1.78,0,1
CAFE-009665,29.0,3,5,17.71,0.6177,0.7226,0.4638,12.75,2.04,0,0
CAFE-009666,20.0,4,4,14.98,0.4305,0.3622,0.3648,10.79,1.5,0,0
CAFE-009667,27.9,4,8,21.54,0.7066,0.6971,0.2354,15.51,2.68,0,0
CAFE-009668,11.7,5,1,18.31,0.6758,0.6813,0.5346,13.18,2.33,1,0
CAFE-009669,21.5,2,0,12.6,0.2457,0.3036,0.3925,9.07,1.02,0,0
CAFE-009670,12.9,4,6,16.81,0.4795,0.512,0.6695,12.1,1.8,1,0
CAFE-009671,31.3,2,6,11.47,0.6256,0.3987,0.4179,8.26,1.32,0,0
CAFE-009672,37.1,1,3,9.77,0.1293,0.6565,0.2738,7.03,0.62,1,0
CAFE-009673,0.8,1,5,17.53,0.7698,0.8201,0.565,12.62,2.47,1,0
CAFE-009674,31.3,1,8,15.39,0.4944,0.2769,0.8189,11.08,1.57,0,0
CAFE-009675,12.2,3,4,18.8,0.4913,0.5312,0.5629,13.54,2.04,0,0
CAFE-009676,34.5,4,6,13.61,0.4349,0.2602,0.481,9.8,1.29,0,0
CAFE-009677,8.8,3,6,14.25,0.9169,0.3518,0.5669,10.26,2.17,0,0
CAFE-009678,3.4,2,7,12.86,0.4983,0.6556,0.1625,9.26,1.45,0,1
CAFE-009679,18.3,4,2,13.57,0.5098,0.5028,0.32,9.77,1.47,0,0
CAFE-009680,9.7,3,3,21.44,0.74,0.7128,0.4949,15.44,2.88,0,1
CAFE-009681,12.9,2,2,20.21,0.6152,0.4499,0.5888,14.55,2.44,0,0
CAFE-009682,8.5,4,3,12.91,0.4877,0.2825,0.3959,9.3,1.42,0,0
CAFE-009683,51.0,2,7,16.0,0.523,0.5562,0.3775,11.52,1.57,0,0
CAFE-009684,15.0,2,2,8.52,0.3725,0.731,0.194,6.13,0.82,1,1
CAFE-009685,4.8,0,3,16.68,0.3098,0.3168,0.0931,12.01,1.56,0,0
CAFE-009686,25.1,3,4,15.29,0.6132,0.6033,0.2312,11.01,1.78,0,1
CAFE-009687,45.2,2,6,12.94,0.1877,0.6488,0.3772,9.32,0.86,0,0
CAFE-009688,11.3,3,9,14.19,0.8399,0.5818,0.8166,10.22,2.04,1,1
CAFE-009689,5.2,1,4,12.17,0.1998,0.4924,0.0467,8.76,1.0,1,0
CAFE-009690,13.6,1,1,8.46,0.2941,0.1291,0.3315,6.09,0.75,0,0
CAFE-009691,32.1,0,5,14.28,0.5735,0.516,0.4266,10.28,1.57,0,0
CAFE-009692,41.6,2,9,15.53,0.6247,0.5103,0.8316,11.18,1.73,0,0
CAFE-009693,24.3,1,2,10.97,0.3536,0.7714,0.341,7.9,0.99,0,0
CAFE-009694,2.9,5,9,24.24,0.8439,0.717,0.4599,17.45,3.57,1,1
CAFE-009695,35.2,0,12,14.27,0.6802,0.7129,0.5102,10.27,1.7,0,0
CAFE-009696,6.4,0,2,7.3,0.0968,0.5054,0.2959,5.26,0.52,1,0
CAFE-009697,7.9,3,3,17.91,0.7787,0.6083,0.6324,12.9,2.49,0,0
CAFE-009698,51.6,2,2,15.89,0.5727,0.5554,0.6031,11.44,1.63,0,0
CAFE-009699,16.6,2,5,13.71,0.5947,0.6618,0.2886,9.87,1.61,1,0
CAFE-009700,17.2,5,5,20.22,0.9398,0.5149,0.5838,14.56,3.07,0,1
CAFE-009701,19.2,2,5,14.25,0.4424,0.4019,0.86,10.26,1.44,1,0
CAFE-009702,31.3,4,9,24.6,0.9514,0.4722,0.5955,17.71,3.64,1,0
CAFE-009703,5.1,1,8,19.72,0.6911,0.2709,0.5788,14.2,2.59,0,1
CAFE-009704,6.7,4,11,14.92,0.625,0.5132,0.9099,10.74,1.85,0,0
CAFE-009705,28.1,3,4,14.92,0.6629,0.7049,0.4589,10.74,1.79,1,1
CAFE-009706,33.7,1,3,11.24,0.1401,0.7767,0.5924,8.09,0.74,0,0
CAFE-009707,24.9,1,2,17.81,0.6748,0.4139,0.6043,12.82,2.18,1,0
CAFE-009708,18.8,2,5,12.98,0.4775,0.1115,0.4574,9.35,1.36,0,0
CAFE-009709,15.4,1,9,22.33,0.834,0.4686,0.6799,16.08,3.17,0,0
CAFE-009710,15.3,3,6,16.84,0.6208,0.496,0.5226,12.12,2.03,0,0
CAFE-009711,30.0,7,6,13.86,0.5827,0.8548,0.6335,9.98,1.54,1,1
CAFE-009712,18.9,8,6,19.97,0.6985,0.808,0.3851,14.38,2.54,1,1
CAFE-009713,16.9,1,2,10.51,0.1175,0.2286,0.4702,7.57,0.73,0,0
CAFE-009714,19.2,1,5,20.25,0.7397,0.6642,0.5831,14.58,2.65,0,0
CAFE-009715,32.9,3,3,12.41,0.7028,0.5793,0.2496,8.94,1.52,1,0
CAFE-009716,16.7,2,4,9.51,0.4298,0.6934,0.776,6.85,0.96,1,0
CAFE-009717,109.3,3,2,10.96,0.0371,0.3211,0.7965,7.89,0.44,0,0
CAFE-009718,5.3,2,9,16.62,0.8857,0.3235,0.6811,11.97,2.5,0,0
CAFE-009719,27.1,0,0,8.13,0.0481,0.2888,0.1031,5.85,0.48,0,0
CAFE-009720,16.0,1,2,9.45,0.4447,0.4439,0.3035,6.8,0.97,0,1
CAFE-009721,26.1,2,2,16.71,0.4038,0.2565,0.1907,12.03,1.59,0,0
CAFE-009722,49.2,3,6,14.8,0.6515,0.3458,0.6812,10.66,1.65,0,0
CAFE-009723,24.4,1,2,9.11,0.1656,0.7004,0.3485,6.56,0.65,0,1
CAFE-009724,13.8,2,5,18.94,0.9133,0.771,0.2122,13.64,2.85,0,0
CAFE-009725,8.9,0,6,19.34,0.5922,0.1407,0.4062,13.92,2.32,1,0
CAFE-009726,3.9,1,4,15.3,0.3239,0.5705,0.5562,11.02,1.45,1,0
CAFE-009727,64.0,5,9,21.22,0.7642,0.253,0.3817,15.28,2.49,1,0
CAFE-009728,61.8,2,8,18.43,0.6992,0.1621,0.7046,13.27,2.06,1,1
CAFE-009729,38.7,2,4,13.79,0.4143,0.7915,0.542,9.93,1.26,0,0
CAFE-009730,60.8,2,0,10.88,0.3063,0.3717,0.6559,7.83,0.79,0,0
CAFE-009731,13.9,1,6,20.51,0.6466,0.3672,0.4586,14.77,2.54,0,0
CAFE-009732,7.0,3,3,15.53,0.5225,0.5285,0.3817,11.18,1.77,1,0
CAFE-009733,31.7,3,7,17.1,0.6284,0.3389,0.5797,12.31,1.97,0,0
CAFE-009734,16.8,0,2,16.36,0.6957,0.2036,0.6524,11.78,2.09,1,1
CAFE-009735,18.5,4,3,18.08,0.9744,0.4922,0.6361,13.02,2.8,0,0
CAFE-009736,54.1,4,3,16.4,0.5637,0.5682,0.8398,11.81,1.65,0,0
CAFE-009737,13.9,1,8,12.73,0.1869,0.2728,0.1833,9.17,0.99,1,0
CAFE-009738,50.5,4,3,15.11,0.4426,0.6507,0.3682,10.88,1.36,0,0
CAFE-009739,17.9,4,4,11.43,0.5506,0.3864,0.4796,8.23,1.29,0,0
CAFE-009740,1.9,0,2,11.72,0.214,0.6712,0.4033,8.44,0.99,1,1
CAFE-009741,8.3,0,5,10.71,0.2308,0.4533,0.7587,7.71,0.9,1,0
CAFE-009742,17.1,2,8,18.12,0.5917,0.1491,0.3823,13.05,2.12,0,1
CAFE-009743,28.3,5,7,18.6,0.6634,0.4229,0.4273,13.39,2.23,0,1
CAFE-009744,12.8,3,10,20.88,0.9224,0.5101,0.169,15.03,3.17,0,0
CAFE-009745,41.2,2,1,10.36,0.3218,0.3913,0.3049,7.46,0.84,1,0
CAFE-009746,19.8,2,5,14.04,0.7186,0.1114,0.4122,10.11,1.81,0,1
CAFE-009747,59.3,0,2,9.84,0.3768,0.4846,0.6294,7.08,0.79,0,0
CAFE-009748,24.1,5,8,11.96,0.8132,0.252,0.4965,8.61,1.63,0,1
CAFE-009749,5.1,3,11,19.5,0.816,0.3922,0.6902,14.04,2.8,1,0
CAFE-009750,21.7,0,3,12.91,0.3864,0.3884,0.3873,9.3,1.22,1,0
CAFE-009751,7.2,1,1,7.41,0.0968,0.5061,0.3881,5.34,0.53,0,0
CAFE-009752,112.4,3,8,15.7,0.4186,0.5338,0.5895,11.3,1.03,0,0
CAFE-009753,44.5,5,5,18.32,0.7592,0.5516,0.6319,13.19,2.27,0,0
CAFE-009754,12.0,2,3,17.03,0.5191,0.7733,0.3269,12.26,1.9,0,0
CAFE-009755,22.2,2,3,19.5,0.482,0.7916,0.7214,14.04,2.03,0,0
CAFE-009756,12.2,3,4,16.42,0.6502,0.6342,0.3966,11.82,2.05,0,1
CAFE-009757,20.3,4,6,16.07,0.646,0.5623,0.4512,11.57,1.95,0,0
CAFE-009758,19.3,3,7,20.35,0.7738,0.5463,0.4839,14.65,2.74,0,0
CAFE-009759,79.5,3,4,17.17,0.5178,0.4205,0.6791,12.36,1.5,1,0
CAFE-009760,49.7,1,3,13.45,0.5032,0.7479,0.3859,9.68,1.3,0,0
CAFE-009761,37.4,1,8,10.96,0.4907,0.6267,0.7376,7.89,1.09,1,0
CAFE-009762,19.7,0,2,9.36,0.0978,0.7785,0.5281,6.74,0.62,0,0
CAFE-009763,35.9,1,6,14.61,0.3363,0.8006,0.6354,10.52,1.24,0,1
CAFE-009764,5.6,2,7,16.35,0.5157,0.1967,0.579,11.77,1.86,0,0
CAFE-009765,15.9,1,4,13.0,0.5056,0.2892,0.4302,9.36,1.41,0,0
CAFE-009766,24.5,1,1,12.52,0.049,0.9385,0.631,9.01,0.75,0,0
CAFE-009767,33.9,4,5,16.46,0.7984,0.7019,0.3633,11.85,2.17,0,0
CAFE-009768,38.6,3,3,13.36,0.4352,0.4072,0.5123,9.62,1.25,0,0
CAFE-009769,31.5,1,4,12.26,0.4489,0.6776,0.4427,8.83,1.2,1,0
CAFE-009770,23.0,0,4,12.64,0.292,0.3267,0.7699,9.1,1.07,0,0
CAFE-009771,46.7,5,2,9.79,0.3008,0.3516,0.5402,7.05,0.76,0,1
CAFE-009772,26.9,4,2,14.5,0.6089,0.4954,0.8111,10.44,1.67,0,0
CAFE-009773,30.3,3,5,14.82,0.3656,0.3017,0.3974,10.67,1.33,1,0
CAFE-009774,11.1,2,7,17.08,0.6763,0.1476,0.7502,12.3,2.18,0,0
CAFE-009775,6.5,7,5,19.61,0.8766,0.3389,0.3566,14.12,2.93,1,1
CAFE-009776,36.5,1,3,14.65,0.3429,0.6534,0.3983,10.55,1.25,0,0
CAFE-009777,11.8,3,4,17.8,0.6911,0.2539,0.4328,12.82,2.29,0,1
CAFE-009778,35.9,5,5,22.26,0.882,0.3109,0.3949,16.03,3.1,0,0
CAFE-009779,20.0,4,5,15.59,0.566,0.7344,0.561,11.22,1.77,1,1
CAFE-009780,16.6,1,9,19.19,0.8871,0.5626,0.7587,13.82,2.82,1,1
CAFE-009781,9.6,1,7,14.0,0.4691,0.445,0.614,10.08,1.5,0,0
CAFE-009782,34.0,3,3,16.56,0.631,0.5743,0.2152,11.92,1.9,0,1
CAFE-009783,24.2,3,4,14.62,0.6523,0.706,0.2998,10.53,1.76,0,1
CAFE-009784,7.7,4,5,15.63,0.5253,0.2391,0.7541,11.25,1.78,1,1
CAFE-009785,39.8,4,8,15.47,0.7435,0.7108,0.3176,11.14,1.92,0,0
CAFE-009786,33.3,3,1,19.17,0.7731,0.4571,0.613,13.8,2.48,1,1
CAFE-009787,34.9,1,3,11.15,0.1118,0.6908,0.3539,8.03,0.7,0,0
CAFE-009788,4.7,0,4,15.72,0.7035,0.3853,0.4313,11.32,2.09,0,1
CAFE-009789,44.0,0,3,10.31,0.3149,0.6169,0.4868,7.42,0.82,1,1
CAFE-009790,42.1,3,3,14.99,0.8471,0.6264,0.2501,10.79,2.0,0,0
CAFE-009791,16.2,2,9,19.83,0.8391,0.4751,0.6163,14.28,2.82,1,1
CAFE-009792,24.5,1,4,11.97,0.2305,0.6952,0.5063,8.62,0.94,0,0
CAFE-009793,27.1,2,1,9.22,0.1393,0.7028,0.4975,6.64,0.63,0,0
CAFE-009794,31.0,0,2,7.71,0.2161,0.4275,0.5274,5.55,0.57,0,0
CAFE-009795,60.4,0,1,10.64,0.397,0.7854,0.6851,7.66,0.87,0,0
CAFE-009796,22.8,4,3,12.26,0.3511,0.7046,0.7385,8.83,1.11,1,0
CAFE-009797,17.0,2,4,17.89,0.3677,0.2757,0.2061,12.88,1.69,0,0
CAFE-009798,50.9,1,9,16.15,0.7108,0.7708,0.6109,11.63,1.89,0,0
CAFE-009799,51.3,4,4,11.62,0.3885,0.4928,0.4354,8.37,0.98,0,0
CAFE-009800,24.8,0,2,12.22,0.2296,0.3845,0.1849,8.8,0.95,0,0
CAFE-009801,36.0,3,7,16.36,0.7805,0.2702,0.3186,11.78,2.11,1,0
CAFE-009802,18.1,1,2,11.88,0.411,0.6506,0.1926,8.55,1.17,0,0
CAFE-009803,12.1,1,9,18.29,0.667,0.7749,0.675,13.17,2.31,0,0
CAFE-009804,5.4,1,2,17.17,0.5044,0.4323,0.4689,12.36,1.93,0,0
CAFE-009805,31.4,3,5,18.6,0.5763,0.4799,0.6385,13.39,2.05,1,0
CAFE-009806,20.1,0,2,7.76,0.1032,0.3892,0.4601,5.59,0.52,0,0
CAFE-009807,38.9,1,5,21.19,0.8222,0.5986,0.5895,15.26,2.8,1,1
CAFE-009808,90.4,3,2,11.96,0.2472,0.8197,0.5056,8.61,0.67,0,0
CAFE-009809,61.8,3,4,9.71,0.4895,0.2257,0.3258,6.99,0.88,1,0
CAFE-009810,64.6,0,3,13.74,0.4273,0.8068,0.3567,9.89,1.15,0,0
CAFE-009811,50.9,3,4,5.25,0.1829,0.779,0.4371,3.78,0.34,0,0
CAFE-009812,10.7,3,5,15.72,0.6042,0.1979,0.5304,11.32,1.9,0,1
CAFE-009813,40.7,3,3,19.07,0.5541,0.6638,0.2417,13.73,2.0,0,0
CAFE-009814,26.6,1,3,16.42,0.617,0.4802,0.4116,11.82,1.91,0,0
CAFE-009815,12.8,3,8,19.19,0.7855,0.7865,0.3886,13.82,2.65,0,1
CAFE-009816,29.7,1,1,6.66,0.0595,0.6933,0.0744,4.8,0.39,0,0
CAFE-009817,25.7,2,4,15.37,0.465,0.2349,0.6241,11.07,1.56,1,0
CAFE-009818,20.0,8,10,14.98,0.6706,0.512,0.489,10.79,1.86,0,0
CAFE-009819,31.9,1,3,6.99,0.1562,0.7012,0.6001,5.03,0.48,1,0
CAFE-009820,16.1,0,1,9.14,0.0109,0.743,0.6188,6.58,0.54,1,0
CAFE-009821,20.3,4,3,21.38,0.9207,0.6643,0.7386,15.39,3.18,0,0
CAFE-009822,14.7,4,13,21.9,0.9352,0.4184,0.358,15.77,3.33,0,1
CAFE-009823,19.0,3,2,13.01,0.1845,0.8542,0.2237,9.37,0.98,0,0
CAFE-009824,30.9,0,2,14.99,0.5505,0.5187,0.6862,10.79,1.62,0,0
CAFE-009825,1.3,2,3,20.76,0.7703,0.4372,0.6154,14.95,2.92,0,1
CAFE-009826,12.5,2,5,15.28,0.5466,0.3828,0.8687,11.0,1.74,1,0
CAFE-009827,41.0,1,3,12.49,0.2809,0.1491,0.608,8.99,0.97,0,0
CAFE-009828,21.3,6,4,20.64,0.8451,0.2925,0.4391,14.86,2.91,0,0
CAFE-009829,14.7,3,8,14.81,0.5746,0.826,0.3682,10.66,1.72,1,1
CAFE-009830,17.4,1,3,8.35,0.1879,0.5536,0.4356,6.01,0.64,0,0
CAFE-009831,23.4,1,2,7.0,0.3149,0.5226,0.3763,5.04,0.61,0,0
CAFE-009832,5.3,2,6,20.44,0.8241,0.6104,0.5856,14.72,2.95,1,0
CAFE-009833,16.3,1,4,17.31,0.7236,0.2817,0.2941,12.46,2.26,0,0
CAFE-009834,10.5,2,10,14.51,0.7628,0.2201,0.4654,10.45,1.98,0,0
CAFE-009835,14.0,3,6,17.17,0.5899,0.3775,0.5173,12.36,2.03,1,0
CAFE-009836,77.4,0,3,10.64,0.1478,0.6864,0.3867,7.66,0.54,0,0
CAFE-009837,9.9,0,4,17.77,0.3108,0.5376,0.3403,12.79,1.63,0,0
CAFE-009838,11.6,5,5,15.26,0.5881,0.2454,0.3197,10.99,1.81,0,1
CAFE-009839,27.1,4,5,16.8,0.922,0.6724,0.8321,12.1,2.46,0,1
CAFE-009840,36.8,2,1,15.33,0.2926,0.6947,0.5288,11.04,1.23,0,0
CAFE-009841,33.9,2,1,17.68,0.7763,0.261,0.3228,12.73,2.29,0,0
CAFE-009842,11.2,0,1,10.15,0.1815,0.4553,0.1974,7.31,0.79,0,0
CAFE-009843,16.7,4,10,19.32,0.8165,0.6714,0.4614,13.91,2.7,1,0
CAFE-009844,24.1,7,7,18.31,0.8299,0.7389,0.571,13.18,2.53,0,0
CAFE-009845,5.5,3,11,20.49,0.6668,0.5074,0.7181,14.75,2.64,0,0
CAFE-009846,38.8,0,6,17.82,0.7444,0.3423,0.8418,12.83,2.22,0,0
CAFE-009847,8.4,5,7,15.38,0.5643,0.6949,0.7202,11.07,1.81,0,0
CAFE-009848,39.7,1,3,11.91,0.4246,0.6268,0.8444,8.58,1.1,0,0
CAFE-009849,82.6,0,4,7.81,0.087,0.3311,0.4723,5.62,0.34,0,0
CAFE-009850,22.9,3,6,16.5,0.6948,0.7305,0.4983,11.88,2.07,0,0
CAFE-009851,30.1,2,7,18.57,0.5576,0.6326,0.4304,13.37,2.02,0,0
CAFE-009852,16.5,6,6,18.0,0.7523,0.3524,0.7003,12.96,2.4,0,0
CAFE-009853,26.5,5,11,17.39,0.8828,0.691,0.672,12.52,2.48,0,1
CAFE-009854,10.3,8,4,18.06,0.9639,0.3429,0.5908,13.0,2.83,0,0
CAFE-009855,14.4,0,2,6.88,0.3171,0.5158,0.4882,4.95,0.62,0,0
CAFE-009856,4.9,3,8,23.5,0.8745,0.4332,0.5831,16.92,3.52,0,0
CAFE-009857,33.1,1,3,12.41,0.5437,0.3332,0.9025,8.94,1.32,0,0
CAFE-009858,43.5,4,4,11.55,0.2647,0.263,0.4205,8.32,0.86,0,0
CAFE-009859,14.3,3,6,16.26,0.6855,0.4203,0.24,11.71,2.07,1,1
CAFE-009860,35.4,4,1,12.3,0.4431,0.2574,0.3031,8.86,1.18,0,0
CAFE-009861,31.9,4,4,16.41,0.6399,0.5119,0.7642,11.82,1.91,1,1
CAFE-009862,29.3,0,0,12.09,0.215,0.5943,0.3746,8.7,0.91,0,0
CAFE-009863,48.9,2,5,18.11,0.7971,0.7893,0.8306,13.04,2.28,1,0
CAFE-009864,34.6,3,5,10.99,0.5285,0.7748,0.5214,7.91,1.15,0,0
CAFE-009865,15.4,2,6,18.45,0.5618,0.4106,0.5884,13.28,2.12,1,0
CAFE-009866,22.6,3,6,16.52,0.4678,0.3633,0.455,11.89,1.7,0,0
CAFE-009867,17.1,2,4,12.37,0.5789,0.2574,0.5636,8.91,1.43,1,1
CAFE-009868,35.6,5,4,12.66,0.3925,0.34,0.6692,9.12,1.14,1,0
CAFE-009869,120.0,2,3,10.15,0.2144,0.6273,0.4324,7.31,0.43,0,0
CAFE-009870,17.4,0,2,7.24,0.1129,0.6346,0.1024,5.21,0.5,0,0
CAFE-009871,16.6,0,2,9.99,0.3151,0.6076,0.6608,7.19,0.89,0,0
CAFE-009872,6.1,1,3,12.88,0.327,0.3012,0.4829,9.27,1.22,0,0
CAFE-009873,30.1,3,4,16.24,0.5034,0.5917,0.5736,11.69,1.68,0,0
CAFE-009874,23.6,1,4,18.39,0.6402,0.6825,0.5356,13.24,2.2,0,0
CAFE-009875,26.6,2,2,10.58,0.2034,0.4717,0.3688,7.62,0.79,0,0
CAFE-009876,6.2,2,4,17.05,0.7056,0.6495,0.1938,12.28,2.26,0,0
CAFE-009877,26.3,1,4,10.38,0.2179,0.4159,0.3709,7.47,0.79,0,1
CAFE-009878,68.0,1,2,6.03,0.3072,0.8806,0.3786,4.34,0.42,0,0
CAFE-009879,32.8,8,11,19.78,0.8032,0.3474,0.6834,14.24,2.62,0,1
CAFE-009880,43.8,1,2,7.76,0.3602,0.1601,0.2953,5.59,0.65,0,0
CAFE-009881,35.9,1,5,11.62,0.2538,0.6594,0.4887,8.37,0.89,0,0
CAFE-009882,34.0,1,3,10.33,0.2089,0.2017,0.5021,7.44,0.75,1,0
CAFE-009883,32.4,3,4,16.48,0.6007,0.7907,0.1999,11.87,1.85,0,0
CAFE-009884,3.4,2,7,22.56,0.9767,0.3157,0.3213,16.24,3.61,0,0
CAFE-009885,6.0,4,4,17.41,0.6742,0.2721,0.5492,12.54,2.25,0,1
CAFE-009886,31.5,1,2,15.43,0.3371,0.3755,0.1784,11.11,1.33,1,0
CAFE-009887,39.7,3,3,16.53,0.4459,0.3313,0.5493,11.9,1.56,0,0
CAFE-009888,19.2,3,7,24.17,0.8342,0.28,0.5065,17.4,3.4,1,0
CAFE-009889,66.5,0,3,8.7,0.3249,0.3701,0.0711,6.26,0.63,0,0
CAFE-009890,29.8,2,2,16.39,0.5985,0.3928,0.4621,11.8,1.85,0,0
CAFE-009891,5.1,5,5,13.89,0.6373,0.1794,0.4676,10.0,1.75,1,1
CAFE-009892,49.4,2,3,10.71,0.2233,0.6316,0.6346,7.71,0.73,0,0
CAFE-009893,16.7,1,2,8.34,0.2097,0.2329,0.7499,6.0,0.66,0,0
CAFE-009894,18.3,2,2,15.21,0.7142,0.2505,0.8478,10.95,1.96,1,0
CAFE-009895,24.6,3,2,16.11,0.5399,0.5389,0.5273,11.6,1.76,0,1
CAFE-009896,26.4,4,5,16.41,0.5328,0.6274,0.3358,11.82,1.77,1,0
CAFE-009897,2.1,3,1,9.58,0.52,0.7371,0.5165,6.9,1.1,0,0
CAFE-009898,6.1,1,1,14.33,0.5832,0.8547,0.5375,10.32,1.72,0,0
CAFE-009899,10.9,3,2,14.19,0.3776,0.1892,0.7272,10.22,1.39,0,0
CAFE-009900,40.0,4,1,13.45,0.4008,0.4102,0.2411,9.68,1.21,0,0
CAFE-009901,10.5,4,7,16.01,0.6403,0.6761,0.4622,11.53,1.99,1,1
CAFE-009902,35.3,2,7,19.13,0.7412,0.711,0.8349,13.77,2.4,1,1
CAFE-009903,20.1,0,0,8.84,0.0852,0.6944,0.2902,6.36,0.58,1,0
CAFE-009904,38.1,2,5,9.36,0.2186,0.8444,0.7361,6.74,0.68,0,0
CAFE-009905,8.8,7,8,15.45,0.6431,0.2502,0.923,11.12,1.93,0,0
CAFE-009906,19.2,5,4,15.18,0.4921,0.283,0.8302,10.93,1.61,1,0
CAFE-009907,21.2,2,1,9.69,0.2442,0.2891,0.2362,6.98,0.78,1,0
CAFE-009908,15.1,3,9,25.1,0.8245,0.0507,0.4596,18.07,3.54,0,1
CAFE-009909,48.2,0,4,10.83,0.1261,0.6662,0.3362,7.8,0.64,0,0
CAFE-009910,24.3,4,5,20.68,0.9226,0.3483,0.8716,14.89,3.05,0,0
CAFE-009911,38.8,0,3,9.47,0.0775,0.3647,0.5471,6.82,0.55,1,0
CAFE-009912,80.7,1,2,13.27,0.3711,0.5123,0.5345,9.55,0.96,0,0
CAFE-009913,51.4,3,2,12.02,0.4174,0.6162,0.616,8.65,1.05,0,0
CAFE-009914,9.7,3,10,17.44,0.8055,0.6458,0.5218,12.56,2.46,1,1
CAFE-009915,35.2,1,5,13.22,0.3863,0.2791,0.3076,9.52,1.19,1,0
CAFE-009916,54.1,1,0,13.62,0.0782,0.4327,0.1599,9.81,0.71,0,0
CAFE-009917,41.6,3,8,15.18,0.7125,0.5182,0.7708,10.93,1.83,0,0
CAFE-009918,52.7,1,4,14.46,0.5786,0.3277,0.6607,10.41,1.49,1,0
CAFE-009919,23.5,3,12,16.66,0.6052,0.8327,0.6331,12.0,1.93,0,0
CAFE-009920,13.3,1,4,15.45,0.3609,0.7466,0.2281,11.12,1.47,0,0
CAFE-009921,17.8,4,3,12.49,0.3405,0.6286,0.5605,8.99,1.14,0,0
CAFE-009922,8.1,7,6,15.7,0.6815,0.5922,0.3212,11.3,2.03,0,1
CAFE-009923,15.3,2,3,18.41,0.6328,0.3317,0.5498,13.26,2.24,0,1
CAFE-009924,11.0,5,6,15.26,0.6573,0.4323,0.1176,10.99,1.92,0,1
CAFE-009925,49.9,2,2,16.64,0.1709,0.7691,0.5164,11.98,1.05,1,0
CAFE-009926,94.0,5,2,15.56,0.4732,0.3335,0.5682,11.2,1.21,0,0
CAFE-009927,31.3,2,4,15.09,0.5925,0.4457,0.585,10.86,1.69,0,0
CAFE-009928,35.4,2,6,14.62,0.582,0.7801,0.6984,10.53,1.6,1,0
CAFE-009929,12.8,6,5,20.81,0.8059,0.5511,0.6224,14.98,2.91,0,0
CAFE-009930,1.4,3,0,10.96,0.1981,0.4268,0.2763,7.89,0.91,0,0
CAFE-009931,14.6,2,5,22.91,0.7958,0.5792,0.6316,16.5,3.17,0,0
CAFE-009932,11.8,7,8,19.91,0.8781,0.107,0.3155,14.34,2.94,1,0
CAFE-009933,53.2,3,6,13.61,0.6525,0.7694,0.4714,9.8,1.5,0,0
CAFE-009934,60.5,3,2,14.32,0.5129,0.8416,0.4073,10.31,1.34,1,0
CAFE-009935,19.0,0,4,14.75,0.6282,0.5826,0.263,10.62,1.77,1,1
CAFE-009936,42.2,2,3,17.24,0.6324,0.6715,0.5342,12.41,1.93,1,0
CAFE-009937,23.3,4,4,14.21,0.576,0.3733,0.4663,10.23,1.61,1,0
CAFE-009938,14.7,5,2,17.8,0.8087,0.4563,0.7958,12.82,2.48,0,1
CAFE-009939,6.5,4,0,13.4,0.4328,0.9138,0.7184,9.65,1.41,0,0
CAFE-009940,23.2,3,5,17.28,0.7307,0.5074,0.6333,12.44,2.22,0,1
CAFE-009941,14.0,6,8,21.1,0.7638,0.1663,0.4906,15.19,2.86,1,0
CAFE-009942,57.3,3,4,12.09,0.3373,0.9303,0.2726,8.7,0.93,0,0
CAFE-009943,20.9,2,5,18.96,0.738,0.5264,0.8379,13.65,2.47,1,0
CAFE-009944,33.5,1,3,14.99,0.4776,0.8728,0.4894,10.79,1.49,0,0
CAFE-009945,15.1,0,3,16.6,0.5301,0.5674,0.6086,11.95,1.85,0,0
CAFE-009946,43.5,2,2,12.06,0.3667,0.5456,0.6548,8.68,1.03,1,1
CAFE-009947,26.0,2,3,15.69,0.4547,0.6736,0.4311,11.3,1.57,0,0
CAFE-009948,21.6,1,5,10.03,0.339,0.709,0.101,7.22,0.9,0,0
CAFE-009949,20.0,1,5,17.39,0.9095,0.5768,0.5334,12.52,2.57,0,0
CAFE-009950,42.4,0,2,8.18,0.0293,0.3269,0.2676,5.89,0.42,0,0
CAFE-009951,7.6,2,9,14.97,0.5771,0.4666,0.1602,10.78,1.78,0,0
CAFE-009952,2.3,1,6,14.73,0.5382,0.7016,0.6239,10.61,1.72,0,0
CAFE-009953,59.1,3,6,16.13,0.9483,0.4416,0.7872,11.61,2.22,0,0
CAFE-009954,16.1,1,4,15.38,0.6508,0.0803,0.2173,11.07,1.9,0,0
CAFE-009955,10.3,1,1,11.92,0.1729,0.6446,0.5969,8.58,0.92,1,1
CAFE-009956,37.5,4,8,15.35,0.741,0.3948,0.5268,11.05,1.91,1,0
CAFE-009957,57.6,3,2,11.91,0.4109,0.7097,0.3269,8.58,1.0,0,0
CAFE-009958,36.5,0,6,14.62,0.2512,0.201,0.4305,10.53,1.11,0,0
CAFE-009959,13.5,1,2,6.77,0.0555,0.7378,0.5099,4.87,0.44,0,0
CAFE-009960,54.7,1,10,17.19,0.5833,0.47,0.842,12.38,1.76,0,1
CAFE-009961,37.3,3,2,18.51,0.749,0.3467,0.4877,13.33,2.32,0,0
CAFE-009962,27.2,3,10,16.95,0.8503,0.5028,0.7133,12.2,2.36,0,0
CAFE-009963,11.0,2,1,14.02,0.366,0.2537,0.5378,10.09,1.35,0,0
CAFE-009964,12.2,3,2,11.94,0.3515,0.8717,0.2784,8.6,1.13,0,0
CAFE-009965,21.8,0,2,10.0,0.2028,0.6106,0.4834,7.2,0.76,0,0
CAFE-009966,20.2,6,5,13.44,0.835,0.3286,0.7677,9.68,1.88,0,0
CAFE-009967,43.3,1,6,14.4,0.5566,0.3088,0.6976,10.37,1.5,0,0
CAFE-009968,6.2,1,4,11.13,0.2358,0.5879,0.2102,8.01,0.95,0,0
CAFE-009969,45.0,2,6,15.27,0.4593,0.3455,0.3472,10.99,1.43,0,0
CAFE-009970,34.6,0,4,9.72,0.2236,0.5002,0.3595,7.0,0.72,0,0
CAFE-009971,8.9,1,4,20.25,0.6542,0.5212,0.4758,14.58,2.56,0,0
CAFE-009972,32.0,3,4,12.31,0.4609,0.3516,0.6919,8.86,1.21,0,1
CAFE-009973,23.4,2,7,20.75,0.831,0.2571,0.5095,14.94,2.88,0,0
CAFE-009974,13.6,7,6,19.9,0.8526,0.5107,0.3636,14.33,2.87,1,1
CAFE-009975,43.2,2,5,11.4,0.4322,0.7628,0.345,8.21,1.05,0,0
CAFE-009976,51.8,0,4,11.84,0.4665,0.2215,0.4552,8.52,1.09,0,0
CAFE-009977,34.1,1,9,12.64,0.5793,0.2826,0.6643,9.1,1.39,0,1
CAFE-009978,13.3,3,3,15.72,0.5472,0.3508,0.1344,11.32,1.79,0,0
CAFE-009979,42.4,3,6,15.22,0.5791,0.3707,0.2452,10.96,1.62,0,0
CAFE-009980,4.1,4,5,14.98,0.5639,0.5473,0.579,10.79,1.78,1,0
CAFE-009981,46.5,2,3,11.89,0.278,0.5396,0.286,8.56,0.89,0,0
CAFE-009982,22.0,3,4,12.12,0.4859,0.7717,0.7312,8.73,1.27,0,0
CAFE-009983,0.6,2,10,19.21,0.8253,0.7577,0.3132,13.83,2.81,0,0
CAFE-009984,10.7,2,4,12.15,0.3149,0.2168,0.3819,8.75,1.11,1,0
CAFE-009985,14.1,4,11,14.03,0.7519,0.3607,0.6664,10.1,1.88,0,1
CAFE-009986,20.8,0,2,9.45,0.0945,0.7,0.4031,6.8,0.62,1,0
CAFE-009987,35.8,4,2,15.23,0.4362,0.5036,0.5306,10.97,1.44,0,0
CAFE-009988,38.8,4,3,9.06,0.304,0.5084,0.7228,6.52,0.73,0,0
CAFE-009989,58.6,1,1,11.52,0.0382,0.7052,0.4234,8.29,0.54,0,0
CAFE-009990,14.8,2,5,16.32,0.6717,0.6375,0.3155,11.75,2.05,0,0
CAFE-009991,16.3,3,6,17.1,0.6567,0.1794,0.6458,12.31,2.12,1,1
CAFE-009992,39.3,4,6,18.4,0.8071,0.3631,0.7938,13.25,2.4,1,1
CAFE-009993,6.8,1,2,16.43,0.4825,0.3807,0.1743,11.83,1.8,0,0
CAFE-009994,21.8,6,6,22.0,0.7347,0.4325,0.4454,15.84,2.85,1,0
CAFE-009995,51.2,2,1,17.89,0.6483,0.4108,0.6833,12.88,1.98,0,0
CAFE-009996,57.9,0,0,11.84,0.282,0.7006,0.668,8.52,0.84,0,0
CAFE-009997,9.9,5,2,16.78,0.8128,0.4033,0.492,12.08,2.38,1,1
CAFE-009998,7.6,5,5,17.59,0.8218,0.7773,0.4894,12.66,2.52,1,0
CAFE-009999,26.5,1,2,5.69,0.1565,0.7669,0.3053,4.1,0.4,0,0
CAFE-010000,63.2,0,0,6.51,0.0569,0.4195,0.438,4.69,0.31,0,0
