customer_id,days_since_last_purchase,orders_30d,app_sessions_30d,average_order_value,loyalty_score,price_sensitivity,offer_affinity,expected_order_margin,expected_coupon_cost,coupon_sent,purchased_7d
PILOT-000001,14.8,3,5,17.11,0.8155,0.6811,0.7932,12.32,2.4,1,0
PILOT-000002,39.3,7,3,18.26,0.6899,0.1712,0.726,13.15,2.17,0,0
PILOT-000003,35.2,6,5,12.36,0.3542,0.4637,0.4336,8.9,1.07,1,0
PILOT-000004,84.7,0,6,15.59,0.486,0.3198,0.5719,11.22,1.28,0,0
PILOT-000005,31.3,4,3,19.64,0.4763,0.631,0.5849,14.14,1.97,0,0
PILOT-000006,43.6,3,7,14.13,0.4819,0.7791,0.3793,10.17,1.36,1,0
PILOT-000007,25.5,1,4,18.58,0.7614,0.4557,0.8223,13.38,2.43,1,1
PILOT-000008,44.8,1,2,14.19,0.5303,0.9076,0.3621,10.22,1.43,1,0
PILOT-000009,30.2,3,2,7.89,0.2949,0.3473,0.3601,5.68,0.65,0,0
PILOT-000010,50.1,2,3,14.54,0.4538,0.344,0.6656,10.47,1.33,1,0
PILOT-000011,42.1,2,5,11.56,0.5765,0.4043,0.4587,8.32,1.23,1,0
PILOT-000012,58.3,2,2,9.77,0.271,0.3839,0.7716,7.03,0.68,0,0
PILOT-000013,30.5,4,4,12.09,0.4682,0.7341,0.5036,8.7,1.21,1,0
PILOT-000014,28.3,0,2,11.0,0.2523,0.3237,0.3322,7.92,0.87,0,0
PILOT-000015,28.1,5,12,17.76,0.6861,0.6985,0.4997,12.79,2.18,1,0
PILOT-000016,31.4,1,8,20.27,0.6854,0.334,0.8518,14.59,2.46,1,0
PILOT-000017,33.3,6,4,13.61,0.6582,0.4165,0.5541,9.8,1.6,1,0
PILOT-000018,25.6,0,1,20.39,0.6777,0.7311,0.5685,14.68,2.5,0,0
PILOT-000019,8.9,4,5,20.57,0.6968,0.1572,0.7341,14.81,2.68,0,0
PILOT-000020,48.9,2,3,11.28,0.3362,0.6861,0.4814,8.12,0.9,0,0
PILOT-000021,13.1,2,3,11.7,0.4339,0.301,0.6576,8.42,1.2,0,0
PILOT-000022,9.8,4,4,15.91,0.517,0.2237,0.6936,11.46,1.78,1,1
PILOT-000023,28.5,3,6,18.23,0.8302,0.8035,0.4247,13.13,2.49,0,0
PILOT-000024,56.2,2,3,16.55,0.3735,0.285,0.7965,11.92,1.34,1,1
PILOT-000025,10.4,2,2,12.05,0.3479,0.8029,0.4739,8.68,1.15,0,1
PILOT-000026,10.3,3,5,22.66,0.7565,0.516,0.2784,16.32,3.08,1,0
PILOT-000027,27.9,3,4,6.72,0.321,0.7582,0.1951,4.84,0.58,1,1
PILOT-000028,40.9,2,0,9.73,0.4233,0.6365,0.4559,7.01,0.89,1,0
PILOT-000029,4.1,1,5,14.63,0.4234,0.6008,0.5623,10.53,1.53,1,0
PILOT-000030,34.3,1,0,11.86,0.1392,0.3759,0.115,8.54,0.78,0,0
PILOT-000031,15.9,4,5,17.85,0.6445,0.5053,0.5552,12.85,2.19,0,0
PILOT-000032,18.3,4,4,15.06,0.6923,0.667,0.7247,10.84,1.91,0,0
PILOT-000033,39.1,3,10,13.92,0.4678,0.2431,0.6717,10.02,1.35,0,0
PILOT-000034,12.7,3,7,19.98,0.8884,0.3181,0.3724,14.39,2.96,1,0
PILOT-000035,10.2,5,5,17.28,0.6457,0.569,0.3796,12.44,2.16,1,0
PILOT-000036,37.0,2,5,19.25,0.5541,0.5183,0.7923,13.86,2.04,0,0
PILOT-000037,15.3,0,4,7.33,0.2192,0.3612,0.3377,5.28,0.59,1,0
PILOT-000038,33.3,2,1,11.96,0.3223,0.561,0.7799,8.61,1.01,0,0
PILOT-000039,8.9,1,2,12.74,0.586,0.5341,0.5988,9.17,1.52,0,0
PILOT-000040,31.3,2,1,15.52,0.6634,0.1822,0.7587,11.17,1.85,0,0
PILOT-000041,20.1,2,5,20.3,0.8092,0.3634,0.1495,14.62,2.79,0,1
PILOT-000042,42.9,1,1,9.08,0.255,0.6518,0.5557,6.54,0.67,1,0
PILOT-000043,44.3,2,3,17.81,0.5359,0.4686,0.4768,12.82,1.81,1,0
PILOT-000044,37.2,0,2,14.55,0.4231,0.4081,0.5616,10.48,1.35,1,0
PILOT-000045,62.4,1,4,12.41,0.4097,0.3149,0.2315,8.94,1.02,1,0
PILOT-000046,21.5,1,3,8.69,0.1938,0.5411,0.552,6.26,0.66,0,0
PILOT-000047,9.2,1,1,16.74,0.7628,0.5556,0.2744,12.05,2.29,1,0
PILOT-000048,4.5,3,10,15.58,0.73,0.4891,0.4492,11.22,2.11,1,1
PILOT-000049,31.4,4,5,14.73,0.6697,0.1728,0.4805,10.61,1.76,0,0
PILOT-000050,9.9,0,4,18.4,0.6893,0.2637,0.2176,13.25,2.38,0,0
PILOT-000051,7.8,5,6,19.09,0.852,0.5038,0.8584,13.74,2.79,1,0
PILOT-000052,15.4,2,6,13.64,0.5664,0.6387,0.6243,9.82,1.57,0,0
PILOT-000053,7.9,4,3,19.55,0.5551,0.3704,0.2482,14.08,2.28,1,1
PILOT-000054,43.0,7,5,11.93,0.6733,0.3421,0.731,8.59,1.38,1,1
PILOT-000055,22.4,3,2,16.63,0.7189,0.1718,0.5338,11.97,2.13,0,0
PILOT-000056,14.4,1,0,17.18,0.6546,0.3523,0.3087,12.37,2.14,0,0
PILOT-000057,3.3,8,13,15.78,0.7541,0.0912,0.8147,11.36,2.18,0,0
PILOT-000058,69.1,1,4,10.08,0.3039,0.2521,0.4516,7.26,0.7,1,0
PILOT-000059,29.3,2,5,17.94,0.7309,0.6884,0.3654,12.92,2.27,1,0
PILOT-000060,14.9,1,2,12.52,0.3351,0.5003,0.101,9.01,1.15,0,0
PILOT-000061,36.4,3,2,14.31,0.6426,0.5875,0.3488,10.3,1.65,0,1
PILOT-000062,20.5,2,2,12.13,0.2556,0.3143,0.5433,8.73,1.0,1,0
PILOT-000063,28.8,6,5,17.2,0.8294,0.5135,0.6693,12.38,2.35,0,1
PILOT-000064,25.0,2,4,15.75,0.5387,0.5417,0.6007,11.34,1.71,0,0
PILOT-000065,45.0,1,9,14.85,0.7204,0.257,0.6076,10.69,1.78,0,0
PILOT-000066,27.0,1,2,9.78,0.3433,0.1779,0.5206,7.04,0.87,0,0
PILOT-000067,46.5,6,3,18.33,0.6528,0.7082,0.4223,13.2,2.06,1,0
PILOT-000068,2.4,1,12,16.22,0.7589,0.5587,0.7746,11.68,2.26,1,1
PILOT-000069,15.5,0,4,14.3,0.2645,0.5841,0.3773,10.3,1.21,0,1
PILOT-000070,17.6,2,2,23.01,0.6723,0.3825,0.4417,16.57,2.87,1,0
PILOT-000071,5.0,2,3,16.4,0.2811,0.4951,0.3337,11.81,1.48,0,0
PILOT-000072,14.2,1,2,14.97,0.6948,0.4959,0.4238,10.78,1.92,1,0
PILOT-000073,22.6,2,1,7.2,0.1383,0.5084,0.6988,5.18,0.5,0,0
PILOT-000074,34.8,1,8,15.81,0.6698,0.1747,0.7828,11.38,1.87,0,0
PILOT-000075,95.6,3,4,12.26,0.4812,0.4145,0.7108,8.83,0.95,1,0
PILOT-000076,31.7,0,1,9.21,0.1571,0.2036,0.7119,6.63,0.63,0,0
PILOT-000077,10.8,6,9,14.86,0.6986,0.6496,0.5778,10.7,1.93,0,0
PILOT-000078,3.0,8,8,18.87,0.6831,0.3181,0.359,13.59,2.48,0,1
PILOT-000079,27.1,0,3,14.97,0.642,0.6521,0.3931,10.78,1.77,1,0
PILOT-000080,23.7,4,9,16.47,0.6744,0.4289,0.7119,11.86,2.02,0,0
PILOT-000081,26.4,3,9,17.43,0.7424,0.3761,0.3316,12.55,2.24,0,0
PILOT-000082,21.0,6,10,21.87,0.7924,0.1519,0.6435,15.75,2.97,0,0
PILOT-000083,7.3,2,3,14.54,0.6431,0.3607,0.3905,10.47,1.83,1,1
PILOT-000084,14.1,0,5,15.03,0.4155,0.4779,0.6563,10.82,1.51,0,0
PILOT-000085,29.8,2,3,9.12,0.3608,0.7611,0.3972,6.57,0.81,1,1
PILOT-000086,64.3,0,0,15.7,0.1899,0.2742,0.4676,11.3,0.94,1,0
PILOT-000087,29.6,5,7,14.36,0.4786,0.7849,0.7506,10.34,1.45,1,0
PILOT-000088,47.7,6,8,13.04,0.6654,0.5856,0.3997,9.39,1.48,1,0
PILOT-000089,11.0,4,13,19.67,0.967,0.5917,0.4441,14.16,3.08,1,1
PILOT-000090,32.1,0,2,5.96,0.1312,0.8341,0.3001,4.29,0.39,1,0
PILOT-000091,12.9,3,8,23.55,0.8476,0.4738,0.4194,16.96,3.39,1,1
PILOT-000092,10.2,0,2,12.87,0.2746,0.4449,0.3867,9.27,1.13,0,0
PILOT-000093,11.4,3,2,8.84,0.2343,0.5652,0.4999,6.36,0.74,0,1
PILOT-000094,25.7,3,7,19.58,0.7342,0.7231,0.4331,14.1,2.51,1,0
PILOT-000095,40.2,0,9,13.86,0.3868,0.6015,0.7322,9.98,1.22,1,1
PILOT-000096,60.8,3,9,19.5,0.7094,0.2599,0.3156,14.04,2.2,0,0
PILOT-000097,12.9,3,6,15.83,0.3768,0.1732,0.6589,11.4,1.54,0,0
PILOT-000098,10.7,0,4,6.12,0.0878,0.5181,0.6454,4.41,0.42,0,0
PILOT-000099,39.0,1,6,12.84,0.3176,0.3317,0.8256,9.24,1.05,0,0
PILOT-000100,2.4,4,8,20.9,0.9322,0.2506,0.6184,15.05,3.27,0,0
PILOT-000101,6.7,3,6,15.76,0.6808,0.1327,0.8642,11.35,2.04,0,1
PILOT-000102,24.4,0,11,20.39,0.8537,0.3062,0.2788,14.68,2.87,0,0
PILOT-000103,17.4,1,2,14.24,0.2957,0.4288,0.5226,10.25,1.24,0,0
PILOT-000104,6.9,1,5,24.0,0.7525,0.1998,0.434,17.28,3.28,0,0
PILOT-000105,20.3,2,3,8.25,0.1723,0.8474,0.4762,5.94,0.61,1,0
PILOT-000106,68.8,3,6,15.31,0.6423,0.3791,0.8273,11.02,1.58,1,0
PILOT-000107,13.8,6,6,20.34,0.7442,0.5196,0.5397,14.64,2.71,0,1
PILOT-000108,24.0,1,4,15.53,0.596,0.6883,0.7155,11.18,1.79,1,1
PILOT-000109,26.5,3,4,9.38,0.4186,0.4775,0.5833,6.75,0.9,1,0
PILOT-000110,12.9,1,6,17.12,0.8617,0.7756,0.8046,12.33,2.49,1,0
PILOT-000111,16.7,4,6,13.6,0.6849,0.2525,0.3807,9.79,1.72,0,0
PILOT-000112,46.3,1,1,10.14,0.1426,0.6759,0.6119,7.3,0.62,0,0
PILOT-000113,12.1,3,9,18.65,0.8831,0.2035,0.2563,13.43,2.76,0,0
PILOT-000114,34.7,0,3,12.91,0.3928,0.6426,0.1612,9.3,1.17,0,0
PILOT-000115,8.3,5,5,17.81,0.7026,0.574,0.7989,12.82,2.34,1,0
PILOT-000116,40.0,4,5,19.44,0.8107,0.4138,0.3535,14.0,2.54,1,0
PILOT-000117,23.1,3,4,10.62,0.2284,0.2039,0.3252,7.65,0.83,1,1
PILOT-000118,12.6,1,2,13.03,0.36,0.6066,0.0904,9.38,1.24,1,0
PILOT-000119,16.3,3,6,19.25,0.8277,0.3829,0.5866,13.86,2.71,1,1
PILOT-000120,2.1,4,6,22.52,0.6669,0.3485,0.5889,16.21,2.93,0,0
PILOT-000121,3.6,3,3,13.72,0.6443,0.4699,0.5066,9.88,1.74,1,1
PILOT-000122,12.0,1,3,17.06,0.6396,0.1924,0.4717,12.28,2.11,1,0
PILOT-000123,32.2,2,9,17.36,0.801,0.4487,0.7069,12.5,2.3,1,0
PILOT-000124,27.2,4,10,15.95,0.659,0.3814,0.277,11.48,1.92,1,1
PILOT-000125,27.6,1,8,16.84,0.8428,0.4339,0.5566,12.12,2.33,0,1
PILOT-000126,48.2,1,7,19.7,0.7734,0.292,0.8267,14.18,2.44,0,0
PILOT-000127,8.2,1,5,10.63,0.3258,0.7622,0.5543,7.65,1.0,1,1
PILOT-000128,42.9,0,3,17.45,0.5067,0.7298,0.6117,12.56,1.73,0,0
PILOT-000129,30.3,2,6,18.68,0.6183,0.5279,0.2154,13.45,2.15,0,1
PILOT-000130,34.0,1,3,15.83,0.7127,0.688,0.6598,11.4,1.95,0,0
PILOT-000131,22.7,2,8,19.72,0.6437,0.5365,0.7724,14.2,2.37,1,1
PILOT-000132,3.5,1,5,16.02,0.6446,0.3333,0.8193,11.53,2.04,0,0
PILOT-000133,27.8,0,4,13.63,0.4165,0.616,0.5479,9.81,1.3,1,1
PILOT-000134,92.6,1,7,17.85,0.6839,0.4466,0.6869,12.85,1.77,0,0
PILOT-000135,16.7,1,4,13.98,0.383,0.4816,0.8191,10.07,1.35,1,0
PILOT-000136,31.0,2,9,16.76,0.5975,0.575,0.6114,12.07,1.89,0,1
PILOT-000137,31.1,2,6,16.13,0.4867,0.5231,0.516,11.61,1.64,0,0
PILOT-000138,11.6,3,3,10.01,0.1514,0.5591,0.367,7.21,0.75,0,1
PILOT-000139,79.5,0,4,12.69,0.4023,0.7349,0.5538,9.14,0.96,1,0
PILOT-000140,28.4,2,10,17.47,0.5729,0.6686,0.3706,12.58,1.94,1,0
PILOT-000141,12.7,6,4,9.23,0.3585,0.7438,0.3724,6.65,0.88,1,1
PILOT-000142,37.2,3,3,11.57,0.3918,0.3211,0.2992,8.33,1.04,1,0
PILOT-000143,20.3,4,10,18.73,0.5948,0.3559,0.6239,13.49,2.18,1,0
PILOT-000144,6.7,6,13,13.15,0.6321,0.3284,0.2451,9.47,1.64,1,1
PILOT-000145,17.3,6,9,19.56,0.6606,0.7076,0.5892,14.08,2.42,1,0
PILOT-000146,13.0,1,1,11.8,0.3985,0.4101,0.1861,8.5,1.17,0,0
PILOT-000147,41.9,4,5,14.84,0.4547,0.5246,0.1189,10.68,1.4,1,0
PILOT-000148,19.3,2,8,19.07,0.7227,0.1418,0.5736,13.73,2.47,1,1
PILOT-000149,15.2,1,5,8.03,0.3524,0.7664,0.6424,5.78,0.75,0,0
PILOT-000150,3.3,2,6,20.05,0.8203,0.2282,0.7597,14.44,2.9,1,0
PILOT-000151,34.9,4,5,17.75,0.7598,0.2759,0.8679,12.78,2.26,0,0
PILOT-000152,25.4,2,6,18.94,0.7345,0.3045,0.3957,13.64,2.43,0,1
PILOT-000153,32.4,2,4,14.99,0.5517,0.2038,0.5817,10.79,1.61,1,0
PILOT-000154,16.4,0,5,10.9,0.4807,0.6831,0.2525,7.85,1.16,0,0
PILOT-000155,11.0,2,8,21.08,0.8309,0.0811,0.4659,15.18,3.02,1,0
PILOT-000156,45.4,1,8,11.58,0.4545,0.6704,0.4761,8.34,1.08,0,0
PILOT-000157,28.2,5,9,21.67,0.9048,0.2537,0.3049,15.6,3.13,0,0
PILOT-000158,19.1,6,4,19.22,0.5629,0.453,0.731,13.84,2.18,0,0
PILOT-000159,12.9,1,3,12.61,0.2423,0.4495,0.3245,9.08,1.05,0,0
PILOT-000160,32.2,6,6,10.84,0.5694,0.4867,0.3986,7.8,1.19,0,0
PILOT-000161,4.2,2,4,17.25,0.6709,0.2718,0.5422,12.42,2.24,1,0
PILOT-000162,14.8,1,5,11.34,0.3595,0.5576,0.4385,8.16,1.07,0,0
PILOT-000163,7.4,4,3,19.44,0.722,0.4842,0.6085,14.0,2.6,1,0
PILOT-000164,15.6,5,1,15.5,0.4008,0.8202,0.3615,11.16,1.53,1,0
PILOT-000165,23.3,4,1,14.48,0.2888,0.16,0.7591,10.43,1.22,0,0
PILOT-000166,21.0,2,7,13.14,0.4774,0.5898,0.2982,9.46,1.37,0,1
PILOT-000167,6.0,5,6,18.88,0.873,0.204,0.4628,13.59,2.82,1,1
PILOT-000168,8.7,1,3,9.55,0.3688,0.5969,0.4398,6.88,0.93,0,0
PILOT-000169,8.1,3,4,14.04,0.6096,0.1545,0.4354,10.11,1.71,0,1
PILOT-000170,53.2,0,2,10.08,0.1772,0.8386,0.4378,7.26,0.63,1,0
PILOT-000171,22.9,3,6,15.11,0.7963,0.4984,0.7522,10.88,2.05,0,0
PILOT-000172,56.5,2,2,14.47,0.4085,0.4085,0.6045,10.42,1.22,1,0
PILOT-000173,40.0,0,5,16.87,0.7158,0.4128,0.6382,12.15,2.04,1,0
PILOT-000174,12.8,3,4,16.91,0.5992,0.2253,0.6324,12.18,2.02,0,0
PILOT-000175,11.7,2,5,11.68,0.4121,0.5319,0.7234,8.41,1.18,1,0
PILOT-000176,25.0,0,5,20.64,0.5831,0.4765,0.4312,14.86,2.34,0,0
PILOT-000177,52.8,1,6,9.95,0.4321,0.3741,0.8183,7.16,0.88,1,0
PILOT-000178,12.2,4,5,19.67,0.9168,0.5106,0.6295,14.16,2.98,1,0
PILOT-000179,12.1,4,5,12.94,0.516,0.3556,0.1486,9.32,1.44,1,1
PILOT-000180,19.1,0,4,12.77,0.1994,0.4973,0.3536,9.19,0.98,1,0
PILOT-000181,4.2,1,4,17.2,0.7378,0.6968,0.7343,12.38,2.34,1,0
PILOT-000182,10.7,1,5,12.28,0.1755,0.6903,0.2579,8.84,0.95,1,1
PILOT-000183,19.6,8,9,17.28,0.8276,0.5501,0.6832,12.44,2.41,0,0
PILOT-000184,16.9,2,3,8.84,0.158,0.2776,0.6981,6.36,0.65,0,1
PILOT-000185,17.5,2,2,10.44,0.444,0.517,0.7549,7.52,1.07,1,0
PILOT-000186,12.8,1,5,17.1,0.6021,0.6504,0.7935,12.31,2.05,0,1
PILOT-000187,22.0,2,3,11.48,0.2366,0.564,0.3604,8.27,0.92,0,0
PILOT-000188,17.7,3,6,18.7,0.5384,0.3839,0.8153,13.46,2.08,1,1
PILOT-000189,30.9,4,7,17.52,0.4873,0.4513,0.6969,12.61,1.78,1,0
PILOT-000190,32.1,6,7,19.38,0.8936,0.6313,0.3221,13.95,2.75,0,0
PILOT-000191,36.9,2,5,17.32,0.7177,0.5769,0.229,12.47,2.12,1,1
PILOT-000192,61.3,5,7,16.7,0.7523,0.4057,0.2084,12.02,1.96,1,0
PILOT-000193,22.9,6,6,18.78,0.9482,0.092,0.7911,13.52,2.83,0,0
PILOT-000194,26.0,1,5,12.82,0.2736,0.713,0.6974,9.23,1.05,0,0
PILOT-000195,45.1,5,1,15.05,0.5131,0.3236,0.7588,10.84,1.49,0,0
PILOT-000196,15.1,1,5,15.05,0.1698,0.3345,0.48,10.84,1.14,0,0
PILOT-000197,50.7,2,4,14.75,0.6732,0.7505,0.7669,10.62,1.67,0,0
PILOT-000198,29.1,2,4,14.62,0.6139,0.3149,0.6001,10.53,1.68,0,1
PILOT-000199,4.2,2,8,14.26,0.8105,0.6711,0.4459,10.27,2.05,1,0
PILOT-000200,31.8,3,3,10.46,0.3472,0.2192,0.5523,7.53,0.91,1,1
PILOT-000201,23.8,1,7,18.95,0.4662,0.4684,0.374,13.64,1.93,1,0
PILOT-000202,47.9,4,6,12.95,0.6461,0.297,0.1983,9.32,1.44,1,1
PILOT-000203,26.9,0,3,11.23,0.4566,0.6625,0.2424,8.09,1.12,0,0
PILOT-000204,21.2,5,1,16.06,0.7641,0.2522,0.8355,11.56,2.13,1,0
PILOT-000205,5.8,4,5,14.46,0.6816,0.4657,0.7068,10.41,1.88,1,1
PILOT-000206,32.0,6,7,16.86,0.6748,0.6139,0.5339,12.14,2.02,1,1
PILOT-000207,13.2,1,5,18.84,0.6818,0.4112,0.8735,13.56,2.4,0,1
PILOT-000208,67.7,5,6,15.05,0.65,0.5337,0.5055,10.84,1.57,0,1
PILOT-000209,4.8,5,2,17.57,0.5216,0.3543,0.6022,12.65,2.01,1,1
PILOT-000210,76.5,0,3,9.33,0.313,0.4731,0.1715,6.72,0.63,1,0
PILOT-000211,6.6,5,6,16.57,0.6831,0.6049,0.5601,11.93,2.15,0,0
PILOT-000212,31.6,0,1,7.81,0.1128,0.3949,0.5052,5.62,0.5,1,1
PILOT-000213,35.6,3,7,15.7,0.5376,0.5094,0.1266,11.3,1.65,0,1
PILOT-000214,58.3,2,4,15.06,0.5353,0.6775,0.4328,10.84,1.45,1,0
PILOT-000215,31.7,4,8,10.83,0.4208,0.3066,0.2499,7.8,1.03,1,1
PILOT-000216,1.7,1,6,19.11,0.8413,0.375,0.7917,13.76,2.82,1,1
PILOT-000217,35.2,3,3,13.96,0.2149,0.1961,0.7907,10.05,1.02,0,0
PILOT-000218,15.8,2,4,13.26,0.4701,0.3556,0.2684,9.55,1.4,1,0
PILOT-000219,34.0,0,5,12.55,0.403,0.5646,0.7883,9.04,1.16,0,0
PILOT-000220,12.0,5,4,20.62,0.8751,0.6356,0.3815,14.85,3.04,1,1
PILOT-000221,11.0,2,5,8.87,0.2965,0.6441,0.4355,6.39,0.8,0,0
PILOT-000222,20.8,3,6,15.96,0.6787,0.1747,0.8964,11.49,1.99,1,0
PILOT-000223,11.5,2,4,9.26,0.1872,0.4932,0.0683,6.67,0.73,0,0
PILOT-000224,29.6,1,8,13.15,0.6944,0.7982,0.1268,9.47,1.61,0,0
PILOT-000225,38.8,5,8,16.55,0.7916,0.5097,0.3887,11.92,2.14,0,0
PILOT-000226,12.0,11,6,21.28,0.8369,0.4036,0.4033,15.32,3.05,0,0
PILOT-000227,15.6,2,0,12.91,0.4606,0.8421,0.6785,9.3,1.35,1,0
PILOT-000228,52.9,1,3,9.44,0.1006,0.5301,0.5684,6.8,0.52,0,0
PILOT-000229,20.5,0,4,8.46,0.1193,0.855,0.6045,6.09,0.58,0,0
PILOT-000230,15.4,1,8,18.44,0.787,0.5809,0.6193,13.28,2.53,0,1
PILOT-000231,19.8,3,4,19.43,0.622,0.3624,0.8527,13.99,2.31,1,0
PILOT-000232,3.3,2,2,20.75,0.5511,0.4873,0.6241,14.94,2.45,1,1
PILOT-000233,20.0,3,6,15.79,0.6309,0.6521,0.561,11.37,1.89,1,1
PILOT-000234,29.8,1,4,13.93,0.5609,0.1586,0.6262,10.03,1.52,1,0
PILOT-000235,93.3,1,1,11.54,0.1358,0.3713,0.8164,8.31,0.51,1,0
PILOT-000236,11.7,1,8,11.63,0.4925,0.3756,0.2331,8.37,1.27,0,0
PILOT-000237,9.2,1,6,15.73,0.6285,0.6317,0.7989,11.33,1.94,0,0
PILOT-000238,32.5,4,8,15.49,0.5835,0.6506,0.6064,11.15,1.71,1,0
PILOT-000239,21.5,1,0,6.3,0.1044,0.4776,0.533,4.54,0.42,1,0
PILOT-000240,10.4,2,5,15.8,0.3842,0.4885,0.5569,11.38,1.56,0,0
PILOT-000241,32.9,1,5,18.34,0.5159,0.1764,0.7521,13.2,1.9,1,0
PILOT-000242,20.3,1,2,5.64,0.1154,0.3711,0.6863,4.06,0.38,0,1
PILOT-000243,11.1,1,3,16.93,0.4754,0.5168,0.3885,12.19,1.82,1,0
PILOT-000244,46.0,0,1,5.15,0.0769,0.4785,0.5355,3.71,0.28,1,0
PILOT-000245,28.7,2,6,18.18,0.6589,0.7603,0.6057,13.09,2.17,0,0
PILOT-000246,9.1,3,3,16.59,0.7269,0.3872,0.4767,11.94,2.21,1,1
PILOT-000247,31.6,1,5,14.44,0.6311,0.6161,0.6708,10.4,1.67,1,0
PILOT-000248,56.0,2,8,20.05,0.8519,0.611,0.7451,14.44,2.59,1,0
PILOT-000249,20.0,2,7,18.64,0.757,0.3656,0.4126,13.42,2.47,1,0
PILOT-000250,105.4,0,2,10.78,0.2134,0.4938,0.629,7.76,0.51,0,0
PILOT-000251,42.6,3,2,13.6,0.4986,0.7294,0.8434,9.79,1.34,1,0
PILOT-000252,5.2,2,3,15.66,0.5226,0.5752,0.6344,11.28,1.79,0,0
PILOT-000253,3.8,3,9,18.33,0.8151,0.5601,0.1849,13.2,2.64,0,0
PILOT-000254,10.1,1,1,9.93,0.3024,0.3381,0.532,7.15,0.9,0,0
PILOT-000255,14.3,2,2,10.52,0.4549,0.3602,0.5921,7.57,1.1,1,0
PILOT-000256,16.3,7,5,19.77,0.8494,0.3324,0.8336,14.23,2.83,0,1
PILOT-000257,7.7,5,10,16.15,0.8224,0.6598,0.8991,11.63,2.32,0,1
PILOT-000258,16.8,1,6,15.99,0.4435,0.3926,0.7838,11.51,1.64,1,0
PILOT-000259,13.9,4,2,18.97,0.8069,0.2365,0.38,13.66,2.65,0,0
PILOT-000260,16.4,4,6,16.45,0.5803,0.5189,0.7116,11.84,1.91,1,0
PILOT-000261,8.5,2,1,11.92,0.2294,0.4948,0.3533,8.58,1.0,1,1
PILOT-000262,23.7,0,3,14.05,0.3178,0.249,0.4493,10.12,1.23,0,0
PILOT-000263,47.3,0,5,11.31,0.3039,0.4675,0.4642,8.14,0.87,1,0
PILOT-000264,68.1,2,4,16.8,0.2316,0.6671,0.5737,12.1,1.05,1,1
PILOT-000265,49.2,3,6,13.55,0.4418,0.6263,0.404,9.76,1.23,0,0
PILOT-000266,8.7,1,2,8.32,0.1503,0.656,0.6271,5.99,0.63,1,1
PILOT-000267,88.0,4,2,13.77,0.3911,0.5346,0.37,9.91,0.98,1,0
PILOT-000268,35.3,1,7,18.95,0.5893,0.407,0.4159,13.64,2.09,0,0
PILOT-000269,89.3,2,2,13.87,0.4666,0.3377,0.5816,9.99,1.09,1,0
PILOT-000270,29.4,0,5,21.35,0.596,0.5996,0.879,15.37,2.41,1,0
PILOT-000271,18.1,3,3,14.65,0.383,0.4151,0.534,10.55,1.4,1,1
PILOT-000272,30.9,3,11,13.53,0.6647,0.2883,0.4584,9.74,1.61,0,0
PILOT-000273,19.7,2,6,19.73,0.7257,0.4303,0.4117,14.21,2.55,1,0
PILOT-000274,11.8,2,1,10.36,0.2225,0.4301,0.7497,7.46,0.85,0,0
PILOT-000275,35.6,1,5,19.02,0.6907,0.6175,0.6907,13.69,2.29,1,1
PILOT-000276,39.3,1,5,17.23,0.4773,0.6217,0.3013,12.41,1.68,0,0
PILOT-000277,14.0,2,7,16.22,0.4502,0.3867,0.6334,11.68,1.69,1,0
PILOT-000278,1.5,4,5,14.37,0.3905,0.6298,0.6536,10.35,1.47,1,1
PILOT-000279,88.5,1,1,7.87,0.2871,0.5239,0.1872,5.67,0.48,1,0
PILOT-000280,33.7,5,7,18.4,0.6586,0.7007,0.6638,13.25,2.17,0,0
PILOT-000281,55.4,5,9,22.86,0.8447,0.6851,0.8105,16.46,2.94,1,1
PILOT-000282,61.9,3,1,8.76,0.1857,0.3281,0.2653,6.31,0.53,1,0
PILOT-000283,2.6,1,7,19.04,0.547,0.2036,0.6601,13.71,2.24,1,0
PILOT-000284,37.4,4,3,10.07,0.3803,0.343,0.6434,7.25,0.89,1,1
PILOT-000285,28.2,1,8,15.04,0.6645,0.4607,0.7173,10.83,1.81,0,1
PILOT-000286,26.8,3,4,15.18,0.547,0.5127,0.6842,10.93,1.66,0,0
PILOT-000287,11.7,2,4,14.87,0.5883,0.549,0.5082,10.71,1.76,1,1
PILOT-000288,3.5,2,2,12.95,0.5343,0.4757,0.7012,9.32,1.5,1,0
PILOT-000289,4.5,2,5,10.56,0.5556,0.4366,0.4795,7.6,1.25,0,0
PILOT-000290,15.8,2,2,17.31,0.5913,0.5055,0.4244,12.46,2.03,0,0
PILOT-000291,43.8,5,4,16.54,0.8284,0.3074,0.7613,11.91,2.17,0,0
PILOT-000292,5.1,0,6,17.66,0.6208,0.5288,0.6943,12.72,2.19,1,1
PILOT-000293,17.6,4,9,17.16,0.5109,0.3613,0.4093,12.36,1.87,0,0
PILOT-000294,31.1,3,3,16.19,0.8023,0.4324,0.7315,11.66,2.15,1,0
PILOT-000295,36.1,2,2,11.3,0.2489,0.4436,0.6261,8.14,0.86,0,0
PILOT-000296,58.4,1,8,18.17,0.62,0.4541,0.4344,13.08,1.91,1,0
PILOT-000297,7.8,2,8,18.88,0.7244,0.7058,0.2129,13.59,2.52,1,0
PILOT-000298,46.6,1,0,9.94,0.2058,0.4441,0.7173,7.16,0.67,1,0
PILOT-000299,32.5,1,5,15.49,0.619,0.3876,0.6813,11.15,1.77,0,0
PILOT-000300,23.1,1,7,18.02,0.5034,0.61,0.3378,12.97,1.91,0,1
PILOT-000301,16.7,2,4,12.08,0.3619,0.5499,0.6586,8.7,1.14,0,0
PILOT-000302,87.6,0,2,6.12,0.2178,0.7701,0.0737,4.41,0.33,1,0
PILOT-000303,40.6,3,4,15.5,0.3804,0.2579,0.3259,11.16,1.36,0,0
PILOT-000304,14.3,5,10,22.79,0.9821,0.2296,0.5895,16.41,3.58,1,0
PILOT-000305,20.8,2,7,17.37,0.8383,0.1825,0.805,12.51,2.44,1,0
PILOT-000306,29.6,2,3,15.04,0.3589,0.2682,0.79,10.83,1.34,1,1
PILOT-000307,8.5,1,5,22.18,0.6688,0.3994,0.4019,15.97,2.84,1,0
PILOT-000308,26.5,1,7,16.53,0.5116,0.3956,0.4187,11.9,1.75,0,0
PILOT-000309,4.6,2,3,18.72,0.6616,0.5245,0.3051,13.48,2.41,1,1
PILOT-000310,13.0,4,6,20.14,0.7543,0.3573,0.5975,14.5,2.71,0,0
PILOT-000311,19.3,2,4,20.89,0.7226,0.4295,0.5092,15.04,2.7,1,1
PILOT-000312,25.3,0,7,15.31,0.5921,0.6056,0.431,11.02,1.75,1,0
PILOT-000313,9.3,2,1,14.67,0.4732,0.9006,0.6147,10.56,1.58,0,0
PILOT-000314,14.7,3,4,17.84,0.7102,0.303,0.1245,12.84,2.31,0,1
PILOT-000315,6.3,2,9,14.68,0.7102,0.6547,0.4661,10.57,1.95,0,1
PILOT-000316,11.9,1,4,10.33,0.327,0.7926,0.3804,7.44,0.95,0,0
PILOT-000317,38.6,3,6,13.98,0.746,0.5338,0.3672,10.07,1.74,0,0
PILOT-000318,16.9,5,1,20.57,0.5668,0.3917,0.7206,14.81,2.36,0,1
PILOT-000319,3.8,2,3,19.38,0.6839,0.5479,0.6983,13.95,2.54,1,0
PILOT-000320,48.1,1,4,9.59,0.1579,0.2782,0.7359,6.9,0.6,0,0
PILOT-000321,17.3,5,12,18.45,0.6793,0.7681,0.5483,13.28,2.32,1,0
PILOT-000322,23.6,4,4,15.06,0.6834,0.4261,0.8785,10.84,1.87,0,0
PILOT-000323,12.1,4,6,18.74,0.7487,0.3663,0.614,13.49,2.52,1,0
PILOT-000324,14.6,1,2,6.7,0.1859,0.7014,0.6907,4.82,0.52,0,0
PILOT-000325,2.4,2,2,15.64,0.7653,0.4055,0.5965,11.26,2.18,0,1
PILOT-000326,20.3,2,7,13.02,0.5243,0.431,0.5667,9.37,1.42,0,0
PILOT-000327,58.7,0,1,14.68,0.4745,0.3485,0.4128,10.57,1.33,0,0
PILOT-000328,44.2,2,5,14.38,0.6292,0.0969,0.4079,10.35,1.6,1,0
PILOT-000329,62.2,3,6,13.26,0.63,0.4504,0.5288,9.55,1.39,0,0
PILOT-000330,26.0,4,1,9.0,0.2579,0.3687,0.4065,6.48,0.72,1,0
PILOT-000331,53.3,0,2,9.6,0.2985,0.1527,0.5449,6.91,0.72,0,0
PILOT-000332,15.0,1,6,16.1,0.4742,0.2655,0.7137,11.59,1.71,0,0
PILOT-000333,15.9,7,4,17.98,0.9466,0.4125,0.695,12.95,2.75,1,1
PILOT-000334,45.3,0,0,7.17,0.1162,0.6655,0.4696,5.16,0.43,0,0
PILOT-000335,25.8,2,2,14.1,0.371,0.6191,0.4754,10.15,1.29,1,0
PILOT-000336,15.7,4,7,16.14,0.714,0.7801,0.3799,11.62,2.09,0,0
PILOT-000337,41.7,0,3,6.64,0.0464,0.724,0.1867,4.78,0.36,1,0
PILOT-000338,28.8,2,1,17.98,0.6678,0.5257,0.631,12.95,2.17,1,0
PILOT-000339,37.5,3,5,10.36,0.5487,0.6662,0.6949,7.46,1.09,0,1
PILOT-000340,2.1,3,2,15.99,0.4132,0.7223,0.2805,11.51,1.67,0,0
PILOT-000341,24.2,1,4,17.79,0.7042,0.4394,0.5201,12.81,2.24,1,0
PILOT-000342,64.4,3,4,13.2,0.388,0.551,0.4432,9.5,1.05,1,0
PILOT-000343,14.1,2,3,11.08,0.3861,0.464,0.5684,7.98,1.08,0,0
PILOT-000344,6.4,4,6,14.45,0.5862,0.2145,0.689,10.4,1.74,0,1
PILOT-000345,16.6,3,4,12.76,0.661,0.6031,0.8302,9.19,1.58,1,1
PILOT-000346,37.5,3,6,13.49,0.5495,0.2654,0.5256,9.71,1.42,0,0
PILOT-000347,14.6,3,7,17.57,0.7408,0.2542,0.5626,12.65,2.33,1,0
PILOT-000348,10.6,2,8,16.35,0.3321,0.4465,0.2957,11.77,1.53,1,0
PILOT-000349,39.9,2,8,15.08,0.6274,0.2544,0.3992,10.86,1.69,1,0
PILOT-000350,29.7,7,3,15.05,0.4213,0.6753,0.4299,10.84,1.44,0,1
PILOT-000351,59.2,1,5,13.5,0.3308,0.2735,0.5382,9.72,1.02,1,1
PILOT-000352,119.8,0,2,5.83,0.2644,0.7091,0.7589,4.2,0.28,0,0
PILOT-000353,14.2,2,5,19.24,0.7384,0.6845,0.5327,13.85,2.55,1,0
PILOT-000354,51.6,4,6,15.09,0.5102,0.3104,0.3064,10.86,1.46,0,0
PILOT-000355,24.9,1,2,12.98,0.1855,0.4479,0.5332,9.35,0.96,0,0
PILOT-000356,39.5,3,8,19.07,0.7596,0.1562,0.4037,13.73,2.4,0,1
PILOT-000357,73.8,3,2,16.75,0.6408,0.545,0.3325,12.06,1.7,1,0
PILOT-000358,11.0,3,5,18.8,0.9124,0.7463,0.7608,13.54,2.84,0,0
PILOT-000359,22.8,3,6,17.11,0.6814,0.4832,0.4804,12.32,2.12,0,0
PILOT-000360,22.7,2,2,13.03,0.2776,0.3591,0.6961,9.38,1.09,1,0
PILOT-000361,12.5,3,9,19.01,0.6155,0.3262,0.6111,13.69,2.3,1,0
PILOT-000362,25.3,2,4,16.04,0.6319,0.7993,0.7854,11.55,1.89,0,0
PILOT-000363,17.1,1,3,16.04,0.4984,0.3525,0.1407,11.55,1.73,0,0
PILOT-000364,7.5,4,2,12.8,0.3742,0.811,0.5131,9.22,1.26,0,0
PILOT-000365,9.8,4,5,13.68,0.6431,0.3895,0.7504,9.85,1.71,0,0
PILOT-000366,40.5,3,8,15.94,0.7436,0.5177,0.5381,11.48,1.97,0,0
PILOT-000367,4.1,2,7,21.85,0.7443,0.6131,0.6044,15.73,2.99,1,1
PILOT-000368,75.5,2,1,17.56,0.7412,0.2793,0.7471,12.64,1.95,0,0
PILOT-000369,28.3,4,5,21.06,0.9457,0.7642,0.6826,15.16,3.12,1,1
PILOT-000370,20.7,2,2,20.04,0.5754,0.8065,0.538,14.43,2.29,1,0
PILOT-000371,21.6,1,5,16.61,0.5499,0.2746,0.3612,11.96,1.85,1,0
PILOT-000372,7.7,3,6,16.04,0.3003,0.7265,0.3157,11.55,1.46,1,1
PILOT-000373,11.7,3,6,12.35,0.6803,0.8409,0.7312,8.89,1.58,0,1
PILOT-000374,7.8,6,5,14.64,0.6167,0.6013,0.2037,10.54,1.8,0,1
PILOT-000375,26.2,4,6,19.75,0.7878,0.2835,0.6305,14.22,2.63,1,1
PILOT-000376,25.3,3,3,17.68,0.4665,0.8133,0.8241,12.73,1.8,0,0
PILOT-000377,29.6,1,1,12.54,0.1902,0.4571,0.0856,9.03,0.91,0,0
PILOT-000378,6.5,0,1,10.16,0.2353,0.4132,0.4833,7.32,0.87,1,0
PILOT-000379,70.7,0,1,12.66,0.2364,0.5389,0.6098,9.12,0.79,0,0
PILOT-000380,13.3,2,8,16.19,0.6069,0.3296,0.5043,11.66,1.94,0,0
PILOT-000381,32.8,0,5,9.53,0.2681,0.7037,0.683,6.86,0.75,0,0
PILOT-000382,5.5,1,7,17.02,0.8202,0.3002,0.4886,12.25,2.45,0,1
PILOT-000383,28.5,3,6,12.54,0.4448,0.6823,0.811,9.03,1.23,0,0
PILOT-000384,3.5,1,1,17.52,0.3837,0.4432,0.5355,12.61,1.77,1,0
PILOT-000385,16.8,5,6,15.62,0.7154,0.7455,0.6262,11.25,2.02,1,0
PILOT-000386,20.7,7,6,18.0,0.7053,0.6418,0.6117,12.96,2.29,1,1
PILOT-000387,92.5,4,3,8.69,0.1939,0.5116,0.2639,6.26,0.44,0,0
PILOT-000388,23.2,2,4,15.74,0.4489,0.2764,0.1133,11.33,1.58,0,0
PILOT-000389,12.2,1,5,12.52,0.2101,0.4187,0.5259,9.01,1.01,1,0
PILOT-000390,40.7,0,3,7.37,0.0933,0.7839,0.5811,5.31,0.43,1,1
PILOT-000391,30.2,4,7,22.0,0.8698,0.606,0.4632,15.84,3.08,1,1
PILOT-000392,7.8,4,5,16.62,0.8175,0.501,0.3222,11.97,2.38,1,1
PILOT-000393,6.2,1,1,13.77,0.2273,0.5899,0.4807,9.91,1.16,1,0
PILOT-000394,3.4,3,4,20.23,0.7081,0.6314,0.702,14.57,2.7,0,0
PILOT-000395,16.3,1,1,9.77,0.368,0.2612,0.4725,7.03,0.93,0,0
PILOT-000396,28.4,3,6,18.67,0.8905,0.1151,0.6899,13.44,2.67,0,1
PILOT-000397,8.7,4,9,18.55,0.7282,0.3225,0.4391,13.36,2.48,0,0
PILOT-000398,2.4,10,8,19.35,0.9224,0.43,0.2423,13.93,3.01,1,1
PILOT-000399,11.2,2,4,15.87,0.7377,0.3727,0.3195,11.43,2.12,0,1
PILOT-000400,51.7,4,5,18.88,0.4278,0.6522,0.614,13.59,1.66,1,0
PILOT-000401,44.9,0,6,14.8,0.6715,0.3953,0.529,10.66,1.7,1,0
PILOT-000402,16.1,2,6,13.92,0.3123,0.279,0.3887,10.02,1.24,0,0
PILOT-000403,18.2,5,5,20.01,0.671,0.361,0.6848,14.41,2.49,1,1
PILOT-000404,43.6,1,7,16.45,0.4778,0.7627,0.3873,11.84,1.58,0,0
PILOT-000405,33.0,2,7,19.44,0.7194,0.5866,0.2433,14.0,2.41,0,0
PILOT-000406,15.3,2,4,13.76,0.5231,0.3593,0.4692,9.91,1.52,1,0
PILOT-000407,39.1,1,10,15.84,0.6512,0.4464,0.3065,11.4,1.82,1,0
PILOT-000408,101.5,0,2,15.65,0.3043,0.3517,0.5027,11.27,0.91,1,0
PILOT-000409,24.1,2,6,18.93,0.3034,0.3865,0.3522,13.63,1.62,1,0
PILOT-000410,6.4,3,6,14.39,0.6189,0.2074,0.6764,10.36,1.78,1,0
PILOT-000411,19.4,2,6,11.79,0.4953,0.6868,0.4037,8.49,1.26,0,0
PILOT-000412,20.6,1,5,11.62,0.5049,0.7056,0.4473,8.37,1.24,1,0
PILOT-000413,12.3,2,5,15.15,0.6684,0.6246,0.8132,10.91,1.92,1,0
PILOT-000414,23.8,2,7,15.18,0.6846,0.2774,0.635,10.93,1.88,0,0
PILOT-000415,34.9,2,0,21.88,0.8527,0.7097,0.7896,15.75,2.99,0,0
PILOT-000416,29.2,1,3,16.03,0.4044,0.8176,0.715,11.54,1.51,0,0
PILOT-000417,4.7,1,11,20.04,0.7245,0.4742,0.6296,14.43,2.7,0,0
PILOT-000418,19.7,2,5,14.54,0.5231,0.3358,0.6937,10.47,1.59,0,0
PILOT-000419,25.0,2,2,14.5,0.5414,0.7401,0.6992,10.44,1.58,0,0
PILOT-000420,5.2,1,3,15.33,0.4835,0.8063,0.5782,11.04,1.69,0,1
PILOT-000421,17.6,1,4,16.46,0.4857,0.8953,0.5532,11.85,1.75,0,0
PILOT-000422,17.3,0,5,5.94,0.0666,0.3915,0.1926,4.28,0.38,0,0
PILOT-000423,9.7,3,5,11.67,0.5129,0.5193,0.6782,8.4,1.3,1,1
PILOT-000424,37.6,1,5,19.26,0.7159,0.2986,0.3806,13.87,2.35,1,1
PILOT-000425,21.4,0,7,13.68,0.5278,0.6403,0.5937,9.85,1.49,0,0
PILOT-000426,32.8,1,2,12.6,0.621,0.651,0.6118,9.07,1.44,0,1
PILOT-000427,47.6,5,7,18.79,0.6037,0.4261,0.2239,13.53,2.01,1,0
PILOT-000428,14.5,2,7,19.2,0.5903,0.3062,0.4063,13.82,2.26,1,0
PILOT-000429,59.3,2,5,19.14,0.5481,0.5755,0.3701,13.78,1.87,0,0
PILOT-000430,17.0,0,1,10.47,0.0781,0.6055,0.7523,7.54,0.69,0,0
PILOT-000431,29.8,0,5,12.31,0.3364,0.6798,0.6634,8.86,1.07,1,1
PILOT-000432,4.7,5,3,19.66,0.9688,0.6163,0.5966,14.16,3.13,0,1
PILOT-000433,25.1,3,9,18.74,0.9752,0.4573,0.3861,13.49,2.86,0,0
PILOT-000434,8.4,1,5,15.22,0.6726,0.5844,0.6342,10.96,1.95,0,0
PILOT-000435,19.5,0,7,16.6,0.3513,0.6241,0.4352,11.95,1.53,0,0
PILOT-000436,38.8,1,6,16.5,0.683,0.705,0.81,11.88,1.95,0,1
PILOT-000437,3.1,4,2,14.16,0.6912,0.7708,0.5236,10.2,1.87,1,0
PILOT-000438,5.2,1,10,16.31,0.6632,0.1631,0.169,11.74,2.09,0,0
PILOT-000439,24.0,1,4,10.39,0.2872,0.7663,0.179,7.48,0.87,1,0
PILOT-000440,14.6,1,5,11.61,0.5296,0.7686,0.6759,8.36,1.3,1,1
PILOT-000441,42.1,0,0,8.99,0.1739,0.5075,0.7966,6.47,0.6,0,0
PILOT-000442,17.5,3,5,13.58,0.5622,0.4997,0.3865,9.78,1.55,0,0
PILOT-000443,13.3,2,5,12.46,0.5299,0.6873,0.671,8.97,1.4,0,0
PILOT-000444,17.4,1,4,15.35,0.3568,0.74,0.5757,11.05,1.43,0,0
PILOT-000445,15.4,4,7,14.84,0.9128,0.6298,0.7762,10.68,2.22,1,1
PILOT-000446,20.4,1,7,17.26,0.7146,0.8098,0.3679,12.43,2.21,1,0
PILOT-000447,19.8,2,0,10.0,0.3915,0.3683,0.6027,7.2,0.96,0,0
PILOT-000448,18.8,3,4,19.14,0.5581,0.4038,0.1939,13.78,2.16,0,0
PILOT-000449,11.8,4,7,15.57,0.5702,0.6778,0.7887,11.21,1.82,0,0
PILOT-000450,12.8,1,5,11.1,0.3895,0.5895,0.4172,7.99,1.09,1,0
PILOT-000451,0.5,2,5,14.7,0.609,0.6622,0.6885,10.58,1.83,1,1
PILOT-000452,11.3,1,1,14.55,0.3762,0.5607,0.2299,10.48,1.42,1,0
PILOT-000453,15.1,2,8,19.26,0.7487,0.1814,0.9278,13.87,2.57,1,1
PILOT-000454,13.0,2,3,17.45,0.6163,0.342,0.7816,12.56,2.11,1,0
PILOT-000455,8.3,2,1,12.57,0.1745,0.3584,0.4516,9.05,0.99,0,0
PILOT-000456,36.4,3,4,13.4,0.637,0.4765,0.7701,9.65,1.54,1,1
PILOT-000457,79.2,1,3,14.8,0.2502,0.4909,0.2165,10.66,0.9,0,0
PILOT-000458,23.9,4,6,13.93,0.5124,0.7245,0.1974,10.03,1.49,1,1
PILOT-000459,4.2,3,2,11.13,0.1965,0.5744,0.6806,8.01,0.91,0,0
PILOT-000460,12.6,3,5,16.31,0.7192,0.6468,0.4986,11.74,2.14,1,1
PILOT-000461,15.2,3,8,11.97,0.7301,0.1952,0.5022,8.62,1.57,1,0
PILOT-000462,7.2,2,4,22.01,0.8552,0.5114,0.8294,15.85,3.23,1,1
PILOT-000463,12.3,3,5,14.94,0.5472,0.5014,0.7131,10.76,1.71,0,1
PILOT-000464,25.0,3,4,13.85,0.4303,0.3901,0.4853,9.97,1.36,1,0
PILOT-000465,20.4,1,7,14.49,0.4471,0.4739,0.3841,10.43,1.47,0,0
PILOT-000466,38.9,6,10,17.34,0.8566,0.1701,0.5621,12.48,2.35,0,0
PILOT-000467,16.9,4,7,22.0,0.7925,0.2341,0.6057,15.84,3.02,0,1
PILOT-000468,9.8,3,6,19.21,0.864,0.3141,0.8783,13.83,2.82,0,0
PILOT-000469,26.3,5,8,19.93,0.6692,0.7308,0.5815,14.35,2.42,0,0
PILOT-000470,25.9,6,5,14.79,0.651,0.4858,0.3455,10.65,1.77,1,1
PILOT-000471,10.2,1,7,12.72,0.4716,0.6508,0.6211,9.16,1.37,0,0
PILOT-000472,14.7,4,5,18.45,0.5977,0.2043,0.767,13.28,2.19,1,0
PILOT-000473,21.6,1,4,16.96,0.5059,0.2763,0.3487,12.21,1.81,0,0
PILOT-000474,62.1,3,3,19.99,0.7627,0.7015,0.5138,14.39,2.36,1,0
PILOT-000475,16.2,6,7,18.82,0.8076,0.7566,0.6132,13.55,2.61,0,1
PILOT-000476,22.7,0,6,12.28,0.3694,0.4608,0.6718,8.84,1.14,0,0
PILOT-000477,88.0,1,3,12.63,0.5941,0.3642,0.1794,9.09,1.16,0,0
PILOT-000478,16.5,4,8,12.03,0.5674,0.3139,0.7688,8.66,1.38,0,0
PILOT-000479,14.9,0,2,11.99,0.3125,0.8036,0.4684,8.63,1.08,1,0
PILOT-000480,76.4,1,1,10.51,0.1009,0.7446,0.6802,7.57,0.49,0,0
PILOT-000481,1.8,5,5,17.68,0.8365,0.415,0.7818,12.73,2.6,0,0
PILOT-000482,18.9,3,8,11.75,0.5002,0.1844,0.7238,8.46,1.26,0,0
PILOT-000483,4.4,0,1,10.23,0.0237,0.4934,0.5934,7.37,0.66,1,0
PILOT-000484,68.8,1,5,12.28,0.2177,0.828,0.2786,8.84,0.75,1,0
PILOT-000485,69.4,2,5,14.26,0.3907,0.3528,0.5015,10.27,1.11,1,0
PILOT-000486,25.5,4,4,14.96,0.7932,0.5235,0.6344,10.77,2.01,1,0
PILOT-000487,1.2,1,3,17.61,0.5809,0.3366,0.5208,12.68,2.14,0,0
PILOT-000488,9.7,3,3,19.17,0.6276,0.385,0.5739,13.8,2.36,0,0
PILOT-000489,26.0,2,4,13.32,0.3949,0.5644,0.8562,9.59,1.25,0,0
PILOT-000490,4.0,2,5,18.2,0.5807,0.7692,0.7151,13.1,2.2,0,1
PILOT-000491,0.9,1,4,11.17,0.5604,0.273,0.5794,8.04,1.34,0,0
PILOT-000492,20.8,5,3,16.55,0.6833,0.6572,0.5875,11.92,2.07,1,0
PILOT-000493,6.2,3,5,17.21,0.6676,0.2768,0.4966,12.39,2.21,1,1
PILOT-000494,40.1,1,2,8.82,0.1143,0.2869,0.3874,6.35,0.54,1,1
PILOT-000495,10.9,2,4,13.76,0.5977,0.6718,0.7631,9.91,1.65,1,0
PILOT-000496,9.7,2,12,19.11,0.9447,0.6046,0.3946,13.76,2.96,1,0
PILOT-000497,23.0,0,1,9.82,0.1722,0.7262,0.5361,7.07,0.72,1,0
PILOT-000498,38.0,4,1,14.62,0.4221,0.2813,0.3227,10.53,1.35,1,0
PILOT-000499,55.7,1,10,20.95,0.78,0.2378,0.6254,15.08,2.55,0,0
PILOT-000500,46.2,0,7,15.14,0.5346,0.2302,0.6421,10.9,1.53,1,0
PILOT-000501,9.4,2,2,11.64,0.8357,0.4423,0.3643,8.38,1.68,0,0
PILOT-000502,35.6,5,10,14.64,0.5256,0.6631,0.3407,10.54,1.52,0,0
PILOT-000503,29.6,5,6,20.0,0.7518,0.4329,0.5359,14.4,2.57,0,0
PILOT-000504,8.2,6,6,16.8,0.658,0.5361,0.5057,12.1,2.13,0,0
PILOT-000505,47.6,3,4,10.28,0.7695,0.6523,0.4012,7.4,1.27,1,0
PILOT-000506,10.1,5,6,15.8,0.7458,0.3237,0.9046,11.38,2.13,0,0
PILOT-000507,2.6,3,5,13.17,0.6631,0.8407,0.7385,9.48,1.7,1,1
PILOT-000508,8.3,1,3,10.75,0.1937,0.5152,0.6726,7.74,0.86,0,0
PILOT-000509,21.5,1,5,12.32,0.2766,0.2207,0.5653,8.87,1.03,1,0
PILOT-000510,67.9,2,4,12.04,0.4163,0.2803,0.4868,8.67,0.98,0,0
PILOT-000511,14.8,4,3,22.94,0.6724,0.6712,0.4725,16.52,2.89,1,0
PILOT-000512,44.6,0,1,9.17,0.2014,0.7616,0.7628,6.6,0.62,1,0
PILOT-000513,90.7,1,2,11.97,0.1716,0.6514,0.1999,8.62,0.58,1,0
PILOT-000514,43.8,3,6,15.79,0.3658,0.4966,0.4796,11.37,1.34,1,0
PILOT-000515,11.7,2,14,19.67,0.8219,0.2975,0.3957,14.16,2.79,0,0
PILOT-000516,17.6,1,3,9.77,0.2043,0.7625,0.6136,7.03,0.76,0,0
PILOT-000517,56.2,1,5,8.23,0.2769,0.779,0.1437,5.93,0.59,0,0
PILOT-000518,32.0,2,0,5.75,0.1085,0.6009,0.3209,4.14,0.36,1,0
PILOT-000519,26.1,3,1,14.35,0.4246,0.2581,0.5799,10.33,1.39,0,0
PILOT-000520,65.5,0,2,14.3,0.2258,0.762,0.5892,10.3,0.9,1,0
PILOT-000521,3.9,1,0,10.68,0.3578,0.2481,0.7147,7.69,1.05,1,0
PILOT-000522,25.3,1,7,11.17,0.5523,0.5062,0.7704,8.04,1.23,1,0
PILOT-000523,10.5,1,3,15.5,0.4838,0.5687,0.6694,11.16,1.68,1,0
PILOT-000524,18.8,2,1,15.8,0.4368,0.4813,0.4416,11.38,1.59,0,1
PILOT-000525,48.4,0,2,8.67,0.0467,0.7941,0.2863,6.24,0.44,1,0
PILOT-000526,1.3,2,4,13.78,0.6826,0.4601,0.6265,9.92,1.82,0,0
PILOT-000527,49.5,0,4,9.77,0.2702,0.4511,0.19,7.03,0.72,1,0
PILOT-000528,13.5,2,6,20.42,0.649,0.3117,0.6521,14.7,2.53,0,0
PILOT-000529,13.6,3,8,19.5,0.5845,0.6098,0.352,14.04,2.29,0,0
PILOT-000530,7.5,7,11,16.1,0.7401,0.3829,0.6043,11.59,2.18,1,0
PILOT-000531,20.2,2,7,17.82,0.7342,0.3328,0.7168,12.83,2.32,1,1
PILOT-000532,11.0,1,4,14.01,0.5334,0.7948,0.4938,10.09,1.59,0,0
PILOT-000533,19.6,1,3,11.56,0.2676,0.4513,0.7026,8.32,0.97,0,0
PILOT-000534,7.2,1,6,13.52,0.619,0.5198,0.4169,9.73,1.67,1,0
PILOT-000535,10.4,1,6,18.49,0.8764,0.5624,0.6864,13.31,2.73,1,0
PILOT-000536,9.6,4,5,16.33,0.7553,0.3472,0.6863,11.76,2.22,0,0
PILOT-000537,40.7,2,8,16.53,0.7238,0.2958,0.5257,11.9,2.01,0,1
PILOT-000538,12.6,6,8,19.5,0.8126,0.7436,0.822,14.04,2.74,0,1
PILOT-000539,22.0,1,1,12.06,0.1782,0.4777,0.1935,8.68,0.89,0,0
PILOT-000540,47.1,2,7,14.26,0.3836,0.5764,0.1188,10.27,1.22,0,0
PILOT-000541,46.9,1,6,16.82,0.5677,0.3172,0.3344,12.11,1.75,0,1
PILOT-000542,30.2,3,3,11.15,0.1805,0.4421,0.4571,8.03,0.79,0,0
PILOT-000543,31.1,7,6,13.33,0.3383,0.7407,0.3925,9.6,1.15,1,0
PILOT-000544,13.3,4,8,21.61,0.6741,0.4012,0.3753,15.56,2.74,1,1
PILOT-000545,87.0,1,2,10.3,0.2516,0.7041,0.4655,7.42,0.6,1,0
PILOT-000546,5.6,1,3,10.63,0.2238,0.2834,0.2436,7.65,0.9,1,1
PILOT-000547,12.7,3,6,14.71,0.4861,0.8344,0.5684,10.59,1.59,0,0
PILOT-000548,14.9,3,5,20.7,0.9072,0.5931,0.3588,14.9,3.09,1,0
PILOT-000549,8.9,1,4,19.17,0.464,0.6199,0.5957,13.8,2.05,0,1
PILOT-000550,23.7,2,7,14.83,0.5435,0.4736,0.1932,10.68,1.63,1,0
PILOT-000551,26.6,4,8,16.75,0.6634,0.586,0.8581,12.06,2.02,0,0
PILOT-000552,24.0,0,5,15.3,0.4448,0.4097,0.5546,11.02,1.53,0,0
PILOT-000553,17.7,0,6,17.92,0.6916,0.4032,0.8039,12.9,2.27,1,1
PILOT-000554,47.7,1,3,12.48,0.4725,0.4824,0.4683,8.99,1.17,1,0
PILOT-000555,40.7,4,2,16.03,0.5446,0.2587,0.1431,11.54,1.66,0,0
PILOT-000556,22.4,2,0,9.11,0.2078,0.79,0.2421,6.56,0.7,1,0
PILOT-000557,9.7,9,8,23.6,0.915,0.3319,0.6873,16.99,3.59,0,1
PILOT-000558,15.3,3,5,12.11,0.5203,0.1609,0.2906,8.72,1.34,1,1
PILOT-000559,51.0,1,3,10.85,0.353,0.4367,0.4051,7.81,0.88,0,0
PILOT-000560,16.8,3,5,20.08,0.6974,0.4587,0.4122,14.46,2.56,1,0
PILOT-000561,26.7,1,3,14.21,0.534,0.3451,0.507,10.23,1.53,0,0
PILOT-000562,26.2,1,8,15.95,0.7312,0.4957,0.7912,11.48,2.04,1,0
PILOT-000563,37.9,4,2,18.55,0.5971,0.5413,0.1699,13.36,2.04,0,1
PILOT-000564,23.8,3,2,17.35,0.6779,0.456,0.3559,12.49,2.14,1,0
PILOT-000565,21.8,4,5,15.89,0.5811,0.2078,0.234,11.44,1.82,1,0
PILOT-000566,49.1,5,7,14.18,0.759,0.0962,0.479,10.21,1.73,0,0
PILOT-000567,54.5,1,2,11.04,0.2797,0.902,0.6555,7.95,0.8,1,0
PILOT-000568,42.2,1,1,12.98,0.2093,0.4405,0.374,9.35,0.91,1,0
PILOT-000569,22.3,3,4,15.17,0.4573,0.6308,0.4129,10.92,1.54,0,0
PILOT-000570,100.5,2,3,12.64,0.3203,0.2249,0.329,9.1,0.76,1,0
PILOT-000571,57.2,4,1,13.09,0.5911,0.2302,0.5113,9.42,1.34,0,0
PILOT-000572,7.8,2,6,18.11,0.3662,0.8998,0.5704,13.04,1.77,0,0
PILOT-000573,33.1,4,3,13.57,0.3366,0.7103,0.2399,9.77,1.16,0,0
PILOT-000574,31.6,2,2,11.73,0.3062,0.2514,0.3575,8.45,0.98,1,1
PILOT-000575,44.3,1,0,8.45,0.1645,0.2543,0.4311,6.08,0.55,1,0
PILOT-000576,71.6,0,1,14.05,0.1849,0.4832,0.6577,10.12,0.8,0,0
PILOT-000577,33.7,1,6,13.44,0.3696,0.4078,0.7817,9.68,1.19,1,1
PILOT-000578,23.6,2,8,20.27,0.7712,0.6671,0.669,14.59,2.69,1,1
PILOT-000579,69.1,3,3,17.09,0.5512,0.6569,0.7005,12.3,1.61,1,1
PILOT-000580,15.1,0,2,8.15,0.2385,0.2085,0.4939,5.87,0.67,1,0
PILOT-000581,10.1,5,8,16.5,0.8206,0.3182,0.4764,11.88,2.35,1,1
PILOT-000582,5.6,3,5,21.0,0.6677,0.389,0.4516,15.12,2.7,0,0
PILOT-000583,30.0,5,4,13.88,0.7573,0.4045,0.6404,9.99,1.79,0,1
PILOT-000584,3.7,1,3,14.22,0.1972,0.6799,0.6735,10.24,1.17,0,0
PILOT-000585,29.7,8,6,16.1,0.9381,0.2061,0.7556,11.59,2.37,0,0
PILOT-000586,46.0,2,10,16.1,0.8406,0.0986,0.7825,11.59,2.12,1,0
PILOT-000587,8.1,4,4,17.86,0.7832,0.8125,0.6417,12.86,2.49,1,0
PILOT-000588,12.5,4,8,14.57,0.6299,0.5665,0.5314,10.49,1.78,0,0
PILOT-000589,4.4,3,3,14.01,0.5035,0.8501,0.6127,10.09,1.58,0,0
PILOT-000590,59.4,4,2,9.05,0.4082,0.3693,0.5611,6.52,0.76,0,0
PILOT-000591,8.6,1,1,11.5,0.2799,0.6314,0.6516,8.28,1.02,1,0
PILOT-000592,54.8,2,6,10.61,0.3363,0.3813,0.6538,7.64,0.83,0,0
PILOT-000593,8.0,3,2,14.85,0.7027,0.4076,0.6354,10.69,1.95,1,0
PILOT-000594,57.3,2,10,17.14,0.7155,0.3088,0.1759,12.34,1.97,1,1
PILOT-000595,42.4,0,5,15.76,0.5533,0.3058,0.2419,11.35,1.64,0,0
PILOT-000596,13.5,4,5,15.04,0.3827,0.4107,0.4976,10.83,1.47,0,1
PILOT-000597,18.3,3,2,20.78,0.8173,0.4109,0.892,14.96,2.89,0,0
PILOT-000598,9.9,4,1,9.58,0.488,0.5242,0.19,6.9,1.05,1,0
PILOT-000599,4.3,2,3,10.95,0.2937,0.5006,0.7722,7.88,1.01,0,0
PILOT-000600,34.6,0,0,15.48,0.2926,0.3309,0.4443,11.15,1.25,0,0
PILOT-000601,27.3,1,1,8.83,0.2167,0.2528,0.2413,6.36,0.67,0,0
PILOT-000602,30.7,3,11,19.08,0.8945,0.3988,0.5911,13.74,2.72,1,0
PILOT-000603,7.6,6,9,22.62,0.7826,0.5539,0.4133,16.29,3.16,1,1
PILOT-000604,42.5,0,1,8.13,0.0626,0.6485,0.5757,5.85,0.45,1,0
PILOT-000605,24.4,0,5,14.67,0.221,0.346,0.3099,10.56,1.13,1,0
PILOT-000606,12.7,3,8,17.86,0.7713,0.3871,0.3303,12.86,2.44,0,0
PILOT-000607,20.3,5,2,17.05,0.4464,0.7008,0.6905,12.28,1.73,0,1
PILOT-000608,36.9,2,2,16.61,0.5743,0.3455,0.4233,11.96,1.8,0,0
PILOT-000609,51.8,2,3,9.81,0.4712,0.5014,0.6317,7.06,0.91,0,0
PILOT-000610,37.8,7,5,18.73,0.7946,0.6531,0.5584,13.49,2.43,0,0
PILOT-000611,31.0,3,3,21.28,0.8666,0.3411,0.7368,15.32,2.97,0,0
PILOT-000612,12.6,0,3,6.72,0.1229,0.7346,0.1533,4.84,0.48,0,0
PILOT-000613,20.4,2,5,13.76,0.7575,0.5835,0.6721,9.91,1.82,0,1
PILOT-000614,12.0,7,7,12.42,0.4871,0.6323,0.6334,8.94,1.35,0,0
PILOT-000615,20.8,1,4,8.14,0.4116,0.3263,0.4757,5.86,0.8,0,0
PILOT-000616,27.1,0,4,11.38,0.2732,0.5928,0.4709,8.19,0.93,0,0
PILOT-000617,31.9,5,6,16.34,0.703,0.5451,0.6651,11.76,2.01,1,0
PILOT-000618,15.3,0,4,13.9,0.2974,0.5158,0.7064,10.01,1.23,0,0
PILOT-000619,15.6,3,4,18.02,0.8404,0.5359,0.6925,12.97,2.57,1,1
PILOT-000620,48.6,1,3,17.31,0.6152,0.2063,0.6388,12.46,1.87,0,0
PILOT-000621,12.2,0,7,11.77,0.5183,0.4428,0.8012,8.47,1.31,0,0
PILOT-000622,31.7,4,3,16.93,0.8455,0.1966,0.8146,12.19,2.32,1,0
PILOT-000623,65.6,4,0,9.76,0.3386,0.523,0.3981,7.03,0.72,1,0
PILOT-000624,27.4,2,5,10.98,0.5585,0.1433,0.8746,7.91,1.21,0,0
PILOT-000625,14.1,0,1,10.24,0.1482,0.5334,0.7294,7.37,0.76,1,0
PILOT-000626,19.3,2,6,18.03,0.7114,0.3155,0.5846,12.98,2.31,0,1
PILOT-000627,12.1,2,0,12.22,0.16,0.3205,0.5287,8.8,0.92,1,0
PILOT-000628,5.9,4,5,15.3,0.8376,0.7621,0.9585,11.02,2.23,1,1
PILOT-000629,80.1,1,2,6.49,0.2111,0.332,0.326,4.67,0.37,0,0
PILOT-000630,71.5,4,0,16.34,0.4522,0.726,0.6768,11.76,1.36,1,0
PILOT-000631,20.2,1,3,9.07,0.2739,0.2934,0.6998,6.53,0.76,0,0
PILOT-000632,50.4,1,4,14.94,0.47,0.3075,0.2998,10.76,1.39,1,0
PILOT-000633,28.7,1,6,17.55,0.6139,0.2602,0.5865,12.64,2.02,0,0
PILOT-000634,1.3,4,8,19.42,0.8161,0.2601,0.2122,13.98,2.82,1,0
PILOT-000635,25.3,7,4,18.12,0.8821,0.3678,0.7117,13.05,2.59,0,1
PILOT-000636,58.8,1,1,10.78,0.4244,0.3818,0.4582,7.76,0.92,1,0
PILOT-000637,10.3,4,8,16.51,0.7413,0.3301,0.5458,11.89,2.22,0,0
PILOT-000638,5.1,2,0,16.49,0.347,0.5838,0.4438,11.87,1.6,1,0
PILOT-000639,12.4,1,6,13.8,0.4154,0.6705,0.4839,9.94,1.39,1,0
PILOT-000640,33.6,2,11,15.22,0.6547,0.3987,0.6167,10.96,1.79,0,0
PILOT-000641,15.1,2,4,12.68,0.4339,0.7053,0.5537,9.13,1.29,1,0
PILOT-000642,27.1,2,6,18.18,0.5535,0.5952,0.5147,13.09,1.99,1,1
PILOT-000643,36.2,1,1,11.13,0.048,0.7246,0.2519,8.01,0.62,1,0
PILOT-000644,17.1,4,5,17.92,0.616,0.4935,0.6933,12.9,2.14,1,0
PILOT-000645,25.4,1,6,18.67,0.7788,0.511,0.7221,13.44,2.48,1,0
PILOT-000646,51.4,5,8,23.13,0.7344,0.5086,0.9158,16.65,2.75,0,0
PILOT-000647,17.1,2,9,13.76,0.7664,0.4546,0.6185,9.91,1.85,1,1
PILOT-000648,22.9,5,8,16.58,0.5769,0.5733,0.4282,11.94,1.88,1,1
PILOT-000649,55.7,1,2,15.55,0.3795,0.1999,0.5265,11.2,1.27,1,1
PILOT-000650,16.2,9,8,18.93,0.8887,0.4803,0.7255,13.63,2.78,1,0
PILOT-000651,30.4,3,7,13.47,0.3604,0.3684,0.5931,9.7,1.2,0,1
PILOT-000652,45.2,1,5,14.94,0.5141,0.4058,0.5826,10.76,1.48,1,0
PILOT-000653,2.3,2,4,14.83,0.6621,0.641,0.5907,10.68,1.92,1,0
PILOT-000654,22.5,2,7,12.43,0.5795,0.833,0.4331,8.95,1.42,1,0
PILOT-000655,8.6,0,5,17.76,0.5853,0.7297,0.3744,12.79,2.12,0,1
PILOT-000656,29.6,2,4,16.13,0.5006,0.3585,0.8815,11.61,1.67,1,0
PILOT-000657,45.8,1,1,13.31,0.2621,0.7148,0.2523,9.58,0.98,0,0
PILOT-000658,23.5,3,2,12.39,0.2834,0.6,0.468,8.92,1.04,1,1
PILOT-000659,11.0,3,6,12.94,0.5119,0.6436,0.4082,9.32,1.44,1,0
PILOT-000660,33.3,1,2,13.1,0.3093,0.7925,0.1876,9.43,1.09,1,0
PILOT-000661,22.4,0,0,13.88,0.1832,0.5146,0.2484,9.99,1.03,1,0
PILOT-000662,16.5,3,8,20.33,0.8136,0.5735,0.4781,14.64,2.83,1,0
PILOT-000663,69.2,5,8,22.49,0.6759,0.3101,0.3828,16.19,2.4,0,0
PILOT-000664,5.9,2,5,14.33,0.6262,0.2797,0.5838,10.32,1.78,0,0
PILOT-000665,41.6,3,5,15.76,0.3161,0.2836,0.1599,11.35,1.27,0,0
PILOT-000666,15.9,1,4,13.94,0.1956,0.5197,0.5541,10.04,1.09,1,1
PILOT-000667,92.6,2,1,9.02,0.2541,0.2693,0.6346,6.49,0.51,0,0
PILOT-000668,37.2,2,3,10.91,0.303,0.8814,0.4797,7.86,0.88,0,0
PILOT-000669,3.1,3,8,18.82,0.8748,0.2495,0.4925,13.55,2.83,1,0
PILOT-000670,63.3,0,3,11.53,0.1576,0.314,0.1897,8.3,0.66,1,0
PILOT-000671,23.4,1,5,15.95,0.6653,0.5562,0.2463,11.48,1.95,0,1
PILOT-000672,55.3,3,6,19.9,0.7068,0.6842,0.789,14.33,2.28,1,0
PILOT-000673,30.1,8,7,18.7,0.7811,0.1408,0.5165,13.46,2.45,0,1
PILOT-000674,57.4,3,4,12.42,0.4935,0.8279,0.6243,8.94,1.15,0,0
PILOT-000675,12.8,2,5,14.45,0.5474,0.7308,0.5697,10.4,1.65,0,0
PILOT-000676,9.6,1,2,11.69,0.226,0.3793,0.4121,8.42,0.97,1,0
PILOT-000677,40.0,2,2,11.69,0.2738,0.6542,0.3192,8.42,0.9,1,0
PILOT-000678,30.4,3,3,11.78,0.672,0.2231,0.1537,8.48,1.42,0,0
PILOT-000679,21.0,3,1,13.84,0.5735,0.8127,0.4601,9.96,1.57,1,0
PILOT-000680,5.4,2,3,17.29,0.6189,0.4401,0.454,12.45,2.14,1,0
PILOT-000681,46.1,3,5,13.69,0.4971,0.8478,0.6038,9.86,1.33,0,0
PILOT-000682,21.8,2,6,13.42,0.6827,0.6422,0.6136,9.66,1.67,0,1
PILOT-000683,4.3,2,5,10.29,0.2191,0.7297,0.6649,7.41,0.87,1,0
PILOT-000684,44.8,2,5,12.17,0.2913,0.3784,0.3878,8.76,0.94,0,0
PILOT-000685,52.0,5,2,13.87,0.2743,0.782,0.767,9.99,1.01,0,0
PILOT-000686,3.0,3,7,21.21,0.8466,0.5377,0.3556,15.27,3.13,1,0
PILOT-000687,23.8,2,2,5.14,0.1769,0.368,0.5684,3.7,0.38,1,1
PILOT-000688,35.2,1,3,12.91,0.376,0.4813,0.3498,9.3,1.15,0,0
PILOT-000689,24.4,3,5,16.98,0.6401,0.4182,0.7685,12.23,2.02,1,1
PILOT-000690,17.9,1,2,7.29,0.2408,0.5868,0.6591,5.25,0.6,0,0
PILOT-000691,23.4,0,0,7.86,0.0951,0.8848,0.3836,5.66,0.51,0,0
PILOT-000692,45.2,0,10,13.53,0.727,0.508,0.6203,9.74,1.63,1,1
PILOT-000693,12.4,2,5,11.28,0.5086,0.4434,0.6686,8.12,1.25,1,0
PILOT-000694,18.8,5,5,17.22,0.5865,0.378,0.2259,12.4,2.0,0,0
PILOT-000695,8.9,2,3,19.53,0.7752,0.6169,0.8354,14.06,2.7,0,0
PILOT-000696,27.8,4,8,9.45,0.5341,0.3771,0.4873,6.8,1.01,0,0
PILOT-000697,30.8,2,5,14.01,0.3881,0.7688,0.2095,10.09,1.29,0,0
PILOT-000698,14.0,3,2,10.59,0.2462,0.8344,0.5921,7.62,0.89,1,0
PILOT-000699,6.6,2,6,15.46,0.6126,0.3378,0.4538,11.13,1.9,1,0
PILOT-000700,22.6,6,8,17.75,0.8625,0.3817,0.4935,12.78,2.52,0,1
PILOT-000701,51.2,2,6,6.72,0.3031,0.6431,0.6486,4.84,0.51,1,1
PILOT-000702,18.6,1,8,15.18,0.7927,0.3579,0.7741,10.93,2.07,0,0
PILOT-000703,26.8,4,6,19.37,0.9518,0.4264,0.5236,13.95,2.9,0,1
PILOT-000704,20.6,2,4,12.38,0.2566,0.4473,0.1199,8.91,1.02,0,0
PILOT-000705,19.4,5,7,17.77,0.7321,0.4628,0.6887,12.79,2.31,0,0
PILOT-000706,9.8,1,3,14.85,0.1387,0.7647,0.5507,10.69,1.1,1,0
PILOT-000707,18.2,0,3,7.14,0.1047,0.2045,0.3997,5.14,0.48,1,0
PILOT-000708,29.0,2,4,12.06,0.4409,0.5324,0.3493,8.68,1.18,0,0
PILOT-000709,28.7,0,2,5.79,0.2476,0.5634,0.6631,4.17,0.45,0,0
PILOT-000710,36.2,3,5,20.5,0.8729,0.2483,0.5019,14.76,2.83,1,0
PILOT-000711,14.3,3,8,19.93,0.7118,0.4641,0.4892,14.35,2.59,1,0
PILOT-000712,14.5,2,5,12.45,0.5563,0.3604,0.4289,8.96,1.42,0,0
PILOT-000713,67.5,1,3,12.07,0.1916,0.5393,0.4944,8.69,0.71,0,0
PILOT-000714,32.3,2,4,12.45,0.5481,0.7116,0.91,8.96,1.33,1,0
PILOT-000715,18.6,3,5,16.15,0.5828,0.7424,0.486,11.63,1.87,0,1
PILOT-000716,32.9,6,5,20.83,0.7845,0.2192,0.3079,15.0,2.72,0,0
PILOT-000717,17.8,3,3,12.3,0.2896,0.3418,0.3552,8.86,1.06,0,1
PILOT-000718,34.1,1,3,15.19,0.5609,0.1776,0.7994,10.94,1.64,1,0
PILOT-000719,9.4,1,7,21.58,0.8205,0.587,0.513,15.54,3.08,1,1
PILOT-000720,26.7,4,6,17.61,0.4621,0.7116,0.2179,12.68,1.77,0,0
PILOT-000721,22.3,1,4,12.18,0.4876,0.6209,0.493,8.77,1.28,0,0
PILOT-000722,57.2,2,2,16.66,0.2496,0.4755,0.3946,12.0,1.14,0,0
PILOT-000723,63.3,2,3,15.01,0.2943,0.517,0.4455,10.81,1.06,1,0
PILOT-000724,21.8,1,4,10.54,0.3947,0.3669,0.851,7.59,1.01,1,0
PILOT-000725,35.1,1,3,14.04,0.2398,0.863,0.5798,10.11,1.06,1,0
PILOT-000726,5.9,4,5,11.19,0.5554,0.5785,0.2563,8.06,1.31,1,1
PILOT-000727,5.3,2,6,14.97,0.5393,0.7246,0.7414,10.78,1.74,0,0
PILOT-000728,22.1,0,8,18.98,0.8094,0.4554,0.6711,13.67,2.6,0,0
PILOT-000729,10.2,2,0,16.44,0.4261,0.7043,0.1731,11.84,1.69,0,0
PILOT-000730,3.0,3,6,20.49,0.9428,0.482,0.6032,14.75,3.22,1,1
PILOT-000731,49.8,0,6,16.88,0.7407,0.2814,0.3984,12.15,2.03,0,0
PILOT-000732,25.4,3,7,15.38,0.6638,0.5282,0.3095,11.07,1.86,1,1
PILOT-000733,5.1,3,5,17.41,0.6352,0.5822,0.2831,12.54,2.19,0,0
PILOT-000734,15.9,2,6,15.45,0.8035,0.3042,0.8334,11.12,2.14,0,0
PILOT-000735,13.9,2,3,18.25,0.6762,0.4759,0.299,13.14,2.31,1,0
PILOT-000736,4.3,5,4,24.99,0.9161,0.4232,0.4249,17.99,3.85,1,1
PILOT-000737,19.0,1,4,10.45,0.5401,0.4202,0.6879,7.52,1.16,1,0
PILOT-000738,12.1,3,4,18.79,0.7232,0.4351,0.3987,13.53,2.48,0,0
PILOT-000739,12.0,4,6,18.13,0.8798,0.4695,0.6677,13.05,2.68,1,1
PILOT-000740,41.5,3,9,15.15,0.6703,0.2119,0.4025,10.91,1.76,0,0
PILOT-000741,21.5,3,5,17.32,0.7691,0.3409,0.2999,12.47,2.31,1,0
PILOT-000742,27.0,0,8,11.87,0.4855,0.7299,0.261,8.55,1.22,1,0
PILOT-000743,12.2,0,3,11.72,0.5891,0.8375,0.6679,8.44,1.39,0,0
PILOT-000744,18.1,4,8,15.75,0.4012,0.7947,0.6579,11.34,1.54,0,0
PILOT-000745,22.3,1,4,13.56,0.576,0.1671,0.6427,9.76,1.54,0,0
PILOT-000746,5.8,3,3,8.93,0.1775,0.3371,0.4784,6.43,0.71,0,1
PILOT-000747,8.9,0,9,18.92,0.6855,0.5877,0.4776,13.62,2.45,0,0
PILOT-000748,10.6,2,10,13.48,0.8548,0.3038,0.882,9.71,1.96,0,0
PILOT-000749,10.1,0,4,7.71,0.158,0.721,0.4929,5.55,0.59,0,0
PILOT-000750,17.0,3,7,23.72,0.8041,0.7376,0.4004,17.08,3.28,0,1
PILOT-000751,14.7,5,2,15.01,0.7175,0.2497,0.5303,10.81,1.96,0,0
PILOT-000752,23.4,0,7,8.74,0.1502,0.2325,0.2993,6.29,0.62,0,0
PILOT-000753,58.5,1,2,10.36,0.2359,0.8638,0.5397,7.46,0.69,1,0
PILOT-000754,42.2,1,3,16.52,0.45,0.5834,0.416,11.89,1.55,1,0
PILOT-000755,36.3,4,10,22.38,0.8567,0.2724,0.5277,16.11,3.06,1,1
PILOT-000756,23.3,4,12,18.09,0.8919,0.2668,0.3454,13.02,2.62,0,1
PILOT-000757,5.4,1,8,16.8,0.6069,0.1947,0.4575,12.1,2.06,0,1
PILOT-000758,25.2,2,0,10.04,0.2755,0.3954,0.3928,7.23,0.83,1,1
PILOT-000759,12.3,1,3,16.28,0.5708,0.6896,0.4291,11.72,1.9,1,0
PILOT-000760,18.2,1,0,18.0,0.6653,0.3045,0.4919,12.96,2.23,0,0
PILOT-000761,27.4,3,5,17.84,0.7139,0.611,0.2438,12.84,2.24,0,1
PILOT-000762,25.2,2,3,18.79,0.7036,0.7108,0.2849,13.53,2.35,0,0
PILOT-000763,37.6,0,3,10.97,0.2378,0.6833,0.5078,7.9,0.81,1,0
PILOT-000764,28.5,6,11,17.13,0.7952,0.3835,0.2476,12.33,2.28,1,1
PILOT-000765,15.3,3,2,17.26,0.7264,0.8365,0.652,12.43,2.26,1,0
PILOT-000766,8.3,4,7,19.95,0.7034,0.3593,0.7894,14.36,2.62,1,0
PILOT-000767,24.0,2,6,19.55,0.6571,0.4692,0.471,14.08,2.37,0,1
PILOT-000768,14.8,0,7,17.16,0.495,0.6131,0.4342,12.36,1.86,0,0
PILOT-000769,16.7,1,4,9.86,0.4832,0.2918,0.5398,7.1,1.05,1,0
PILOT-000770,92.2,2,7,9.75,0.2388,0.7567,0.2897,7.02,0.53,0,0
PILOT-000771,9.6,7,4,16.95,0.7112,0.5503,0.3661,12.2,2.23,1,1
PILOT-000772,39.2,3,3,14.46,0.5953,0.5405,0.2449,10.41,1.58,1,0
PILOT-000773,20.4,2,7,11.56,0.4258,0.6432,0.7502,8.32,1.15,0,0
PILOT-000774,29.5,0,1,5.95,0.056,0.7619,0.7004,4.28,0.35,0,0
PILOT-000775,49.7,1,4,17.51,0.4783,0.4805,0.2929,12.61,1.64,0,0
PILOT-000776,43.4,0,3,15.32,0.5784,0.5868,0.5985,11.03,1.63,0,0
PILOT-000777,19.4,3,9,19.74,0.6889,0.412,0.6409,14.21,2.49,0,0
PILOT-000778,4.3,5,3,17.65,0.8713,0.3344,0.4305,12.71,2.64,1,0
PILOT-000779,22.9,6,2,20.81,0.6806,0.4614,0.6682,14.98,2.58,0,0
PILOT-000780,36.8,2,3,16.94,0.3796,0.6444,0.4631,12.2,1.5,0,0
PILOT-000781,17.1,4,2,14.94,0.7309,0.482,0.264,10.76,1.96,0,0
PILOT-000782,14.1,1,3,13.89,0.1203,0.4769,0.6199,10.0,0.99,1,0
PILOT-000783,32.5,0,2,13.89,0.2423,0.3752,0.5219,10.0,1.06,1,0
PILOT-000784,9.1,1,4,13.59,0.7009,0.7614,0.7083,9.78,1.78,1,1
PILOT-000785,31.2,4,2,10.33,0.538,0.6429,0.6283,7.44,1.1,1,1
PILOT-000786,17.1,4,11,20.26,0.7993,0.2997,0.8043,14.59,2.79,1,0
PILOT-000787,41.1,2,5,18.95,0.578,0.5112,0.4448,13.64,2.03,0,0
PILOT-000788,25.2,3,1,13.79,0.5068,0.6553,0.5377,9.93,1.46,0,0
PILOT-000789,3.9,2,7,15.57,0.2966,0.6715,0.4138,11.21,1.44,1,1
PILOT-000790,12.3,1,4,12.22,0.2668,0.6938,0.5515,8.8,1.05,0,0
PILOT-000791,14.7,4,5,15.08,0.6623,0.6838,0.648,10.86,1.88,1,1
PILOT-000792,5.3,3,8,14.49,0.7709,0.3484,0.4296,10.43,2.02,0,0
PILOT-000793,28.5,3,4,21.11,0.7465,0.5082,0.8364,15.2,2.71,0,0
PILOT-000794,51.4,3,12,13.42,0.6211,0.2946,0.7493,9.66,1.44,0,1
PILOT-000795,18.2,4,9,18.0,0.6811,0.45,0.47,12.96,2.26,1,1
PILOT-000796,10.6,1,6,13.81,0.6688,0.2186,0.5283,9.94,1.75,0,0
PILOT-000797,28.8,3,7,17.33,0.9341,0.135,0.3853,12.48,2.55,1,0
PILOT-000798,31.0,2,2,6.5,0.3619,0.4222,0.438,4.68,0.58,0,1
PILOT-000799,6.6,5,5,21.52,0.7886,0.1045,0.7455,15.49,3.02,0,1
PILOT-000800,10.8,6,3,19.35,0.7959,0.7352,0.6262,13.93,2.7,0,0
PILOT-000801,36.0,2,5,16.06,0.5515,0.5666,0.6482,11.56,1.71,0,0
PILOT-000802,23.6,4,11,14.52,0.7986,0.2844,0.6547,10.45,1.97,0,0
PILOT-000803,63.5,3,6,16.83,0.7,0.1404,0.5537,12.12,1.87,0,0
PILOT-000804,31.4,2,2,13.23,0.3997,0.8783,0.8207,9.53,1.23,0,0
PILOT-000805,31.2,5,7,20.55,0.7342,0.3343,0.6922,14.8,2.59,1,1
PILOT-000806,10.3,2,10,13.75,0.549,0.3143,0.5528,9.9,1.58,1,0
PILOT-000807,31.4,3,6,17.18,0.5489,0.5054,0.656,12.37,1.85,0,1
PILOT-000808,21.9,2,5,22.7,0.8491,0.7597,0.7515,16.34,3.2,0,0
PILOT-000809,58.1,3,11,17.33,0.8129,0.4144,0.7127,12.48,2.16,0,0
PILOT-000810,2.9,1,7,21.55,0.8846,0.6461,0.723,15.52,3.26,0,1
PILOT-000811,79.0,1,2,10.31,0.3189,0.8013,0.276,7.42,0.7,1,0
PILOT-000812,9.8,1,7,15.79,0.5521,0.7022,0.6006,11.37,1.83,1,0
PILOT-000813,23.6,3,2,9.22,0.367,0.807,0.2218,6.64,0.85,1,0
PILOT-000814,20.5,1,3,12.63,0.3095,0.6322,0.478,9.09,1.11,0,0
PILOT-000815,18.7,2,8,15.72,0.7861,0.587,0.4033,11.32,2.14,0,1
PILOT-000816,46.0,1,4,18.51,0.5925,0.5143,0.4551,13.33,1.97,1,0
PILOT-000817,9.8,1,9,17.75,0.67,0.7005,0.5696,12.78,2.26,1,0
PILOT-000818,43.5,5,4,16.84,0.6241,0.6958,0.3793,12.12,1.87,1,1
PILOT-000819,14.9,4,6,18.16,0.5549,0.6433,0.518,13.08,2.07,1,0
PILOT-000820,31.8,4,6,13.11,0.4193,0.4914,0.3513,9.44,1.24,1,0
PILOT-000821,13.1,5,10,16.8,0.8761,0.354,0.5578,12.1,2.47,0,0
PILOT-000822,21.4,0,2,14.22,0.3731,0.8273,0.7215,10.24,1.33,0,0
PILOT-000823,38.2,1,1,14.12,0.3496,0.5046,0.3226,10.17,1.2,0,0
PILOT-000824,100.2,0,2,7.02,0.1239,0.4012,0.7494,5.05,0.28,0,0
PILOT-000825,15.9,1,6,9.87,0.538,0.4195,0.3648,7.11,1.11,0,0
PILOT-000826,36.2,4,5,16.29,0.6565,0.5408,0.5098,11.73,1.9,0,1
PILOT-000827,9.8,4,4,19.98,0.5585,0.2516,0.2334,14.39,2.32,1,0
PILOT-000828,29.8,0,2,9.87,0.2034,0.3543,0.793,7.11,0.73,1,0
PILOT-000829,70.6,2,3,13.09,0.3631,0.2563,0.6895,9.42,0.98,1,1
PILOT-000830,9.3,5,7,16.94,0.5805,0.2453,0.746,12.2,2.01,0,1
PILOT-000831,31.4,1,3,6.84,0.3008,0.6441,0.638,4.92,0.57,0,0
PILOT-000832,37.1,0,2,13.77,0.1291,0.8026,0.5994,9.91,0.88,0,0
PILOT-000833,26.1,3,5,18.85,0.8842,0.6471,0.7314,13.57,2.7,1,0
PILOT-000834,33.9,4,13,17.18,0.8666,0.306,0.7091,12.37,2.38,0,0
PILOT-000835,26.8,2,6,19.74,0.7116,0.2009,0.4119,14.21,2.48,1,1
PILOT-000836,27.5,2,3,10.28,0.2808,0.7698,0.5928,7.4,0.84,1,0
PILOT-000837,60.4,1,0,10.71,0.1197,0.6196,0.6357,7.71,0.58,1,0
PILOT-000838,53.6,5,4,13.52,0.3583,0.1951,0.6716,9.73,1.09,0,0
PILOT-000839,9.7,4,12,23.08,0.9221,0.1719,0.5054,16.62,3.52,0,1
PILOT-000840,6.2,6,8,14.21,0.6978,0.7642,0.7348,10.23,1.87,1,0
PILOT-000841,13.5,5,4,19.64,0.6466,0.4957,0.261,14.14,2.43,0,1
PILOT-000842,19.7,2,5,17.26,0.7139,0.0549,0.6096,12.43,2.21,1,0
PILOT-000843,47.6,1,0,11.24,0.4367,0.4885,0.8948,8.09,1.02,1,0
PILOT-000844,79.7,0,5,10.84,0.1923,0.5264,0.3978,7.8,0.59,1,0
PILOT-000845,33.3,3,0,9.69,0.2742,0.3441,0.5903,6.98,0.77,0,0
PILOT-000846,13.1,1,6,20.82,0.467,0.3026,0.317,14.99,2.21,1,0
PILOT-000847,45.3,3,3,12.67,0.3614,0.5358,0.7756,9.12,1.06,1,1
PILOT-000848,100.9,1,9,12.25,0.6,0.4667,0.7322,8.82,1.07,1,0
PILOT-000849,34.2,3,2,12.28,0.579,0.4373,0.2745,8.84,1.35,0,0
PILOT-000850,13.9,7,7,10.88,0.5097,0.5323,0.4699,7.83,1.2,0,0
PILOT-000851,8.6,4,5,18.31,0.7176,0.5162,0.8244,13.18,2.43,0,0
PILOT-000852,26.5,3,3,10.99,0.5332,0.169,0.2131,7.91,1.18,1,0
PILOT-000853,46.6,2,1,8.11,0.4066,0.7147,0.6279,5.84,0.71,0,0
PILOT-000854,45.6,2,5,12.07,0.3436,0.3883,0.7214,8.69,0.99,0,0
PILOT-000855,13.3,5,7,13.46,0.4899,0.4687,0.3161,9.69,1.46,0,0
PILOT-000856,44.4,1,3,14.41,0.6536,0.5477,0.7868,10.38,1.63,1,0
PILOT-000857,24.2,3,4,17.52,0.5276,0.18,0.6763,12.61,1.89,0,0
PILOT-000858,19.5,2,3,17.08,0.6056,0.3881,0.3276,12.3,2.01,0,0
PILOT-000859,25.2,3,4,17.89,0.5029,0.6454,0.4705,12.88,1.88,0,0
PILOT-000860,15.3,1,0,8.88,0.1493,0.5232,0.3481,6.39,0.65,0,0
PILOT-000861,78.6,4,2,14.37,0.4343,0.4798,0.5697,10.35,1.14,1,0
PILOT-000862,29.2,3,3,14.81,0.3372,0.5033,0.3658,10.66,1.29,0,0
PILOT-000863,37.8,7,4,16.86,0.8266,0.291,0.4662,12.14,2.24,1,1
PILOT-000864,18.1,2,3,15.0,0.4767,0.535,0.2641,10.8,1.58,0,0
PILOT-000865,21.0,4,4,13.45,0.4478,0.8189,0.4896,9.68,1.36,1,1
PILOT-000866,13.2,1,3,13.47,0.4726,0.8325,0.4513,9.7,1.43,0,0
PILOT-000867,19.1,3,6,12.33,0.5269,0.2962,0.6932,8.88,1.35,1,1
PILOT-000868,17.2,3,4,9.67,0.3379,0.8536,0.4259,6.96,0.89,0,1
PILOT-000869,23.5,1,3,15.22,0.452,0.389,0.6088,10.96,1.53,0,0
PILOT-000870,8.4,2,1,12.16,0.2187,0.5383,0.475,8.76,1.01,0,0
PILOT-000871,23.4,2,6,13.71,0.4097,0.7017,0.5553,9.87,1.32,0,0
PILOT-000872,34.7,2,8,16.0,0.8133,0.446,0.313,11.52,2.13,0,0
PILOT-000873,43.2,0,4,17.35,0.5079,0.6139,0.5775,12.49,1.72,1,0
PILOT-000874,101.9,2,8,6.67,0.4784,0.4007,0.5654,4.8,0.5,0,0
PILOT-000875,7.4,3,10,17.17,0.8941,0.6305,0.5624,12.36,2.59,1,1
PILOT-000876,10.6,4,12,16.67,0.8002,0.2658,0.6877,12.0,2.34,0,1
PILOT-000877,12.3,2,4,14.47,0.4933,0.2156,0.9096,10.42,1.58,1,0
PILOT-000878,61.7,3,3,20.25,0.5315,0.5107,0.4925,14.58,1.92,0,0
PILOT-000879,18.9,0,2,11.4,0.1704,0.8595,0.1582,8.21,0.85,1,1
PILOT-000880,31.1,1,3,18.32,0.6705,0.38,0.4385,13.19,2.2,1,0
PILOT-000881,12.6,0,6,14.92,0.5959,0.6483,0.7467,10.74,1.78,1,1
PILOT-000882,28.0,1,2,16.44,0.3904,0.8256,0.2722,11.84,1.53,0,0
PILOT-000883,26.7,1,1,13.21,0.42,0.2619,0.133,9.51,1.27,1,0
PILOT-000884,17.7,2,4,13.23,0.3427,0.6777,0.1453,9.53,1.22,1,0
PILOT-000885,36.6,6,7,15.36,0.4392,0.8568,0.3272,11.06,1.46,0,1
PILOT-000886,46.4,4,6,19.26,0.9349,0.4983,0.8752,13.87,2.71,1,1
PILOT-000887,11.6,0,3,14.81,0.5787,0.7223,0.3818,10.66,1.74,0,0
PILOT-000888,7.9,3,6,18.32,0.761,0.1271,0.864,13.19,2.51,0,0
PILOT-000889,22.8,2,2,16.25,0.3915,0.477,0.794,11.7,1.54,0,0
PILOT-000890,18.9,0,2,5.4,0.1317,0.4513,0.347,3.89,0.38,1,0
PILOT-000891,19.7,2,2,14.7,0.4816,0.5927,0.8383,10.58,1.54,0,0
PILOT-000892,15.8,4,9,19.38,0.7795,0.1089,0.6484,13.95,2.64,1,1
PILOT-000893,7.4,5,3,17.69,0.8164,0.1214,0.1894,12.74,2.53,1,1
PILOT-000894,13.7,1,11,18.76,0.5295,0.136,0.3884,13.51,2.1,0,1
PILOT-000895,20.7,5,8,15.16,0.6099,0.1053,0.4767,10.92,1.78,1,0
PILOT-000896,3.4,4,12,20.74,0.8546,0.1642,0.4718,14.93,3.07,0,1
PILOT-000897,13.7,3,7,20.03,0.644,0.4927,0.3762,14.42,2.47,0,0
PILOT-000898,18.4,2,4,14.84,0.3884,0.6409,0.5196,10.68,1.43,1,1
PILOT-000899,25.0,1,7,12.44,0.3618,0.4843,0.1992,8.96,1.13,1,0
PILOT-000900,55.4,2,0,14.63,0.2397,0.7887,0.5462,10.53,1.0,1,0
PILOT-000901,16.5,4,5,24.03,0.8939,0.3589,0.2688,17.3,3.54,0,0
PILOT-000902,20.0,1,5,11.18,0.5019,0.4775,0.752,8.05,1.2,0,0
PILOT-000903,24.1,2,3,14.42,0.3771,0.8181,0.439,10.38,1.34,1,0
PILOT-000904,8.5,1,3,13.05,0.2243,0.642,0.2966,9.4,1.09,1,0
PILOT-000905,13.4,2,6,17.19,0.6719,0.5902,0.4809,12.38,2.17,0,1
PILOT-000906,2.6,3,8,24.59,0.8323,0.2054,0.831,17.7,3.6,1,0
PILOT-000907,34.1,1,8,16.02,0.3806,0.5747,0.2751,11.53,1.44,1,0
PILOT-000908,5.5,3,7,20.54,0.8149,0.76,0.6145,14.79,2.95,1,1
PILOT-000909,38.7,3,4,16.11,0.6287,0.6613,0.7597,11.6,1.82,1,0
PILOT-000910,28.6,0,3,12.8,0.3836,0.5867,0.5559,9.22,1.18,0,0
PILOT-000911,13.1,2,1,12.35,0.4127,0.3848,0.7538,8.89,1.24,1,0
PILOT-000912,20.0,1,8,17.0,0.6498,0.6116,0.5732,12.24,2.07,1,0
PILOT-000913,14.6,2,2,11.62,0.1728,0.553,0.4356,8.37,0.88,1,0
PILOT-000914,2.2,3,6,13.63,0.4889,0.457,0.6415,9.81,1.53,0,0
PILOT-000915,18.9,3,4,12.35,0.4923,0.7443,0.2878,8.89,1.31,0,0
PILOT-000916,22.6,1,4,15.0,0.3438,0.3874,0.2968,10.8,1.35,1,0
PILOT-000917,14.1,1,9,16.67,0.6329,0.6199,0.2092,12.0,2.04,0,0
PILOT-000918,10.8,1,2,14.53,0.355,0.5786,0.0869,10.46,1.39,1,0
PILOT-000919,16.1,1,4,13.78,0.5588,0.3224,0.5903,9.92,1.57,0,0
PILOT-000920,13.1,1,2,8.78,0.1478,0.3928,0.459,6.32,0.65,1,0
PILOT-000921,21.8,2,4,17.37,0.5912,0.3636,0.3945,12.51,2.0,0,1
PILOT-000922,14.2,5,5,15.28,0.4662,0.512,0.6595,11.0,1.61,0,1
PILOT-000923,8.9,2,6,18.99,0.6514,0.4207,0.6223,13.67,2.39,0,0
PILOT-000924,44.2,1,1,12.74,0.2828,0.6121,0.3153,9.17,0.97,1,0
PILOT-000925,32.5,5,7,18.82,0.7363,0.3496,0.3195,13.55,2.37,1,0
PILOT-000926,26.6,1,3,18.18,0.434,0.632,0.6279,13.09,1.78,0,0
PILOT-000927,2.7,2,7,12.77,0.7174,0.8493,0.6212,9.19,1.72,0,0
PILOT-000928,31.6,2,6,16.21,0.7274,0.5185,0.7585,11.67,2.03,1,0
PILOT-000929,17.0,2,5,9.96,0.3136,0.2735,0.3935,7.17,0.89,0,0
PILOT-000930,36.9,0,0,9.47,0.164,0.7996,0.2819,6.82,0.64,0,0
PILOT-000931,6.0,0,3,11.25,0.1576,0.6873,0.7477,8.1,0.87,0,0
PILOT-000932,25.8,4,7,18.87,0.509,0.5363,0.5802,13.59,1.99,0,1
PILOT-000933,3.7,2,4,10.94,0.5758,0.7962,0.4996,7.88,1.32,0,0
PILOT-000934,30.0,1,5,10.05,0.3446,0.7371,0.4238,7.24,0.88,0,0
PILOT-000935,28.9,0,4,18.32,0.7694,0.459,0.8634,13.19,2.39,1,0
PILOT-000936,20.8,2,2,13.58,0.4698,0.4977,0.3705,9.78,1.41,0,0
PILOT-000937,7.9,2,4,12.98,0.2931,0.3696,0.3442,9.35,1.17,1,0
PILOT-000938,13.1,1,5,13.06,0.6136,0.4827,0.3242,9.4,1.58,1,0
PILOT-000939,11.2,0,3,11.5,0.2919,0.4442,0.5573,8.28,1.03,1,0
PILOT-000940,15.1,1,8,18.06,0.6804,0.4363,0.2005,13.0,2.29,0,0
PILOT-000941,18.0,2,3,9.5,0.4013,0.5289,0.2304,6.84,0.93,0,0
PILOT-000942,31.7,3,4,8.14,0.2304,0.6445,0.2226,5.86,0.62,0,0
PILOT-000943,53.7,6,1,11.23,0.3696,0.4816,0.5261,8.09,0.92,0,0
PILOT-000944,16.6,3,8,15.62,0.6124,0.428,0.317,11.25,1.86,1,1
PILOT-000945,20.6,2,3,15.36,0.4796,0.4369,0.3951,11.06,1.61,0,0
PILOT-000946,43.6,0,5,17.24,0.329,0.8753,0.2348,12.41,1.4,1,1
PILOT-000947,25.4,0,4,10.93,0.3334,0.7259,0.3049,7.87,0.96,1,0
PILOT-000948,3.5,4,5,19.62,0.8173,0.544,0.7848,14.13,2.83,1,1
PILOT-000949,2.4,2,5,20.81,0.9167,0.1278,0.5949,14.98,3.22,0,0
PILOT-000950,12.9,4,7,16.99,0.9153,0.5292,0.598,12.23,2.56,1,1
PILOT-000951,11.2,1,5,17.9,0.6863,0.6551,0.276,12.89,2.3,1,0
PILOT-000952,13.7,3,1,6.64,0.2924,0.602,0.4187,4.78,0.59,0,1
PILOT-000953,10.4,7,7,15.15,0.5617,0.3672,0.7563,10.91,1.76,0,0
PILOT-000954,7.2,4,6,19.63,0.8796,0.6581,0.6554,14.13,2.93,1,0
PILOT-000955,18.6,2,9,10.69,0.4732,0.6882,0.6992,7.7,1.12,0,0
PILOT-000956,77.0,1,4,11.67,0.3727,0.8443,0.6845,8.4,0.86,1,0
PILOT-000957,7.7,4,4,17.36,0.811,0.5903,0.5874,12.5,2.47,0,1
PILOT-000958,46.8,1,3,5.51,0.2033,0.3224,0.1868,3.97,0.37,0,0
PILOT-000959,48.8,1,7,15.89,0.6924,0.42,0.4608,11.44,1.84,1,1
PILOT-000960,2.7,3,7,18.73,0.8105,0.2224,0.5681,13.49,2.7,0,0
PILOT-000961,17.6,2,8,14.77,0.6446,0.4332,0.3469,10.63,1.8,0,0
PILOT-000962,30.2,2,4,12.75,0.5991,0.2481,0.5929,9.18,1.44,0,1
PILOT-000963,21.0,0,8,15.91,0.7342,0.4243,0.5642,11.46,2.07,1,0
PILOT-000964,14.0,1,2,11.57,0.3874,0.445,0.4839,8.33,1.13,1,0
PILOT-000965,31.7,3,3,11.44,0.3824,0.318,0.6565,8.24,1.04,1,0
PILOT-000966,96.5,0,1,8.68,0.2286,0.3112,0.7053,6.25,0.45,1,0
PILOT-000967,8.1,5,6,14.41,0.7835,0.1958,0.4848,10.38,2.01,0,1
PILOT-000968,37.0,3,9,19.36,0.8098,0.6625,0.38,13.94,2.55,1,0
PILOT-000969,29.5,2,1,7.56,0.1959,0.5377,0.1851,5.44,0.55,1,0
PILOT-000970,9.8,6,8,18.16,0.9592,0.3557,0.7,13.08,2.84,0,0
PILOT-000971,9.6,1,7,13.03,0.6699,0.507,0.4699,9.38,1.66,0,0
PILOT-000972,8.7,2,1,6.66,0.1257,0.4992,0.3002,4.8,0.49,1,0
PILOT-000973,40.7,0,0,10.48,0.2571,0.5367,0.1918,7.55,0.79,1,0
PILOT-000974,18.8,3,1,14.55,0.2549,0.342,0.4715,10.48,1.2,1,0
PILOT-000975,24.2,1,6,9.45,0.351,0.5768,0.098,6.8,0.85,1,0
PILOT-000976,24.1,0,1,10.27,0.1246,0.4407,0.3245,7.39,0.7,0,0
PILOT-000977,8.4,4,5,20.87,0.9353,0.3546,0.4876,15.03,3.22,0,0
PILOT-000978,16.0,2,2,11.97,0.304,0.1755,0.5923,8.62,1.06,1,0
PILOT-000979,10.2,0,2,7.15,0.1656,0.2054,0.2442,5.15,0.55,1,0
PILOT-000980,37.4,2,2,14.31,0.2692,0.1836,0.0962,10.3,1.11,1,0
PILOT-000981,17.1,2,6,15.63,0.5854,0.7661,0.6372,11.25,1.82,0,0
PILOT-000982,21.1,2,5,15.01,0.7401,0.8178,0.7978,10.81,1.96,0,0
PILOT-000983,48.4,6,11,18.39,0.8417,0.3012,0.7379,13.24,2.4,1,0
PILOT-000984,28.4,1,3,15.3,0.3671,0.3524,0.7229,11.02,1.38,0,0
PILOT-000985,25.8,0,4,15.13,0.5987,0.3221,0.3102,10.89,1.73,0,0
PILOT-000986,25.8,0,7,12.63,0.2587,0.6353,0.3883,9.09,1.02,1,0
PILOT-000987,8.4,4,11,22.93,0.9335,0.3544,0.3157,16.51,3.54,0,1
PILOT-000988,6.9,2,8,18.21,0.8573,0.3389,0.5668,13.11,2.68,1,0
PILOT-000989,36.7,3,1,11.87,0.4272,0.6319,0.7765,8.55,1.11,1,0
PILOT-000990,44.6,2,6,15.59,0.7265,0.352,0.7234,11.22,1.88,1,0
PILOT-000991,17.3,3,5,12.73,0.7856,0.4227,0.398,9.17,1.74,1,1
PILOT-000992,20.9,2,3,12.45,0.7007,0.5155,0.2715,8.96,1.58,0,1
PILOT-000993,37.4,4,9,9.55,0.4735,0.525,0.782,6.88,0.93,0,0
PILOT-000994,30.9,0,0,11.66,0.0392,0.618,0.2647,8.4,0.66,0,0
PILOT-000995,66.2,3,9,18.41,0.7203,0.2613,0.4364,13.26,2.07,0,0
PILOT-000996,47.5,0,3,14.02,0.3876,0.3751,0.4589,10.09,1.2,0,1
PILOT-000997,7.8,2,5,19.75,0.5518,0.8346,0.2062,14.22,2.3,1,0
PILOT-000998,12.6,0,5,13.46,0.2404,0.3609,0.5374,9.69,1.12,0,0
PILOT-000999,55.0,1,4,10.22,0.2744,0.4375,0.2417,7.36,0.73,0,0
PILOT-001000,10.8,0,4,12.47,0.4683,0.2947,0.3644,8.98,1.33,1,0
PILOT-001001,60.5,1,1,6.64,0.1345,0.764,0.3748,4.78,0.37,1,1
PILOT-001002,19.3,3,4,16.52,0.4118,0.5416,0.4878,11.89,1.62,0,0
PILOT-001003,21.7,2,2,13.16,0.2525,0.1951,0.7021,9.48,1.07,1,0
PILOT-001004,14.5,3,1,8.1,0.346,0.4837,0.7643,5.83,0.76,0,1
PILOT-001005,17.9,4,3,10.46,0.5656,0.6443,0.3706,7.53,1.19,1,0
PILOT-001006,13.8,6,4,18.09,0.804,0.3843,0.7849,13.02,2.52,1,1
PILOT-001007,61.9,1,7,14.29,0.4347,0.3786,0.6123,10.29,1.22,1,0
PILOT-001008,27.0,2,3,15.25,0.6648,0.7966,0.8,10.98,1.84,1,0
PILOT-001009,43.3,1,8,16.83,0.7522,0.7957,0.5719,12.12,2.08,1,0
PILOT-001010,23.3,3,7,13.8,0.7237,0.5704,0.8762,9.94,1.77,0,0
PILOT-001011,42.2,4,7,13.8,0.6008,0.4601,0.2561,9.94,1.5,1,1
PILOT-001012,0.6,3,7,21.24,0.7108,0.7419,0.6872,15.29,2.86,0,0
PILOT-001013,22.6,3,4,13.28,0.5565,0.4973,0.4509,9.56,1.48,0,0
PILOT-001014,16.8,1,3,12.32,0.3518,0.5347,0.5781,8.87,1.15,0,0
PILOT-001015,9.0,4,3,17.35,0.5521,0.6349,0.4184,12.49,2.01,0,0
PILOT-001016,47.2,1,5,12.05,0.1918,0.2804,0.2009,8.68,0.8,1,0
PILOT-001017,26.3,0,0,12.46,0.1403,0.4777,0.5379,8.97,0.85,1,0
PILOT-001018,7.9,6,4,21.77,0.7609,0.1705,0.7208,15.67,2.99,1,0
PILOT-001019,48.9,1,1,14.58,0.3087,0.8615,0.4189,10.5,1.13,0,0
PILOT-001020,9.1,2,9,16.6,0.7179,0.674,0.4367,11.95,2.2,1,0
PILOT-001021,10.7,1,2,13.21,0.5238,0.5645,0.6537,9.51,1.49,1,0
PILOT-001022,25.5,3,7,13.93,0.4723,0.5152,0.2346,10.03,1.42,0,0
PILOT-001023,85.3,0,4,5.0,0.0828,0.4997,0.579,3.6,0.21,0,0
PILOT-001024,27.3,6,9,14.95,0.7306,0.413,0.5563,10.76,1.9,1,1
PILOT-001025,6.5,1,0,15.19,0.3171,0.4383,0.202,10.94,1.42,0,0
PILOT-001026,27.9,3,4,20.73,0.5993,0.5739,0.3048,14.93,2.36,0,0
PILOT-001027,23.8,0,4,13.16,0.5629,0.3249,0.4447,9.48,1.47,0,1
PILOT-001028,64.7,2,3,9.89,0.3176,0.4836,0.4964,7.12,0.72,0,0
PILOT-001029,31.9,1,0,11.34,0.2937,0.3846,0.6145,8.16,0.93,0,0
PILOT-001030,22.6,3,1,13.99,0.5139,0.4616,0.6288,10.07,1.5,1,0
PILOT-001031,20.8,3,5,18.0,0.9117,0.3836,0.8169,12.96,2.66,1,0
PILOT-001032,51.7,0,1,8.72,0.0915,0.624,0.555,6.28,0.48,1,0
PILOT-001033,25.7,4,1,16.63,0.6601,0.5013,0.8408,11.97,2.01,1,0
PILOT-001034,30.3,5,8,14.6,0.6872,0.7615,0.4475,10.51,1.78,1,0
PILOT-001035,24.5,3,4,13.89,0.6459,0.4933,0.6424,10.0,1.66,1,1
PILOT-001036,30.2,3,5,16.28,0.6452,0.4639,0.1404,11.72,1.92,1,0
PILOT-001037,7.9,3,3,19.24,0.8758,0.5005,0.8393,13.85,2.86,0,0
PILOT-001038,33.5,3,14,20.26,0.7454,0.6364,0.4984,14.59,2.56,1,1
PILOT-001039,6.1,4,3,13.79,0.6033,0.6691,0.4784,9.93,1.68,0,0
PILOT-001040,19.9,2,6,15.58,0.35,0.3545,0.6945,11.22,1.43,0,0
PILOT-001041,99.1,0,0,8.92,0.0646,0.4586,0.8062,6.42,0.36,1,0
PILOT-001042,10.1,3,9,15.77,0.5639,0.4257,0.5308,11.35,1.84,0,0
PILOT-001043,12.2,2,4,14.65,0.585,0.3019,0.869,10.55,1.73,1,1
PILOT-001044,51.0,1,3,12.6,0.5582,0.5672,0.4979,9.07,1.28,1,0
PILOT-001045,7.1,0,0,11.03,0.085,0.6141,0.4822,7.94,0.77,1,0
PILOT-001046,9.2,7,9,16.59,0.8706,0.1911,0.8797,11.94,2.45,1,1
PILOT-001047,38.5,0,5,5.3,0.4234,0.5782,0.2839,3.82,0.49,1,0
PILOT-001048,23.2,1,5,16.63,0.3961,0.4034,0.5191,11.97,1.58,1,1
PILOT-001049,52.3,1,2,13.36,0.3778,0.4248,0.2795,9.62,1.11,1,0
PILOT-001050,5.8,1,2,11.89,0.4505,0.2764,0.7848,8.56,1.27,1,1
PILOT-001051,15.6,3,5,12.86,0.6088,0.4855,0.7101,9.26,1.53,1,0
PILOT-001052,13.8,2,9,17.4,0.6692,0.4898,0.4983,12.53,2.19,1,0
PILOT-001053,77.2,0,3,8.83,0.0934,0.4048,0.5549,6.36,0.4,0,0
PILOT-001054,14.5,2,1,16.56,0.4651,0.8626,0.3403,11.92,1.74,0,0
PILOT-001055,5.7,4,4,16.78,0.5711,0.4317,0.3528,12.08,2.0,0,1
PILOT-001056,34.8,0,2,16.98,0.2264,0.404,0.6346,12.23,1.26,1,0
PILOT-001057,14.4,5,4,13.73,0.5413,0.58,0.1259,9.89,1.55,0,0
PILOT-001058,17.5,8,5,16.09,0.6711,0.7463,0.6832,11.58,2.01,1,1
PILOT-001059,44.8,1,2,13.64,0.6314,0.6245,0.9243,9.82,1.51,1,0
PILOT-001060,120.0,0,0,7.48,0.145,0.6113,0.2822,5.39,0.3,0,0
PILOT-001061,26.4,0,1,9.37,0.1006,0.4916,0.6304,6.75,0.6,1,0
PILOT-001062,8.4,1,3,9.93,0.5601,0.5736,0.3588,7.15,1.16,1,0
PILOT-001063,21.8,2,0,9.03,0.107,0.1949,0.5288,6.5,0.6,0,0
PILOT-001064,78.7,4,6,15.04,0.6129,0.4762,0.4369,10.83,1.46,0,0
PILOT-001065,18.7,4,6,18.15,0.7181,0.5688,0.5426,13.07,2.34,0,0
PILOT-001066,16.5,2,2,11.7,0.1987,0.8438,0.6487,8.42,0.91,1,0
PILOT-001067,14.0,1,5,17.86,0.7441,0.7653,0.4049,12.86,2.38,0,0
PILOT-001068,7.7,6,9,16.63,0.7708,0.3105,0.6409,11.97,2.3,1,1
PILOT-001069,17.5,0,1,14.66,0.3716,0.6626,0.8341,10.56,1.39,0,0
PILOT-001070,17.5,0,6,10.0,0.3153,0.2957,0.6712,7.2,0.89,0,0
PILOT-001071,19.2,5,4,14.67,0.557,0.8392,0.2012,10.56,1.65,0,0
PILOT-001072,13.4,0,3,13.87,0.5507,0.5712,0.4505,9.99,1.58,0,0
PILOT-001073,7.0,3,9,18.54,0.7549,0.5378,0.7417,13.35,2.54,1,1
PILOT-001074,44.7,2,4,18.01,0.3067,0.2899,0.7185,12.97,1.42,0,1
PILOT-001075,4.1,9,1,15.49,0.864,0.2486,0.4542,11.15,2.31,1,0
PILOT-001076,46.9,0,2,12.96,0.1415,0.5185,0.6472,9.33,0.79,0,0
PILOT-001077,12.7,2,7,20.18,0.9062,0.4304,0.3419,14.53,3.03,1,1
PILOT-001078,12.2,2,5,14.74,0.8244,0.5773,0.5487,10.61,2.09,0,0
PILOT-001079,14.7,2,2,6.38,0.2904,0.685,0.5432,4.59,0.56,0,1
PILOT-001080,31.1,1,6,8.61,0.2393,0.6241,0.5812,6.2,0.66,0,1
PILOT-001081,55.9,0,7,10.61,0.2762,0.4468,0.343,7.64,0.76,0,0
PILOT-001082,26.4,5,6,16.09,0.6608,0.6585,0.2426,11.58,1.94,1,0
PILOT-001083,9.1,0,3,11.27,0.4145,0.568,0.7819,8.11,1.15,1,0
PILOT-001084,7.2,9,9,17.68,0.7417,0.471,0.6009,12.73,2.4,0,0
PILOT-001085,5.1,5,6,18.51,0.913,0.2134,0.2767,13.33,2.84,1,1
PILOT-001086,65.2,5,5,17.94,0.5803,0.1855,0.7334,12.92,1.77,0,0
PILOT-001087,64.2,4,2,14.73,0.4684,0.5884,0.559,10.61,1.29,1,0
PILOT-001088,35.7,1,4,12.45,0.278,0.5789,0.5171,8.96,0.98,0,0
PILOT-001089,2.9,3,10,19.47,0.8677,0.3496,0.3095,14.02,2.92,0,0
PILOT-001090,51.1,2,8,12.97,0.3352,0.477,0.4925,9.34,1.03,1,0
PILOT-001091,9.0,4,5,15.81,0.6768,0.491,0.4037,11.38,2.03,0,0
PILOT-001092,24.3,2,5,19.81,0.6969,0.2173,0.1754,14.26,2.48,0,0
PILOT-001093,28.0,0,1,9.82,0.2507,0.8143,0.4879,7.07,0.78,0,0
PILOT-001094,28.2,3,5,13.76,0.4616,0.1952,0.6386,9.91,1.38,1,0
PILOT-001095,5.7,1,7,17.25,0.629,0.8079,0.5765,12.42,2.15,1,1
PILOT-001096,14.6,4,1,20.48,0.5235,0.6262,0.6815,14.75,2.28,1,0
PILOT-001097,16.3,3,5,16.79,0.6464,0.602,0.2395,12.09,2.06,0,0
PILOT-001098,14.1,4,4,16.19,0.4379,0.2374,0.2392,11.66,1.66,0,1
PILOT-001099,3.5,4,3,14.13,0.5198,0.431,0.3976,10.17,1.62,1,0
PILOT-001100,32.8,0,2,11.05,0.3189,0.7171,0.4174,7.96,0.93,1,1
PILOT-001101,31.2,5,5,15.94,0.6852,0.8071,0.6475,11.48,1.93,1,1
PILOT-001102,64.4,0,8,12.75,0.6723,0.4236,0.5005,9.18,1.38,1,0
PILOT-001103,82.4,3,3,16.83,0.4544,0.5917,0.7505,12.12,1.34,0,0
PILOT-001104,2.3,3,9,18.37,0.6261,0.2079,0.3898,13.23,2.31,1,0
PILOT-001105,33.1,1,3,14.94,0.2911,0.6515,0.4246,10.76,1.21,0,0
PILOT-001106,24.0,3,1,11.31,0.4007,0.389,0.6344,8.14,1.08,1,0
PILOT-001107,51.3,2,1,7.57,0.2952,0.4761,0.4928,5.45,0.57,1,0
PILOT-001108,8.4,2,5,12.82,0.781,0.2363,0.3998,9.23,1.78,0,1
PILOT-001109,27.5,2,4,19.82,0.7245,0.4233,0.8438,14.27,2.51,1,1
PILOT-001110,27.0,6,4,16.16,0.5736,0.7406,0.7547,11.64,1.8,0,0
PILOT-001111,31.3,0,5,14.42,0.6694,0.4068,0.4577,10.38,1.73,1,0
PILOT-001112,18.0,2,13,21.75,0.8635,0.2475,0.6467,15.66,3.13,1,1
PILOT-001113,32.2,2,9,12.76,0.753,0.1894,0.6276,9.19,1.63,1,0
PILOT-001114,20.1,1,2,16.24,0.3953,0.6756,0.6051,11.69,1.56,0,0
PILOT-001115,16.8,5,4,15.66,0.589,0.5872,0.4296,11.28,1.83,0,0
PILOT-001116,65.8,1,1,8.86,0.1239,0.7719,0.0791,6.38,0.47,0,0
PILOT-001117,76.5,4,7,13.17,0.6603,0.4509,0.5562,9.48,1.35,1,0
PILOT-001118,7.3,1,6,19.19,0.7272,0.649,0.4141,13.82,2.57,1,1
PILOT-001119,18.2,5,4,14.12,0.3816,0.1496,0.1451,10.17,1.35,0,1
PILOT-001120,17.0,3,9,18.43,0.7053,0.4304,0.4419,13.27,2.37,1,1
PILOT-001121,55.0,2,2,9.6,0.3917,0.3257,0.5256,6.91,0.8,0,0
PILOT-001122,37.3,0,2,8.54,0.1467,0.2137,0.4305,6.15,0.56,1,0
PILOT-001123,18.8,2,3,14.35,0.4667,0.7855,0.7602,10.33,1.49,1,0
PILOT-001124,14.3,2,3,11.92,0.3615,0.3437,0.5404,8.58,1.13,0,0
PILOT-001125,48.3,4,6,16.53,0.5695,0.2164,0.7642,11.9,1.71,1,0
PILOT-001126,7.4,5,7,19.45,0.7425,0.2156,0.2712,14.0,2.64,0,1
PILOT-001127,4.4,3,5,15.64,0.671,0.3547,0.5317,11.26,2.03,0,0
PILOT-001128,23.7,4,12,17.39,0.5728,0.139,0.6621,12.52,1.96,0,0
PILOT-001129,19.9,3,2,11.01,0.4436,0.4795,0.4231,7.93,1.11,0,0
PILOT-001130,40.9,1,2,15.39,0.446,0.2295,0.379,11.08,1.44,0,0
PILOT-001131,10.6,1,3,15.97,0.5436,0.4932,0.5258,11.5,1.83,1,1
PILOT-001132,34.5,0,2,15.44,0.4819,0.5225,0.7541,11.12,1.54,1,0
PILOT-001133,5.6,4,7,18.73,0.7371,0.5812,0.5584,13.49,2.54,0,0
PILOT-001134,13.9,3,4,14.86,0.6,0.813,0.6388,10.7,1.77,0,0
PILOT-001135,31.6,4,4,12.94,0.6997,0.3624,0.7249,9.32,1.59,1,0
PILOT-001136,31.4,3,3,14.53,0.5764,0.6961,0.7133,10.46,1.6,1,0
PILOT-001137,35.6,3,2,13.53,0.2666,0.6486,0.3463,9.74,1.05,1,0
PILOT-001138,58.2,2,7,12.81,0.273,0.5745,0.1442,9.22,0.9,0,0
PILOT-001139,18.5,1,2,10.36,0.3431,0.4197,0.6486,7.46,0.95,0,0
PILOT-001140,26.4,2,6,16.8,0.8488,0.2459,0.8615,12.1,2.34,0,0
PILOT-001141,26.6,1,7,15.77,0.5432,0.6353,0.6799,11.35,1.71,0,0
PILOT-001142,13.7,0,5,11.68,0.3183,0.4999,0.1475,8.41,1.06,0,0
PILOT-001143,27.8,3,7,16.15,0.775,0.1514,0.5929,11.63,2.12,0,0
PILOT-001144,44.7,1,4,16.61,0.646,0.4934,0.4564,11.96,1.87,0,0
PILOT-001145,10.3,5,3,14.21,0.6507,0.5181,0.8622,10.23,1.78,0,0
PILOT-001146,39.3,0,3,11.72,0.1556,0.2682,0.4786,8.44,0.77,0,0
PILOT-001147,27.7,1,7,16.75,0.6531,0.2436,0.7165,12.06,2.0,1,0
PILOT-001148,22.6,1,4,8.77,0.1675,0.8445,0.4615,6.31,0.64,1,0
PILOT-001149,54.8,0,1,12.71,0.253,0.3363,0.3691,9.15,0.88,0,0
PILOT-001150,12.4,3,7,19.32,0.649,0.5302,0.5799,13.91,2.4,0,1
PILOT-001151,113.1,0,3,14.76,0.3829,0.6879,0.3891,10.63,0.91,1,0
PILOT-001152,20.7,4,4,20.28,0.7407,0.4582,0.8325,14.6,2.65,0,0
PILOT-001153,32.3,3,5,16.31,0.3931,0.6568,0.4085,11.74,1.5,1,0
PILOT-001154,22.5,2,9,20.31,0.7687,0.1113,0.4012,14.62,2.7,1,0
PILOT-001155,22.2,2,5,17.97,0.7237,0.128,0.7233,12.94,2.31,0,0
PILOT-001156,35.4,1,7,17.41,0.4009,0.6576,0.2569,12.54,1.59,0,0
PILOT-001157,13.3,0,1,13.61,0.2909,0.7815,0.506,9.8,1.2,1,1
PILOT-001158,12.8,4,5,18.79,0.5679,0.5536,0.6353,13.53,2.18,0,1
PILOT-001159,31.1,4,4,19.8,0.8343,0.6547,0.4215,14.26,2.7,1,1
PILOT-001160,57.9,3,2,14.94,0.2038,0.6354,0.5426,10.76,0.95,0,0
PILOT-001161,18.8,0,0,14.18,0.4319,0.5301,0.7592,10.21,1.42,0,0
PILOT-001162,36.1,2,2,8.41,0.1643,0.88,0.2438,6.06,0.57,1,0
PILOT-001163,13.0,3,7,20.51,0.738,0.4853,0.3418,14.77,2.73,1,0
PILOT-001164,16.5,2,5,17.92,0.7021,0.4908,0.6084,12.9,2.3,1,1
PILOT-001165,17.5,4,6,14.87,0.6527,0.6138,0.2689,10.71,1.83,0,1
PILOT-001166,60.4,2,2,14.98,0.5405,0.5312,0.8461,10.79,1.44,1,0
PILOT-001167,37.9,1,7,17.91,0.8475,0.6448,0.2067,12.9,2.42,0,0
PILOT-001168,24.4,1,6,12.14,0.2953,0.4774,0.1353,8.74,1.03,0,1
PILOT-001169,29.3,4,7,16.06,0.6888,0.4703,0.6322,11.56,1.96,1,0
PILOT-001170,17.9,1,4,17.85,0.8515,0.1398,0.832,12.85,2.55,0,0
PILOT-001171,30.6,4,11,13.88,0.4606,0.6635,0.7152,9.99,1.37,0,1
PILOT-001172,23.6,4,7,14.53,0.6518,0.148,0.2087,10.46,1.75,1,1
PILOT-001173,7.3,2,6,10.53,0.3338,0.4678,0.201,7.58,1.0,0,0
PILOT-001174,44.8,2,4,8.76,0.3942,0.5141,0.8257,6.31,0.76,1,1
PILOT-001175,46.6,3,9,21.41,0.7204,0.2117,0.796,15.42,2.55,1,0
PILOT-001176,35.2,0,5,14.54,0.3639,0.7351,0.5918,10.47,1.28,0,1
PILOT-001177,13.3,2,10,23.13,0.8369,0.4526,0.1884,16.65,3.31,0,0
PILOT-001178,29.3,7,7,15.64,0.7232,0.7937,0.4213,11.26,1.97,1,1
PILOT-001179,70.8,5,3,15.06,0.441,0.289,0.5935,10.84,1.24,1,0
PILOT-001180,61.7,4,3,15.71,0.2769,0.4969,0.5332,11.31,1.09,1,0
PILOT-001181,11.9,1,4,13.95,0.5915,0.6574,0.3649,10.04,1.66,1,0
PILOT-001182,6.4,3,3,16.08,0.5262,0.5587,0.5711,11.58,1.84,0,0
PILOT-001183,16.2,2,2,18.07,0.7952,0.7191,0.3344,13.01,2.49,1,0
PILOT-001184,50.2,4,8,19.1,0.5386,0.3994,0.5386,13.75,1.91,1,1
PILOT-001185,9.1,1,2,12.12,0.6012,0.7291,0.5193,8.73,1.46,1,0
PILOT-001186,1.8,2,7,13.31,0.5219,0.901,0.5513,9.58,1.54,0,0
PILOT-001187,23.5,4,7,17.19,0.7644,0.6291,0.5964,12.38,2.27,0,0
PILOT-001188,17.9,1,2,15.08,0.5903,0.6324,0.6278,10.86,1.76,0,1
PILOT-001189,24.4,0,10,16.5,0.5896,0.5872,0.2426,11.88,1.88,0,1
PILOT-001190,17.6,3,5,14.12,0.4162,0.3335,0.4488,10.17,1.4,1,0
PILOT-001191,13.3,3,6,15.05,0.7401,0.8037,0.4897,10.84,2.0,1,1
PILOT-001192,46.8,4,3,13.8,0.6152,0.3206,0.1087,9.94,1.5,0,0
PILOT-001193,10.3,3,3,16.76,0.6276,0.3095,0.5245,12.07,2.06,0,0
PILOT-001194,65.9,2,6,9.6,0.3374,0.4524,0.5609,6.91,0.71,0,0
PILOT-001195,13.2,0,2,6.03,0.251,0.8509,0.4222,4.34,0.51,1,0
PILOT-001196,37.7,4,6,16.82,0.7668,0.5489,0.4436,12.11,2.14,1,0
PILOT-001197,24.0,0,0,12.63,0.1448,0.7505,0.6629,9.09,0.88,1,0
PILOT-001198,12.2,1,3,15.57,0.3911,0.5613,0.5703,11.21,1.54,0,1
PILOT-001199,67.8,3,6,10.94,0.4579,0.401,0.3303,7.88,0.93,1,0
PILOT-001200,42.3,1,1,13.24,0.3503,0.4989,0.2063,9.53,1.11,1,0
PILOT-001201,13.3,2,4,22.02,0.8915,0.2742,0.6077,15.85,3.27,0,0
PILOT-001202,17.3,0,7,10.28,0.1053,0.3188,0.3282,7.4,0.7,1,0
PILOT-001203,56.9,5,7,15.05,0.6691,0.4506,0.9296,10.84,1.66,0,0
PILOT-001204,12.5,5,4,20.39,0.6971,0.6296,0.5674,14.68,2.63,0,0
PILOT-001205,35.7,0,2,11.84,0.1297,0.7096,0.7673,8.52,0.76,0,0
PILOT-001206,18.4,2,5,7.87,0.3421,0.3636,0.2336,5.67,0.72,0,0
PILOT-001207,70.4,2,4,8.21,0.093,0.401,0.6472,5.91,0.39,0,0
PILOT-001208,22.9,4,1,16.25,0.5968,0.2791,0.6303,11.7,1.88,0,0
PILOT-001209,55.8,1,5,16.23,0.4849,0.2533,0.1619,11.69,1.5,0,0
PILOT-001210,16.7,5,3,14.31,0.6282,0.3323,0.4122,10.3,1.73,1,0
PILOT-001211,20.0,2,6,20.07,0.7115,0.2521,0.4244,14.45,2.57,1,0
PILOT-001212,34.6,2,1,16.01,0.4655,0.4812,0.0877,11.53,1.57,1,0
PILOT-001213,80.7,4,2,12.77,0.4191,0.6569,0.3942,9.19,0.98,0,0
PILOT-001214,70.9,3,6,18.31,0.608,0.5077,0.5451,13.18,1.82,0,0
PILOT-001215,44.2,3,3,7.32,0.2234,0.6543,0.4954,5.27,0.52,0,0
PILOT-001216,1.6,2,9,14.32,0.5886,0.4173,0.1868,10.31,1.75,1,1
PILOT-001217,33.2,7,6,14.48,0.691,0.4698,0.4248,10.43,1.75,0,0
PILOT-001218,16.1,1,4,13.51,0.2905,0.277,0.4165,9.73,1.18,1,0
PILOT-001219,10.4,4,4,16.52,0.7414,0.189,0.5261,11.89,2.22,1,1
PILOT-001220,7.8,5,8,17.67,0.7236,0.3426,0.6074,12.72,2.36,0,1
PILOT-001221,14.9,2,8,13.71,0.5392,0.5337,0.3821,9.87,1.54,0,0
PILOT-001222,29.1,2,7,15.21,0.6772,0.52,0.5007,10.95,1.84,0,0
PILOT-001223,13.2,6,3,12.3,0.4013,0.6298,0.8089,8.86,1.22,0,0
PILOT-001224,19.1,4,4,19.45,0.7907,0.6748,0.4884,14.0,2.65,0,0
PILOT-001225,45.1,1,5,15.81,0.4108,0.2352,0.3431,11.38,1.4,1,0
PILOT-001226,7.5,3,2,14.5,0.6301,0.2955,0.6615,10.44,1.8,1,0
PILOT-001227,20.0,1,2,19.46,0.7703,0.387,0.2531,14.01,2.6,1,0
PILOT-001228,4.0,4,4,16.47,0.5485,0.5614,0.3778,11.86,1.93,1,0
PILOT-001229,12.7,6,11,19.35,0.8408,0.5236,0.5653,13.93,2.78,0,1
PILOT-001230,29.4,3,8,12.65,0.5951,0.4616,0.75,9.11,1.43,0,0
PILOT-001231,9.4,3,3,16.3,0.6757,0.8118,0.2568,11.74,2.09,1,0
PILOT-001232,20.1,3,4,12.62,0.7191,0.8419,0.7264,9.09,1.62,1,0
PILOT-001233,16.5,3,5,13.36,0.4307,0.3964,0.5074,9.62,1.35,1,1
PILOT-001234,7.9,5,4,14.38,0.6404,0.6078,0.5835,10.35,1.8,1,1
PILOT-001235,29.8,1,6,13.85,0.5579,0.3281,0.5704,9.97,1.51,1,0
PILOT-001236,38.9,4,8,16.35,0.5005,0.281,0.3291,11.77,1.64,1,1
PILOT-001237,44.3,0,6,11.91,0.2801,0.84,0.3235,8.58,0.91,0,0
PILOT-001238,12.3,0,8,18.02,0.7067,0.6248,0.5878,12.97,2.35,1,1
PILOT-001239,22.8,5,3,17.51,0.6002,0.4906,0.5197,12.61,2.03,0,1
PILOT-001240,11.7,3,2,18.19,0.6168,0.299,0.4958,13.1,2.21,0,0
PILOT-001241,38.1,4,5,17.31,0.7693,0.48,0.6778,12.46,2.2,0,0
PILOT-001242,13.4,3,5,14.11,0.5122,0.8469,0.5907,10.16,1.56,1,0
PILOT-001243,11.0,3,3,15.27,0.4745,0.851,0.1451,10.99,1.64,0,0
PILOT-001244,102.6,0,5,12.69,0.3295,0.411,0.4606,9.14,0.76,1,0
PILOT-001245,27.3,2,5,9.71,0.3063,0.7894,0.6662,6.99,0.82,1,1
PILOT-001246,61.6,3,5,14.69,0.6401,0.4475,0.6041,10.58,1.55,1,1
PILOT-001247,2.3,3,4,14.49,0.3114,0.6087,0.2568,10.43,1.37,1,1
PILOT-001248,59.5,3,6,18.54,0.6751,0.1787,0.1593,13.35,2.04,1,0
PILOT-001249,31.5,3,6,9.26,0.4574,0.2253,0.7074,6.67,0.91,1,1
PILOT-001250,5.7,5,7,17.98,0.8171,0.5534,0.6181,12.95,2.58,1,0
PILOT-001251,7.0,4,10,19.95,0.9091,0.4007,0.5749,14.36,3.04,1,0
PILOT-001252,38.6,0,7,12.84,0.5487,0.7321,0.4859,9.24,1.35,0,1
PILOT-001253,64.6,1,2,11.59,0.16,0.3612,0.7425,8.34,0.66,1,0
PILOT-001254,28.3,1,3,13.0,0.4225,0.2597,0.7422,9.36,1.25,0,0
PILOT-001255,18.5,6,1,15.52,0.4902,0.297,0.3612,11.17,1.65,0,0
PILOT-001256,58.8,3,3,13.01,0.4742,0.1614,0.3737,9.37,1.17,1,1
PILOT-001257,81.7,1,8,8.08,0.2344,0.5246,0.4789,5.82,0.47,1,0
PILOT-001258,19.9,1,4,10.14,0.3656,0.3663,0.3973,7.3,0.95,0,0
PILOT-001259,4.0,0,0,8.44,0.081,0.5712,0.5848,6.08,0.6,1,0
PILOT-001260,16.4,0,9,15.86,0.6318,0.2817,0.7447,11.42,1.92,1,0
PILOT-001261,65.3,3,3,10.26,0.3003,0.3638,0.5524,7.39,0.72,1,0
PILOT-001262,46.4,7,13,23.31,0.7992,0.7328,0.8469,16.78,2.97,1,1
PILOT-001263,14.7,1,1,14.55,0.5445,0.7258,0.2131,10.48,1.65,1,0
PILOT-001264,29.3,3,2,12.99,0.5402,0.5965,0.538,9.35,1.4,0,0
PILOT-001265,4.7,0,5,22.36,0.8034,0.2574,0.3695,16.1,3.19,0,0
PILOT-001266,26.7,3,8,18.14,0.7663,0.3665,0.8357,13.06,2.38,0,0
PILOT-001267,26.8,2,1,9.15,0.1642,0.744,0.2832,6.59,0.65,1,0
PILOT-001268,43.4,1,4,13.22,0.5559,0.7283,0.769,9.52,1.37,1,1
PILOT-001269,39.1,0,4,10.29,0.2745,0.2755,0.4583,7.41,0.8,0,0
PILOT-001270,11.3,8,7,19.72,0.7535,0.7946,0.2403,14.2,2.67,1,1
PILOT-001271,50.8,0,5,9.52,0.3113,0.4739,0.5415,6.85,0.73,0,0
PILOT-001272,54.4,4,7,17.96,0.7913,0.5479,0.8214,12.93,2.22,0,0
PILOT-001273,5.2,5,6,15.18,0.692,0.2141,0.3162,10.93,1.99,1,1
PILOT-001274,23.3,4,5,13.72,0.6195,0.2487,0.4457,9.88,1.61,1,1
PILOT-001275,9.5,4,2,11.29,0.6258,0.5981,0.7487,8.13,1.39,1,1
PILOT-001276,7.8,4,9,16.45,0.6044,0.6173,0.7106,11.84,2.0,0,0
PILOT-001277,8.9,4,3,19.91,0.8758,0.737,0.4672,14.34,2.95,1,0
PILOT-001278,17.3,2,5,17.98,0.7837,0.0809,0.2348,12.95,2.45,0,0
PILOT-001279,36.5,2,7,14.84,0.517,0.428,0.2658,10.68,1.52,1,1
PILOT-001280,26.9,5,8,13.15,0.8365,0.5405,0.6559,9.47,1.81,0,0
PILOT-001281,24.8,1,7,14.97,0.5741,0.6725,0.4306,10.78,1.68,1,0
PILOT-001282,27.7,3,2,12.99,0.5062,0.6979,0.8225,9.35,1.36,1,1
PILOT-001283,29.2,8,4,15.27,0.6199,0.7296,0.4072,10.99,1.76,0,0
PILOT-001284,105.5,0,3,12.6,0.3483,0.1731,0.1691,9.07,0.77,1,0
PILOT-001285,8.1,3,7,18.68,0.645,0.1489,0.2479,13.45,2.35,0,0
PILOT-001286,35.8,1,7,14.69,0.7848,0.5304,0.7547,10.58,1.9,1,0
PILOT-001287,3.2,3,2,11.03,0.5844,0.3962,0.104,7.94,1.34,0,0
PILOT-001288,49.0,4,5,15.27,0.5067,0.2379,0.3466,10.99,1.48,1,0
PILOT-001289,5.2,1,5,13.82,0.5309,0.5938,0.3568,9.95,1.59,1,0
PILOT-001290,23.7,0,5,15.77,0.4031,0.2641,0.6198,11.35,1.51,0,0
PILOT-001291,3.5,0,8,19.45,0.9191,0.2827,0.363,14.0,3.01,0,0
PILOT-001292,6.3,5,5,16.58,0.5007,0.3216,0.6343,11.94,1.85,1,0
PILOT-001293,47.8,3,2,12.43,0.2343,0.5909,0.1305,8.95,0.87,1,0
PILOT-001294,36.6,3,4,17.79,0.4015,0.2275,0.2442,12.81,1.62,1,0
PILOT-001295,22.0,6,6,18.38,0.7476,0.3519,0.2921,13.23,2.4,0,1
PILOT-001296,48.9,2,1,17.75,0.4403,0.7716,0.7212,12.78,1.61,0,0
PILOT-001297,12.5,5,7,20.21,0.8579,0.6036,0.5253,14.55,2.94,0,0
PILOT-001298,7.4,3,9,17.11,0.7671,0.135,0.5801,12.32,2.36,1,0
PILOT-001299,37.5,1,3,14.45,0.3332,0.4473,0.2216,10.4,1.21,1,0
PILOT-001300,17.9,3,5,19.89,0.6886,0.7295,0.9141,14.32,2.51,1,1
PILOT-001301,61.6,1,1,16.42,0.3068,0.5445,0.7934,11.82,1.19,1,0
PILOT-001302,18.6,4,3,12.11,0.417,0.3021,0.7959,8.72,1.2,0,1
PILOT-001303,14.6,5,1,17.99,0.8415,0.6633,0.7104,12.95,2.57,1,1
PILOT-001304,18.7,5,6,15.42,0.6487,0.15,0.2782,11.1,1.88,1,1
PILOT-001305,46.2,5,8,15.75,0.7844,0.534,0.4959,11.34,1.98,1,0
PILOT-001306,26.7,5,5,17.33,0.7604,0.6483,0.8123,12.48,2.26,1,0
PILOT-001307,18.8,3,6,19.99,0.8477,0.7608,0.4218,14.39,2.84,1,1
PILOT-001308,24.5,2,1,13.45,0.2969,0.7741,0.739,9.68,1.14,1,0
PILOT-001309,12.9,4,2,16.09,0.6119,0.7788,0.3573,11.58,1.94,1,0
PILOT-001310,28.6,1,6,16.37,0.8007,0.428,0.7679,11.79,2.19,0,1
PILOT-001311,33.2,2,2,11.18,0.3164,0.2271,0.5346,8.05,0.94,0,0
PILOT-001312,8.9,1,2,15.93,0.4671,0.5412,0.3006,11.47,1.71,0,0
PILOT-001313,15.0,5,6,16.13,0.479,0.4724,0.5874,11.61,1.72,1,0
PILOT-001314,31.9,1,4,14.05,0.1997,0.2762,0.313,10.12,1.02,1,0
PILOT-001315,19.5,3,0,11.08,0.1819,0.593,0.4206,7.98,0.83,1,0
PILOT-001316,10.6,2,3,10.63,0.3004,0.8544,0.6515,7.65,0.96,1,1
PILOT-001317,28.7,3,4,14.99,0.5747,0.813,0.444,10.79,1.67,1,1
PILOT-001318,41.6,2,4,17.21,0.3765,0.3953,0.2192,12.39,1.49,0,0
PILOT-001319,3.2,3,4,13.69,0.4251,0.4687,0.5564,9.86,1.44,1,0
PILOT-001320,60.0,0,3,13.65,0.5423,0.2912,0.7014,9.83,1.32,0,0
PILOT-001321,67.6,0,7,17.94,0.7553,0.5724,0.5173,12.92,2.07,1,0
PILOT-001322,19.5,1,7,14.64,0.656,0.4935,0.6278,10.54,1.79,1,0
PILOT-001323,2.9,6,6,14.27,0.7736,0.129,0.6313,10.27,2.0,1,1
PILOT-001324,10.4,0,5,12.41,0.46,0.7254,0.7325,8.94,1.32,1,1
PILOT-001325,26.9,2,0,13.58,0.5002,0.5854,0.7079,9.78,1.42,0,0
PILOT-001326,29.9,3,6,14.75,0.4511,0.541,0.2326,10.62,1.45,1,0
PILOT-001327,6.8,5,6,19.72,0.6109,0.4306,0.7469,14.2,2.42,0,1
PILOT-001328,28.0,5,8,18.84,0.6303,0.3373,0.5647,13.56,2.2,1,0
PILOT-001329,38.8,6,4,14.04,0.5463,0.5664,0.4405,10.11,1.47,1,0
PILOT-001330,52.8,1,6,16.66,0.2932,0.6195,0.2842,12.0,1.24,1,0
PILOT-001331,40.6,4,2,13.26,0.3846,0.5561,0.6141,9.55,1.16,0,0
PILOT-001332,8.2,2,2,16.61,0.5151,0.73,0.5093,11.96,1.87,1,0
PILOT-001333,23.4,1,3,12.41,0.3593,0.2079,0.2097,8.94,1.14,0,0
PILOT-001334,120.0,0,8,14.04,0.5487,0.4777,0.582,10.11,1.06,0,0
PILOT-001335,95.2,0,2,12.1,0.2346,0.3332,0.3661,8.71,0.64,1,0
PILOT-001336,4.1,3,6,19.25,0.8346,0.7699,0.4952,13.86,2.81,1,0
PILOT-001337,19.7,0,0,9.5,0.1738,0.723,0.3135,6.84,0.71,1,0
PILOT-001338,32.6,5,10,22.46,0.8955,0.5605,0.6433,16.17,3.19,0,1
PILOT-001339,10.3,4,6,15.59,0.5236,0.5471,0.6397,11.22,1.76,1,1
PILOT-001340,10.0,0,7,13.37,0.423,0.5362,0.5982,9.63,1.37,0,0
PILOT-001341,34.0,2,4,13.2,0.4816,0.2812,0.7337,9.5,1.32,1,0
PILOT-001342,22.3,2,4,15.47,0.6531,0.6359,0.5058,11.14,1.88,0,0
PILOT-001343,39.5,2,13,17.18,0.8176,0.5761,0.7114,12.37,2.26,1,0
PILOT-001344,41.4,2,2,14.5,0.3558,0.5214,0.5131,10.44,1.23,1,0
PILOT-001345,14.9,1,10,19.2,0.7917,0.3486,0.1305,13.82,2.65,0,0
PILOT-001346,7.5,4,9,18.88,0.9179,0.3016,0.3035,13.59,2.89,0,0
PILOT-001347,2.5,3,5,15.51,0.4408,0.781,0.6583,11.17,1.66,1,0
PILOT-001348,35.6,2,5,12.45,0.3456,0.6383,0.3573,8.96,1.07,1,1
PILOT-001349,17.7,1,3,17.06,0.6039,0.1446,0.4366,12.28,2.01,1,1
PILOT-001350,1.4,5,7,16.94,0.6645,0.1426,0.3667,12.2,2.2,0,1
PILOT-001351,2.1,2,3,14.76,0.7421,0.1964,0.3091,10.63,2.03,0,0
PILOT-001352,64.8,2,1,5.0,0.0777,0.2782,0.6271,3.6,0.24,0,0
PILOT-001353,18.4,3,5,19.76,0.6625,0.455,0.6957,14.23,2.44,0,0
PILOT-001354,42.4,4,4,17.9,0.6954,0.4907,0.5123,12.89,2.12,1,0
PILOT-001355,14.9,4,5,16.15,0.7642,0.38,0.7379,11.63,2.18,0,0
PILOT-001356,62.6,4,9,11.74,0.664,0.5945,0.4199,8.45,1.27,0,0
PILOT-001357,26.2,1,3,8.91,0.2107,0.7417,0.405,6.42,0.67,0,0
PILOT-001358,27.0,2,4,17.28,0.5543,0.6674,0.2974,12.44,1.9,0,0
PILOT-001359,6.2,5,3,23.8,0.8372,0.4834,0.8803,17.14,3.46,1,0
PILOT-001360,6.4,5,4,14.67,0.5647,0.1944,0.6707,10.56,1.73,1,1
PILOT-001361,9.5,2,4,17.84,0.6466,0.8265,0.5605,12.84,2.23,0,1
PILOT-001362,17.1,2,3,17.18,0.5943,0.2487,0.3256,12.37,2.01,1,1
PILOT-001363,3.3,0,4,9.52,0.2365,0.4929,0.87,6.85,0.82,0,0
PILOT-001364,41.1,2,3,10.62,0.17,0.601,0.2536,7.65,0.7,1,0
PILOT-001365,7.8,1,2,12.73,0.5268,0.5022,0.3933,9.17,1.45,1,0
PILOT-001366,36.2,1,3,10.64,0.2742,0.6976,0.6523,7.66,0.83,1,0
PILOT-001367,18.9,3,4,16.04,0.6979,0.661,0.7301,11.55,2.04,1,0
PILOT-001368,4.0,2,7,18.02,0.6423,0.2829,0.5068,12.97,2.28,1,1
PILOT-001369,6.6,4,9,13.94,0.9017,0.2223,0.4345,10.04,2.12,0,0
PILOT-001370,17.2,1,6,13.33,0.4595,0.4298,0.8056,9.6,1.38,0,0
PILOT-001371,8.2,2,1,23.51,0.9842,0.2943,0.5373,16.93,3.75,0,0
PILOT-001372,38.5,5,5,19.09,0.7811,0.1232,0.3954,13.74,2.45,1,1
PILOT-001373,35.1,2,3,19.68,0.5864,0.3176,0.5728,14.17,2.16,1,0
PILOT-001374,35.1,1,4,17.86,0.5637,0.4969,0.7245,12.86,1.92,1,1
PILOT-001375,53.3,5,9,8.44,0.3941,0.5953,0.2553,6.08,0.71,0,0
PILOT-001376,40.4,0,1,8.7,0.2451,0.3848,0.7027,6.26,0.64,0,0
PILOT-001377,36.4,3,4,19.91,0.7696,0.3756,0.2611,14.34,2.55,1,1
PILOT-001378,46.8,2,2,17.31,0.7058,0.4409,0.3621,12.46,2.04,0,0
PILOT-001379,16.6,4,5,12.7,0.3186,0.8027,0.517,9.14,1.14,1,1
PILOT-001380,34.1,4,6,12.24,0.3891,0.7804,0.6206,8.81,1.11,1,0
PILOT-001381,15.4,4,9,17.7,0.7498,0.5891,0.2986,12.74,2.36,0,1
PILOT-001382,14.4,2,8,15.97,0.688,0.5796,0.5016,11.5,2.04,0,1
PILOT-001383,14.5,2,5,5.96,0.3739,0.6721,0.3193,4.29,0.57,0,0
PILOT-001384,11.3,2,7,11.77,0.6715,0.3805,0.6288,8.47,1.5,1,0
PILOT-001385,22.0,1,3,14.87,0.3739,0.5894,0.5315,10.71,1.39,1,1
PILOT-001386,56.5,2,3,9.3,0.308,0.4723,0.2757,6.7,0.69,1,1
PILOT-001387,31.7,4,7,20.94,0.6501,0.7142,0.4635,15.08,2.46,0,0
PILOT-001388,20.5,2,2,17.99,0.3914,0.1871,0.7328,12.95,1.72,1,0
PILOT-001389,12.9,6,7,20.14,0.6737,0.6234,0.5816,14.5,2.55,0,0
PILOT-001390,42.7,1,6,11.77,0.5118,0.3201,0.4453,8.47,1.17,0,0
PILOT-001391,17.0,1,7,17.72,0.6963,0.1054,0.6233,12.76,2.26,0,0
PILOT-001392,12.0,1,4,20.11,0.5795,0.5336,0.393,14.48,2.37,1,1
PILOT-001393,27.3,2,4,13.64,0.4365,0.3532,0.2862,9.82,1.33,0,1
PILOT-001394,9.6,3,13,19.34,0.8056,0.7357,0.8345,13.92,2.73,0,1
PILOT-001395,40.1,1,3,16.31,0.7228,0.4235,0.4763,11.74,1.99,0,0
PILOT-001396,9.3,1,3,5.7,0.1741,0.5632,0.5177,4.1,0.44,1,0
PILOT-001397,25.5,1,1,12.38,0.3376,0.5686,0.5096,8.91,1.1,0,1
PILOT-001398,6.3,1,6,15.4,0.597,0.6989,0.3694,11.09,1.87,1,0
PILOT-001399,44.8,5,2,12.27,0.464,0.4427,0.3917,8.83,1.16,1,0
PILOT-001400,10.9,2,5,15.24,0.551,0.7682,0.6279,10.97,1.76,1,1
PILOT-001401,35.9,1,11,21.44,0.6685,0.2849,0.2385,15.44,2.53,0,1
PILOT-001402,26.5,3,1,19.52,0.7554,0.6756,0.4016,14.05,2.54,1,0
PILOT-001403,7.4,3,2,21.3,0.8857,0.6482,0.3505,15.34,3.19,1,1
PILOT-001404,18.8,5,6,14.48,0.7222,0.3468,0.5957,10.43,1.87,0,0
PILOT-001405,10.6,0,5,10.07,0.3205,0.7979,0.3563,7.25,0.93,0,0
PILOT-001406,22.5,0,4,14.57,0.4867,0.4689,0.8331,10.49,1.52,1,0
PILOT-001407,25.8,3,6,12.19,0.499,0.7075,0.5777,8.78,1.28,0,0
PILOT-001408,35.4,2,5,12.93,0.461,0.6933,0.7814,9.31,1.26,0,0
PILOT-001409,73.2,2,3,15.59,0.5113,0.378,0.2994,11.22,1.38,0,0
PILOT-001410,17.8,4,6,24.33,0.8722,0.8138,0.2756,17.52,3.52,1,1
PILOT-001411,7.1,7,3,14.7,0.6181,0.2427,0.2817,10.58,1.81,0,0
PILOT-001412,8.6,4,5,18.38,0.8409,0.7072,0.7151,13.23,2.66,0,1
PILOT-001413,22.3,0,1,11.51,0.4024,0.641,0.6765,8.29,1.11,1,0
PILOT-001414,85.6,3,3,13.28,0.5234,0.5839,0.692,9.56,1.14,1,0
PILOT-001415,76.6,1,4,6.88,0.2441,0.3781,0.6375,4.95,0.42,1,0
PILOT-001416,55.2,1,3,15.33,0.4009,0.219,0.5027,11.04,1.29,0,0
PILOT-001417,50.4,3,1,9.55,0.4732,0.4962,0.4117,6.88,0.89,1,0
PILOT-001418,13.5,0,5,7.95,0.1916,0.6419,0.2951,5.72,0.62,0,0
PILOT-001419,5.0,2,4,15.94,0.4659,0.5764,0.7205,11.48,1.73,0,0
PILOT-001420,6.6,3,4,15.61,0.4163,0.594,0.7069,11.24,1.61,0,1
PILOT-001421,40.7,4,3,21.77,0.9143,0.0981,0.7647,15.67,3.06,0,0
PILOT-001422,15.4,3,7,14.42,0.7708,0.7451,0.7754,10.38,1.95,1,0
PILOT-001423,21.3,5,6,18.07,0.4125,0.5114,0.7937,13.01,1.76,1,1
PILOT-001424,22.5,3,1,12.7,0.3859,0.8268,0.6365,9.14,1.2,1,1
PILOT-001425,38.8,1,3,11.46,0.1675,0.1912,0.0962,8.25,0.77,1,0
PILOT-001426,12.0,0,5,18.63,0.5074,0.6876,0.3285,13.41,2.06,0,0
PILOT-001427,14.3,0,4,10.27,0.1355,0.5866,0.2991,7.39,0.74,0,0
PILOT-001428,23.3,0,1,7.53,0.0781,0.5178,0.466,5.42,0.48,1,0
PILOT-001429,18.3,1,6,8.36,0.2412,0.6208,0.3825,6.02,0.68,0,0
PILOT-001430,15.1,0,3,19.08,0.6572,0.2286,0.8512,13.74,2.37,0,1
PILOT-001431,16.9,1,9,26.89,0.8878,0.7493,0.686,19.36,3.94,1,1
PILOT-001432,13.2,2,7,15.99,0.7379,0.7359,0.5872,11.51,2.13,0,1
PILOT-001433,26.3,3,9,16.66,0.7995,0.3827,0.6753,12.0,2.24,1,0
PILOT-001434,26.0,2,3,13.3,0.3201,0.553,0.7531,9.58,1.15,0,0
PILOT-001435,7.4,2,5,15.83,0.4971,0.4993,0.1946,11.4,1.76,0,0
PILOT-001436,11.5,2,3,14.3,0.2504,0.5962,0.3541,10.3,1.21,1,0
PILOT-001437,66.9,0,1,10.27,0.0663,0.5985,0.6252,7.39,0.48,1,1
PILOT-001438,24.6,1,6,16.6,0.4506,0.5768,0.8158,11.95,1.66,0,0
PILOT-001439,81.1,5,5,8.72,0.4315,0.5746,0.199,6.28,0.68,0,0
PILOT-001440,31.0,1,1,13.01,0.1611,0.5278,0.6681,9.37,0.9,1,1
PILOT-001441,17.5,1,0,13.77,0.2427,0.7128,0.4346,9.91,1.13,0,0
PILOT-001442,25.6,6,9,16.94,0.5614,0.569,0.6955,12.2,1.88,0,0
PILOT-001443,21.8,2,5,16.86,0.5171,0.3457,0.3806,12.14,1.82,0,0
PILOT-001444,22.5,1,6,19.57,0.7898,0.4885,0.4409,14.09,2.64,0,0
PILOT-001445,54.9,5,5,14.55,0.5778,0.611,0.2871,10.48,1.48,1,0
PILOT-001446,21.6,1,4,9.66,0.6299,0.565,0.7711,6.96,1.15,0,0
PILOT-001447,16.0,2,3,17.03,0.7346,0.5669,0.7003,12.26,2.24,0,0
PILOT-001448,13.9,6,11,23.9,0.8262,0.5359,0.7898,17.21,3.38,1,1
PILOT-001449,14.5,6,7,21.93,0.7897,0.0906,0.5083,15.79,3.02,0,0
PILOT-001450,21.4,4,5,14.6,0.646,0.7546,0.3036,10.51,1.77,0,1
PILOT-001451,16.0,3,4,13.8,0.6755,0.2762,0.4106,9.94,1.74,0,0
PILOT-001452,13.9,4,5,17.86,0.6318,0.5133,0.5356,12.86,2.18,0,0
PILOT-001453,51.9,1,5,14.28,0.2693,0.2386,0.5037,10.28,1.03,0,0
PILOT-001454,89.0,2,3,14.5,0.332,0.8075,0.275,10.44,0.94,0,0
PILOT-001455,34.4,3,14,18.0,0.878,0.3901,0.4925,12.96,2.51,0,0
PILOT-001456,10.5,1,4,14.38,0.275,0.3811,0.7035,10.35,1.26,1,0
PILOT-001457,24.3,6,1,12.2,0.2593,0.2555,0.4568,8.78,0.99,0,0
PILOT-001458,7.0,3,3,11.44,0.4708,0.1869,0.4117,8.24,1.24,0,0
PILOT-001459,73.7,0,2,5.47,0.0621,0.4926,0.5376,3.94,0.24,1,0
PILOT-001460,35.1,4,6,22.5,0.8724,0.261,0.422,16.2,3.12,0,0
PILOT-001461,19.5,1,5,14.24,0.3611,0.6247,0.6132,10.25,1.33,0,0
PILOT-001462,4.4,2,8,16.66,0.6867,0.2527,0.7869,12.0,2.18,0,1
PILOT-001463,29.6,4,4,15.52,0.7656,0.418,0.6961,11.17,2.02,1,0
PILOT-001464,27.2,6,9,15.43,0.7452,0.353,0.6629,11.11,1.99,0,0
PILOT-001465,44.6,1,2,17.22,0.5957,0.4241,0.5576,12.4,1.85,0,0
PILOT-001466,11.7,1,2,11.99,0.3614,0.7752,0.1311,8.63,1.15,0,1
PILOT-001467,54.4,0,6,10.76,0.4317,0.1368,0.4295,7.75,0.94,1,0
PILOT-001468,85.4,3,2,8.8,0.2913,0.6503,0.3462,6.34,0.55,0,0
PILOT-001469,33.5,6,4,18.79,0.7498,0.3541,0.6002,13.53,2.38,0,0
PILOT-001470,22.5,2,11,22.15,0.8187,0.1995,0.6497,15.95,3.05,1,1
PILOT-001471,8.0,5,11,21.06,0.7585,0.3913,0.6716,15.16,2.88,1,0
PILOT-001472,16.7,3,5,19.34,0.4711,0.7544,0.4796,13.92,2.03,1,1
PILOT-001473,21.8,1,3,10.18,0.1531,0.612,0.6918,7.33,0.73,0,0
PILOT-001474,45.5,2,6,12.44,0.393,0.453,0.5032,8.96,1.08,0,0
PILOT-001475,4.7,1,1,11.84,0.1724,0.3381,0.6783,8.52,0.94,1,0
PILOT-001476,6.7,8,3,18.57,0.7097,0.3481,0.1756,13.37,2.46,1,1
PILOT-001477,45.4,2,3,12.8,0.5838,0.7084,0.7041,9.22,1.36,1,0
PILOT-001478,16.0,3,2,14.28,0.4923,0.759,0.7374,10.28,1.53,1,0
PILOT-001479,29.8,4,6,17.7,0.9056,0.2624,0.4905,12.74,2.55,1,0
PILOT-001480,21.7,1,2,9.13,0.1657,0.4522,0.4238,6.57,0.66,1,0
PILOT-001481,8.3,4,6,12.3,0.488,0.7683,0.6189,8.86,1.35,0,0
PILOT-001482,14.3,1,5,22.3,0.6188,0.2246,0.6989,16.06,2.69,1,0
PILOT-001483,31.6,0,6,12.83,0.1572,0.6787,0.6317,9.24,0.88,1,0
PILOT-001484,36.2,5,8,21.43,0.8217,0.3709,0.6803,15.43,2.85,1,0
PILOT-001485,42.1,7,4,14.72,0.511,0.4934,0.4451,10.6,1.47,0,0
PILOT-001486,4.0,5,8,18.94,0.9557,0.5205,0.3281,13.64,2.99,0,1
PILOT-001487,40.3,2,6,16.47,0.7857,0.6596,0.6454,11.86,2.11,1,1
PILOT-001488,29.1,2,3,12.22,0.6197,0.4518,0.8832,8.8,1.41,1,0
PILOT-001489,8.4,3,6,11.92,0.5843,0.1548,0.8073,8.58,1.42,1,0
PILOT-001490,109.1,0,2,11.54,0.2424,0.6524,0.8207,8.31,0.57,0,0
PILOT-001491,6.8,5,8,19.51,0.8766,0.3875,0.5194,14.05,2.91,1,0
PILOT-001492,31.5,3,3,13.7,0.6738,0.7402,0.8377,9.86,1.64,0,0
PILOT-001493,31.7,3,4,15.96,0.6716,0.3414,0.285,11.49,1.91,0,0
PILOT-001494,15.9,1,2,15.68,0.5126,0.3134,0.7234,11.29,1.72,1,1
PILOT-001495,25.9,0,0,11.75,0.031,0.4931,0.1857,8.46,0.68,1,0
PILOT-001496,21.7,4,9,20.73,0.7638,0.2242,0.5843,14.93,2.75,0,1
PILOT-001497,15.9,5,5,19.81,0.8738,0.186,0.7038,14.26,2.89,1,1
PILOT-001498,47.1,6,6,13.75,0.2829,0.6469,0.2237,9.9,1.04,0,0
PILOT-001499,9.7,0,4,10.42,0.1254,0.3267,0.6332,7.5,0.76,1,0
PILOT-001500,24.3,3,6,17.71,0.6872,0.1677,0.8913,12.75,2.2,1,0
PILOT-001501,13.1,3,2,18.32,0.7214,0.4872,0.6125,13.19,2.41,0,0
PILOT-001502,33.1,4,7,12.3,0.4278,0.3818,0.7459,8.86,1.17,1,0
PILOT-001503,40.9,2,4,14.48,0.4105,0.8131,0.5765,10.43,1.31,1,0
PILOT-001504,34.9,0,2,12.66,0.2733,0.2747,0.4008,9.12,1.0,1,0
PILOT-001505,36.3,0,2,18.66,0.5046,0.4852,0.3416,13.44,1.89,0,0
PILOT-001506,10.4,3,4,16.26,0.6427,0.2635,0.7004,11.71,2.02,1,1
PILOT-001507,32.6,5,7,19.29,0.8246,0.3304,0.804,13.89,2.6,1,1
PILOT-001508,46.5,2,6,11.42,0.4432,0.6122,0.7047,8.22,1.05,1,0
PILOT-001509,11.8,3,6,17.2,0.6794,0.6348,0.9027,12.38,2.2,0,1
PILOT-001510,48.9,2,5,13.71,0.2557,0.8973,0.1666,9.87,0.99,1,0
PILOT-001511,43.0,4,2,12.62,0.5229,0.5123,0.3767,9.09,1.27,1,0
PILOT-001512,14.0,6,11,16.54,0.8004,0.7693,0.8447,11.91,2.3,0,0
PILOT-001513,61.1,0,7,12.97,0.4979,0.2884,0.6197,9.34,1.19,0,0
PILOT-001514,110.5,1,1,7.88,0.2549,0.6753,0.5256,5.67,0.39,0,0
PILOT-001515,40.9,1,1,8.52,0.1077,0.5567,0.5224,6.13,0.51,0,0
PILOT-001516,4.9,2,6,14.81,0.8378,0.1739,0.2839,10.66,2.16,0,1
PILOT-001517,12.0,2,4,14.41,0.5482,0.3778,0.2772,10.38,1.65,1,0
PILOT-001518,22.4,1,4,12.25,0.5288,0.7775,0.6062,8.82,1.33,0,0
PILOT-001519,20.0,6,9,11.01,0.5757,0.4008,0.6083,7.93,1.26,1,1
PILOT-001520,40.0,3,3,15.66,0.5276,0.4344,0.8603,11.28,1.6,1,1
PILOT-001521,68.6,5,5,11.21,0.4802,0.6232,0.3642,8.07,0.98,0,0
PILOT-001522,81.8,2,5,12.68,0.2401,0.2455,0.3784,9.13,0.74,0,0
PILOT-001523,29.5,3,3,19.49,0.6815,0.3308,0.6454,14.03,2.37,1,0
PILOT-001524,13.6,2,6,17.15,0.4088,0.2905,0.3064,12.35,1.71,1,0
PILOT-001525,66.9,2,3,13.73,0.2227,0.3184,0.1754,9.89,0.85,0,0
PILOT-001526,9.8,5,9,21.43,0.892,0.5922,0.3042,15.43,3.21,0,1
PILOT-001527,12.3,3,0,14.4,0.3108,0.1928,0.2438,10.37,1.31,1,0
PILOT-001528,25.9,2,4,19.34,0.6735,0.5687,0.5787,13.92,2.36,0,0
PILOT-001529,77.8,0,1,10.11,0.1814,0.5039,0.3563,7.28,0.55,0,0
PILOT-001530,12.4,2,6,14.32,0.4423,0.1752,0.2778,10.31,1.49,0,0
PILOT-001531,15.7,1,2,9.71,0.1372,0.7502,0.2544,6.99,0.7,1,1
PILOT-001532,30.5,1,4,11.83,0.3561,0.5081,0.1787,8.52,1.05,0,0
PILOT-001533,30.6,2,4,8.94,0.2257,0.6753,0.6071,6.44,0.68,1,1
PILOT-001534,7.2,3,7,16.59,0.7053,0.5254,0.834,11.94,2.19,1,0
PILOT-001535,50.6,4,7,12.65,0.4629,0.2238,0.5916,9.11,1.16,0,0
PILOT-001536,64.2,2,6,12.02,0.4163,0.6025,0.6004,8.65,0.99,1,0
PILOT-001537,16.0,0,6,16.59,0.4491,0.4599,0.2955,11.94,1.71,1,0
PILOT-001538,20.6,3,0,16.91,0.4193,0.8178,0.8738,12.18,1.67,1,0
PILOT-001539,17.3,2,7,17.49,0.4819,0.7814,0.279,12.59,1.85,0,0
PILOT-001540,4.4,1,10,13.93,0.7651,0.5699,0.8818,10.03,1.94,0,0
PILOT-001541,35.1,5,3,19.48,0.8128,0.4223,0.8013,14.03,2.58,1,0
PILOT-001542,14.5,1,4,19.23,0.9298,0.2722,0.7013,13.85,2.92,1,0
PILOT-001543,7.5,1,6,13.15,0.5627,0.2236,0.1085,9.47,1.55,1,0
PILOT-001544,36.6,1,3,14.96,0.4355,0.4256,0.4226,10.77,1.41,1,0
PILOT-001545,15.8,2,2,10.36,0.448,0.4125,0.4168,7.46,1.07,1,0
PILOT-001546,28.2,0,6,12.46,0.404,0.4803,0.1002,8.97,1.17,0,0
PILOT-001547,17.5,1,3,9.41,0.6379,0.5258,0.6563,6.78,1.14,1,1
PILOT-001548,49.6,0,2,8.22,0.0773,0.6982,0.0799,5.92,0.44,0,0
PILOT-001549,44.3,6,5,14.64,0.5765,0.2663,0.5893,10.54,1.55,1,1
PILOT-001550,77.5,4,4,15.26,0.2688,0.801,0.5897,10.99,0.96,0,0
PILOT-001551,9.1,3,7,12.69,0.4698,0.4268,0.179,9.14,1.37,0,0
PILOT-001552,35.2,5,9,18.17,0.7653,0.2246,0.2074,13.08,2.32,1,0
PILOT-001553,28.9,5,3,11.42,0.356,0.8521,0.6459,8.22,1.02,1,1
PILOT-001554,11.2,2,3,18.02,0.3511,0.1399,0.5243,12.97,1.71,1,0
PILOT-001555,27.6,5,4,16.79,0.6449,0.7407,0.1971,12.09,1.99,0,1
PILOT-001556,93.7,0,3,10.72,0.2827,0.308,0.5689,7.72,0.63,1,0
PILOT-001557,34.8,1,1,15.28,0.5546,0.5145,0.8564,11.0,1.63,0,1
PILOT-001558,31.4,3,5,20.74,0.7123,0.2337,0.2369,14.93,2.57,0,0
PILOT-001559,20.2,2,4,12.54,0.6967,0.7949,0.5331,9.03,1.59,0,1
PILOT-001560,32.7,1,6,16.81,0.883,0.1631,0.4934,12.1,2.36,1,1
PILOT-001561,19.2,2,1,14.35,0.6149,0.1687,0.5865,10.33,1.7,0,1
PILOT-001562,26.0,2,4,14.5,0.4255,0.5204,0.5119,10.44,1.41,0,0
PILOT-001563,95.4,3,2,14.53,0.4985,0.508,0.6326,10.46,1.16,0,0
PILOT-001564,7.6,4,5,13.83,0.5016,0.2926,0.4777,9.96,1.54,0,0
PILOT-001565,1.9,4,6,16.1,0.6092,0.6419,0.8206,11.59,2.0,0,1
PILOT-001566,106.0,1,1,8.03,0.051,0.3904,0.0976,5.78,0.32,1,0
PILOT-001567,12.1,2,3,14.65,0.7718,0.3518,0.2992,10.55,2.0,1,0
PILOT-001568,82.7,2,6,12.7,0.5288,0.8488,0.4252,9.14,1.11,1,0
PILOT-001569,84.8,3,15,19.19,0.8341,0.5607,0.6154,13.82,2.24,1,0
PILOT-001570,78.2,4,0,11.92,0.1872,0.8601,0.7034,8.58,0.65,1,0
PILOT-001571,45.3,3,4,15.27,0.7655,0.1871,0.3685,10.99,1.9,1,0
PILOT-001572,12.9,4,2,15.13,0.4007,0.7103,0.4461,10.89,1.5,1,1
PILOT-001573,34.7,4,8,13.43,0.7624,0.6369,0.3252,9.67,1.72,0,0
PILOT-001574,13.9,4,9,18.54,0.6999,0.1792,0.3538,13.35,2.39,0,1
PILOT-001575,9.5,1,2,9.48,0.3637,0.5783,0.6957,6.83,0.92,0,0
PILOT-001576,16.6,1,6,17.08,0.8639,0.3182,0.5863,12.3,2.47,1,1
PILOT-001577,52.8,0,2,12.21,0.172,0.6265,0.1002,8.79,0.76,1,0
PILOT-001578,35.7,2,4,12.36,0.3316,0.3526,0.7825,8.9,1.04,0,0
PILOT-001579,109.6,1,4,15.25,0.2422,0.5228,0.5813,10.98,0.74,0,0
PILOT-001580,72.9,4,2,6.73,0.1781,0.5239,0.5034,4.85,0.37,1,0
PILOT-001581,27.8,4,4,14.42,0.4269,0.4942,0.8396,10.38,1.39,0,0
PILOT-001582,3.8,3,5,15.31,0.6578,0.3203,0.5162,11.02,1.97,0,1
PILOT-001583,43.6,3,5,12.85,0.2243,0.6781,0.4386,9.25,0.91,0,0
PILOT-001584,28.6,1,0,12.01,0.0733,0.6521,0.2245,8.65,0.73,1,0
PILOT-001585,29.4,1,4,11.2,0.3338,0.3869,0.5962,8.06,0.97,0,0
PILOT-001586,38.0,4,3,17.18,0.5833,0.5337,0.866,12.37,1.87,0,0
PILOT-001587,53.8,0,5,13.22,0.2876,0.4367,0.2249,9.52,0.97,0,1
PILOT-001588,8.6,0,2,13.37,0.3683,0.4745,0.3449,9.63,1.31,0,1
PILOT-001589,13.9,5,7,19.38,0.7954,0.3964,0.6094,13.95,2.68,1,0
PILOT-001590,29.8,3,3,12.68,0.5135,0.5022,0.7046,9.13,1.33,1,0
PILOT-001591,19.7,1,1,10.07,0.1803,0.307,0.0692,7.25,0.75,1,0
PILOT-001592,98.5,5,7,22.04,0.6972,0.7599,0.6595,15.87,2.17,1,0
PILOT-001593,18.1,2,2,12.47,0.6063,0.3983,0.4411,8.98,1.47,0,0
PILOT-001594,13.3,2,0,14.49,0.2826,0.4588,0.1422,10.43,1.27,0,0
PILOT-001595,88.2,0,3,8.82,0.1556,0.9467,0.3654,6.35,0.42,0,0
PILOT-001596,22.2,2,1,6.5,0.2103,0.22,0.6053,4.68,0.5,0,0
PILOT-001597,49.4,3,9,13.24,0.4211,0.8946,0.3813,9.53,1.17,1,0
PILOT-001598,12.6,3,6,13.49,0.7195,0.1314,0.5931,9.71,1.77,0,1
PILOT-001599,9.5,1,4,15.95,0.4727,0.1127,0.4583,11.48,1.72,1,0
PILOT-001600,13.8,3,3,14.91,0.4362,0.3774,0.5098,10.74,1.53,1,0
PILOT-001601,27.3,3,7,18.51,0.741,0.3286,0.4183,13.33,2.37,1,0
PILOT-001602,20.7,2,3,14.71,0.2964,0.8571,0.1299,10.59,1.27,1,0
PILOT-001603,22.9,7,6,13.42,0.6255,0.7361,0.3168,9.66,1.59,1,1
PILOT-001604,39.9,3,6,20.79,0.8191,0.6439,0.554,14.97,2.73,1,0
PILOT-001605,19.6,1,4,16.69,0.9444,0.1063,0.6418,12.02,2.53,0,0
PILOT-001606,23.0,0,2,8.81,0.103,0.4084,0.599,6.34,0.58,1,0
PILOT-001607,29.0,4,9,22.95,0.9164,0.1799,0.841,16.52,3.33,1,1
PILOT-001608,7.1,1,2,8.83,0.0934,0.6868,0.4525,6.36,0.63,0,0
PILOT-001609,16.9,1,6,14.84,0.6121,0.2421,0.4745,10.68,1.77,0,0
PILOT-001610,20.1,2,3,15.83,0.4222,0.5381,0.2786,11.4,1.57,0,0
PILOT-001611,19.0,0,3,11.68,0.5848,0.4357,0.3548,8.41,1.35,1,0
PILOT-001612,18.4,3,11,17.29,0.6295,0.2642,0.5255,12.45,2.08,0,0
PILOT-001613,10.1,5,3,17.36,0.4482,0.5914,0.5744,12.5,1.83,1,1
PILOT-001614,9.7,3,8,18.54,0.8783,0.6279,0.6537,13.35,2.75,0,0
PILOT-001615,7.7,8,6,15.15,0.7058,0.7669,0.3939,10.91,2.0,1,1
PILOT-001616,12.8,1,7,18.04,0.5242,0.2482,0.4029,12.99,2.02,1,0
PILOT-001617,6.6,5,5,20.02,0.9693,0.468,0.639,14.41,3.17,0,0
PILOT-001618,65.7,1,1,13.75,0.4407,0.7175,0.8764,9.9,1.16,0,0
PILOT-001619,11.8,1,5,13.66,0.4287,0.7981,0.6167,9.84,1.4,0,1
PILOT-001620,62.5,3,2,12.01,0.4099,0.6547,0.2598,8.65,0.99,0,0
PILOT-001621,20.9,1,7,12.69,0.4842,0.4648,0.8216,9.14,1.33,0,0
PILOT-001622,31.4,1,1,17.78,0.4527,0.7002,0.2024,12.8,1.74,0,1
PILOT-001623,8.0,2,4,22.45,0.9661,0.4613,0.6212,16.16,3.54,0,0
PILOT-001624,38.5,0,1,11.84,0.3069,0.5364,0.8721,8.52,0.96,0,0
PILOT-001625,73.8,0,1,22.89,0.5753,0.5043,0.8425,16.48,2.17,0,0
PILOT-001626,10.5,1,3,12.39,0.4333,0.3629,0.3142,8.92,1.28,1,1
PILOT-001627,20.2,5,4,10.78,0.3277,0.5812,0.5345,7.76,0.96,0,1
PILOT-001628,48.4,2,4,13.22,0.6945,0.5621,0.7107,9.52,1.53,0,0
PILOT-001629,2.1,6,5,19.26,0.7054,0.7787,0.7865,13.87,2.58,1,1
PILOT-001630,26.9,3,7,20.04,0.6471,0.4498,0.7195,14.43,2.39,1,0
PILOT-001631,52.9,1,2,10.97,0.2353,0.5229,0.7785,7.9,0.75,1,0
PILOT-001632,17.4,5,3,16.6,0.6172,0.2159,0.2351,11.95,1.98,0,0
PILOT-001633,35.2,2,5,10.76,0.3306,0.3003,0.6242,7.75,0.91,1,0
PILOT-001634,21.4,4,7,14.4,0.5735,0.4953,0.6625,10.37,1.64,1,0
PILOT-001635,37.5,2,2,17.33,0.5832,0.3543,0.5962,12.48,1.89,1,0
PILOT-001636,39.6,0,0,9.01,0.0445,0.8596,0.7496,6.49,0.49,1,0
PILOT-001637,17.8,5,6,18.44,0.9552,0.3083,0.397,13.28,2.82,1,0
PILOT-001638,13.8,1,5,14.31,0.3101,0.5426,0.6024,10.3,1.29,1,0
PILOT-001639,16.6,0,2,16.11,0.6891,0.7792,0.8081,11.6,2.04,0,0
PILOT-001640,59.7,1,2,18.33,0.5513,0.3409,0.3867,13.2,1.79,1,0
PILOT-001641,83.9,2,6,12.06,0.4885,0.7734,0.527,8.68,1.0,1,0
PILOT-001642,24.2,3,5,18.97,0.8521,0.4954,0.6964,13.66,2.67,0,0
PILOT-001643,107.6,0,6,11.46,0.2785,0.7188,0.5825,8.25,0.61,1,0
PILOT-001644,13.8,2,1,11.45,0.2059,0.5708,0.5612,8.24,0.91,0,0
PILOT-001645,44.8,4,6,13.78,0.3884,0.3906,0.4852,9.92,1.19,0,0
PILOT-001646,25.8,1,1,10.15,0.1734,0.2476,0.6167,7.31,0.73,1,0
PILOT-001647,2.1,1,3,14.38,0.7979,0.5477,0.8371,10.35,2.06,1,0
PILOT-001648,18.9,1,12,12.71,0.5851,0.5452,0.4486,9.15,1.47,1,0
PILOT-001649,19.8,2,5,14.06,0.3514,0.5371,0.6918,10.12,1.29,0,0
PILOT-001650,34.1,0,5,7.96,0.3882,0.4509,0.8039,5.73,0.72,0,0
PILOT-001651,12.8,2,5,11.26,0.6415,0.4017,0.7963,8.11,1.39,1,0
PILOT-001652,55.8,0,6,6.78,0.2935,0.4133,0.5723,4.88,0.5,0,1
PILOT-001653,5.7,2,14,16.67,0.9714,0.5777,0.4827,12.0,2.65,1,1
PILOT-001654,33.5,4,10,18.3,0.7682,0.8056,0.2102,13.18,2.36,1,1
PILOT-001655,55.0,2,3,14.42,0.2567,0.8211,0.3183,10.38,1.01,1,0
PILOT-001656,27.2,5,1,14.86,0.4503,0.4386,0.5389,10.7,1.47,0,0
PILOT-001657,5.3,2,7,19.93,0.9173,0.4938,0.779,14.35,3.07,0,0
PILOT-001658,17.1,3,3,10.54,0.2168,0.2535,0.2584,7.59,0.84,1,1
PILOT-001659,11.6,0,3,12.89,0.2597,0.7534,0.0588,9.28,1.11,0,1
PILOT-001660,40.5,2,5,9.38,0.5015,0.4543,0.1712,6.75,0.93,1,1
PILOT-001661,26.1,1,0,10.18,0.1561,0.7892,0.3755,7.33,0.71,1,0
PILOT-001662,13.0,3,10,13.79,0.8374,0.3695,0.2351,9.93,1.97,1,0
PILOT-001663,28.9,3,13,15.22,0.8607,0.1749,0.4997,10.96,2.13,0,1
PILOT-001664,91.8,1,2,10.8,0.135,0.7716,0.4319,7.78,0.48,1,0
PILOT-001665,6.8,2,8,11.76,0.5263,0.6532,0.1253,8.47,1.34,1,0
PILOT-001666,7.5,3,5,16.04,0.5987,0.1868,0.3213,11.55,1.94,0,0
PILOT-001667,23.6,2,6,17.09,0.7292,0.7175,0.481,12.3,2.19,0,0
PILOT-001668,49.0,1,9,19.95,0.8996,0.2898,0.6514,14.36,2.72,1,0
PILOT-001669,15.3,1,5,16.65,0.386,0.8286,0.21,11.99,1.62,1,0
PILOT-001670,12.4,1,5,14.12,0.5057,0.4787,0.657,10.17,1.55,0,0
PILOT-001671,11.4,1,3,14.44,0.6137,0.4321,0.588,10.4,1.75,1,0
PILOT-001672,36.8,3,4,15.44,0.5467,0.6871,0.6184,11.12,1.63,0,0
PILOT-001673,23.7,2,6,17.67,0.8149,0.5779,0.7037,12.72,2.42,1,1
PILOT-001674,18.7,2,0,13.41,0.4445,0.59,0.3193,9.66,1.36,1,0
PILOT-001675,19.0,0,4,14.66,0.4425,0.4941,0.3546,10.56,1.49,0,0
PILOT-001676,19.3,2,4,15.02,0.3296,0.8318,0.5474,10.81,1.35,0,0
PILOT-001677,6.3,1,4,21.66,0.6612,0.3965,0.4028,15.6,2.77,1,0
PILOT-001678,26.4,4,5,19.88,0.7989,0.6878,0.784,14.31,2.67,1,1
PILOT-001679,9.7,6,4,16.43,0.7465,0.5822,0.6039,11.83,2.22,0,1
PILOT-001680,16.0,4,1,10.69,0.4004,0.877,0.6288,7.7,1.05,0,0
PILOT-001681,3.7,2,5,11.01,0.5901,0.2412,0.2336,7.93,1.34,1,0
PILOT-001682,13.8,3,2,16.1,0.633,0.3653,0.8887,11.59,1.97,1,1
PILOT-001683,9.4,0,3,15.52,0.3761,0.4929,0.7553,11.17,1.52,1,0
PILOT-001684,19.6,1,4,15.91,0.436,0.2699,0.3504,11.46,1.6,0,1
PILOT-001685,23.0,2,5,13.37,0.4903,0.8536,0.4466,9.63,1.4,0,0
PILOT-001686,15.4,0,1,8.65,0.1552,0.7201,0.2391,6.23,0.64,0,0
PILOT-001687,74.5,3,2,15.24,0.5772,0.8293,0.5405,10.97,1.45,0,0
PILOT-001688,15.5,4,7,17.93,0.8338,0.5598,0.8752,12.91,2.54,1,0
PILOT-001689,4.4,6,9,11.78,0.576,0.3216,0.3371,8.48,1.41,0,0
PILOT-001690,57.6,4,6,18.18,0.6447,0.4129,0.4254,13.09,1.96,1,0
PILOT-001691,36.9,1,4,19.84,0.7617,0.2245,0.447,14.28,2.52,0,0
PILOT-001692,16.8,2,5,15.75,0.5317,0.3603,0.1355,11.34,1.75,1,0
PILOT-001693,48.2,0,2,10.28,0.1541,0.4695,0.5673,7.4,0.64,1,0
PILOT-001694,36.7,2,7,15.59,0.6829,0.4245,0.3285,11.22,1.86,0,0
PILOT-001695,62.8,2,3,14.25,0.4793,0.6189,0.4778,10.26,1.27,0,0
PILOT-001696,11.5,5,2,12.21,0.511,0.0899,0.4928,8.79,1.35,0,1
PILOT-001697,62.4,1,7,19.07,0.5892,0.3341,0.3121,13.73,1.92,1,0
PILOT-001698,18.0,2,7,16.18,0.361,0.6452,0.5814,11.65,1.51,1,0
PILOT-001699,42.0,1,4,13.41,0.559,0.5339,0.1627,9.66,1.41,0,0
PILOT-001700,16.1,2,9,21.0,0.7718,0.2515,0.3719,15.12,2.84,0,0
PILOT-001701,18.7,2,1,15.01,0.3301,0.517,0.5363,10.81,1.36,1,0
PILOT-001702,31.8,1,3,19.28,0.489,0.5956,0.1296,13.88,1.96,1,1
PILOT-001703,33.8,0,3,17.6,0.4374,0.2874,0.8615,12.67,1.68,0,0
PILOT-001704,12.4,1,2,9.93,0.3174,0.3287,0.5553,7.15,0.91,1,0
PILOT-001705,64.2,5,5,17.0,0.6165,0.6613,0.495,12.24,1.74,0,0
PILOT-001706,50.1,0,2,16.48,0.3544,0.6667,0.2844,11.87,1.34,1,0
PILOT-001707,4.0,6,5,17.23,0.9392,0.7885,0.905,12.41,2.7,0,0
PILOT-001708,39.7,5,8,21.47,0.883,0.4669,0.6536,15.46,2.96,0,0
PILOT-001709,17.9,2,5,13.07,0.5159,0.5682,0.6114,9.41,1.43,1,1
PILOT-001710,52.4,2,6,10.8,0.541,0.642,0.5553,7.78,1.07,0,0
PILOT-001711,18.2,1,5,15.16,0.3809,0.6826,0.5581,10.92,1.45,0,0
PILOT-001712,54.7,0,1,12.82,0.0702,0.7399,0.6755,9.23,0.66,0,0
PILOT-001713,20.9,4,3,15.61,0.6094,0.7703,0.6993,11.24,1.83,0,0
PILOT-001714,28.2,1,0,9.35,0.1348,0.4903,0.2801,6.73,0.63,1,0
PILOT-001715,2.2,0,1,12.69,0.4537,0.2949,0.4673,9.14,1.38,0,0
PILOT-001716,20.0,0,0,10.67,0.1768,0.4612,0.2518,7.68,0.79,0,0
PILOT-001717,8.2,2,6,18.65,0.9034,0.3054,0.1859,13.43,2.82,1,0
PILOT-001718,42.4,0,5,6.33,0.0802,0.7008,0.7077,4.56,0.36,0,0
PILOT-001719,21.8,4,6,14.51,0.6154,0.7169,0.2026,10.45,1.71,0,1
PILOT-001720,17.5,4,8,17.08,0.7551,0.5611,0.569,12.3,2.28,0,0
PILOT-001721,67.1,0,2,9.29,0.2811,0.6062,0.7217,6.69,0.63,1,1
PILOT-001722,29.0,6,7,16.86,0.4364,0.2379,0.4185,12.14,1.64,1,0
PILOT-001723,8.3,3,4,21.49,0.8456,0.2349,0.7745,15.47,3.13,0,1
PILOT-001724,28.7,3,7,11.62,0.4687,0.2937,0.5178,8.37,1.17,1,1
PILOT-001725,19.4,0,3,18.56,0.6552,0.7803,0.6456,13.36,2.27,1,0
PILOT-001726,70.7,1,4,13.83,0.2382,0.5037,0.616,9.96,0.86,1,0
PILOT-001727,13.2,5,7,14.36,0.601,0.6088,0.6563,10.34,1.71,1,0
PILOT-001728,41.4,1,0,10.39,0.1317,0.5627,0.7368,7.48,0.65,1,0
PILOT-001729,7.5,1,4,18.12,0.463,0.1302,0.6324,13.05,1.95,0,0
PILOT-001730,47.4,1,4,11.25,0.1449,0.4372,0.1436,8.1,0.69,0,1
PILOT-001731,29.4,0,4,11.82,0.4037,0.7196,0.6022,8.51,1.11,1,0
PILOT-001732,18.0,1,10,20.21,0.8533,0.4128,0.6618,14.55,2.89,1,1
PILOT-001733,26.6,1,2,13.2,0.4772,0.3965,0.2506,9.5,1.35,1,0
PILOT-001734,53.5,6,9,19.59,0.846,0.4112,0.4072,14.1,2.53,1,0
PILOT-001735,44.2,5,9,17.78,0.6336,0.3983,0.8163,12.8,1.98,0,1
PILOT-001736,16.6,5,6,14.21,0.6899,0.278,0.4267,10.23,1.8,1,0
PILOT-001737,19.1,0,2,10.23,0.2359,0.7575,0.1959,7.37,0.83,0,0
PILOT-001738,34.2,1,4,12.26,0.6191,0.6027,0.5249,8.83,1.39,0,0
PILOT-001739,32.6,0,2,11.74,0.2647,0.3135,0.167,8.45,0.92,0,0
PILOT-001740,40.0,4,10,15.3,0.8135,0.1904,0.6542,11.02,2.0,0,1
PILOT-001741,70.1,3,5,16.65,0.5059,0.7445,0.476,11.99,1.49,0,0
PILOT-001742,20.7,2,6,8.72,0.4237,0.2596,0.5806,6.28,0.86,0,1
PILOT-001743,36.9,1,10,13.33,0.4569,0.33,0.2926,9.6,1.29,1,0
PILOT-001744,44.5,1,6,15.67,0.5002,0.6984,0.3887,11.28,1.54,1,0
PILOT-001745,27.2,5,12,23.34,0.8488,0.12,0.3751,16.8,3.25,1,1
PILOT-001746,15.6,0,4,17.08,0.542,0.2165,0.3143,12.3,1.92,1,0
PILOT-001747,31.9,8,1,18.46,0.8584,0.5391,0.4579,13.29,2.55,0,0
PILOT-001748,28.6,3,1,14.73,0.551,0.6341,0.5141,10.61,1.6,0,1
PILOT-001749,18.4,6,3,17.27,0.6222,0.1497,0.7099,12.43,2.07,1,1
PILOT-001750,15.9,0,3,12.17,0.2382,0.3265,0.3493,8.76,1.0,1,0
PILOT-001751,19.8,7,8,14.11,0.6664,0.5811,0.7342,10.16,1.74,0,0
PILOT-001752,22.9,4,8,17.97,0.6694,0.5731,0.6234,12.94,2.2,1,1
PILOT-001753,27.5,2,3,16.78,0.6127,0.4238,0.725,12.08,1.94,0,0
PILOT-001754,41.2,3,3,9.17,0.3055,0.8124,0.6216,6.6,0.73,1,0
PILOT-001755,50.2,0,2,5.89,0.177,0.5439,0.4309,4.24,0.37,1,0
PILOT-001756,6.0,1,1,8.37,0.3646,0.5259,0.5945,6.03,0.82,0,0
PILOT-001757,60.0,3,4,9.09,0.2953,0.3518,0.6617,6.54,0.65,1,1
PILOT-001758,18.0,4,8,16.74,0.6925,0.6978,0.4463,12.05,2.12,1,1
PILOT-001759,45.1,3,2,7.77,0.2384,0.6836,0.6121,5.59,0.56,1,0
PILOT-001760,4.3,2,1,10.92,0.2271,0.5056,0.6885,7.86,0.93,0,0
PILOT-001761,33.4,3,5,16.56,0.7266,0.7247,0.4159,11.92,2.06,1,0
PILOT-001762,24.4,0,4,17.47,0.6079,0.4135,0.7128,12.58,2.03,1,0
PILOT-001763,21.0,2,8,20.36,0.607,0.878,0.3903,14.66,2.38,0,0
PILOT-001764,22.3,2,4,14.59,0.4497,0.6402,0.5149,10.5,1.47,0,0
PILOT-001765,14.8,1,6,16.62,0.83,0.3508,0.5812,11.97,2.35,0,0
PILOT-001766,15.2,1,6,15.63,0.6718,0.7606,0.5881,11.25,1.96,0,0
PILOT-001767,48.2,1,6,13.75,0.4398,0.4039,0.5623,9.9,1.25,1,0
PILOT-001768,20.3,2,2,10.44,0.2778,0.3906,0.2186,7.52,0.88,1,0
PILOT-001769,46.0,1,2,8.28,0.1004,0.7321,0.3064,5.96,0.48,1,0
PILOT-001770,21.2,4,1,14.56,0.6315,0.7342,0.5938,10.48,1.74,1,0
PILOT-001771,116.5,1,4,12.57,0.1842,0.5583,0.3664,9.05,0.51,1,0
PILOT-001772,5.0,1,7,15.82,0.9228,0.6967,0.7794,11.39,2.44,1,0
PILOT-001773,2.9,6,4,17.64,0.7287,0.5495,0.2699,12.7,2.4,0,1
PILOT-001774,18.5,5,5,17.84,0.8215,0.5604,0.6441,12.84,2.49,1,0
PILOT-001775,29.6,1,3,13.64,0.4848,0.2992,0.6264,9.82,1.39,0,0
PILOT-001776,17.1,1,4,12.24,0.4133,0.7777,0.616,8.81,1.21,0,1
PILOT-001777,13.3,3,4,16.97,0.6296,0.4908,0.2826,12.22,2.07,0,0
PILOT-001778,25.7,1,6,11.18,0.3747,0.1774,0.7353,8.05,1.03,0,0
PILOT-001779,37.6,1,2,15.75,0.5114,0.4349,0.2508,11.34,1.6,1,0
PILOT-001780,4.2,0,4,13.69,0.4539,0.5329,0.4226,9.86,1.48,0,0
PILOT-001781,26.5,0,1,7.21,0.255,0.621,0.2623,5.19,0.58,1,0
PILOT-001782,6.7,1,5,17.36,0.7553,0.5787,0.5189,12.5,2.38,1,0
PILOT-001783,5.5,2,2,11.06,0.3533,0.3211,0.5127,7.96,1.08,1,0
PILOT-001784,37.5,3,4,13.04,0.3389,0.4145,0.2876,9.39,1.1,1,1
PILOT-001785,26.4,2,5,17.03,0.7955,0.6336,0.7353,12.26,2.28,0,0
PILOT-001786,15.1,1,2,10.04,0.3142,0.7449,0.8237,7.23,0.9,1,0
PILOT-001787,65.3,2,4,14.06,0.446,0.4836,0.641,10.12,1.2,0,0
PILOT-001788,30.1,2,2,19.45,0.5679,0.6936,0.567,14.0,2.14,0,0
PILOT-001789,12.8,4,5,13.3,0.2891,0.6555,0.2229,9.58,1.17,1,0
PILOT-001790,34.7,2,0,16.11,0.1281,0.6653,0.6572,11.6,1.04,0,0
PILOT-001791,30.9,1,7,19.45,0.7955,0.6009,0.7478,14.0,2.58,1,0
PILOT-001792,17.5,8,7,22.73,0.9157,0.6777,0.7482,16.37,3.39,1,1
PILOT-001793,24.2,0,8,18.13,0.7537,0.0789,0.7245,13.05,2.37,0,0
PILOT-001794,30.8,4,5,18.2,0.6792,0.3511,0.6585,13.1,2.2,0,0
PILOT-001795,20.4,3,4,21.12,0.7026,0.732,0.86,15.21,2.68,0,0
PILOT-001796,9.2,1,5,14.78,0.6362,0.4366,0.2915,10.64,1.84,0,0
PILOT-001797,6.3,1,6,13.4,0.5642,0.743,0.5008,9.65,1.58,0,0
PILOT-001798,7.6,1,5,7.34,0.2037,0.7225,0.5454,5.28,0.6,1,0
PILOT-001799,17.2,7,2,15.2,0.6379,0.7007,0.468,10.94,1.85,1,1
PILOT-001800,48.9,0,3,10.88,0.2733,0.2594,0.4652,7.83,0.8,0,0
PILOT-001801,6.5,1,6,20.64,0.7158,0.201,0.6566,14.86,2.75,0,0
PILOT-001802,33.5,5,6,19.46,0.7531,0.7084,0.582,14.01,2.48,0,0
PILOT-001803,51.1,4,0,15.1,0.2878,0.57,0.8055,10.87,1.12,1,1
PILOT-001804,2.6,6,5,13.04,0.4354,0.1284,0.4418,9.39,1.39,1,1
PILOT-001805,28.8,1,3,17.41,0.748,0.1801,0.4147,12.54,2.24,1,0
PILOT-001806,13.1,2,7,15.48,0.5172,0.5879,0.7094,11.15,1.72,1,0
PILOT-001807,25.0,5,5,17.37,0.4192,0.2108,0.3096,12.51,1.68,1,0
PILOT-001808,3.8,3,3,10.42,0.4005,0.3586,0.3812,7.5,1.07,1,0
PILOT-001809,47.9,3,2,13.56,0.3597,0.5616,0.7768,9.76,1.12,1,0
PILOT-001810,13.4,3,4,17.43,0.7755,0.3544,0.6999,12.55,2.38,0,0
PILOT-001811,56.9,6,4,16.55,0.5861,0.4214,0.2422,11.92,1.69,1,1
PILOT-001812,13.7,1,3,12.64,0.4182,0.4759,0.775,9.1,1.28,0,0
PILOT-001813,12.8,6,4,15.81,0.6461,0.5458,0.7579,11.38,1.96,0,1
PILOT-001814,21.4,1,7,11.11,0.4896,0.7424,0.3681,8.0,1.17,1,1
PILOT-001815,32.3,3,6,15.04,0.6094,0.1598,0.55,10.83,1.7,0,0
PILOT-001816,1.4,0,2,9.13,0.1327,0.3376,0.4963,6.57,0.7,1,0
PILOT-001817,22.2,2,4,16.87,0.5773,0.5415,0.2439,12.15,1.92,0,1
PILOT-001818,6.0,2,9,18.66,0.9139,0.783,0.6,13.44,2.86,1,1
PILOT-001819,47.6,0,3,11.02,0.2358,0.6959,0.1583,7.93,0.78,1,0
PILOT-001820,36.5,0,2,11.99,0.1705,0.6267,0.235,8.63,0.81,0,0
PILOT-001821,24.9,2,5,17.12,0.7419,0.5316,0.7992,12.33,2.21,1,1
PILOT-001822,61.5,0,10,14.49,0.644,0.3632,0.5583,10.43,1.54,0,0
PILOT-001823,78.2,3,1,11.03,0.2465,0.6179,0.4581,7.94,0.67,1,0
PILOT-001824,25.2,8,4,21.72,0.813,0.726,0.2149,15.64,2.96,0,0
PILOT-001825,9.0,1,4,15.2,0.5365,0.5518,0.5967,10.94,1.74,0,0
PILOT-001826,31.4,0,6,14.24,0.4259,0.4165,0.1195,10.25,1.36,1,0
PILOT-001827,5.5,1,8,17.4,0.8459,0.8285,0.3593,12.53,2.55,1,0
PILOT-001828,20.7,2,6,14.33,0.1987,0.3398,0.1828,10.32,1.1,0,0
PILOT-001829,33.6,5,7,20.69,0.8661,0.7925,0.4545,14.9,2.87,1,0
PILOT-001830,12.5,2,5,15.65,0.5512,0.5584,0.1838,11.27,1.79,0,0
PILOT-001831,27.0,3,6,16.94,0.682,0.4906,0.4001,12.2,2.07,0,1
PILOT-001832,61.8,2,6,14.94,0.3989,0.4007,0.2651,10.76,1.22,0,1
PILOT-001833,23.9,4,4,15.72,0.9315,0.2673,0.4902,11.32,2.34,1,0
PILOT-001834,7.3,2,2,12.86,0.486,0.6704,0.5092,9.26,1.41,1,1
PILOT-001835,6.8,5,12,21.26,0.8994,0.3477,0.5321,15.31,3.22,0,0
PILOT-001836,2.3,2,5,11.02,0.2113,0.4165,0.7034,7.93,0.93,0,0
PILOT-001837,28.3,0,1,6.12,0.22,0.804,0.7134,4.41,0.46,1,0
PILOT-001838,51.1,2,8,15.2,0.3564,0.3702,0.3144,10.94,1.23,0,0
PILOT-001839,21.1,2,5,16.44,0.6409,0.551,0.6756,11.84,1.98,1,1
PILOT-001840,42.2,4,4,14.19,0.665,0.3892,0.5997,10.22,1.64,0,0
PILOT-001841,6.6,9,3,17.76,0.9613,0.345,0.6948,12.79,2.8,0,1
PILOT-001842,33.6,5,3,18.81,0.8651,0.2581,0.9073,13.54,2.6,0,0
PILOT-001843,34.6,2,8,16.41,0.5202,0.517,0.5882,11.82,1.7,0,0
PILOT-001844,29.9,3,5,14.85,0.4301,0.6299,0.5708,10.69,1.43,1,1
PILOT-001845,21.4,2,4,16.12,0.2892,0.2376,0.2536,11.61,1.37,1,0
PILOT-001846,22.9,3,4,16.34,0.714,0.824,0.6722,11.76,2.08,0,0
PILOT-001847,33.3,1,1,11.15,0.1275,0.4371,0.2078,8.03,0.72,0,0
PILOT-001848,21.9,2,6,14.02,0.2905,0.7568,0.5998,10.09,1.19,0,1
PILOT-001849,8.7,0,5,14.56,0.692,0.7187,0.4112,10.48,1.89,1,0
PILOT-001850,14.7,3,3,8.37,0.4004,0.6273,0.5084,6.03,0.83,0,0
PILOT-001851,5.6,1,5,12.25,0.5947,0.736,0.5069,8.82,1.49,0,1
PILOT-001852,36.8,3,12,15.46,0.8399,0.5876,0.7947,11.13,2.08,1,0
PILOT-001853,28.7,1,7,11.7,0.4233,0.7794,0.5799,8.42,1.12,1,0
PILOT-001854,10.4,3,6,11.26,0.3446,0.5409,0.363,8.11,1.07,1,1
PILOT-001855,13.5,1,4,13.9,0.2897,0.8025,0.6951,10.01,1.22,1,0
PILOT-001856,8.9,1,10,21.22,0.8225,0.4394,0.2225,15.28,3.04,0,0
PILOT-001857,37.0,1,8,12.62,0.5729,0.4702,0.2921,9.09,1.36,1,1
PILOT-001858,23.6,4,1,18.29,0.6484,0.4464,0.7078,13.17,2.2,0,0
PILOT-001859,31.5,3,4,15.65,0.5252,0.4881,0.579,11.27,1.65,1,1
PILOT-001860,10.8,4,7,17.78,0.7738,0.4141,0.5077,12.8,2.44,1,0
PILOT-001861,19.5,2,4,23.64,0.9471,0.3776,0.4742,17.02,3.59,0,0
PILOT-001862,20.4,1,4,8.11,0.1694,0.2537,0.4083,5.84,0.6,0,0
PILOT-001863,27.5,4,9,17.76,0.7133,0.4744,0.4975,12.79,2.23,0,0
PILOT-001864,13.2,3,4,14.67,0.4484,0.4074,0.2274,10.56,1.53,0,0
PILOT-001865,17.2,2,6,14.77,0.8446,0.1983,0.3818,10.63,2.1,1,0
PILOT-001866,3.4,3,8,21.69,0.819,0.2488,0.3955,15.62,3.14,0,0
PILOT-001867,18.7,2,6,18.06,0.7156,0.631,0.2251,13.0,2.33,1,0
PILOT-001868,13.5,2,9,21.2,0.8994,0.3657,0.4761,15.26,3.16,1,0
PILOT-001869,29.1,5,2,17.81,0.6765,0.2418,0.4081,12.82,2.16,1,1
PILOT-001870,101.9,0,5,11.77,0.3489,0.4518,0.7926,8.47,0.73,0,0
PILOT-001871,36.4,1,2,6.22,0.1101,0.5985,0.5035,4.48,0.39,1,0
PILOT-001872,44.3,1,5,16.66,0.6338,0.5743,0.5447,12.0,1.86,1,0
PILOT-001873,38.8,2,3,13.25,0.2188,0.7227,0.3678,9.54,0.95,0,0
PILOT-001874,18.3,2,7,16.92,0.8058,0.1927,0.7238,12.18,2.33,0,0
PILOT-001875,38.2,4,5,13.61,0.3873,0.3131,0.5949,9.8,1.21,0,0
PILOT-001876,35.2,1,6,15.01,0.4821,0.5327,0.4565,10.81,1.49,0,0
PILOT-001877,13.9,1,4,9.78,0.2617,0.8452,0.3755,7.04,0.83,0,0
PILOT-001878,7.2,6,7,18.61,0.422,0.2561,0.1699,13.4,1.93,1,0
PILOT-001879,37.0,1,3,12.63,0.3166,0.1551,0.5501,9.09,1.04,0,0
PILOT-001880,29.1,1,7,17.38,0.7651,0.063,0.5762,12.51,2.26,0,0
PILOT-001881,40.5,0,6,13.07,0.3593,0.4356,0.2842,9.41,1.12,1,0
PILOT-001882,21.5,0,4,11.54,0.6972,0.4165,0.4609,8.31,1.45,1,0
PILOT-001883,25.9,4,4,12.34,0.4675,0.3478,0.5706,8.88,1.25,1,0
PILOT-001884,45.4,4,5,24.1,0.6586,0.8437,0.8835,17.35,2.74,1,0
PILOT-001885,8.4,1,6,11.3,0.5154,0.7949,0.4779,8.14,1.27,1,1
PILOT-001886,10.3,5,8,15.66,0.7134,0.7902,0.2698,11.28,2.06,0,1
PILOT-001887,22.4,1,4,20.71,0.7467,0.5001,0.5639,14.91,2.7,0,1
PILOT-001888,99.1,1,1,17.42,0.3645,0.5686,0.3936,12.54,1.13,1,0
PILOT-001889,70.4,3,3,11.25,0.3536,0.7101,0.2397,8.1,0.83,0,0
PILOT-001890,36.1,2,6,8.41,0.3778,0.6252,0.1463,6.06,0.75,1,0
PILOT-001891,40.8,0,2,14.74,0.2355,0.8426,0.1334,10.61,1.07,1,1
PILOT-001892,34.7,1,3,12.13,0.3456,0.6351,0.5668,8.73,1.04,1,1
PILOT-001893,73.8,1,2,11.88,0.2923,0.3259,0.0722,8.55,0.79,0,0
PILOT-001894,64.9,3,1,7.6,0.3132,0.5339,0.1062,5.47,0.55,0,0
PILOT-001895,28.8,1,4,14.28,0.5477,0.4987,0.1417,10.28,1.55,0,1
PILOT-001896,19.6,3,3,16.11,0.5488,0.7928,0.8168,11.6,1.8,1,1
PILOT-001897,19.4,6,10,17.43,0.8203,0.7037,0.1989,12.55,2.42,0,1
PILOT-001898,13.2,6,5,15.16,0.6835,0.7342,0.6821,10.92,1.93,1,0
PILOT-001899,17.4,2,4,13.6,0.6523,0.7335,0.5783,9.79,1.67,1,0
PILOT-001900,11.3,3,8,21.01,0.89,0.7111,0.4642,15.13,3.13,0,1
PILOT-001901,21.8,2,3,16.38,0.7021,0.6237,0.6786,11.79,2.07,1,1
PILOT-001902,27.7,2,8,9.24,0.2817,0.4213,0.2782,6.65,0.76,1,0
PILOT-001903,17.9,2,6,23.75,0.8325,0.5449,0.3106,17.1,3.34,0,0
PILOT-001904,10.1,3,9,18.9,0.7936,0.3579,0.1676,13.61,2.64,0,0
PILOT-001905,12.0,2,3,14.46,0.4262,0.644,0.4408,10.41,1.48,0,0
PILOT-001906,39.0,2,7,13.67,0.5361,0.2859,0.3947,9.84,1.42,0,0
PILOT-001907,22.3,2,9,18.93,0.7022,0.0952,0.7489,13.63,2.39,0,1
PILOT-001908,2.7,2,1,15.62,0.1882,0.5594,0.5231,11.25,1.28,1,0
PILOT-001909,93.7,0,1,10.75,0.048,0.8947,0.264,7.74,0.43,0,0
PILOT-001910,27.3,5,5,12.44,0.5324,0.5041,0.3427,8.96,1.34,0,0
PILOT-001911,21.0,1,5,23.22,0.8214,0.8094,0.3123,16.72,3.22,0,1
PILOT-001912,20.7,0,1,11.51,0.1384,0.2872,0.3763,8.29,0.81,0,0
PILOT-001913,21.9,5,5,13.15,0.5124,0.3724,0.4898,9.47,1.41,1,0
PILOT-001914,34.0,1,4,15.96,0.6075,0.4469,0.7812,11.49,1.8,1,0
PILOT-001915,15.0,0,2,10.63,0.1001,0.5259,0.1471,7.65,0.73,1,0
PILOT-001916,45.0,0,1,8.55,0.1124,0.8902,0.2898,6.16,0.5,0,0
PILOT-001917,40.6,9,8,23.6,0.6692,0.8688,0.8619,16.99,2.74,0,0
PILOT-001918,21.5,3,8,16.42,0.9463,0.1366,0.4139,11.82,2.48,0,0
PILOT-001919,19.0,6,9,18.68,0.8763,0.458,0.3761,13.45,2.7,0,0
PILOT-001920,28.6,1,3,12.08,0.3488,0.6291,0.4417,8.7,1.07,0,0
PILOT-001921,46.2,1,7,12.19,0.283,0.6102,0.7058,8.78,0.92,1,1
PILOT-001922,44.0,1,5,17.38,0.759,0.4985,0.4136,12.51,2.16,1,1
PILOT-001923,23.3,3,6,15.96,0.6353,0.1558,0.5911,11.49,1.9,1,0
PILOT-001924,27.5,3,14,17.32,0.6628,0.4514,0.5388,12.47,2.08,1,0
PILOT-001925,14.5,1,7,13.42,0.5608,0.1373,0.5521,9.66,1.54,1,1
PILOT-001926,35.8,7,8,18.46,0.7692,0.586,0.6918,13.29,2.36,1,1
PILOT-001927,17.0,3,7,9.82,0.5472,0.1968,0.4538,7.07,1.11,0,0
PILOT-001928,51.5,2,6,10.86,0.5205,0.8059,0.2457,7.82,1.06,0,0
PILOT-001929,14.0,4,0,15.52,0.3074,0.155,0.4201,11.17,1.39,1,0
PILOT-001930,53.6,0,4,14.88,0.3114,0.4966,0.4402,10.71,1.13,1,0
PILOT-001931,49.7,2,4,9.8,0.4111,0.8669,0.6609,7.06,0.85,1,0
PILOT-001932,53.2,2,0,15.02,0.4285,0.6177,0.7103,10.81,1.32,0,0
PILOT-001933,9.2,3,6,12.41,0.5628,0.453,0.705,8.94,1.45,0,0
PILOT-001934,13.2,2,3,20.34,0.5828,0.2946,0.2371,14.64,2.39,0,0
PILOT-001935,61.0,0,1,18.07,0.6471,0.4101,0.3902,13.01,1.93,1,0
PILOT-001936,21.0,1,2,8.29,0.1067,0.3682,0.3239,5.97,0.56,0,0
PILOT-001937,46.4,6,7,18.71,0.644,0.7689,0.7003,13.47,2.09,0,0
PILOT-001938,10.8,1,5,18.73,0.5947,0.6344,0.5364,13.49,2.24,0,1
PILOT-001939,14.9,4,9,19.31,0.8089,0.3113,0.5383,13.9,2.69,0,1
PILOT-001940,27.9,1,3,19.9,0.5585,0.2903,0.4214,14.33,2.19,1,0
PILOT-001941,99.1,0,3,11.67,0.2838,0.2373,0.6324,8.4,0.66,0,0
PILOT-001942,34.4,2,2,9.4,0.4978,0.6626,0.1936,6.77,0.95,1,1
PILOT-001943,36.6,2,3,14.99,0.642,0.5942,0.8923,10.79,1.72,0,0
PILOT-001944,10.2,4,8,18.26,0.8022,0.394,0.741,13.15,2.57,1,0
PILOT-001945,21.6,3,5,15.83,0.5489,0.2555,0.2298,11.4,1.76,0,0
PILOT-001946,15.3,3,5,20.04,0.7501,0.3513,0.2473,14.43,2.68,1,0
PILOT-001947,8.3,2,3,14.15,0.528,0.4234,0.4498,10.19,1.61,0,0
PILOT-001948,37.6,0,1,7.48,0.172,0.634,0.1507,5.39,0.51,0,0
PILOT-001949,18.7,2,5,14.03,0.546,0.2179,0.7269,10.1,1.57,0,0
PILOT-001950,37.7,0,7,15.36,0.3845,0.6119,0.2528,11.06,1.37,0,0
PILOT-001951,5.4,2,5,17.3,0.7272,0.6973,0.4623,12.46,2.33,0,0
PILOT-001952,1.7,5,9,14.88,0.7215,0.6156,0.616,10.71,2.02,0,0
PILOT-001953,33.7,3,6,15.17,0.6525,0.736,0.4469,10.92,1.78,0,0
PILOT-001954,87.1,4,9,23.33,0.799,0.8023,0.8391,16.8,2.63,1,0
PILOT-001955,38.0,1,6,14.1,0.4562,0.374,0.6393,10.15,1.35,1,0
PILOT-001956,42.7,1,6,18.11,0.6608,0.1925,0.3269,13.04,2.08,0,0
PILOT-001957,72.3,2,0,5.93,0.1516,0.3337,0.2919,4.27,0.32,1,0
PILOT-001958,7.0,4,3,17.82,0.7746,0.2034,0.4902,12.83,2.48,1,1
PILOT-001959,34.9,1,7,17.85,0.5377,0.3722,0.4146,12.85,1.88,0,1
PILOT-001960,28.0,7,3,9.54,0.7099,0.4339,0.3314,6.87,1.19,0,1
PILOT-001961,23.2,8,6,19.9,0.8746,0.5462,0.6453,14.33,2.85,0,0
PILOT-001962,30.9,0,6,20.36,0.4458,0.2286,0.5603,14.66,1.98,1,0
PILOT-001963,19.7,1,4,6.27,0.2406,0.4858,0.3196,4.51,0.51,0,0
PILOT-001964,78.3,0,4,7.01,0.1052,0.2612,0.5524,5.05,0.32,1,0
PILOT-001965,37.1,2,4,19.31,0.4715,0.599,0.5181,13.9,1.89,0,0
PILOT-001966,7.1,3,5,18.64,0.7819,0.8241,0.3566,13.42,2.6,1,0
PILOT-001967,12.4,6,8,23.82,0.9482,0.1516,0.3669,17.15,3.68,1,1
PILOT-001968,12.5,0,4,13.62,0.524,0.5325,0.4161,9.81,1.52,1,0
PILOT-001969,44.9,2,5,18.72,0.5242,0.3217,0.5855,13.48,1.88,0,0
PILOT-001970,8.6,0,7,15.79,0.6528,0.5805,0.7126,11.37,1.99,0,0
PILOT-001971,54.3,2,4,7.3,0.3152,0.2055,0.5361,5.26,0.55,0,0
PILOT-001972,14.3,1,2,9.61,0.3248,0.5458,0.1929,6.92,0.88,0,0
PILOT-001973,22.7,3,5,21.96,0.7653,0.5497,0.7006,15.81,2.91,0,0
PILOT-001974,34.0,1,4,8.64,0.3023,0.3988,0.6484,6.22,0.71,1,1
PILOT-001975,24.1,0,6,16.27,0.5895,0.2642,0.5877,11.71,1.86,0,0
PILOT-001976,49.7,1,4,11.06,0.5087,0.4363,0.5899,7.96,1.07,1,0
PILOT-001977,25.0,0,4,14.86,0.3059,0.7621,0.5279,10.7,1.27,0,0
PILOT-001978,15.8,3,6,12.19,0.5663,0.6186,0.9184,8.78,1.4,1,0
PILOT-001979,34.6,2,5,15.05,0.4696,0.6697,0.687,10.84,1.48,1,0
PILOT-001980,40.0,4,4,14.16,0.671,0.3617,0.5337,10.2,1.65,1,0
PILOT-001981,15.3,1,5,10.91,0.3703,0.307,0.8028,7.86,1.04,1,0
PILOT-001982,14.4,7,8,20.63,0.7889,0.4794,0.4582,14.85,2.84,0,0
PILOT-001983,17.3,3,3,11.56,0.2814,0.299,0.4761,8.32,0.99,0,0
PILOT-001984,63.5,3,5,11.01,0.3831,0.478,0.5954,7.93,0.87,0,0
PILOT-001985,22.3,2,9,16.36,0.6881,0.5897,0.2805,11.78,2.04,0,1
PILOT-001986,21.3,5,2,8.65,0.2431,0.787,0.4378,6.23,0.7,0,0
PILOT-001987,47.1,1,3,13.45,0.4782,0.8042,0.3087,9.68,1.28,1,0
PILOT-001988,15.5,2,6,15.64,0.4561,0.1814,0.3336,11.26,1.63,1,0
PILOT-001989,4.0,0,3,19.94,0.7367,0.6244,0.595,14.36,2.72,1,0
PILOT-001990,31.7,5,11,14.38,0.6834,0.5513,0.5757,10.35,1.74,1,1
PILOT-001991,46.2,2,3,12.09,0.2484,0.7946,0.5202,8.7,0.87,0,0
PILOT-001992,57.9,4,7,20.39,0.7214,0.5498,0.8002,14.68,2.35,0,0
PILOT-001993,11.6,3,6,18.14,0.6612,0.3004,0.2966,13.06,2.28,0,0
PILOT-001994,28.9,3,9,20.12,0.9249,0.2837,0.3873,14.49,2.94,1,1
PILOT-001995,33.7,3,2,10.11,0.3065,0.5856,0.3105,7.28,0.83,1,0
PILOT-001996,45.2,3,4,19.17,0.4732,0.3549,0.6377,13.8,1.82,1,0
PILOT-001997,15.5,2,4,17.81,0.6823,0.5632,0.1321,12.82,2.26,1,0
PILOT-001998,34.1,3,5,9.42,0.3166,0.347,0.4712,6.78,0.79,1,1
PILOT-001999,27.9,1,4,17.61,0.404,0.4531,0.3352,12.68,1.66,1,0
PILOT-002000,66.8,0,3,11.15,0.1284,0.8413,0.7208,8.03,0.59,0,0
PILOT-002001,24.3,4,10,15.31,0.8255,0.5713,0.652,11.02,2.11,0,0
PILOT-002002,30.6,3,2,21.18,0.7659,0.2933,0.8691,15.25,2.74,1,1
PILOT-002003,30.6,1,4,19.21,0.273,0.6408,0.5438,13.83,1.54,0,0
PILOT-002004,22.3,4,9,12.71,0.678,0.6754,0.7422,9.15,1.57,0,0
PILOT-002005,38.3,3,3,20.74,0.7246,0.8226,0.7676,14.93,2.54,1,1
PILOT-002006,26.6,2,3,16.46,0.4598,0.8568,0.6371,11.85,1.65,1,0
PILOT-002007,9.9,2,5,11.73,0.3428,0.2777,0.3318,8.45,1.11,0,1
PILOT-002008,6.8,4,7,15.88,0.8714,0.1757,0.7956,11.43,2.36,1,1
PILOT-002009,23.1,5,4,15.47,0.6839,0.6226,0.4166,11.14,1.92,0,0
PILOT-002010,8.6,0,4,19.2,0.8364,0.4807,0.7763,13.82,2.78,0,0
PILOT-002011,23.4,1,1,11.27,0.0293,0.5184,0.2161,8.11,0.66,0,0
PILOT-002012,27.1,4,3,13.24,0.3598,0.3895,0.2709,9.53,1.19,1,0
PILOT-002013,33.4,1,2,12.66,0.1891,0.6078,0.31,9.12,0.9,1,0
PILOT-002014,85.3,7,4,14.68,0.5044,0.5918,0.3401,10.57,1.23,1,0
PILOT-002015,23.0,0,6,11.24,0.3734,0.4499,0.2856,8.09,1.05,0,0
PILOT-002016,22.5,2,4,13.44,0.8435,0.1697,0.7512,9.68,1.88,0,0
PILOT-002017,47.9,3,6,20.97,0.6479,0.4753,0.4838,15.1,2.34,1,0
PILOT-002018,26.0,3,5,16.53,0.6806,0.5012,0.636,11.9,2.03,0,0
PILOT-002019,66.3,1,1,12.02,0.2309,0.7472,0.2945,8.65,0.76,1,0
PILOT-002020,14.7,6,5,22.1,0.8436,0.5957,0.7363,15.91,3.16,1,1
PILOT-002021,36.5,0,4,12.83,0.4521,0.6559,0.4928,9.24,1.23,0,0
PILOT-002022,29.7,1,4,13.74,0.4457,0.3274,0.7639,9.89,1.34,0,0
PILOT-002023,26.9,2,5,19.89,0.6812,0.3722,0.3698,14.32,2.44,1,0
PILOT-002024,16.5,1,6,11.15,0.432,0.3521,0.5669,8.03,1.13,0,0
PILOT-002025,1.3,7,4,10.72,0.5984,0.3184,0.5741,7.72,1.32,0,1
PILOT-002026,47.7,6,8,18.33,0.7712,0.3773,0.5623,13.2,2.27,1,1
PILOT-002027,42.4,0,0,8.62,0.1239,0.2865,0.16,6.21,0.53,1,0
PILOT-002028,39.0,3,7,17.59,0.5843,0.3597,0.6072,12.66,1.91,0,0
PILOT-002029,20.7,1,8,20.34,0.7779,0.2222,0.3745,14.64,2.73,0,1
PILOT-002030,33.5,2,2,9.28,0.2657,0.5848,0.6828,6.68,0.73,0,0
PILOT-002031,19.9,5,4,16.18,0.5182,0.5745,0.4154,11.65,1.76,1,0
PILOT-002032,29.2,0,5,15.81,0.679,0.4717,0.578,11.38,1.92,1,0
PILOT-002033,38.2,5,9,20.82,0.889,0.6204,0.3137,14.99,2.9,0,0
PILOT-002034,48.0,1,6,14.18,0.3976,0.6594,0.1674,10.21,1.23,0,0
PILOT-002035,60.6,2,4,13.38,0.5049,0.644,0.6107,9.63,1.24,0,0
PILOT-002036,28.0,3,5,15.93,0.5893,0.5379,0.264,11.47,1.8,0,0
PILOT-002037,30.6,0,8,12.79,0.5587,0.2761,0.6749,9.21,1.39,0,0
PILOT-002038,31.0,3,2,12.53,0.4768,0.8356,0.3915,9.02,1.26,1,1
PILOT-002039,12.4,1,7,19.35,0.7969,0.7491,0.5012,13.93,2.69,1,0
PILOT-002040,13.9,4,4,17.95,0.5383,0.2587,0.4001,12.92,2.03,0,0
PILOT-002041,50.4,2,3,10.52,0.3355,0.7142,0.7022,7.57,0.84,0,0
PILOT-002042,17.0,2,4,18.07,0.6964,0.5066,0.6309,13.01,2.3,1,0
PILOT-002043,19.8,3,5,11.98,0.6207,0.1676,0.6438,8.63,1.42,0,0
PILOT-002044,29.5,1,6,11.18,0.524,0.542,0.5928,8.05,1.18,1,1
PILOT-002045,22.8,2,5,12.38,0.4445,0.3617,0.5699,8.91,1.24,1,0
PILOT-002046,7.3,2,4,14.95,0.8789,0.2833,0.2269,10.76,2.23,0,1
PILOT-002047,30.3,3,5,11.58,0.579,0.2612,0.4835,8.34,1.29,0,0
PILOT-002048,6.2,4,5,13.18,0.6299,0.6397,0.7453,9.49,1.64,0,1
PILOT-002049,18.0,2,7,15.07,0.6917,0.7234,0.5391,10.85,1.91,1,0
PILOT-002050,3.6,2,9,15.11,0.504,0.3788,0.1633,10.88,1.71,0,1
PILOT-002051,16.0,1,3,12.18,0.3507,0.4261,0.6642,8.77,1.14,1,0
PILOT-002052,25.8,1,2,8.99,0.1149,0.621,0.5261,6.47,0.6,0,0
PILOT-002053,26.7,0,4,14.27,0.3724,0.5763,0.7642,10.27,1.31,1,0
PILOT-002054,70.9,1,2,14.75,0.5395,0.4517,0.2873,10.62,1.36,0,0
PILOT-002055,40.1,0,1,8.99,0.1547,0.6264,0.7873,6.47,0.58,0,0
PILOT-002056,10.0,4,8,19.26,0.7805,0.6177,0.7535,13.87,2.67,1,1
PILOT-002057,11.8,0,0,7.7,0.144,0.6048,0.8477,5.54,0.57,0,0
PILOT-002058,2.5,0,3,5.0,0.1273,0.6643,0.5482,3.6,0.38,1,0
PILOT-002059,20.8,2,4,20.93,0.4983,0.3273,0.458,15.07,2.23,1,0
PILOT-002060,10.6,0,5,8.51,0.2924,0.8706,0.6408,6.13,0.76,0,0
PILOT-002061,46.4,2,1,12.91,0.3825,0.3868,0.2139,9.3,1.1,0,0
PILOT-002062,28.4,2,7,9.37,0.4095,0.4859,0.5753,6.75,0.89,0,0
PILOT-002063,20.3,4,5,15.78,0.7695,0.6378,0.7202,11.36,2.11,1,0
PILOT-002064,24.2,1,5,15.38,0.4519,0.6074,0.6102,11.07,1.55,0,0
PILOT-002065,30.3,3,9,18.84,0.8195,0.6573,0.2255,13.56,2.54,0,1
PILOT-002066,54.4,1,8,14.8,0.6189,0.3331,0.4522,10.66,1.57,0,0
PILOT-002067,94.0,1,7,20.45,0.4851,0.5929,0.1618,14.72,1.61,0,0
PILOT-002068,7.9,3,7,17.04,0.4824,0.181,0.4724,12.27,1.86,0,0
PILOT-002069,15.7,2,1,14.06,0.4483,0.6905,0.602,10.12,1.45,1,0
PILOT-002070,68.8,1,4,11.56,0.4416,0.3012,0.1577,8.32,0.96,0,0
PILOT-002071,15.2,2,2,15.27,0.2214,0.5873,0.6242,10.99,1.23,1,0
PILOT-002072,10.9,1,5,14.49,0.4782,0.7358,0.4685,10.43,1.56,0,0
PILOT-002073,49.2,1,2,15.06,0.3291,0.6788,0.6364,10.84,1.19,1,0
PILOT-002074,5.0,8,2,14.81,0.4587,0.5663,0.5254,10.66,1.6,0,1
PILOT-002075,42.5,1,4,6.07,0.263,0.1981,0.502,4.37,0.46,1,0
PILOT-002076,12.7,2,5,19.69,0.7227,0.1671,0.381,14.18,2.59,0,0
PILOT-002077,12.3,2,4,17.1,0.4738,0.8523,0.2649,12.31,1.83,0,0
PILOT-002078,14.0,3,3,11.11,0.5919,0.3016,0.2409,8.0,1.31,0,0
PILOT-002079,46.0,1,2,10.29,0.2055,0.9228,0.379,7.41,0.7,0,0
PILOT-002080,55.3,0,2,14.39,0.1307,0.6698,0.618,10.36,0.82,1,0
PILOT-002081,87.9,2,6,15.34,0.423,0.8239,0.7937,11.04,1.15,1,0
PILOT-002082,9.6,3,9,18.06,0.8002,0.667,0.509,13.0,2.54,1,1
PILOT-002083,18.7,2,3,14.58,0.3414,0.8058,0.6231,10.5,1.33,1,1
PILOT-002084,64.6,1,3,8.48,0.2186,0.8933,0.5025,6.11,0.53,0,0
PILOT-002085,88.1,3,6,20.71,0.6526,0.1433,0.5655,14.91,2.02,0,0
PILOT-002086,1.6,6,8,12.69,0.6668,0.707,0.6408,9.14,1.65,0,1
PILOT-002087,15.4,1,5,19.6,0.6274,0.539,0.5716,14.11,2.38,1,0
PILOT-002088,18.4,2,10,15.92,0.5425,0.7243,0.4242,11.46,1.78,1,0
PILOT-002089,4.5,3,13,16.26,0.9242,0.342,0.7506,11.71,2.52,0,0
PILOT-002090,33.3,4,5,8.67,0.4608,0.5399,0.3539,6.24,0.85,0,0
PILOT-002091,26.4,0,0,5.63,0.1374,0.6231,0.5857,4.05,0.38,0,0
PILOT-002092,21.9,0,2,10.84,0.2632,0.3077,0.7185,7.8,0.89,1,0
PILOT-002093,11.6,1,1,8.99,0.2377,0.4012,0.7226,6.47,0.75,0,0
PILOT-002094,22.4,3,2,10.66,0.2305,0.6458,0.4686,7.68,0.84,0,1
PILOT-002095,49.9,0,0,10.92,0.0876,0.8036,0.2277,7.86,0.6,0,0
PILOT-002096,19.7,2,4,17.34,0.6273,0.6195,0.6878,12.48,2.07,1,1
PILOT-002097,18.3,1,3,10.78,0.3765,0.2679,0.795,7.76,1.02,1,0
PILOT-002098,10.8,5,8,20.1,0.8342,0.4575,0.4322,14.47,2.88,0,1
PILOT-002099,5.6,2,9,16.54,0.5164,0.6853,0.8646,11.91,1.88,1,0
PILOT-002100,65.8,0,0,13.8,0.1717,0.1841,0.7956,9.94,0.79,1,0
PILOT-002101,18.4,1,9,14.02,0.8277,0.6617,0.4183,10.09,1.96,0,0
PILOT-002102,11.7,5,6,17.62,0.8745,0.7227,0.7161,12.69,2.59,1,1
PILOT-002103,17.5,3,2,13.59,0.3937,0.1851,0.3535,9.78,1.32,0,0
PILOT-002104,44.6,1,2,7.18,0.2908,0.3605,0.6493,5.17,0.55,1,0
PILOT-002105,9.2,0,2,15.56,0.3971,0.3717,0.495,11.2,1.56,1,0
PILOT-002106,4.2,3,8,20.54,0.8573,0.3809,0.9086,14.79,3.04,0,1
PILOT-002107,29.5,0,5,19.11,0.5237,0.6123,0.7261,13.76,2.02,1,1
PILOT-002108,21.3,3,5,20.02,0.6953,0.2047,0.4201,14.41,2.52,0,0
PILOT-002109,19.1,3,1,10.27,0.2191,0.2706,0.4741,7.39,0.81,0,0
PILOT-002110,43.6,1,3,11.29,0.161,0.6469,0.3102,8.13,0.73,0,0
PILOT-002111,26.4,4,6,10.81,0.4413,0.4851,0.1778,7.78,1.07,1,0
PILOT-002112,3.7,6,4,16.91,0.6363,0.2693,0.3787,12.18,2.14,1,1
PILOT-002113,22.7,3,9,18.87,0.7531,0.2959,0.3901,13.59,2.47,0,0
PILOT-002114,56.4,3,7,16.53,0.5974,0.2936,0.6402,11.9,1.71,0,0
PILOT-002115,60.9,0,2,14.63,0.1235,0.5883,0.6057,10.53,0.8,1,1
PILOT-002116,5.0,3,13,18.05,0.875,0.4018,0.4883,13.0,2.7,0,1
PILOT-002117,50.2,6,3,17.79,0.4843,0.6958,0.5838,12.81,1.68,0,0
PILOT-002118,8.0,3,5,19.7,0.945,0.3379,0.2763,14.18,3.07,1,1
PILOT-002119,7.7,4,3,12.98,0.4136,0.7506,0.8491,9.35,1.33,1,1
PILOT-002120,3.0,1,5,9.37,0.6264,0.6545,0.6906,6.75,1.18,1,0
PILOT-002121,27.0,1,5,19.96,0.8357,0.3859,0.3134,14.37,2.75,0,1
PILOT-002122,53.8,2,6,17.3,0.4555,0.3082,0.4113,12.46,1.56,0,0
PILOT-002123,66.4,0,1,9.17,0.1551,0.7132,0.5889,6.6,0.51,0,0
PILOT-002124,36.9,4,6,14.69,0.4819,0.45,0.5831,10.58,1.45,1,1
PILOT-002125,45.4,1,6,17.23,0.4844,0.3981,0.7443,12.41,1.66,1,1
PILOT-002126,18.8,0,6,16.62,0.5295,0.5171,0.2237,11.97,1.83,0,0
PILOT-002127,15.5,3,9,14.58,0.4132,0.7044,0.2696,10.5,1.45,1,1
PILOT-002128,35.7,4,3,11.12,0.5597,0.5296,0.4506,8.01,1.19,0,0
PILOT-002129,0.4,3,7,13.79,0.7289,0.3906,0.3905,9.93,1.89,0,1
PILOT-002130,31.3,2,4,13.37,0.4046,0.4021,0.5636,9.63,1.25,0,0
PILOT-002131,17.7,5,6,14.59,0.8144,0.2467,0.4908,10.5,2.03,1,1
PILOT-002132,8.3,3,7,16.09,0.8095,0.5616,0.5907,11.58,2.28,0,0
PILOT-002133,9.0,1,6,16.32,0.48,0.2084,0.2842,11.75,1.77,1,1
PILOT-002134,38.7,2,0,12.11,0.5669,0.6644,0.6955,8.72,1.29,1,0
PILOT-002135,54.4,1,3,13.45,0.2482,0.7516,0.1884,9.68,0.93,0,0
PILOT-002136,19.7,3,3,20.33,0.641,0.4225,0.6604,14.64,2.46,0,0
PILOT-002137,10.8,6,8,16.15,0.4102,0.5497,0.3767,11.63,1.63,1,0
PILOT-002138,8.9,5,10,14.82,0.6689,0.1782,0.7753,10.67,1.89,0,1
PILOT-002139,18.2,2,6,17.91,0.8054,0.3767,0.6099,12.9,2.47,1,0
PILOT-002140,60.5,1,2,11.39,0.3372,0.7302,0.4955,8.2,0.86,1,0
PILOT-002141,9.2,4,12,18.67,0.834,0.3326,0.4865,13.44,2.69,1,1
PILOT-002142,44.0,1,8,19.16,0.6352,0.6291,0.5637,13.8,2.14,1,1
PILOT-002143,18.7,5,7,23.6,0.9687,0.2971,0.7279,16.99,3.64,0,0
PILOT-002144,25.0,2,6,18.47,0.5197,0.5481,0.6582,13.3,1.98,0,0
PILOT-002145,2.1,0,3,13.39,0.3568,0.2724,0.3104,9.64,1.32,0,0
PILOT-002146,15.6,5,6,14.36,0.6662,0.3094,0.5874,10.34,1.8,1,1
PILOT-002147,33.0,3,3,12.07,0.4088,0.4785,0.3856,8.69,1.12,0,0
PILOT-002148,22.9,2,4,12.75,0.6635,0.5541,0.2888,9.18,1.56,0,0
PILOT-002149,19.1,4,3,15.22,0.3284,0.6976,0.3379,10.96,1.37,0,0
PILOT-002150,2.8,0,6,17.84,0.8082,0.4226,0.5376,12.84,2.57,0,0
PILOT-002151,11.0,4,3,20.06,0.8235,0.2742,0.443,14.44,2.86,1,1
PILOT-002152,8.2,3,7,13.58,0.6885,0.6246,0.4624,9.78,1.76,0,0
PILOT-002153,14.9,2,1,18.15,0.4538,0.7005,0.5894,13.07,1.89,0,1
PILOT-002154,12.3,4,7,17.44,0.7511,0.6332,0.4067,12.56,2.35,1,0
PILOT-002155,30.9,4,1,14.4,0.2537,0.362,0.1171,10.37,1.13,1,0
PILOT-002156,26.7,0,6,18.07,0.4354,0.1686,0.24,13.01,1.77,0,0
PILOT-002157,5.6,2,5,16.76,0.6697,0.7121,0.5115,12.07,2.16,1,1
PILOT-002158,8.2,0,5,18.35,0.4894,0.8164,0.51,13.21,2.02,1,0
PILOT-002159,4.7,2,8,14.91,0.5116,0.508,0.7786,10.74,1.69,0,0
PILOT-002160,7.1,1,4,14.85,0.2794,0.3339,0.6992,10.69,1.33,0,0
PILOT-002161,57.4,1,3,12.18,0.3228,0.5599,0.5226,8.77,0.92,0,0
PILOT-002162,4.7,2,5,11.52,0.4756,0.4109,0.5587,8.29,1.27,1,0
PILOT-002163,6.3,3,3,18.04,0.7395,0.2576,0.6746,12.99,2.45,0,1
PILOT-002164,23.7,0,2,16.65,0.5159,0.6739,0.6038,11.99,1.78,0,0
PILOT-002165,44.0,0,6,11.74,0.262,0.584,0.6542,8.45,0.87,0,0
PILOT-002166,6.1,0,2,11.35,0.3292,0.467,0.556,8.17,1.08,0,0
PILOT-002167,50.8,0,4,14.15,0.4304,0.7608,0.3871,10.19,1.26,1,0
PILOT-002168,49.1,2,4,13.12,0.4893,0.7953,0.6186,9.45,1.25,0,0
PILOT-002169,15.3,2,2,9.43,0.2855,0.6246,0.6439,6.79,0.82,1,1
PILOT-002170,23.2,1,5,16.27,0.6302,0.5835,0.3555,11.71,1.93,1,0
PILOT-002171,52.7,2,4,12.62,0.5029,0.4625,0.6493,9.09,1.2,1,1
PILOT-002172,25.4,2,8,19.34,0.3987,0.5218,0.6358,13.92,1.83,1,0
PILOT-002173,4.5,1,7,19.07,0.6505,0.7813,0.6894,13.73,2.43,0,1
PILOT-002174,67.6,1,1,9.32,0.2863,0.6965,0.3973,6.71,0.64,1,0
PILOT-002175,19.7,1,5,7.71,0.3108,0.7698,0.238,5.55,0.68,0,0
PILOT-002176,17.7,2,4,15.59,0.7161,0.1756,0.4576,11.22,2.01,0,0
PILOT-002177,48.7,2,4,10.0,0.5041,0.1639,0.2438,7.2,0.97,0,0
PILOT-002178,30.4,4,6,15.97,0.8418,0.1935,0.7749,11.5,2.19,0,0
PILOT-002179,12.1,3,4,12.26,0.3507,0.6536,0.2197,8.83,1.16,1,0
PILOT-002180,6.9,0,2,17.52,0.6177,0.1595,0.6378,12.61,2.16,0,0
PILOT-002181,95.5,2,3,15.45,0.6044,0.7065,0.4561,11.12,1.39,0,0
PILOT-002182,45.1,2,4,17.39,0.5002,0.3715,0.3543,12.52,1.7,1,0
PILOT-002183,30.6,4,6,15.77,0.5175,0.3187,0.6143,11.35,1.65,1,0
PILOT-002184,28.6,1,5,14.57,0.3371,0.6634,0.6435,10.49,1.27,0,0
PILOT-002185,42.4,0,6,14.48,0.4321,0.2429,0.3679,10.43,1.33,0,0
PILOT-002186,18.3,4,4,16.88,0.8195,0.3422,0.9392,12.15,2.35,0,0
PILOT-002187,43.2,3,5,15.11,0.4576,0.7371,0.7259,10.88,1.42,0,0
PILOT-002188,4.0,1,4,17.31,0.4804,0.2739,0.2404,12.46,1.91,0,0
PILOT-002189,30.1,1,3,13.87,0.3959,0.716,0.6904,9.99,1.29,1,0
PILOT-002190,8.7,4,3,20.66,0.9392,0.646,0.6074,14.88,3.2,1,1
PILOT-002191,13.1,0,4,14.66,0.4757,0.3922,0.7231,10.56,1.57,1,0
PILOT-002192,17.5,1,5,16.42,0.7514,0.468,0.4162,11.82,2.18,0,0
PILOT-002193,67.9,2,2,10.89,0.1252,0.4513,0.7994,7.84,0.57,0,0
PILOT-002194,19.9,4,8,14.15,0.6787,0.3504,0.2888,10.19,1.76,1,1
PILOT-002195,34.8,2,2,14.6,0.3554,0.8253,0.4404,10.51,1.27,0,0
PILOT-002196,11.6,3,4,11.3,0.3382,0.3262,0.3065,8.14,1.06,1,0
PILOT-002197,32.5,4,3,14.6,0.6142,0.6474,0.6378,10.51,1.66,0,0
PILOT-002198,35.6,1,5,13.54,0.4618,0.2611,0.6008,9.75,1.32,1,1
PILOT-002199,82.3,2,2,9.92,0.3935,0.8437,0.5351,7.14,0.73,1,1
PILOT-002200,37.9,4,4,18.07,0.5583,0.1958,0.2329,13.01,1.92,0,0
PILOT-002201,32.6,1,2,10.89,0.1697,0.2318,0.4159,7.84,0.75,0,0
PILOT-002202,20.7,2,5,14.91,0.482,0.364,0.5495,10.74,1.56,1,1
PILOT-002203,7.6,5,9,17.75,0.8779,0.4999,0.9126,12.78,2.65,1,1
PILOT-002204,17.6,2,8,19.09,0.8688,0.5591,0.6701,13.74,2.76,0,0
PILOT-002205,37.6,1,3,12.51,0.4308,0.4633,0.4026,9.01,1.17,1,0
PILOT-002206,10.8,2,5,12.29,0.5687,0.5055,0.7549,8.85,1.44,1,0
PILOT-002207,29.7,6,7,15.33,0.5692,0.8593,0.637,11.04,1.69,0,0
PILOT-002208,89.3,3,4,8.93,0.5155,0.4526,0.2789,6.43,0.74,0,0
PILOT-002209,30.9,1,7,19.46,0.5799,0.3547,0.2525,14.01,2.16,0,0
PILOT-002210,9.7,2,8,13.25,0.4285,0.665,0.1647,9.54,1.37,0,0
PILOT-002211,16.4,6,9,16.75,0.6455,0.418,0.4602,12.06,2.05,0,0
PILOT-002212,42.2,5,8,19.92,0.7706,0.2023,0.6726,14.34,2.51,0,0
PILOT-002213,24.0,3,6,16.35,0.7343,0.2591,0.3889,11.77,2.11,1,1
PILOT-002214,21.4,6,5,21.7,0.9197,0.4474,0.2413,15.62,3.22,1,0
PILOT-002215,50.2,2,8,14.8,0.6847,0.3344,0.907,10.66,1.69,1,0
PILOT-002216,11.1,1,2,9.58,0.1875,0.4022,0.8634,6.9,0.75,1,0
PILOT-002217,8.3,3,4,12.42,0.4057,0.5786,0.4165,8.94,1.26,0,1
PILOT-002218,120.0,0,2,10.74,0.1845,0.2965,0.1255,7.73,0.43,0,0
PILOT-002219,10.7,0,2,11.6,0.3584,0.1262,0.861,8.35,1.11,0,0
PILOT-002220,25.6,0,5,10.68,0.3104,0.3781,0.1202,7.69,0.92,0,0
PILOT-002221,42.7,2,1,17.92,0.7648,0.3717,0.5593,12.9,2.24,1,0
PILOT-002222,33.3,2,5,9.84,0.3872,0.6248,0.7825,7.08,0.89,1,0
PILOT-002223,42.2,1,4,15.01,0.186,0.3901,0.5488,10.81,1.01,1,0
PILOT-002224,66.7,2,4,9.05,0.2847,0.3988,0.6766,6.52,0.62,1,0
PILOT-002225,31.0,6,7,14.81,0.7492,0.5235,0.2543,10.66,1.89,0,0
PILOT-002226,34.7,3,3,19.87,0.6349,0.1358,0.3728,14.31,2.29,1,0
PILOT-002227,86.7,2,3,19.63,0.6449,0.5283,0.4982,14.13,1.91,1,0
PILOT-002228,25.0,0,5,19.4,0.7973,0.0808,0.3945,13.97,2.61,1,0
PILOT-002229,50.9,1,3,15.36,0.341,0.785,0.5314,11.06,1.23,0,0
PILOT-002230,14.4,2,7,12.06,0.3767,0.273,0.6986,8.68,1.16,0,0
PILOT-002231,4.3,3,4,15.99,0.597,0.388,0.3814,11.51,1.95,1,0
PILOT-002232,37.0,0,5,17.88,0.5729,0.3575,0.5385,12.87,1.93,1,0
PILOT-002233,7.8,3,2,14.34,0.3471,0.4278,0.5329,10.32,1.38,1,0
PILOT-002234,31.0,4,9,23.02,0.7559,0.7629,0.5317,16.57,2.96,1,0
PILOT-002235,55.3,3,6,17.8,0.6202,0.6006,0.2935,12.82,1.89,0,0
PILOT-002236,15.7,1,2,12.79,0.4678,0.1736,0.5818,9.21,1.34,0,0
PILOT-002237,17.9,1,4,9.04,0.4344,0.375,0.3193,6.51,0.91,1,0
PILOT-002238,6.9,0,6,19.98,0.8638,0.5129,0.3794,14.39,2.95,1,0
PILOT-002239,30.0,3,1,12.43,0.453,0.1021,0.5711,8.95,1.22,1,0
PILOT-002240,53.1,2,5,18.57,0.3712,0.6284,0.3586,13.37,1.52,0,0
PILOT-002241,14.7,1,4,19.51,0.4861,0.4447,0.7788,14.05,2.09,0,0
PILOT-002242,10.7,1,4,15.59,0.5341,0.1612,0.7084,11.22,1.77,1,0
PILOT-002243,38.0,3,2,12.05,0.3255,0.6373,0.3065,8.68,1.0,1,0
PILOT-002244,13.0,3,9,18.99,0.9442,0.4271,0.7465,13.67,2.92,1,0
PILOT-002245,35.1,2,0,8.79,0.046,0.5724,0.6067,6.33,0.49,0,0
PILOT-002246,32.7,1,3,7.37,0.1684,0.7249,0.3775,5.31,0.51,1,0
PILOT-002247,46.8,1,2,13.24,0.1973,0.401,0.2117,9.53,0.89,0,0
PILOT-002248,23.1,2,6,14.76,0.5718,0.3335,0.5065,10.63,1.67,1,1
PILOT-002249,40.7,3,12,19.9,0.7903,0.4734,0.3334,14.33,2.55,0,1
PILOT-002250,11.1,2,8,21.71,0.7729,0.6318,0.3646,15.63,2.98,0,1
PILOT-002251,60.0,1,2,8.59,0.3069,0.6455,0.7144,6.18,0.63,0,0
PILOT-002252,15.6,2,4,12.56,0.5453,0.6847,0.379,9.04,1.42,1,0
PILOT-002253,21.6,1,2,11.28,0.2129,0.4191,0.4761,8.12,0.87,1,0
PILOT-002254,6.8,3,6,19.97,0.6541,0.4895,0.4068,14.38,2.54,1,0
PILOT-002255,30.0,2,4,14.15,0.4926,0.3928,0.4215,10.19,1.45,1,1
PILOT-002256,25.0,0,10,14.44,0.6372,0.8307,0.2753,10.4,1.71,1,0
PILOT-002257,66.3,1,0,16.93,0.3058,0.843,0.1773,12.19,1.2,0,0
PILOT-002258,16.1,2,9,16.95,0.6943,0.6091,0.7604,12.2,2.16,1,1
PILOT-002259,23.7,1,3,9.59,0.1496,0.386,0.1203,6.9,0.68,0,0
PILOT-002260,9.0,1,5,14.83,0.9216,0.1941,0.3611,10.68,2.27,1,1
PILOT-002261,12.2,1,8,18.42,0.7573,0.4147,0.6539,13.26,2.49,0,0
PILOT-002262,20.7,0,1,16.64,0.4515,0.6235,0.2717,11.98,1.69,0,1
PILOT-002263,21.5,4,14,19.53,0.8083,0.6655,0.8293,14.06,2.68,1,0
PILOT-002264,41.1,3,6,17.16,0.7233,0.5925,0.4907,12.36,2.09,1,0
PILOT-002265,43.7,2,4,7.04,0.1627,0.4502,0.6774,5.07,0.45,0,0
PILOT-002266,7.1,1,7,18.02,0.6194,0.2132,0.6453,12.97,2.22,1,0
PILOT-002267,65.7,3,4,10.05,0.2109,0.7815,0.3063,7.24,0.62,1,0
PILOT-002268,59.3,0,5,9.45,0.3337,0.4745,0.3456,6.8,0.72,1,0
PILOT-002269,14.3,2,3,13.16,0.2956,0.4849,0.4123,9.48,1.16,1,0
PILOT-002270,50.2,0,3,13.28,0.4572,0.5052,0.2361,9.56,1.22,1,0
PILOT-002271,18.7,2,2,13.44,0.3217,0.1925,0.4402,9.68,1.2,0,0
PILOT-002272,102.0,2,2,17.94,0.4104,0.3808,0.6799,12.92,1.23,0,0
PILOT-002273,15.7,2,4,11.59,0.2004,0.3422,0.2813,8.34,0.91,1,0
PILOT-002274,19.9,1,5,12.77,0.4931,0.3279,0.4944,9.19,1.36,1,0
PILOT-002275,39.7,3,10,15.04,0.721,0.2699,0.4653,10.83,1.83,0,0
PILOT-002276,8.5,7,5,16.17,0.6593,0.2102,0.4123,11.64,2.05,1,0
PILOT-002277,12.6,2,3,16.5,0.6526,0.5334,0.8984,11.88,2.06,0,0
PILOT-002278,48.3,2,5,14.6,0.7471,0.8213,0.5867,10.51,1.77,1,0
PILOT-002279,17.3,2,9,15.66,0.6038,0.5626,0.6124,11.28,1.85,0,0
PILOT-002280,8.5,5,10,19.2,0.7992,0.6739,0.7387,13.82,2.7,1,1
PILOT-002281,26.7,4,5,12.76,0.4423,0.3451,0.4003,9.19,1.26,0,1
PILOT-002282,13.3,3,8,14.21,0.634,0.3441,0.6022,10.23,1.74,1,0
PILOT-002283,5.8,7,9,22.82,0.9305,0.3047,0.4433,16.43,3.54,0,0
PILOT-002284,13.6,4,6,15.89,0.5292,0.4151,0.362,11.44,1.78,1,1
PILOT-002285,21.5,6,6,20.75,0.7905,0.2567,0.8002,14.94,2.81,0,1
PILOT-002286,27.4,0,8,18.38,0.6135,0.1297,0.1905,13.23,2.12,1,0
PILOT-002287,56.4,0,2,5.43,0.0553,0.6311,0.2527,3.91,0.27,1,0
PILOT-002288,11.9,5,8,17.37,0.7467,0.5811,0.5935,12.51,2.33,1,0
PILOT-002289,13.4,2,1,7.89,0.1935,0.7516,0.5035,5.68,0.62,1,0
PILOT-002290,27.1,6,9,21.28,0.9313,0.2396,0.2462,15.32,3.14,0,0
PILOT-002291,8.0,4,5,14.17,0.8538,0.7194,0.7357,10.2,2.08,1,0
PILOT-002292,34.7,1,3,13.48,0.3692,0.7887,0.3293,9.71,1.19,1,1
PILOT-002293,46.4,4,6,24.51,0.8701,0.4512,0.209,17.65,3.29,1,1
PILOT-002294,22.4,1,4,17.41,0.5936,0.2725,0.5329,12.54,2.01,1,0
PILOT-002295,55.1,11,6,16.18,0.738,0.6132,0.2737,11.65,1.91,1,1
PILOT-002296,17.4,0,6,9.75,0.2178,0.598,0.177,7.02,0.78,1,1
PILOT-002297,41.3,2,6,12.14,0.385,0.4748,0.7137,8.74,1.06,1,0
PILOT-002298,30.4,4,5,24.11,0.7758,0.5448,0.5343,17.36,3.15,0,1
PILOT-002299,19.2,0,2,7.52,0.1378,0.2219,0.1728,5.41,0.53,0,1
PILOT-002300,40.4,4,3,13.81,0.4414,0.2051,0.523,9.94,1.29,1,1
PILOT-002301,10.9,4,5,13.05,0.582,0.4008,0.4875,9.4,1.54,1,1
PILOT-002302,31.6,3,8,19.02,0.7486,0.2876,0.4078,13.69,2.42,1,1
PILOT-002303,9.4,4,9,17.04,0.6182,0.7442,0.2746,12.27,2.09,1,0
PILOT-002304,42.8,2,6,16.98,0.2775,0.5902,0.5311,12.23,1.3,1,0
PILOT-002305,14.1,1,2,11.32,0.299,0.8032,0.1134,8.15,1.01,1,0
PILOT-002306,46.9,2,4,14.16,0.3913,0.5518,0.3835,10.2,1.22,1,1
PILOT-002307,6.4,2,7,15.72,0.6362,0.4205,0.6792,11.32,1.97,0,1
PILOT-002308,19.3,4,4,14.5,0.4656,0.4513,0.4252,10.44,1.5,1,0
PILOT-002309,13.4,1,5,15.68,0.3678,0.7858,0.5112,11.29,1.5,1,0
PILOT-002310,49.3,3,3,19.6,0.7418,0.1798,0.3393,14.11,2.36,0,0
PILOT-002311,3.5,2,1,11.18,0.3145,0.7736,0.6547,8.05,1.05,0,0
PILOT-002312,11.9,1,4,13.77,0.5573,0.5576,0.463,9.91,1.59,1,0
PILOT-002313,11.0,4,7,23.68,0.8876,0.5759,0.7637,17.05,3.52,1,1
PILOT-002314,26.3,2,1,10.34,0.2573,0.3493,0.5482,7.44,0.83,0,0
PILOT-002315,3.6,1,5,12.52,0.3546,0.6367,0.1337,9.01,1.23,0,0
PILOT-002316,49.7,4,5,16.69,0.6353,0.2826,0.4375,12.02,1.83,0,0
PILOT-002317,34.2,2,2,14.6,0.545,0.4997,0.5886,10.51,1.55,0,0
PILOT-002318,117.8,2,2,16.08,0.4346,0.3889,0.5993,11.58,1.05,0,0
PILOT-002319,19.0,4,6,11.37,0.7131,0.265,0.6381,8.19,1.46,1,1
PILOT-002320,56.1,1,5,15.62,0.451,0.2009,0.3214,11.25,1.39,1,0
PILOT-002321,57.3,0,0,8.54,0.0587,0.3254,0.4098,6.15,0.42,0,0
PILOT-002322,40.2,4,8,11.29,0.3809,0.6205,0.3972,8.13,0.99,1,0
PILOT-002323,6.3,4,3,19.4,0.859,0.4737,0.6949,13.97,2.86,0,1
PILOT-002324,39.6,2,0,12.21,0.2475,0.6326,0.519,8.79,0.91,1,0
PILOT-002325,30.1,2,9,15.49,0.5514,0.3408,0.3649,11.15,1.68,0,1
PILOT-002326,17.3,1,5,10.81,0.3105,0.6678,0.6262,7.78,0.96,0,0
PILOT-002327,57.2,1,2,6.94,0.1527,0.4328,0.5064,5.0,0.41,0,0
PILOT-002328,54.2,0,1,9.65,0.2894,0.5004,0.7166,6.95,0.71,1,0
PILOT-002329,38.3,1,6,15.04,0.7091,0.3747,0.4855,10.83,1.82,0,0
PILOT-002330,18.4,2,3,17.4,0.6753,0.6758,0.6912,12.53,2.17,0,0
PILOT-002331,38.7,2,2,14.56,0.3021,0.4281,0.3213,10.48,1.17,1,0
PILOT-002332,14.3,2,5,12.63,0.3955,0.5186,0.6077,9.09,1.24,1,1
PILOT-002333,45.6,0,4,13.48,0.5934,0.1742,0.6,9.71,1.44,0,0
PILOT-002334,21.7,2,10,21.43,0.7473,0.535,0.765,15.43,2.81,0,1
PILOT-002335,19.6,3,4,15.59,0.524,0.7626,0.3413,11.22,1.7,1,0
PILOT-002336,41.1,0,3,16.5,0.3812,0.2443,0.6288,11.88,1.44,0,0
PILOT-002337,15.5,1,5,16.13,0.7844,0.2438,0.5884,11.61,2.21,0,0
PILOT-002338,15.2,5,9,17.04,0.851,0.4117,0.5068,12.27,2.45,1,1
PILOT-002339,2.2,2,3,16.0,0.674,0.672,0.2272,11.52,2.09,1,0
PILOT-002340,19.1,2,5,19.44,0.448,0.3178,0.6218,14.0,1.98,0,1
PILOT-002341,20.0,2,2,14.06,0.3663,0.1945,0.8231,10.12,1.31,1,1
PILOT-002342,7.1,3,2,16.54,0.7318,0.414,0.3145,11.91,2.23,0,1
PILOT-002343,30.7,1,3,15.24,0.5878,0.1935,0.5088,10.97,1.7,0,0
PILOT-002344,5.8,3,4,20.93,0.8458,0.387,0.7701,15.07,3.07,1,0
PILOT-002345,14.3,2,4,17.32,0.5949,0.7772,0.8164,12.47,2.05,0,0
PILOT-002346,2.6,3,8,17.33,0.8216,0.6495,0.7558,12.48,2.52,1,0
PILOT-002347,23.1,0,3,14.07,0.4805,0.7405,0.5032,10.13,1.46,1,0
PILOT-002348,28.3,1,8,18.68,0.8689,0.417,0.8442,13.45,2.63,1,0
PILOT-002349,19.1,3,4,14.11,0.4018,0.2956,0.6937,10.16,1.37,0,0
PILOT-002350,24.7,2,6,16.58,0.7248,0.3295,0.4549,11.94,2.12,0,0
PILOT-002351,12.8,1,5,10.84,0.4271,0.5128,0.46,7.8,1.11,0,0
PILOT-002352,17.3,2,4,15.82,0.7725,0.7303,0.3344,11.39,2.14,0,0
PILOT-002353,13.9,0,2,7.57,0.1471,0.6032,0.6052,5.45,0.56,0,0
PILOT-002354,78.6,2,4,14.99,0.5401,0.743,0.3639,10.79,1.34,1,0
PILOT-002355,17.1,2,10,18.21,0.9118,0.3023,0.821,13.11,2.71,1,0
PILOT-002356,16.8,1,2,9.28,0.1334,0.6735,0.6653,6.68,0.66,0,0
PILOT-002357,2.8,1,2,11.78,0.5797,0.2925,0.6401,8.48,1.42,1,1
PILOT-002358,33.0,2,4,7.25,0.4898,0.4254,0.6468,5.22,0.73,0,0
PILOT-002359,12.6,3,7,15.35,0.5529,0.6966,0.4602,11.05,1.76,0,0
PILOT-002360,34.1,4,6,24.21,0.8305,0.5376,0.5643,17.43,3.26,1,0
PILOT-002361,25.1,3,4,7.22,0.2974,0.5365,0.4898,5.2,0.61,0,0
PILOT-002362,23.9,0,6,17.31,0.8051,0.255,0.7456,12.46,2.35,1,0
PILOT-002363,14.9,0,3,14.04,0.5414,0.3725,0.4017,10.11,1.58,1,0
PILOT-002364,14.3,2,1,18.2,0.4263,0.6435,0.452,13.1,1.85,1,0
PILOT-002365,25.3,4,5,17.31,0.8498,0.4535,0.719,12.46,2.42,1,0
PILOT-002366,32.8,2,6,17.5,0.6455,0.8544,0.5322,12.6,2.04,0,0
PILOT-002367,25.1,4,7,16.2,0.5907,0.1666,0.3872,11.66,1.85,1,0
PILOT-002368,108.6,2,4,9.14,0.2837,0.3396,0.3586,6.58,0.49,1,0
PILOT-002369,83.3,3,5,10.46,0.3459,0.5438,0.1422,7.53,0.72,0,0
PILOT-002370,26.4,3,1,12.16,0.4498,0.7599,0.849,8.76,1.21,1,1
PILOT-002371,60.2,3,4,13.0,0.697,0.6587,0.7344,9.36,1.46,1,0
PILOT-002372,8.0,4,4,16.94,0.6068,0.0947,0.5208,12.2,2.06,1,0
PILOT-002373,4.4,6,6,20.43,0.5909,0.3697,0.463,14.71,2.48,0,1
PILOT-002374,12.3,6,12,22.14,0.9359,0.4556,0.4492,15.94,3.39,1,0
PILOT-002375,14.9,6,5,17.94,0.8321,0.4618,0.5319,12.92,2.54,1,1
PILOT-002376,36.4,7,2,20.38,0.948,0.1963,0.3591,14.67,2.97,0,1
PILOT-002377,9.6,1,5,9.02,0.1368,0.7448,0.4262,6.49,0.67,0,0
PILOT-002378,13.2,4,5,14.65,0.8569,0.2705,0.774,10.55,2.12,0,0
PILOT-002379,5.2,5,5,21.36,0.5617,0.8045,0.2095,15.38,2.53,0,0
PILOT-002380,15.3,4,3,14.18,0.6933,0.1638,0.413,10.21,1.81,0,0
PILOT-002381,7.2,2,5,15.11,0.7124,0.179,0.7378,10.88,2.0,0,0
PILOT-002382,6.8,4,11,17.11,0.69,0.1976,0.2336,12.32,2.23,0,0
PILOT-002383,44.6,3,3,14.01,0.2643,0.2853,0.7596,10.09,1.04,1,1
PILOT-002384,55.5,2,4,16.76,0.5101,0.0949,0.7256,12.07,1.59,1,0
PILOT-002385,6.8,3,7,11.66,0.6986,0.2698,0.6028,8.4,1.53,1,0
PILOT-002386,22.2,5,5,12.27,0.545,0.6443,0.2083,8.83,1.36,1,0
PILOT-002387,20.5,0,3,12.85,0.4593,0.4286,0.6686,9.25,1.32,0,0
PILOT-002388,26.3,3,4,13.56,0.5844,0.7054,0.6099,9.76,1.53,0,0
PILOT-002389,22.1,1,4,15.33,0.4654,0.7,0.3161,11.04,1.57,1,0
PILOT-002390,17.8,6,3,19.99,0.6716,0.7046,0.7646,14.39,2.49,0,0
PILOT-002391,11.5,4,5,13.87,0.4434,0.4485,0.4708,9.99,1.45,1,0
PILOT-002392,32.1,2,5,18.37,0.537,0.1069,0.8466,13.23,1.95,0,0
PILOT-002393,22.8,3,6,18.65,0.5715,0.5998,0.6419,13.43,2.11,1,0
PILOT-002394,16.6,4,2,11.57,0.4837,0.2047,0.1298,8.33,1.23,0,0
PILOT-002395,2.5,6,7,15.31,0.6343,0.5654,0.2312,11.02,1.94,1,1
PILOT-002396,38.8,1,0,18.33,0.6803,0.3646,0.893,13.2,2.16,1,0
PILOT-002397,7.8,3,2,10.19,0.5971,0.2236,0.2576,7.34,1.23,0,0
PILOT-002398,23.5,4,2,11.83,0.3346,0.4967,0.5007,8.52,1.05,0,0
PILOT-002399,24.8,1,5,15.5,0.5396,0.4969,0.8382,11.16,1.69,0,0
PILOT-002400,16.8,3,7,19.58,0.8221,0.3991,0.5474,14.1,2.74,0,0
PILOT-002401,10.6,2,4,9.64,0.3227,0.3877,0.4295,6.94,0.89,0,0
PILOT-002402,35.2,0,3,11.21,0.2342,0.6184,0.4214,8.07,0.84,0,0
PILOT-002403,3.8,5,7,12.16,0.7373,0.7143,0.3966,8.76,1.66,0,1
PILOT-002404,10.3,1,9,12.59,0.6754,0.5138,0.5488,9.06,1.61,1,0
PILOT-002405,49.7,3,4,21.45,0.8747,0.5195,0.801,15.44,2.87,0,0
PILOT-002406,73.0,3,4,12.46,0.2606,0.2863,0.2864,8.97,0.79,1,0
PILOT-002407,14.4,1,8,18.1,0.6967,0.2798,0.4323,13.03,2.33,0,0
PILOT-002408,12.5,2,7,17.01,0.6197,0.6685,0.5486,12.25,2.07,1,0
PILOT-002409,9.5,5,6,19.44,0.7918,0.5172,0.5755,14.0,2.72,0,0
PILOT-002410,18.1,2,1,9.53,0.3398,0.7179,0.3581,6.86,0.87,0,0
PILOT-002411,25.8,2,6,15.03,0.4111,0.6498,0.7026,10.82,1.44,1,1
PILOT-002412,13.0,2,2,13.72,0.5955,0.299,0.6752,9.88,1.63,0,1
PILOT-002413,41.4,0,0,7.03,0.1035,0.5971,0.8367,5.06,0.42,1,0
PILOT-002414,20.7,3,10,15.5,0.6076,0.6633,0.3841,11.16,1.82,1,0
PILOT-002415,13.8,0,11,17.8,0.6897,0.685,0.5087,12.82,2.28,1,0
PILOT-002416,7.3,2,6,18.79,0.6935,0.5825,0.7253,13.53,2.46,0,0
PILOT-002417,18.8,3,7,15.08,0.4442,0.4518,0.7893,10.86,1.53,1,0
PILOT-002418,21.8,2,5,8.44,0.3892,0.4437,0.1232,6.08,0.8,0,0
PILOT-002419,30.0,4,5,21.95,0.9021,0.4877,0.8502,15.8,3.15,0,0
PILOT-002420,18.1,5,6,17.37,0.907,0.0672,0.6561,12.51,2.57,0,0
PILOT-002421,52.2,2,5,11.87,0.4874,0.7001,0.7881,8.55,1.12,1,0
PILOT-002422,10.9,2,7,13.68,0.5971,0.1905,0.8521,9.85,1.64,1,0
PILOT-002423,79.5,2,0,10.16,0.0747,0.7764,0.1306,7.32,0.44,0,0
PILOT-002424,56.9,0,4,11.18,0.2525,0.2833,0.4527,8.05,0.77,0,0
PILOT-002425,32.3,1,9,15.62,0.7219,0.6355,0.4702,11.25,1.95,1,0
PILOT-002426,7.1,1,6,17.24,0.7439,0.685,0.4563,12.41,2.34,0,0
PILOT-002427,8.3,0,6,13.32,0.5903,0.4486,0.5794,9.59,1.6,0,0
PILOT-002428,43.7,2,1,10.8,0.2257,0.3392,0.4756,7.78,0.77,1,0
PILOT-002429,34.3,1,3,13.02,0.346,0.4653,0.8411,9.37,1.12,1,0
PILOT-002430,38.7,4,1,14.33,0.4587,0.709,0.5948,10.32,1.37,1,0
PILOT-002431,19.2,6,5,20.56,0.7842,0.2694,0.3033,14.8,2.79,0,0
PILOT-002432,18.0,2,0,11.04,0.366,0.2737,0.3604,7.95,1.04,1,0
PILOT-002433,18.1,0,4,13.91,0.3443,0.7157,0.1928,10.02,1.28,1,1
PILOT-002434,33.5,3,5,14.33,0.6789,0.6187,0.494,10.32,1.72,1,0
PILOT-002435,17.2,8,4,20.34,0.7195,0.4923,0.5971,14.64,2.64,1,0
PILOT-002436,7.1,1,4,19.41,0.624,0.3544,0.3046,13.98,2.4,1,0
PILOT-002437,26.3,0,1,12.98,0.2847,0.2871,0.0643,9.35,1.08,1,0
PILOT-002438,48.6,2,1,12.07,0.1952,0.2475,0.5993,8.69,0.8,1,0
PILOT-002439,25.1,0,6,17.69,0.6372,0.2143,0.4405,12.74,2.1,1,0
PILOT-002440,81.0,1,2,9.46,0.3268,0.5228,0.677,6.81,0.64,0,0
PILOT-002441,13.9,3,7,16.39,0.6302,0.3387,0.4832,11.8,2.0,0,0
PILOT-002442,33.0,4,6,17.38,0.6285,0.3838,0.476,12.51,2.0,1,0
PILOT-002443,5.7,2,4,10.38,0.4119,0.2114,0.6454,7.47,1.07,1,1
PILOT-002444,3.7,1,2,13.31,0.3887,0.653,0.563,9.58,1.35,1,1
PILOT-002445,58.6,1,5,14.07,0.3846,0.3657,0.6943,10.13,1.14,1,0
PILOT-002446,25.5,0,8,13.88,0.4838,0.2286,0.4616,9.99,1.43,1,0
PILOT-002447,31.6,2,8,19.61,0.5959,0.4198,0.523,14.12,2.2,0,0
PILOT-002448,11.6,4,6,14.23,0.791,0.7044,0.5414,10.25,1.98,0,1
PILOT-002449,24.7,2,6,14.84,0.7988,0.3678,0.7751,10.68,2.0,0,0
PILOT-002450,13.4,5,8,17.19,0.6845,0.6712,0.518,12.38,2.19,0,0
PILOT-002451,38.2,2,2,10.18,0.1592,0.8006,0.4332,7.33,0.67,0,0
PILOT-002452,5.1,0,6,16.35,0.6169,0.4749,0.2106,11.77,2.03,1,0
PILOT-002453,22.5,1,7,14.15,0.5762,0.4474,0.3197,10.19,1.61,0,0
PILOT-002454,41.5,2,9,14.03,0.5045,0.2338,0.6989,10.1,1.4,0,0
PILOT-002455,32.1,0,4,14.32,0.1535,0.6184,0.2972,10.31,0.97,0,0
PILOT-002456,44.7,1,1,9.83,0.3497,0.3277,0.3506,7.08,0.81,0,0
PILOT-002457,29.0,2,2,17.39,0.6052,0.3553,0.7772,12.52,1.98,0,0
PILOT-002458,106.0,3,3,15.71,0.4782,0.6717,0.2427,11.31,1.16,1,0
PILOT-002459,45.6,2,4,11.74,0.4361,0.5519,0.3739,8.45,1.07,0,0
PILOT-002460,54.6,1,4,16.4,0.3853,0.4318,0.4285,11.81,1.36,1,0
PILOT-002461,30.2,1,5,18.13,0.6588,0.1868,0.2188,13.05,2.16,1,0
PILOT-002462,11.6,3,6,11.14,0.5365,0.0803,0.1941,8.02,1.26,0,0
PILOT-002463,13.0,0,6,9.25,0.2931,0.2916,0.1503,6.66,0.82,0,0
PILOT-002464,24.4,0,4,12.73,0.3957,0.4233,0.7994,9.17,1.21,1,0
PILOT-002465,14.0,6,6,13.05,0.7014,0.7153,0.6293,9.4,1.68,0,0
PILOT-002466,9.4,3,5,14.69,0.7619,0.5862,0.6737,10.58,2.01,0,0
PILOT-002467,20.9,2,2,11.57,0.2581,0.1608,0.469,8.33,0.95,0,0
PILOT-002468,52.2,0,3,10.03,0.2969,0.235,0.6801,7.22,0.75,0,0
PILOT-002469,44.5,0,2,12.15,0.4053,0.8399,0.507,8.75,1.08,1,0
PILOT-002470,29.1,1,6,14.03,0.5455,0.7413,0.4091,10.1,1.52,0,0
PILOT-002471,55.1,2,7,11.75,0.3159,0.5922,0.4287,8.46,0.89,1,0
PILOT-002472,17.3,3,5,23.07,0.706,0.8008,0.4824,16.61,2.96,0,0
PILOT-002473,6.0,6,7,18.41,0.796,0.5601,0.7775,13.26,2.6,1,1
PILOT-002474,19.3,0,5,13.04,0.5229,0.387,0.6684,9.39,1.43,1,1
PILOT-002475,17.2,3,9,21.75,0.8658,0.632,0.7347,15.66,3.14,0,1
PILOT-002476,9.3,3,6,20.99,0.8405,0.3064,0.6606,15.11,3.04,0,0
PILOT-002477,28.0,1,7,15.41,0.6424,0.5504,0.4271,11.1,1.82,0,0
PILOT-002478,41.4,5,6,23.44,0.8934,0.4702,0.7484,16.88,3.24,0,0
PILOT-002479,8.3,5,8,16.87,0.6843,0.2585,0.4858,12.15,2.18,0,1
PILOT-002480,30.6,2,2,16.93,0.429,0.7081,0.1944,12.19,1.62,1,1
PILOT-002481,15.3,1,1,13.65,0.4602,0.4674,0.3317,9.83,1.43,0,0
PILOT-002482,4.9,3,3,7.42,0.3078,0.2425,0.2135,5.34,0.69,0,1
PILOT-002483,36.1,5,9,16.16,0.6249,0.3479,0.427,11.64,1.83,0,0
PILOT-002484,2.3,3,6,20.98,0.7908,0.7172,0.5485,15.11,2.98,0,0
PILOT-002485,9.3,1,8,16.17,0.6314,0.4672,0.4318,11.64,2.0,1,0
PILOT-002486,12.5,1,4,14.73,0.4394,0.3685,0.5818,10.61,1.52,0,0
PILOT-002487,11.3,2,2,13.93,0.4473,0.6699,0.4183,10.03,1.46,0,0
PILOT-002488,2.6,1,2,19.68,0.6743,0.6673,0.2467,14.17,2.57,0,0
PILOT-002489,26.5,1,0,9.16,0.0965,0.4434,0.5097,6.6,0.59,1,0
PILOT-002490,19.5,1,5,18.79,0.5325,0.696,0.7644,13.53,2.07,1,0
PILOT-002491,33.1,3,4,16.14,0.6671,0.5957,0.7347,11.62,1.92,1,0
PILOT-002492,23.8,1,5,15.65,0.4324,0.6662,0.3509,11.27,1.54,0,0
PILOT-002493,33.4,0,3,10.61,0.4528,0.8182,0.4152,7.64,1.03,1,0
PILOT-002494,7.0,1,4,12.61,0.2958,0.7501,0.2863,9.08,1.15,0,1
PILOT-002495,27.0,3,5,17.77,0.5764,0.5417,0.1505,12.79,1.99,1,0
PILOT-002496,30.3,1,5,8.92,0.5379,0.5549,0.2581,6.42,0.95,1,0
PILOT-002497,29.3,4,6,18.8,0.6151,0.1275,0.5206,13.54,2.16,1,0
PILOT-002498,21.6,1,5,12.11,0.4482,0.6204,0.2064,8.72,1.22,0,0
PILOT-002499,0.9,3,4,12.83,0.6615,0.5998,0.2848,9.24,1.67,0,1
PILOT-002500,20.8,3,2,23.86,0.9095,0.3936,0.9632,17.18,3.52,1,0
PILOT-002501,2.0,1,0,11.69,0.324,0.2801,0.1773,8.42,1.12,0,0
PILOT-002502,5.2,5,8,15.99,0.5713,0.7919,0.7818,11.51,1.91,0,1
PILOT-002503,26.3,3,9,16.63,0.9225,0.2215,0.4254,11.97,2.44,0,0
PILOT-002504,66.4,2,3,13.0,0.5968,0.3959,0.7281,9.36,1.3,1,0
PILOT-002505,42.5,4,6,18.23,0.5478,0.152,0.7153,13.13,1.89,1,0
PILOT-002506,15.6,3,3,16.83,0.5131,0.5391,0.3617,12.12,1.85,0,0
PILOT-002507,82.7,0,3,13.48,0.2867,0.6697,0.4835,9.71,0.85,0,0
PILOT-002508,33.0,3,4,16.37,0.4334,0.2828,0.5432,11.79,1.56,1,0
PILOT-002509,51.7,0,3,13.23,0.3805,0.3538,0.3157,9.53,1.1,1,0
PILOT-002510,41.1,1,3,10.82,0.2205,0.531,0.3531,7.79,0.77,1,0
PILOT-002511,24.9,1,6,16.4,0.417,0.6405,0.2649,11.81,1.59,0,0
PILOT-002512,19.6,0,2,7.21,0.0916,0.4852,0.5534,5.19,0.48,0,0
PILOT-002513,63.1,4,6,16.49,0.4332,0.3059,0.8029,11.87,1.4,0,0
PILOT-002514,36.3,1,3,13.24,0.3498,0.5917,0.3335,9.53,1.14,0,0
PILOT-002515,29.5,3,8,20.8,0.7934,0.7216,0.623,14.98,2.76,1,1
PILOT-002516,15.8,1,5,14.37,0.3431,0.2511,0.1006,10.35,1.33,1,0
PILOT-002517,28.2,0,3,8.15,0.0863,0.2306,0.4665,5.87,0.51,0,0
PILOT-002518,0.5,0,3,14.94,0.4827,0.5663,0.4335,10.76,1.67,0,0
PILOT-002519,23.6,8,5,17.29,0.7529,0.7776,0.5733,12.45,2.26,1,1
PILOT-002520,13.8,3,4,23.8,0.958,0.3959,0.589,17.14,3.69,1,1
PILOT-002521,3.8,0,3,18.67,0.7444,0.507,0.6202,13.44,2.56,1,0
PILOT-002522,28.2,1,4,9.47,0.1633,0.7642,0.5838,6.82,0.66,1,1
PILOT-002523,35.7,2,2,10.25,0.2507,0.7536,0.6319,7.38,0.78,0,0
PILOT-002524,18.9,1,2,11.48,0.1257,0.3911,0.367,8.27,0.8,1,0
PILOT-002525,16.6,4,3,10.58,0.2406,0.5127,0.4561,7.62,0.87,0,0
PILOT-002526,24.6,3,3,23.65,0.8767,0.815,0.623,17.03,3.38,0,1
PILOT-002527,33.4,4,7,5.0,0.4319,0.7555,0.3728,3.6,0.48,1,0
PILOT-002528,97.4,2,1,9.8,0.1654,0.1661,0.338,7.06,0.45,1,0
PILOT-002529,22.2,1,4,18.12,0.4483,0.3595,0.5147,13.05,1.83,0,0
PILOT-002530,66.0,1,1,8.55,0.2887,0.5179,0.4195,6.16,0.59,1,0
PILOT-002531,10.2,1,5,12.88,0.4784,0.7905,0.2366,9.27,1.39,0,0
PILOT-002532,40.8,1,5,21.55,0.4677,0.265,0.802,15.52,2.07,0,0
PILOT-002533,75.8,5,2,13.97,0.6009,0.3852,0.2456,10.06,1.35,0,0
PILOT-002534,42.4,5,2,18.97,0.7373,0.3553,0.4518,13.66,2.32,1,1
PILOT-002535,18.0,6,9,14.9,0.6476,0.1742,0.6871,10.73,1.82,1,0
PILOT-002536,63.8,1,2,7.43,0.2844,0.5316,0.5171,5.35,0.52,1,0
PILOT-002537,15.7,2,4,27.38,0.8725,0.6202,0.7434,19.71,3.99,0,0
PILOT-002538,39.2,5,5,10.28,0.3083,0.3852,0.7755,7.4,0.83,1,0
PILOT-002539,39.7,0,4,14.79,0.579,0.6337,0.8606,10.65,1.59,0,0
PILOT-002540,44.9,7,7,15.12,0.7935,0.8077,0.8688,10.89,1.92,1,1
PILOT-002541,1.9,3,7,22.44,0.7568,0.6159,0.3494,16.16,3.12,1,0
PILOT-002542,25.6,4,4,13.11,0.4166,0.1858,0.2246,9.44,1.26,0,0
PILOT-002543,79.0,3,3,11.93,0.2081,0.7391,0.5485,8.59,0.67,0,0
PILOT-002544,20.5,1,10,14.57,0.7477,0.1839,0.7037,10.49,1.91,1,0
PILOT-002545,47.5,2,5,13.27,0.3752,0.846,0.4102,9.55,1.12,1,0
PILOT-002546,27.3,2,6,16.83,0.5781,0.5538,0.504,12.12,1.88,1,1
PILOT-002547,39.1,2,4,11.49,0.3154,0.6957,0.2095,8.27,0.94,0,0
PILOT-002548,18.8,4,7,19.17,0.5389,0.2195,0.635,13.8,2.13,0,0
PILOT-002549,18.6,4,5,15.66,0.6682,0.7158,0.534,11.28,1.94,1,1
PILOT-002550,14.3,2,5,11.47,0.3198,0.4657,0.2026,8.26,1.04,0,0
PILOT-002551,47.3,2,3,13.37,0.2599,0.5734,0.3557,9.63,0.98,1,0
PILOT-002552,6.5,3,5,19.98,0.8997,0.1558,0.6428,14.39,3.03,0,0
PILOT-002553,36.4,1,4,7.93,0.3203,0.6709,0.6238,5.71,0.66,0,0
PILOT-002554,3.6,3,6,19.27,0.8086,0.4319,0.2598,13.87,2.77,1,0
PILOT-002555,38.7,2,5,13.35,0.3774,0.6606,0.8357,9.61,1.17,1,0
PILOT-002556,21.6,1,4,15.03,0.5972,0.5627,0.6066,10.82,1.74,1,0
PILOT-002557,39.3,3,8,13.11,0.4322,0.3055,0.6757,9.44,1.22,1,0
PILOT-002558,47.7,3,2,16.89,0.3964,0.7527,0.4793,12.16,1.46,0,0
PILOT-002559,16.0,2,7,16.14,0.7742,0.2996,0.4811,11.62,2.19,0,1
PILOT-002560,11.5,0,4,16.02,0.4618,0.3478,0.6582,11.53,1.7,0,0
PILOT-002561,91.0,3,4,14.88,0.1974,0.8276,0.2867,10.71,0.76,0,1
PILOT-002562,30.1,3,9,17.52,0.761,0.3811,0.4978,12.61,2.26,0,1
PILOT-002563,103.6,4,8,10.26,0.3972,0.6272,0.8913,7.39,0.68,1,0
PILOT-002564,18.0,8,3,19.54,0.8089,0.7958,0.6482,14.07,2.7,1,1
PILOT-002565,31.2,1,2,11.0,0.0474,0.7515,0.1894,7.92,0.63,1,0
PILOT-002566,25.1,2,2,10.1,0.1988,0.5743,0.5421,7.27,0.76,1,0
PILOT-002567,11.2,2,8,14.38,0.7217,0.1899,0.5347,10.35,1.9,0,0
PILOT-002568,23.6,1,4,10.24,0.5267,0.6075,0.6424,7.37,1.11,1,0
PILOT-002569,27.6,7,7,16.76,0.5971,0.4742,0.4393,12.07,1.91,0,1
PILOT-002570,102.5,0,10,14.81,0.5233,0.1998,0.1824,10.66,1.18,1,0
PILOT-002571,38.5,0,3,13.17,0.4825,0.3578,0.8401,9.48,1.3,0,0
PILOT-002572,30.8,5,6,12.97,0.7766,0.3148,0.5958,9.34,1.69,1,1
PILOT-002573,43.6,0,0,9.12,0.292,0.5606,0.5758,6.57,0.71,1,1
PILOT-002574,36.4,1,3,11.38,0.3001,0.3577,0.2555,8.19,0.92,1,0
PILOT-002575,52.4,4,7,17.51,0.6991,0.1405,0.4037,12.61,2.01,1,0
PILOT-002576,5.5,2,3,12.94,0.3537,0.5906,0.2813,9.32,1.26,0,1
PILOT-002577,24.6,2,3,16.19,0.446,0.3969,0.4727,11.66,1.61,0,0
PILOT-002578,5.1,2,6,14.18,0.5226,0.3747,0.5435,10.21,1.62,0,0
PILOT-002579,49.8,7,7,17.53,0.7966,0.2643,0.7696,12.62,2.2,1,0
PILOT-002580,43.0,3,1,12.52,0.3183,0.7013,0.2255,9.01,1.01,0,0
PILOT-002581,14.7,1,4,15.28,0.6137,0.7742,0.2617,11.0,1.83,0,1
PILOT-002582,32.1,0,4,13.76,0.1687,0.5777,0.1421,9.91,0.95,0,0
PILOT-002583,62.1,0,3,9.94,0.2412,0.354,0.7635,7.16,0.65,1,1
PILOT-002584,21.6,3,5,17.03,0.6466,0.7271,0.3133,12.26,2.06,1,1
PILOT-002585,12.9,1,6,12.24,0.4522,0.2673,0.5809,8.81,1.28,1,1
PILOT-002586,14.2,3,3,11.06,0.3307,0.8231,0.3196,7.96,1.02,1,0
PILOT-002587,9.0,0,6,18.72,0.6639,0.5668,0.8358,13.48,2.38,0,0
PILOT-002588,71.9,1,2,9.7,0.2417,0.49,0.5396,6.98,0.6,1,0
PILOT-002589,31.1,4,2,18.86,0.6996,0.5844,0.7222,13.58,2.32,0,1
PILOT-002590,8.7,2,2,15.22,0.6195,0.6254,0.5542,10.96,1.87,1,0
PILOT-002591,6.0,4,10,18.33,0.7637,0.5422,0.3376,13.2,2.53,0,0
PILOT-002592,3.8,5,7,18.99,0.8959,0.2946,0.7911,13.67,2.89,0,1
PILOT-002593,24.1,1,2,9.81,0.1666,0.7217,0.5561,7.06,0.71,0,0
PILOT-002594,25.8,6,6,15.95,0.8117,0.313,0.4036,11.48,2.17,0,0
PILOT-002595,32.4,1,1,13.92,0.2262,0.5181,0.7159,10.02,1.04,1,1
PILOT-002596,42.1,2,6,16.87,0.518,0.8126,0.8149,12.15,1.7,0,1
PILOT-002597,62.1,1,2,8.98,0.1078,0.1663,0.5292,6.47,0.47,0,0
PILOT-002598,28.8,3,6,17.18,0.6861,0.0695,0.7493,12.37,2.1,1,0
PILOT-002599,4.8,1,2,9.94,0.4293,0.5903,0.733,7.16,1.05,1,1
PILOT-002600,16.5,1,3,12.44,0.284,0.655,0.5554,8.96,1.08,0,0
PILOT-002601,23.2,4,5,13.6,0.6871,0.8256,0.4017,9.79,1.69,1,0
PILOT-002602,54.4,0,3,18.47,0.6362,0.1891,0.6954,13.3,2.0,0,0
PILOT-002603,5.6,1,7,13.75,0.3827,0.8646,0.7079,9.9,1.38,0,0
PILOT-002604,34.4,0,2,14.36,0.17,0.7256,0.289,10.34,0.99,1,1
PILOT-002605,13.3,4,9,16.59,0.7035,0.3625,0.5616,11.94,2.15,1,0
PILOT-002606,40.6,3,2,11.73,0.3553,0.5147,0.7627,8.45,1.0,1,0
PILOT-002607,2.2,1,4,11.56,0.1791,0.6832,0.7127,8.32,0.94,0,0
PILOT-002608,32.9,4,5,17.43,0.8589,0.34,0.8005,12.55,2.41,1,1
PILOT-002609,67.7,0,0,10.36,0.3351,0.5652,0.5841,7.46,0.76,0,0
PILOT-002610,15.6,2,6,7.51,0.3528,0.5038,0.2975,5.41,0.7,1,0
PILOT-002611,8.2,2,3,15.22,0.6103,0.4373,0.6978,10.96,1.86,0,0
PILOT-002612,5.8,2,2,6.22,0.1884,0.4707,0.2138,4.48,0.5,1,1
PILOT-002613,22.4,1,2,19.01,0.5232,0.7272,0.5815,13.69,2.06,0,0
PILOT-002614,12.6,5,8,15.85,0.6318,0.6792,0.8924,11.41,1.94,0,0
PILOT-002615,9.8,3,5,15.37,0.565,0.1714,0.318,11.07,1.8,1,1
PILOT-002616,36.3,3,11,17.27,0.7499,0.6198,0.4738,12.43,2.17,1,1
PILOT-002617,15.0,2,3,12.56,0.5219,0.4223,0.6671,9.04,1.39,0,0
PILOT-002618,20.9,2,3,16.71,0.4715,0.1457,0.6983,12.03,1.73,1,0
PILOT-002619,27.0,1,3,12.53,0.4437,0.5437,0.4451,9.02,1.24,0,0
PILOT-002620,60.3,1,7,15.1,0.7214,0.4265,0.8163,10.87,1.73,1,0
PILOT-002621,7.3,2,5,13.57,0.4488,0.706,0.3887,9.77,1.44,1,0
PILOT-002622,18.9,2,4,18.89,0.7907,0.45,0.4006,13.6,2.57,1,1
PILOT-002623,19.2,1,5,14.03,0.3883,0.2184,0.5686,10.1,1.35,0,0
PILOT-002624,26.1,1,3,14.82,0.6202,0.4514,0.4391,10.67,1.73,0,1
PILOT-002625,39.3,4,9,21.52,0.8034,0.8566,0.2717,15.49,2.8,1,1
PILOT-002626,18.9,2,5,17.27,0.7401,0.2346,0.2469,12.43,2.27,0,0
PILOT-002627,53.5,0,2,13.31,0.2042,0.4008,0.6622,9.58,0.87,1,0
PILOT-002628,25.8,2,2,12.44,0.2426,0.2209,0.4539,8.96,0.98,1,0
PILOT-002629,33.2,4,3,14.75,0.6149,0.6277,0.3297,10.62,1.67,1,0
PILOT-002630,2.6,2,2,17.71,0.8044,0.392,0.473,12.75,2.54,1,0
PILOT-002631,41.9,2,4,13.98,0.544,0.8095,0.5686,10.07,1.44,1,1
PILOT-002632,18.9,4,5,19.02,0.6894,0.4391,0.6412,13.69,2.4,1,0
PILOT-002633,12.3,1,5,14.89,0.371,0.4072,0.2168,10.72,1.44,1,0
PILOT-002634,31.4,1,1,8.03,0.1346,0.4377,0.1965,5.78,0.53,1,0
PILOT-002635,25.8,1,8,20.14,0.7699,0.2784,0.2248,14.5,2.65,0,1
PILOT-002636,36.6,3,4,11.71,0.4684,0.8357,0.7919,8.43,1.14,0,1
PILOT-002637,14.3,1,7,14.78,0.6186,0.1052,0.7424,10.64,1.78,1,0
PILOT-002638,20.7,3,9,9.95,0.6563,0.3068,0.6621,7.16,1.22,0,0
PILOT-002639,16.6,3,9,20.59,0.8374,0.3878,0.3774,14.82,2.92,0,1
PILOT-002640,7.9,4,10,16.97,0.6217,0.3811,0.5747,12.22,2.09,1,1
PILOT-002641,32.7,1,4,12.7,0.3467,0.4845,0.635,9.14,1.1,0,0
PILOT-002642,6.4,3,0,10.26,0.1426,0.4297,0.8325,7.39,0.78,0,0
PILOT-002643,5.1,3,5,12.74,0.5337,0.6496,0.7966,9.17,1.47,1,1
PILOT-002644,14.8,2,4,8.14,0.2717,0.4373,0.3588,5.86,0.7,0,0
PILOT-002645,26.8,6,3,19.2,0.3928,0.5717,0.6955,13.82,1.8,0,0
PILOT-002646,18.3,3,2,18.29,0.4525,0.1698,0.3439,13.17,1.88,1,0
PILOT-002647,20.2,4,7,12.96,0.4511,0.5026,0.4658,9.33,1.32,0,0
PILOT-002648,15.4,2,5,19.99,0.5994,0.593,0.1437,14.39,2.37,1,0
PILOT-002649,57.5,4,7,12.58,0.3833,0.3603,0.313,9.06,1.03,0,0
PILOT-002650,30.9,3,0,17.87,0.6036,0.6587,0.6447,12.87,2.02,1,0
PILOT-002651,51.6,0,2,14.01,0.3104,0.2546,0.341,10.09,1.07,1,0
PILOT-002652,21.0,1,3,12.51,0.2878,0.6903,0.6882,9.01,1.07,0,0
PILOT-002653,67.5,2,2,13.44,0.6137,0.7238,0.2839,9.68,1.36,0,0
PILOT-002654,18.7,0,3,7.67,0.0876,0.6637,0.3153,5.52,0.51,0,0
PILOT-002655,79.3,1,2,15.18,0.1665,0.6531,0.516,10.93,0.79,0,0
PILOT-002656,42.5,0,4,11.7,0.0599,0.5645,0.189,8.42,0.64,0,0
PILOT-002657,34.4,0,10,15.71,0.6964,0.4732,0.6899,11.31,1.9,1,1
PILOT-002658,4.4,3,10,17.33,0.7206,0.535,0.6366,12.48,2.33,0,0
PILOT-002659,10.6,3,4,19.68,0.6569,0.2778,0.3666,14.17,2.48,1,0
PILOT-002660,28.4,2,3,14.33,0.5553,0.5974,0.4655,10.32,1.57,0,0
PILOT-002661,33.8,7,3,18.95,0.7422,0.72,0.3971,13.64,2.39,1,0
PILOT-002662,48.7,2,2,12.92,0.1569,0.2648,0.1115,9.3,0.8,0,0
PILOT-002663,27.0,0,3,11.04,0.4555,0.1582,0.425,7.95,1.1,0,0
PILOT-002664,25.8,4,4,12.99,0.5173,0.576,0.6889,9.35,1.38,1,1
PILOT-002665,19.2,1,4,12.68,0.4083,0.5006,0.7845,9.13,1.24,0,0
PILOT-002666,41.7,0,2,11.9,0.3564,0.5833,0.421,8.57,1.01,0,0
PILOT-002667,4.3,2,10,20.66,0.7048,0.6107,0.8312,14.88,2.75,1,1
PILOT-002668,26.1,1,3,10.52,0.2828,0.7067,0.6199,7.57,0.87,0,0
PILOT-002669,12.2,4,10,24.37,0.8763,0.7647,0.5246,17.55,3.59,1,0
PILOT-002670,19.4,4,2,18.73,0.653,0.8565,0.424,13.49,2.29,1,1
PILOT-002671,39.5,1,3,5.2,0.164,0.3464,0.5131,3.74,0.34,1,0
PILOT-002672,61.2,2,1,17.34,0.2766,0.707,0.1002,12.48,1.21,1,0
PILOT-002673,40.1,1,6,19.67,0.6621,0.608,0.7667,14.16,2.28,0,0
PILOT-002674,11.2,6,10,18.03,0.7913,0.4002,0.5511,12.98,2.51,1,1
PILOT-002675,60.5,1,6,17.77,0.5863,0.3409,0.3039,12.79,1.79,0,0
PILOT-002676,11.0,4,5,20.5,0.5351,0.7085,0.4906,14.76,2.33,0,1
PILOT-002677,17.9,4,2,18.76,0.6828,0.55,0.5477,13.51,2.36,1,1
PILOT-002678,50.8,2,3,11.94,0.1861,0.6343,0.7145,8.6,0.77,1,1
PILOT-002679,34.6,4,3,14.83,0.4991,0.4887,0.8645,10.68,1.5,0,1
PILOT-002680,17.4,4,5,19.92,0.6322,0.5086,0.6833,14.34,2.41,0,0
PILOT-002681,31.7,3,2,18.63,0.5302,0.1432,0.4855,13.41,1.97,0,0
PILOT-002682,23.1,2,3,16.07,0.5671,0.5076,0.74,11.57,1.81,1,0
PILOT-002683,23.3,4,5,16.41,0.579,0.5644,0.5573,11.82,1.86,1,1
PILOT-002684,4.7,1,5,11.54,0.215,0.3615,0.317,8.31,0.97,1,0
PILOT-002685,38.4,2,8,17.78,0.6817,0.0769,0.2895,12.8,2.1,0,0
PILOT-002686,43.3,5,9,16.83,0.7217,0.1949,0.2788,12.12,2.03,1,0
PILOT-002687,33.5,1,8,15.65,0.5588,0.5474,0.3365,11.27,1.69,1,0
PILOT-002688,34.9,1,1,10.24,0.3049,0.5397,0.7089,7.37,0.84,1,0
PILOT-002689,4.9,3,6,10.09,0.4137,0.5784,0.4562,7.26,1.05,1,1
PILOT-002690,37.8,0,5,13.99,0.3862,0.3193,0.4451,10.07,1.25,0,0
PILOT-002691,37.4,0,2,16.86,0.2467,0.7499,0.7154,12.14,1.27,1,0
PILOT-002692,16.4,1,2,8.87,0.2738,0.8423,0.1851,6.39,0.76,1,0
PILOT-002693,12.3,3,9,12.92,0.4205,0.5651,0.6243,9.3,1.31,0,0
PILOT-002694,16.6,4,5,17.0,0.7945,0.3807,0.2552,12.24,2.34,1,0
PILOT-002695,9.7,1,1,9.24,0.0818,0.4536,0.079,6.65,0.63,1,0
PILOT-002696,9.2,2,7,11.35,0.3187,0.7078,0.3692,8.17,1.05,1,1
PILOT-002697,29.0,2,3,16.09,0.4785,0.6861,0.8153,11.58,1.63,0,0
PILOT-002698,18.3,1,7,14.69,0.3672,0.3181,0.609,10.58,1.38,1,0
PILOT-002699,22.9,2,3,14.85,0.6055,0.5001,0.4812,10.69,1.73,1,0
PILOT-002700,27.8,2,3,13.98,0.4254,0.6269,0.509,10.07,1.35,1,0
PILOT-002701,45.5,2,5,17.17,0.7334,0.7378,0.3031,12.36,2.08,1,1
PILOT-002702,37.1,1,1,18.97,0.6317,0.5813,0.7089,13.66,2.16,0,0
PILOT-002703,65.8,0,2,11.34,0.1146,0.239,0.4744,8.16,0.59,0,0
PILOT-002704,6.6,2,3,19.48,0.5965,0.48,0.48,14.03,2.36,1,0
PILOT-002705,40.2,2,6,8.4,0.2363,0.2646,0.4783,6.05,0.61,1,0
PILOT-002706,28.9,3,2,8.1,0.363,0.7128,0.3315,5.83,0.73,1,0
PILOT-002707,35.5,1,5,17.14,0.6461,0.5221,0.6651,12.34,1.99,0,0
PILOT-002708,15.2,1,6,19.14,0.5058,0.3993,0.4836,13.78,2.09,1,1
PILOT-002709,13.3,4,8,20.22,0.8186,0.4154,0.3256,14.56,2.85,0,0
PILOT-002710,51.5,0,6,15.95,0.5221,0.5239,0.4999,11.48,1.56,1,0
PILOT-002711,72.1,0,2,10.06,0.3118,0.5428,0.2076,7.24,0.7,0,0
PILOT-002712,27.1,1,6,11.28,0.3644,0.5008,0.3699,8.12,1.02,0,0
PILOT-002713,81.7,2,4,10.91,0.3173,0.5226,0.5203,7.86,0.72,1,1
PILOT-002714,5.5,5,5,14.47,0.9438,0.1357,0.9311,10.42,2.26,0,1
PILOT-002715,59.6,2,4,13.76,0.2907,0.715,0.4459,9.91,0.99,0,0
PILOT-002716,43.7,0,1,10.42,0.0974,0.77,0.5389,7.5,0.6,1,1
PILOT-002717,44.6,3,5,15.3,0.6663,0.4081,0.6967,11.02,1.75,0,1
PILOT-002718,32.3,1,1,12.69,0.5159,0.3563,0.333,9.14,1.32,0,0
PILOT-002719,29.6,3,9,15.67,0.648,0.2731,0.4599,11.28,1.85,1,1
PILOT-002720,17.6,2,7,20.58,0.7227,0.5868,0.1365,14.82,2.67,1,0
PILOT-002721,13.0,2,1,16.73,0.5134,0.6803,0.6785,12.05,1.85,1,0
PILOT-002722,41.7,2,2,13.27,0.2044,0.7292,0.369,9.55,0.92,0,0
PILOT-002723,46.9,1,3,13.44,0.4455,0.3291,0.2099,9.68,1.23,1,0
PILOT-002724,34.6,1,5,19.91,0.6099,0.5746,0.5566,14.34,2.24,0,0
PILOT-002725,44.8,4,7,20.15,0.7942,0.139,0.4189,14.51,2.56,0,0
PILOT-002726,85.8,2,6,11.33,0.5823,0.4812,0.5942,8.16,1.03,0,0
PILOT-002727,69.3,5,6,18.03,0.7129,0.4619,0.5474,12.98,1.99,0,0
PILOT-002728,24.1,2,10,15.95,0.778,0.4332,0.8259,11.48,2.12,1,1
PILOT-002729,40.3,4,4,13.63,0.4347,0.3771,0.229,9.81,1.27,1,1
PILOT-002730,15.7,0,9,13.24,0.3221,0.333,0.2515,9.53,1.2,0,0
PILOT-002731,7.9,4,12,21.25,0.777,0.6927,0.6287,15.3,2.95,0,1
PILOT-002732,58.8,3,10,19.13,0.8575,0.5272,0.939,13.77,2.46,1,0
PILOT-002733,43.8,4,0,8.24,0.0883,0.6019,0.3441,5.93,0.47,1,0
PILOT-002734,27.0,2,13,17.48,0.6631,0.4542,0.3595,12.59,2.11,0,0
PILOT-002735,116.6,1,0,8.73,0.2397,0.3616,0.0469,6.29,0.4,1,0
PILOT-002736,18.2,4,8,17.6,0.6872,0.7139,0.4066,12.67,2.22,0,0
PILOT-002737,21.9,7,9,16.57,0.8716,0.4907,0.7158,11.93,2.37,1,1
PILOT-002738,10.5,1,2,13.03,0.2424,0.5445,0.0917,9.38,1.1,1,0
PILOT-002739,21.8,5,4,18.33,0.4461,0.2286,0.8151,13.2,1.85,0,0
PILOT-002740,34.9,1,8,12.41,0.3803,0.464,0.1955,8.94,1.11,0,0
PILOT-002741,31.3,3,3,20.22,0.7353,0.3779,0.2802,14.56,2.55,1,0
PILOT-002742,31.7,3,6,14.01,0.379,0.4482,0.3156,10.09,1.27,0,0
PILOT-002743,15.1,3,3,18.77,0.565,0.6635,0.2178,13.51,2.16,0,0
PILOT-002744,33.1,3,4,15.96,0.6937,0.4723,0.4496,11.49,1.94,1,1
PILOT-002745,44.5,0,4,8.45,0.0782,0.5919,0.2193,6.08,0.47,0,0
PILOT-002746,30.2,5,9,18.62,0.7942,0.4745,0.7037,13.41,2.47,1,1
PILOT-002747,14.6,6,8,19.01,0.7807,0.1284,0.3973,13.69,2.6,0,1
PILOT-002748,31.8,3,4,11.31,0.4181,0.5356,0.3929,8.14,1.07,0,0
PILOT-002749,73.1,1,9,18.95,0.6886,0.6598,0.7725,13.64,2.02,1,0
PILOT-002750,20.5,1,5,21.57,0.8945,0.7034,0.6218,15.53,3.15,1,0
PILOT-002751,23.2,2,8,16.39,0.6448,0.1943,0.4769,11.8,1.97,1,0
PILOT-002752,85.2,0,6,14.08,0.429,0.4935,0.4618,10.14,1.07,0,0
PILOT-002753,6.5,3,6,18.46,0.7665,0.6267,0.5498,13.29,2.55,0,1
PILOT-002754,32.3,5,4,21.54,0.7546,0.4515,0.4242,15.51,2.75,1,0
PILOT-002755,22.6,4,10,21.04,0.8836,0.6498,0.7181,15.15,3.03,0,0
PILOT-002756,62.3,3,11,18.01,0.5845,0.6288,0.8771,12.97,1.8,1,0
PILOT-002757,4.0,3,4,18.41,0.7011,0.7337,0.4048,13.26,2.44,0,1
PILOT-002758,82.7,0,4,13.48,0.2752,0.212,0.2903,9.71,0.83,1,0
PILOT-002759,43.8,0,1,11.15,0.183,0.6713,0.6239,8.03,0.74,1,0
PILOT-002760,9.1,2,4,13.57,0.2512,0.7484,0.7199,9.77,1.16,0,0
PILOT-002761,13.6,1,7,21.25,0.7792,0.2641,0.5693,15.3,2.91,0,0
PILOT-002762,40.2,0,4,14.94,0.6447,0.3734,0.4633,10.76,1.7,0,0
PILOT-002763,30.9,0,6,12.6,0.0837,0.1937,0.5278,9.07,0.77,1,1
PILOT-002764,14.7,1,2,15.33,0.412,0.7454,0.5036,11.04,1.53,1,0
PILOT-002765,18.0,3,4,18.95,0.7306,0.5179,0.4437,13.64,2.47,0,0
PILOT-002766,24.8,3,1,18.39,0.5688,0.8792,0.6148,13.24,2.06,1,0
PILOT-002767,14.5,0,6,11.26,0.2542,0.614,0.3651,8.11,0.95,0,0
PILOT-002768,45.4,1,1,11.77,0.1456,0.5593,0.3437,8.47,0.73,1,0
PILOT-002769,39.2,3,5,11.73,0.4078,0.345,0.7847,8.45,1.06,0,0
PILOT-002770,22.0,3,6,13.94,0.6433,0.2352,0.8802,10.04,1.68,1,0
PILOT-002771,17.5,2,4,18.58,0.4251,0.2185,0.1799,13.38,1.86,1,0
PILOT-002772,34.1,2,9,14.25,0.5354,0.3256,0.6733,10.26,1.5,0,0
PILOT-002773,11.1,2,6,16.01,0.557,0.4896,0.3032,11.53,1.85,0,0
PILOT-002774,22.0,2,3,23.28,0.9036,0.203,0.6941,16.76,3.41,1,0
PILOT-002775,9.2,2,5,15.97,0.5517,0.386,0.2371,11.5,1.85,1,1
PILOT-002776,77.4,1,3,17.35,0.4891,0.2568,0.3854,12.49,1.48,1,0
PILOT-002777,21.7,3,8,16.48,0.7423,0.7031,0.8008,11.87,2.15,1,1
PILOT-002778,14.3,2,3,15.03,0.5892,0.3102,0.7527,10.82,1.77,1,0
PILOT-002779,10.8,1,10,19.9,0.7378,0.3933,0.519,14.33,2.66,0,0
PILOT-002780,120.0,0,1,8.26,0.0942,0.7055,0.584,5.95,0.33,0,0
PILOT-002781,18.9,6,4,21.25,0.9386,0.7066,0.4163,15.3,3.21,1,1
PILOT-002782,32.5,4,4,13.53,0.4771,0.3326,0.5066,9.74,1.35,0,0
PILOT-002783,85.0,0,3,13.35,0.2383,0.7541,0.604,9.61,0.76,0,0
PILOT-002784,26.9,4,7,15.07,0.7921,0.7068,0.2993,10.85,2.01,0,1
PILOT-002785,58.9,1,1,7.56,0.1607,0.2924,0.4276,5.44,0.45,0,0
PILOT-002786,15.9,3,4,14.32,0.3821,0.8477,0.5154,10.31,1.38,0,0
PILOT-002787,31.2,2,2,15.5,0.2905,0.1678,0.7813,11.16,1.27,0,0
PILOT-002788,19.8,3,4,17.54,0.6964,0.3461,0.5587,12.63,2.22,0,1
PILOT-002789,38.8,1,0,9.41,0.1842,0.2633,0.455,6.78,0.64,0,0
PILOT-002790,61.1,3,2,13.1,0.2731,0.4232,0.5369,9.43,0.91,1,0
PILOT-002791,17.5,2,6,19.46,0.6242,0.3506,0.6933,14.01,2.34,1,0
PILOT-002792,17.2,1,8,18.06,0.5199,0.3459,0.2507,13.0,1.98,0,0
PILOT-002793,28.6,2,7,19.29,0.6946,0.2732,0.4044,13.89,2.38,1,0
PILOT-002794,36.4,3,5,16.78,0.6794,0.2069,0.3154,12.08,1.99,0,0
PILOT-002795,23.1,1,13,17.13,0.7888,0.547,0.7662,12.33,2.31,0,0
PILOT-002796,11.7,4,5,15.4,0.8079,0.1454,0.5118,11.09,2.16,1,0
PILOT-002797,19.0,4,7,10.86,0.4384,0.3195,0.648,7.82,1.1,1,1
PILOT-002798,5.1,2,5,12.16,0.3568,0.1862,0.1877,8.76,1.19,0,0
PILOT-002799,24.2,5,5,20.58,0.9083,0.232,0.6933,14.82,3.01,0,1
PILOT-002800,22.5,3,7,19.01,0.7659,0.692,0.4742,13.69,2.52,0,0
PILOT-002801,11.1,2,4,11.69,0.4755,0.8318,0.5348,8.42,1.26,0,1
PILOT-002802,37.4,2,8,14.22,0.4767,0.6713,0.7659,10.24,1.4,1,0
PILOT-002803,9.0,0,7,11.52,0.3365,0.2369,0.7406,8.29,1.09,1,0
PILOT-002804,33.7,5,1,12.48,0.6374,0.3355,0.2577,8.99,1.44,0,0
PILOT-002805,48.2,2,3,10.37,0.2184,0.6389,0.1584,7.47,0.71,0,0
PILOT-002806,9.8,1,2,15.16,0.5427,0.4526,0.3036,10.92,1.74,0,0
PILOT-002807,43.5,4,8,19.02,0.8274,0.1945,0.4038,13.69,2.49,0,1
PILOT-002808,38.4,1,4,8.76,0.2153,0.667,0.4784,6.31,0.63,0,0
PILOT-002809,44.4,2,4,8.03,0.3704,0.5192,0.3564,5.78,0.68,0,0
PILOT-002810,30.5,0,5,13.83,0.4897,0.4619,0.5671,9.96,1.41,0,0
PILOT-002811,26.8,4,2,14.56,0.6624,0.7106,0.7874,10.48,1.76,1,0
PILOT-002812,29.7,4,6,11.89,0.351,0.9054,0.3348,8.56,1.05,0,0
PILOT-002813,56.8,0,1,12.29,0.2237,0.6324,0.1457,8.85,0.81,1,0
PILOT-002814,44.4,9,6,11.75,0.4744,0.307,0.4463,8.46,1.12,0,0
PILOT-002815,16.1,5,1,15.87,0.8529,0.2331,0.7101,11.43,2.28,0,0
PILOT-002816,28.4,1,2,6.73,0.1401,0.4213,0.1512,4.85,0.46,1,0
PILOT-002817,24.0,2,3,19.43,0.8081,0.4671,0.6732,13.99,2.65,1,0
PILOT-002818,27.0,3,3,19.92,0.6233,0.5823,0.7285,14.34,2.32,0,0
PILOT-002819,6.1,0,1,12.64,0.07,0.4695,0.3309,9.1,0.87,1,1
PILOT-002820,37.2,3,5,10.63,0.3999,0.8109,0.6404,7.65,0.96,0,0
PILOT-002821,31.4,3,6,14.39,0.5864,0.3193,0.3068,10.36,1.6,1,1
PILOT-002822,12.6,5,11,21.78,0.8992,0.5438,0.8565,15.68,3.25,1,1
PILOT-002823,13.8,1,7,13.41,0.3401,0.4473,0.1573,9.66,1.25,1,0
PILOT-002824,1.7,1,4,18.98,0.7139,0.2338,0.8899,13.67,2.56,0,0
PILOT-002825,22.6,0,4,11.13,0.2825,0.822,0.0834,8.01,0.94,1,1
PILOT-002826,33.5,3,8,18.22,0.4374,0.256,0.2364,13.12,1.74,0,0
PILOT-002827,23.6,5,7,21.02,0.8218,0.2082,0.8504,15.13,2.89,0,0
PILOT-002828,11.9,4,6,16.36,0.8124,0.4349,0.9351,11.78,2.31,1,1
PILOT-002829,25.2,1,2,12.53,0.2416,0.4827,0.5702,9.02,0.99,1,1
PILOT-002830,18.1,4,5,18.17,0.6397,0.5129,0.3458,13.08,2.21,0,1
PILOT-002831,54.5,0,4,17.03,0.5897,0.3741,0.393,12.26,1.76,1,0
PILOT-002832,34.8,4,2,18.38,0.6667,0.4881,0.4456,13.23,2.17,0,0
PILOT-002833,14.5,3,4,15.16,0.6745,0.6036,0.4582,10.92,1.91,1,0
PILOT-002834,42.7,4,6,13.54,0.3449,0.6886,0.5556,9.75,1.13,1,1
PILOT-002835,70.5,1,1,12.72,0.1861,0.2747,0.6748,9.16,0.73,0,0
PILOT-002836,34.0,6,13,20.48,0.8932,0.7878,0.7207,14.75,2.89,0,0
PILOT-002837,4.3,6,5,17.92,0.8728,0.1582,0.366,12.9,2.68,0,1
PILOT-002838,29.4,0,2,15.78,0.328,0.7301,0.4071,11.36,1.36,1,1
PILOT-002839,22.1,0,5,11.94,0.402,0.1062,0.7392,8.6,1.15,1,0
PILOT-002840,15.0,3,5,11.26,0.5568,0.364,0.2837,8.11,1.29,1,0
PILOT-002841,10.9,4,3,13.69,0.6818,0.8125,0.5781,9.86,1.76,1,0
PILOT-002842,10.4,0,6,19.81,0.8284,0.1808,0.4301,14.26,2.83,0,0
PILOT-002843,17.3,2,0,7.18,0.1729,0.7763,0.6117,5.17,0.54,0,0
PILOT-002844,15.3,1,2,14.74,0.4298,0.6741,0.5302,10.61,1.5,0,0
PILOT-002845,5.2,2,3,11.78,0.251,0.3436,0.7034,8.48,1.03,1,0
PILOT-002846,0.8,1,6,13.61,0.5135,0.6223,0.6534,9.8,1.57,1,0
PILOT-002847,24.2,6,3,18.95,0.5961,0.2847,0.71,13.64,2.18,1,0
PILOT-002848,53.8,2,4,9.83,0.4109,0.3478,0.0914,7.08,0.84,1,0
PILOT-002849,15.3,2,3,18.63,0.6428,0.4169,0.6897,13.41,2.29,1,0
PILOT-002850,5.6,3,6,18.93,0.7704,0.5038,0.9244,13.63,2.63,0,0
PILOT-002851,34.2,0,1,12.48,0.066,0.6404,0.1343,8.99,0.73,0,0
PILOT-002852,21.3,0,0,8.79,0.1424,0.8877,0.7776,6.33,0.62,1,0
PILOT-002853,5.2,3,8,19.42,0.756,0.0983,0.2942,13.98,2.67,1,1
PILOT-002854,25.3,5,7,14.88,0.7675,0.6552,0.622,10.71,1.96,1,0
PILOT-002855,5.5,2,4,19.29,0.7629,0.6271,0.2047,13.89,2.67,1,1
PILOT-002856,2.3,5,3,14.06,0.4969,0.5335,0.7971,10.12,1.59,0,0
PILOT-002857,7.2,1,11,19.08,0.4974,0.5362,0.4231,13.74,2.12,1,1
PILOT-002858,25.3,2,5,16.5,0.4878,0.746,0.2801,11.88,1.71,1,0
PILOT-002859,32.8,4,2,15.47,0.3347,0.1524,0.552,11.14,1.33,1,1
PILOT-002860,35.5,0,0,10.8,0.1483,0.7278,0.3577,7.78,0.71,1,0
PILOT-002861,96.9,0,2,6.67,0.1764,0.3605,0.4279,4.8,0.31,0,0
PILOT-002862,11.0,4,5,12.42,0.5313,0.7043,0.5001,8.94,1.41,0,1
PILOT-002863,7.4,2,8,16.25,0.8613,0.338,0.6403,11.7,2.4,1,1
PILOT-002864,21.6,2,1,15.88,0.7335,0.5238,0.3489,11.43,2.06,0,0
PILOT-002865,27.8,2,3,22.33,0.4058,0.3255,0.4879,16.08,2.11,0,0
PILOT-002866,10.9,6,5,18.32,0.8194,0.7462,0.4456,13.19,2.6,0,1
PILOT-002867,3.8,3,8,15.7,0.8016,0.1869,0.6544,11.3,2.24,0,1
PILOT-002868,22.3,2,10,19.34,0.7885,0.382,0.6992,13.92,2.61,1,0
PILOT-002869,44.4,2,4,17.54,0.4261,0.1529,0.6088,12.63,1.59,0,0
PILOT-002870,120.0,1,1,12.6,0.2693,0.8076,0.5666,9.07,0.6,0,1
PILOT-002871,4.6,2,1,14.57,0.7143,0.6643,0.6228,10.49,1.95,0,1
PILOT-002872,11.3,0,4,15.07,0.3576,0.5288,0.7411,10.85,1.44,0,0
PILOT-002873,29.1,2,1,11.17,0.4271,0.4821,0.4111,8.04,1.07,0,1
PILOT-002874,56.6,3,3,11.86,0.3714,0.6705,0.5435,8.54,0.96,1,0
PILOT-002875,79.1,1,6,14.21,0.3563,0.6575,0.2819,10.23,1.01,0,1
PILOT-002876,7.1,1,6,22.04,0.8828,0.2187,0.6028,15.87,3.3,1,0
PILOT-002877,6.9,1,4,19.09,0.5811,0.5799,0.5651,13.74,2.28,1,0
PILOT-002878,22.3,2,5,12.0,0.4975,0.3638,0.6273,8.64,1.27,0,0
PILOT-002879,61.2,1,5,9.13,0.2023,0.8556,0.7495,6.57,0.57,1,0
PILOT-002880,19.8,1,5,10.18,0.2708,0.657,0.326,7.33,0.85,1,0
PILOT-002881,15.2,2,2,20.44,0.6998,0.4836,0.6409,14.72,2.63,0,0
PILOT-002882,34.8,0,0,14.1,0.2555,0.4185,0.5626,10.15,1.09,0,0
PILOT-002883,22.3,2,4,15.57,0.7244,0.5222,0.3747,11.21,2.0,0,0
PILOT-002884,37.1,4,7,14.44,0.5273,0.2454,0.637,10.4,1.49,1,1
PILOT-002885,11.5,2,5,19.31,0.4261,0.6679,0.4104,13.9,1.98,1,0
PILOT-002886,9.7,4,6,14.39,0.6186,0.147,0.6842,10.36,1.76,1,1
PILOT-002887,0.8,8,8,16.85,0.5769,0.7831,0.2724,12.13,2.05,0,1
PILOT-002888,6.0,3,5,15.99,0.8805,0.7376,0.2469,11.51,2.4,0,0
PILOT-002889,12.6,6,5,18.43,0.958,0.2466,0.7593,13.27,2.86,0,0
PILOT-002890,8.6,2,3,16.43,0.6683,0.2805,0.7532,11.83,2.1,0,1
PILOT-002891,21.0,3,3,14.75,0.5575,0.7668,0.4633,10.62,1.65,0,0
PILOT-002892,12.5,1,9,11.88,0.5505,0.3349,0.7914,8.55,1.36,1,0
PILOT-002893,2.8,3,4,14.77,0.4474,0.3863,0.6319,10.63,1.59,1,0
PILOT-002894,30.6,6,5,17.88,0.7002,0.2709,0.6775,12.87,2.2,1,0
PILOT-002895,25.0,2,3,10.73,0.1869,0.7406,0.463,7.73,0.79,1,1
PILOT-002896,61.3,2,5,11.35,0.1414,0.5396,0.2707,8.17,0.64,1,0
PILOT-002897,42.6,0,5,15.62,0.5979,0.7235,0.3555,11.25,1.69,1,1
PILOT-002898,11.7,7,7,19.06,0.8626,0.1352,0.4587,13.72,2.78,1,0
PILOT-002899,16.7,0,2,14.3,0.5113,0.4277,0.4972,10.3,1.56,1,0
PILOT-002900,32.8,2,3,15.17,0.7015,0.6329,0.6755,10.92,1.86,0,0
PILOT-002901,46.3,0,7,14.18,0.5452,0.6698,0.8229,10.21,1.44,1,0
PILOT-002902,5.8,4,7,18.91,0.7153,0.7412,0.3388,13.62,2.52,0,0
PILOT-002903,55.3,1,1,10.98,0.3792,0.3624,0.5724,7.91,0.9,1,0
PILOT-002904,17.7,0,3,5.29,0.3434,0.5943,0.4276,3.81,0.49,1,0
PILOT-002905,16.3,4,8,15.55,0.6564,0.2561,0.6179,11.2,1.92,1,0
PILOT-002906,13.8,4,4,13.03,0.4366,0.6957,0.1999,9.38,1.34,1,0
PILOT-002907,73.6,2,6,22.36,0.6008,0.6269,0.3053,16.1,2.18,0,0
PILOT-002908,32.8,4,6,12.94,0.533,0.5627,0.5293,9.32,1.37,0,1
PILOT-002909,8.6,2,2,13.71,0.1259,0.5935,0.5537,9.87,1.01,0,1
PILOT-002910,7.5,1,2,7.71,0.392,0.7456,0.7846,5.55,0.77,0,0
PILOT-002911,56.3,0,2,10.88,0.2492,0.633,0.4339,7.83,0.75,1,0
PILOT-002912,21.1,0,2,11.58,0.4102,0.7638,0.4122,8.34,1.13,0,1
PILOT-002913,32.9,1,4,14.9,0.3261,0.2909,0.46,10.73,1.26,1,0
PILOT-002914,17.6,4,5,15.81,0.5449,0.1516,0.3277,11.38,1.77,1,1
PILOT-002915,31.0,1,1,12.56,0.3408,0.7894,0.5528,9.04,1.09,1,0
PILOT-002916,12.6,3,5,16.08,0.5813,0.6283,0.7037,11.58,1.89,0,1
PILOT-002917,52.1,3,4,12.34,0.5186,0.52,0.7078,8.88,1.2,0,1
PILOT-002918,4.2,2,2,15.47,0.2842,0.6893,0.3289,11.14,1.41,1,0
PILOT-002919,23.9,5,4,16.35,0.8754,0.3817,0.3251,11.77,2.34,0,1
PILOT-002920,14.7,0,3,13.46,0.5724,0.7276,0.4696,9.69,1.56,0,0
PILOT-002921,15.0,1,5,12.54,0.2749,0.4403,0.6575,9.03,1.08,0,0
PILOT-002922,17.7,1,3,11.09,0.2398,0.6163,0.5419,7.98,0.91,1,1
PILOT-002923,42.8,3,10,17.66,0.6529,0.607,0.8602,12.72,2.01,1,1
PILOT-002924,36.9,1,3,10.24,0.2706,0.7564,0.7901,7.37,0.8,1,0
PILOT-002925,38.4,1,3,11.31,0.2369,0.2528,0.6063,8.14,0.84,0,0
PILOT-002926,28.3,1,0,5.19,0.2274,0.8169,0.6388,3.74,0.4,1,0
PILOT-002927,95.9,2,3,14.92,0.665,0.5327,0.5602,10.74,1.43,0,0
PILOT-002928,21.7,0,4,17.97,0.8407,0.2688,0.9284,12.94,2.52,0,0
PILOT-002929,10.9,2,4,12.18,0.2651,0.4572,0.5105,8.77,1.05,1,1
PILOT-002930,16.4,2,6,15.27,0.5187,0.5297,0.2394,10.99,1.68,1,0
PILOT-002931,6.3,0,3,12.08,0.1932,0.3607,0.4937,8.7,0.98,1,0
PILOT-002932,35.7,2,1,14.33,0.182,0.4091,0.5855,10.32,0.99,0,0
PILOT-002933,68.0,3,7,15.39,0.6396,0.6417,0.6976,11.08,1.59,1,0
PILOT-002934,14.3,2,1,10.48,0.2885,0.6442,0.5725,7.55,0.92,0,0
PILOT-002935,43.3,1,8,13.83,0.4052,0.397,0.3989,9.96,1.23,0,0
PILOT-002936,13.9,2,2,14.24,0.4586,0.3383,0.7798,10.25,1.49,1,0
PILOT-002937,23.1,2,7,15.74,0.7637,0.2655,0.3174,11.33,2.08,1,1
PILOT-002938,19.7,5,8,13.07,0.74,0.359,0.528,9.41,1.71,1,1
PILOT-002939,14.3,4,2,21.78,0.7796,0.5947,0.6807,15.68,2.98,0,0
PILOT-002940,8.6,2,8,18.13,0.8929,0.6136,0.333,13.05,2.72,1,0
PILOT-002941,45.9,4,6,19.9,0.7179,0.4294,0.6794,14.33,2.37,1,0
PILOT-002942,19.4,3,3,9.92,0.2838,0.3437,0.2509,7.14,0.85,1,0
PILOT-002943,21.3,5,3,16.56,0.7818,0.4855,0.3408,11.92,2.23,0,0
PILOT-002944,68.9,0,4,11.21,0.3636,0.5656,0.401,8.07,0.85,0,0
PILOT-002945,39.5,1,6,15.92,0.4481,0.5044,0.4798,11.46,1.51,1,0
PILOT-002946,12.4,4,4,16.45,0.7302,0.4972,0.1578,11.84,2.18,1,0
PILOT-002947,99.6,0,1,10.48,0.1858,0.6364,0.6142,7.55,0.49,0,0
PILOT-002948,72.2,0,2,10.6,0.0762,0.7869,0.2654,7.63,0.48,0,0
PILOT-002949,36.4,1,3,15.9,0.4441,0.5579,0.7768,11.45,1.52,1,0
PILOT-002950,22.6,0,2,11.73,0.131,0.4958,0.6583,8.45,0.81,1,0
PILOT-002951,28.9,1,7,18.24,0.4881,0.4834,0.3039,13.13,1.87,0,0
PILOT-002952,14.5,7,5,14.91,0.8709,0.6018,0.7572,10.74,2.17,0,0
PILOT-002953,9.2,3,3,14.88,0.4788,0.5706,0.7519,10.71,1.62,0,1
PILOT-002954,30.7,1,6,17.07,0.5243,0.2288,0.6462,12.29,1.8,0,0
PILOT-002955,17.4,2,3,11.85,0.5692,0.4832,0.4678,8.53,1.36,1,1
PILOT-002956,11.5,1,2,10.08,0.1637,0.6992,0.6537,7.26,0.77,0,0
PILOT-002957,4.5,6,4,16.81,0.7525,0.4469,0.7819,12.1,2.31,1,1
PILOT-002958,10.8,5,2,15.76,0.729,0.3574,0.4598,11.35,2.1,1,0
PILOT-002959,44.2,0,2,13.02,0.1359,0.6245,0.288,9.37,0.8,1,0
PILOT-002960,32.3,5,3,16.85,0.8097,0.161,0.2753,12.13,2.25,1,1
PILOT-002961,20.2,1,10,19.61,0.6292,0.2793,0.7015,14.12,2.35,0,0
PILOT-002962,11.8,1,2,12.96,0.3234,0.3033,0.3571,9.33,1.19,0,0
PILOT-002963,16.2,2,2,17.26,0.4509,0.7683,0.5751,12.43,1.78,1,0
PILOT-002964,8.9,2,7,16.59,0.5607,0.3753,0.2174,11.94,1.94,0,0
PILOT-002965,11.1,2,4,18.36,0.7721,0.655,0.7944,13.22,2.52,0,0
PILOT-002966,16.0,2,10,15.05,0.7731,0.5442,0.5858,10.84,2.04,1,0
PILOT-002967,17.1,2,5,9.86,0.3905,0.3612,0.3176,7.1,0.96,1,0
PILOT-002968,28.7,0,7,12.03,0.5621,0.791,0.7807,8.66,1.32,0,0
PILOT-002969,38.9,1,2,12.93,0.2079,0.2656,0.2464,9.31,0.92,1,0
PILOT-002970,7.4,1,1,16.07,0.4323,0.4488,0.359,11.57,1.68,0,1
PILOT-002971,9.3,1,5,15.64,0.5031,0.5366,0.4763,11.26,1.74,1,0
PILOT-002972,2.3,4,11,19.81,0.8444,0.2557,0.5179,14.26,2.92,0,1
PILOT-002973,11.0,3,4,15.6,0.7295,0.2769,0.7115,11.23,2.07,1,0
PILOT-002974,46.1,3,7,14.75,0.4736,0.3513,0.5088,10.62,1.4,1,0
PILOT-002975,37.3,5,6,18.28,0.6778,0.6892,0.5016,13.16,2.16,0,0
PILOT-002976,44.8,6,4,14.26,0.4993,0.6643,0.5977,10.27,1.39,0,0
PILOT-002977,46.1,2,5,18.17,0.5626,0.5438,0.1832,13.08,1.88,1,0
PILOT-002978,39.2,1,4,16.84,0.5015,0.6674,0.4215,12.12,1.68,0,1
PILOT-002979,33.5,1,3,12.41,0.2981,0.5355,0.386,8.94,1.01,0,0
PILOT-002980,22.7,6,5,9.46,0.5385,0.3035,0.5343,6.81,1.04,0,0
PILOT-002981,21.4,2,5,15.59,0.6016,0.7674,0.6876,11.22,1.82,0,0
PILOT-002982,27.7,2,1,14.09,0.3521,0.3085,0.482,10.14,1.26,0,0
PILOT-002983,24.3,1,2,8.64,0.3588,0.5223,0.3567,6.22,0.79,1,0
PILOT-002984,26.1,2,2,12.55,0.4356,0.7448,0.8322,9.04,1.23,1,1
PILOT-002985,48.9,0,3,6.35,0.0842,0.3519,0.3887,4.57,0.35,1,0
PILOT-002986,53.9,0,4,7.89,0.1542,0.5525,0.3697,5.68,0.47,0,0
PILOT-002987,7.9,3,5,18.98,0.7023,0.7035,0.4719,13.67,2.49,1,1
PILOT-002988,21.7,3,5,19.69,0.6159,0.6288,0.7451,14.18,2.32,1,1
PILOT-002989,14.4,3,13,21.29,0.7813,0.5098,0.6673,15.33,2.92,1,0
PILOT-002990,13.0,2,4,15.7,0.5159,0.8377,0.8545,11.3,1.74,1,0
PILOT-002991,13.1,3,5,15.91,0.8753,0.5856,0.4304,11.46,2.34,0,1
PILOT-002992,53.0,3,4,15.11,0.5597,0.5745,0.4163,10.88,1.52,0,1
PILOT-002993,18.4,4,4,16.37,0.6601,0.6308,0.781,11.79,2.02,1,1
PILOT-002994,35.1,4,9,13.29,0.4518,0.3732,0.8063,9.57,1.28,1,0
PILOT-002995,18.8,2,2,10.22,0.2981,0.5299,0.4626,7.36,0.89,0,0
PILOT-002996,11.8,5,5,20.79,0.736,0.5404,0.3004,14.97,2.77,1,1
PILOT-002997,18.1,2,8,18.51,0.7514,0.3851,0.4899,13.33,2.45,1,1
PILOT-002998,7.2,4,1,21.29,0.7338,0.3366,0.6587,15.33,2.87,0,0
PILOT-002999,16.3,3,8,16.49,0.6075,0.6925,0.5551,11.87,1.96,0,0
PILOT-003000,8.3,3,9,19.95,0.9087,0.1079,0.5955,14.36,3.03,0,0
PILOT-003001,24.2,3,9,16.85,0.6802,0.3078,0.4521,12.13,2.08,0,0
PILOT-003002,31.6,2,5,10.24,0.4172,0.3614,0.3745,7.37,0.97,1,0
PILOT-003003,21.8,1,4,16.53,0.4767,0.4328,0.5501,11.9,1.72,0,1
PILOT-003004,27.3,0,1,11.6,0.0915,0.5521,0.3156,8.35,0.73,1,0
PILOT-003005,18.1,2,1,17.15,0.7192,0.6168,0.4186,12.35,2.22,1,0
PILOT-003006,10.4,1,3,9.65,0.3602,0.8405,0.3947,6.95,0.93,1,0
PILOT-003007,37.6,2,7,17.77,0.6618,0.066,0.7046,12.79,2.07,1,0
PILOT-003008,33.5,1,5,17.61,0.4334,0.8065,0.5879,12.68,1.68,0,0
PILOT-003009,39.5,6,3,17.53,0.6361,0.2578,0.2479,12.62,1.99,0,0
PILOT-003010,2.8,7,8,16.84,0.6469,0.3678,0.4473,12.12,2.15,1,1
PILOT-003011,44.5,2,8,15.99,0.6767,0.7557,0.294,11.51,1.85,0,0
PILOT-003012,11.9,6,2,13.65,0.504,0.1709,0.5053,9.83,1.5,0,0
PILOT-003013,25.3,3,5,18.0,0.9642,0.4383,0.6331,12.96,2.72,1,0
PILOT-003014,10.8,5,9,14.92,0.6513,0.2985,0.3482,10.74,1.87,0,0
PILOT-003015,35.5,5,4,16.42,0.7381,0.3738,0.4514,11.82,2.05,1,1
PILOT-003016,61.6,2,4,10.39,0.1593,0.6186,0.1569,7.48,0.6,1,1
PILOT-003017,13.1,3,6,17.62,0.6245,0.7238,0.4063,12.69,2.14,1,1
PILOT-003018,23.7,1,3,8.84,0.132,0.6611,0.5104,6.36,0.61,1,1
PILOT-003019,5.2,1,1,9.96,0.0278,0.2577,0.0765,7.17,0.65,1,1
PILOT-003020,66.6,0,3,13.3,0.381,0.4286,0.5966,9.58,1.04,0,0
PILOT-003021,52.2,1,2,15.92,0.2367,0.5211,0.2766,11.46,1.1,0,0
PILOT-003022,29.2,0,5,12.47,0.4194,0.6262,0.444,8.98,1.19,0,0
PILOT-003023,78.7,1,2,12.07,0.3954,0.6955,0.4263,8.69,0.91,1,0
PILOT-003024,34.6,2,8,14.54,0.4163,0.3436,0.7628,10.47,1.35,0,0
PILOT-003025,13.3,1,4,5.0,0.1021,0.355,0.6118,3.6,0.35,1,0
PILOT-003026,11.7,5,4,22.44,0.778,0.5042,0.3258,16.16,3.09,1,1
PILOT-003027,8.2,2,4,11.01,0.4189,0.3831,0.425,7.93,1.13,1,0
PILOT-003028,28.1,3,4,16.41,0.3571,0.37,0.2084,11.82,1.47,0,0
PILOT-003029,9.2,4,6,17.45,0.7799,0.6926,0.2863,12.56,2.42,1,1
PILOT-003030,22.2,3,2,12.3,0.4978,0.3609,0.3856,8.86,1.3,1,0
PILOT-003031,11.2,5,8,15.88,0.6684,0.4242,0.3637,11.43,2.01,0,0
PILOT-003032,21.6,1,1,11.39,0.18,0.3998,0.6031,8.2,0.85,0,0
PILOT-003033,75.4,4,2,14.28,0.3614,0.4912,0.6245,10.28,1.04,1,0
PILOT-003034,9.6,3,4,11.0,0.4664,0.5052,0.4968,7.92,1.18,1,0
PILOT-003035,12.9,3,5,17.29,0.5049,0.3837,0.6708,12.45,1.9,0,0
PILOT-003036,57.8,2,3,15.02,0.406,0.2584,0.2024,10.81,1.26,1,0
PILOT-003037,21.3,3,3,16.34,0.6477,0.7087,0.4587,11.76,1.98,1,1
PILOT-003038,70.7,1,1,10.78,0.383,0.7934,0.6883,7.76,0.83,1,0
PILOT-003039,38.0,0,4,14.16,0.491,0.5814,0.6433,10.2,1.41,0,0
PILOT-003040,16.7,3,6,10.77,0.3157,0.1925,0.4824,7.75,0.96,0,0
PILOT-003041,22.0,2,5,18.57,0.4683,0.3157,0.6327,13.37,1.91,1,0
PILOT-003042,20.8,2,2,8.81,0.4586,0.664,0.5803,6.34,0.9,1,1
PILOT-003043,36.9,0,1,5.0,0.0867,0.5776,0.0941,3.6,0.3,1,0
PILOT-003044,30.3,0,4,12.15,0.3407,0.633,0.4367,8.75,1.06,1,0
PILOT-003045,21.4,1,4,10.8,0.1834,0.8747,0.6741,7.78,0.81,0,0
PILOT-003046,28.0,0,6,14.36,0.694,0.8043,0.2151,10.34,1.77,1,0
PILOT-003047,35.6,1,1,6.61,0.061,0.2791,0.5628,4.76,0.38,0,0
PILOT-003048,9.2,4,7,20.81,0.8158,0.5942,0.4947,14.98,2.96,0,0
PILOT-003049,33.0,4,8,18.42,0.7063,0.1543,0.7263,13.26,2.26,1,0
PILOT-003050,20.3,0,10,15.29,0.6732,0.2642,0.7837,11.01,1.9,0,0
PILOT-003051,25.1,3,5,15.69,0.4742,0.5772,0.8946,11.3,1.61,0,1
PILOT-003052,29.7,3,7,16.82,0.5408,0.4022,0.3776,12.11,1.81,1,0
PILOT-003053,64.3,1,3,8.4,0.3246,0.7402,0.3246,6.05,0.62,1,1
PILOT-003054,16.6,1,3,5.0,0.2491,0.861,0.4956,3.6,0.41,1,0
PILOT-003055,22.2,0,9,12.54,0.4988,0.6712,0.6953,9.03,1.33,0,1
PILOT-003056,22.6,0,4,10.24,0.4118,0.8426,0.4274,7.37,0.99,0,0
PILOT-003057,32.5,1,3,9.94,0.3461,0.8265,0.3661,7.16,0.86,1,0
PILOT-003058,67.8,2,1,8.63,0.0892,0.6523,0.5075,6.21,0.42,1,0
PILOT-003059,22.3,3,1,15.79,0.6845,0.6337,0.581,11.37,1.96,0,1
PILOT-003060,26.2,0,4,6.96,0.2484,0.2509,0.8651,5.01,0.55,1,0
PILOT-003061,42.8,1,1,7.18,0.3059,0.2027,0.4541,5.17,0.57,1,0
PILOT-003062,41.1,7,5,16.07,0.5366,0.39,0.548,11.57,1.65,1,0
PILOT-003063,77.6,1,3,16.29,0.3229,0.8728,0.7117,11.73,1.11,1,0
PILOT-003064,28.3,0,0,7.98,0.0906,0.5582,0.246,5.75,0.5,0,0
PILOT-003065,9.0,5,6,18.77,0.9463,0.3929,0.7256,13.51,2.92,1,0
PILOT-003066,20.9,3,9,17.22,0.7533,0.5264,0.6038,12.4,2.27,1,1
PILOT-003067,39.8,7,4,20.62,0.6749,0.575,0.5268,14.85,2.42,1,0
PILOT-003068,3.9,3,9,17.4,0.642,0.2612,0.643,12.53,2.21,1,1
PILOT-003069,5.6,1,5,15.86,0.377,0.5958,0.4095,11.42,1.58,1,0
PILOT-003070,41.9,0,1,13.08,0.5421,0.5439,0.3384,9.42,1.35,0,0
PILOT-003071,50.2,4,3,14.74,0.4666,0.6965,0.6487,10.61,1.36,1,0
PILOT-003072,26.4,3,1,16.0,0.3476,0.5313,0.8539,11.52,1.43,1,0
PILOT-003073,24.0,2,3,12.31,0.3434,0.7566,0.4421,8.86,1.1,0,0
PILOT-003074,38.9,3,5,17.26,0.8021,0.664,0.385,12.43,2.25,1,1
PILOT-003075,13.2,0,4,13.7,0.5127,0.7054,0.3992,9.86,1.51,0,0
PILOT-003076,32.2,0,5,10.05,0.3867,0.4912,0.5304,7.24,0.92,1,0
PILOT-003077,11.4,1,6,14.05,0.2794,0.596,0.4719,10.12,1.23,1,0
PILOT-003078,45.1,6,7,21.71,0.8169,0.3859,0.452,15.63,2.81,0,0
PILOT-003079,10.3,0,1,11.16,0.174,0.716,0.3266,8.04,0.87,1,0
PILOT-003080,24.9,2,3,8.91,0.2647,0.6647,0.4634,6.42,0.73,1,1
PILOT-003081,35.2,5,8,20.23,0.8274,0.3179,0.3291,14.57,2.71,0,0
PILOT-003082,24.3,3,6,13.57,0.4524,0.4263,0.232,9.77,1.36,0,0
PILOT-003083,31.2,3,4,18.87,0.7682,0.1765,0.2254,13.59,2.45,0,0
PILOT-003084,56.7,3,10,17.7,0.6693,0.2823,0.5558,12.74,1.96,1,0
PILOT-003085,21.1,0,2,18.43,0.3507,0.5851,0.4536,13.27,1.69,1,0
PILOT-003086,27.5,4,6,18.92,0.9461,0.0675,0.4162,13.62,2.81,0,1
PILOT-003087,80.2,1,2,12.51,0.4904,0.7341,0.1898,9.01,1.05,0,0
PILOT-003088,13.4,6,7,20.03,0.6431,0.6973,0.6029,14.42,2.47,1,1
PILOT-003089,19.8,1,4,12.97,0.5572,0.5223,0.8107,9.34,1.46,0,0
PILOT-003090,12.5,2,10,16.08,0.8764,0.3844,0.557,11.58,2.37,0,1
PILOT-003091,40.1,2,3,16.55,0.6647,0.3714,0.5324,11.92,1.92,1,0
PILOT-003092,8.4,2,10,12.39,0.6604,0.4011,0.2736,8.92,1.57,1,0
PILOT-003093,8.1,5,6,16.74,0.8665,0.2266,0.9251,12.05,2.47,1,1
PILOT-003094,35.2,3,5,17.1,0.4396,0.6113,0.6771,12.31,1.63,1,0
PILOT-003095,55.1,1,4,12.89,0.4167,0.5573,0.4661,9.28,1.11,0,0
PILOT-003096,49.1,1,1,7.76,0.2801,0.584,0.5937,5.59,0.58,1,0
PILOT-003097,70.7,2,4,13.95,0.3714,0.1923,0.2809,10.04,1.06,1,0
PILOT-003098,40.0,0,0,11.07,0.3421,0.4843,0.8166,7.97,0.93,1,0
PILOT-003099,13.6,5,6,17.66,0.4793,0.4636,0.5953,12.72,1.89,0,1
PILOT-003100,14.9,2,6,11.81,0.5954,0.3835,0.5886,8.5,1.4,0,0
PILOT-003101,21.5,1,9,21.48,0.824,0.5596,0.2258,15.47,2.98,0,0
PILOT-003102,28.4,4,12,17.94,0.653,0.4477,0.404,12.92,2.14,1,1
PILOT-003103,29.9,1,3,13.4,0.165,0.6225,0.2736,9.65,0.93,0,0
PILOT-003104,9.7,3,6,13.4,0.5176,0.3033,0.741,9.65,1.5,0,0
PILOT-003105,31.8,1,4,11.56,0.2047,0.361,0.6141,8.32,0.84,0,0
PILOT-003106,2.8,1,3,15.87,0.3233,0.6537,0.7773,11.43,1.51,1,0
PILOT-003107,48.7,3,9,18.04,0.6966,0.4752,0.617,12.99,2.09,0,0
PILOT-003108,48.5,1,5,16.65,0.358,0.4094,0.4228,11.99,1.37,0,0
PILOT-003109,13.6,4,5,12.98,0.6498,0.3193,0.2638,9.35,1.61,0,0
PILOT-003110,10.3,3,9,16.52,0.7709,0.6755,0.5711,11.89,2.27,0,1
PILOT-003111,46.3,2,4,11.66,0.4169,0.2919,0.4511,8.4,1.04,0,0
PILOT-003112,16.8,4,10,17.54,0.9002,0.2933,0.358,12.63,2.6,1,1
PILOT-003113,5.2,0,2,10.61,0.2021,0.3305,0.395,7.64,0.87,1,0
PILOT-003114,25.3,0,3,12.8,0.2598,0.515,0.5351,9.22,1.04,0,0
PILOT-003115,51.9,3,2,15.2,0.4703,0.7789,0.5584,10.94,1.4,0,0
PILOT-003116,22.2,7,5,26.92,0.7517,0.2677,0.7455,19.38,3.53,1,1
PILOT-003117,10.5,2,4,13.14,0.3687,0.5976,0.631,9.46,1.28,0,1
PILOT-003118,1.3,3,5,18.36,0.7114,0.3869,0.629,13.22,2.47,1,0
PILOT-003119,17.8,2,7,15.74,0.5647,0.4647,0.3737,11.33,1.8,1,1
PILOT-003120,20.7,3,6,15.81,0.4638,0.6064,0.3598,11.38,1.63,1,0
PILOT-003121,120.0,0,5,12.82,0.2014,0.683,0.0532,9.23,0.52,0,0
PILOT-003122,102.5,2,6,10.14,0.5283,0.6993,0.2346,7.3,0.81,1,0
PILOT-003123,41.7,2,5,15.24,0.4129,0.7507,0.5192,10.97,1.38,0,0
PILOT-003124,29.9,4,5,16.52,0.718,0.2582,0.2897,11.89,2.07,1,0
PILOT-003125,64.4,0,3,11.48,0.1938,0.4677,0.501,8.27,0.69,0,0
PILOT-003126,27.3,1,3,8.07,0.2924,0.2922,0.3992,5.81,0.67,1,0
PILOT-003127,27.7,5,1,9.21,0.4414,0.5877,0.7644,6.63,0.9,1,0
PILOT-003128,16.7,0,3,8.42,0.2071,0.5109,0.7314,6.06,0.66,0,0
PILOT-003129,12.1,2,7,18.33,0.7206,0.645,0.1702,13.2,2.41,0,0
PILOT-003130,12.9,2,0,7.75,0.1362,0.6854,0.4411,5.58,0.57,1,0
PILOT-003131,10.6,3,3,14.0,0.5328,0.0853,0.4611,10.08,1.59,0,1
PILOT-003132,15.7,1,5,18.45,0.5172,0.0912,0.6643,13.28,2.03,1,0
PILOT-003133,7.0,2,3,16.21,0.5341,0.3503,0.4235,11.67,1.86,0,0
PILOT-003134,11.3,1,3,11.23,0.4083,0.6943,0.109,8.09,1.13,1,0
PILOT-003135,44.8,1,0,12.2,0.2827,0.2348,0.743,8.78,0.93,0,0
PILOT-003136,21.9,1,7,20.47,0.7559,0.4079,0.6821,14.74,2.7,0,1
PILOT-003137,3.6,6,6,17.85,0.8099,0.2057,0.7047,12.85,2.56,0,1
PILOT-003138,42.6,2,3,8.12,0.4676,0.2156,0.4816,5.85,0.77,1,0
PILOT-003139,28.7,2,4,24.34,0.7129,0.5871,0.638,17.52,3.04,1,0
PILOT-003140,23.6,1,4,13.62,0.7659,0.4899,0.8916,9.81,1.8,1,0
PILOT-003141,39.2,0,4,8.27,0.3252,0.687,0.6085,5.95,0.68,1,0
PILOT-003142,33.1,6,3,12.8,0.3278,0.2986,0.5204,9.22,1.09,1,0
PILOT-003143,2.6,5,8,18.95,0.8882,0.1311,0.7709,13.64,2.88,1,1
PILOT-003144,1.5,3,5,18.92,0.8683,0.4141,0.6409,13.62,2.84,0,1
PILOT-003145,10.6,6,4,15.72,0.5984,0.3699,0.2194,11.32,1.89,0,0
PILOT-003146,54.8,3,2,15.73,0.5474,0.2768,0.627,11.33,1.56,1,0
PILOT-003147,35.2,0,2,13.54,0.1869,0.4889,0.3649,9.75,0.95,1,1
PILOT-003148,41.7,0,4,17.47,0.5439,0.488,0.6294,12.58,1.81,0,0
PILOT-003149,49.5,0,5,11.31,0.3609,0.5446,0.4423,8.14,0.93,1,0
PILOT-003150,11.1,3,5,21.74,0.9187,0.1418,0.607,15.65,3.3,0,0
PILOT-003151,17.9,4,6,17.73,0.5599,0.2906,0.4581,12.77,2.01,0,0
PILOT-003152,10.7,0,5,11.91,0.3551,0.5278,0.8119,8.58,1.14,1,0
PILOT-003153,47.8,2,2,17.62,0.2761,0.7728,0.4511,12.69,1.31,0,0
PILOT-003154,26.7,1,6,13.09,0.5479,0.4193,0.5596,9.42,1.43,1,0
PILOT-003155,63.3,1,6,11.49,0.4414,0.4913,0.1769,8.27,0.98,1,1
PILOT-003156,31.2,3,8,12.23,0.571,0.6168,0.2161,8.81,1.34,0,0
PILOT-003157,10.1,8,7,21.06,0.7884,0.1542,0.1953,15.16,2.93,1,0
PILOT-003158,6.2,2,10,17.84,0.8514,0.4641,0.5123,12.84,2.62,0,0
PILOT-003159,53.7,0,1,10.49,0.2435,0.2492,0.6216,7.55,0.72,1,0
PILOT-003160,55.3,0,3,18.62,0.599,0.3918,0.1759,13.41,1.94,0,0
PILOT-003161,24.2,1,5,17.78,0.697,0.363,0.8778,12.8,2.22,1,1
PILOT-003162,19.2,2,5,21.78,0.5996,0.8113,0.7568,15.68,2.55,1,1
PILOT-003163,44.1,1,4,10.69,0.4302,0.7885,0.2786,7.7,0.97,1,0
PILOT-003164,13.0,1,12,19.2,0.7142,0.2163,0.3521,13.82,2.51,1,1
PILOT-003165,5.6,0,0,17.9,0.8503,0.327,0.2096,12.89,2.63,1,0
PILOT-003166,2.6,3,3,12.75,0.2374,0.5808,0.3521,9.18,1.11,1,1
PILOT-003167,9.3,3,7,23.5,0.9783,0.5869,0.8531,16.92,3.72,1,0
PILOT-003168,26.9,8,5,21.85,0.9046,0.208,0.5325,15.73,3.16,1,0
PILOT-003169,38.2,2,6,17.95,0.5181,0.4422,0.7249,12.92,1.83,1,0
PILOT-003170,17.8,1,6,14.15,0.5738,0.4344,0.6627,10.19,1.63,1,0
PILOT-003171,16.0,3,7,21.82,0.9602,0.4663,0.4313,15.71,3.37,0,1
PILOT-003172,54.1,2,3,10.35,0.3718,0.3241,0.5409,7.45,0.85,0,0
PILOT-003173,22.5,0,1,15.63,0.4389,0.2899,0.5455,11.25,1.56,1,1
PILOT-003174,57.5,2,9,17.64,0.4166,0.6867,0.6291,12.7,1.5,1,1
PILOT-003175,87.2,2,3,14.89,0.2779,0.5746,0.452,10.72,0.9,0,0
PILOT-003176,17.5,8,7,19.3,0.68,0.7052,0.5482,13.9,2.43,0,1
PILOT-003177,9.9,4,4,11.44,0.3917,0.3908,0.2459,8.24,1.14,0,1
PILOT-003178,20.1,1,3,17.02,0.3315,0.5322,0.1918,12.25,1.53,1,0
PILOT-003179,9.2,5,8,21.89,0.8175,0.6073,0.6027,15.76,3.12,1,1
PILOT-003180,20.5,4,6,18.75,0.6445,0.3263,0.7072,13.5,2.27,0,0
PILOT-003181,59.6,0,6,12.11,0.139,0.5546,0.5652,8.72,0.68,0,0
PILOT-003182,8.3,1,9,16.15,0.4814,0.6176,0.4971,11.63,1.76,1,0
PILOT-003183,10.1,4,4,18.24,0.957,0.5864,0.4629,13.13,2.85,1,0
PILOT-003184,4.6,1,4,11.51,0.3661,0.6702,0.1754,8.29,1.14,1,0
PILOT-003185,4.4,3,3,16.17,0.5655,0.4792,0.5452,11.64,1.92,1,0
PILOT-003186,60.9,1,2,12.1,0.4041,0.6704,0.3178,8.71,1.0,1,0
PILOT-003187,4.6,0,3,13.46,0.4081,0.6947,0.4079,9.69,1.39,0,0
PILOT-003188,15.1,2,7,11.86,0.5191,0.5184,0.3127,8.54,1.31,0,0
PILOT-003189,28.1,5,7,20.61,0.8156,0.5438,0.4023,14.84,2.79,0,1
PILOT-003190,4.4,2,4,14.86,0.5847,0.4955,0.7066,10.7,1.8,1,1
PILOT-003191,59.9,1,3,11.18,0.1691,0.3986,0.4476,8.05,0.66,0,0
PILOT-003192,12.4,2,0,8.63,0.1635,0.5024,0.7627,6.21,0.65,0,0
PILOT-003193,67.8,2,6,12.08,0.3609,0.2921,0.4583,8.7,0.91,0,0
PILOT-003194,35.2,4,5,15.13,0.7812,0.6977,0.6222,10.89,1.96,0,1
PILOT-003195,45.6,4,5,17.58,0.6162,0.1931,0.7244,12.66,1.92,0,0
PILOT-003196,28.1,3,5,18.07,0.5256,0.8202,0.6899,13.01,1.92,1,0
PILOT-003197,8.2,4,3,20.52,0.6513,0.6374,0.4108,14.77,2.59,0,1
PILOT-003198,27.4,8,8,20.3,0.8219,0.7487,0.4846,14.62,2.77,0,0
PILOT-003199,16.5,3,9,11.56,0.5656,0.2702,0.4785,8.32,1.33,0,0
PILOT-003200,17.7,5,5,11.83,0.5177,0.5722,0.4131,8.52,1.29,1,1
PILOT-003201,35.8,1,0,10.91,0.4234,0.5265,0.7051,7.86,1.02,0,0
PILOT-003202,6.3,4,12,19.84,0.9755,0.3392,0.5862,14.28,3.16,1,1
PILOT-003203,28.7,0,4,20.52,0.7316,0.6437,0.4622,14.77,2.6,0,1
PILOT-003204,9.1,1,8,20.04,0.6061,0.5998,0.4703,14.43,2.43,1,0
PILOT-003205,3.1,1,3,17.79,0.4427,0.7107,0.7665,12.81,1.91,0,0
PILOT-003206,52.9,0,4,11.97,0.3856,0.3959,0.4406,8.62,1.0,0,0
PILOT-003207,30.9,5,9,23.93,0.8302,0.3226,0.529,17.23,3.25,1,1
PILOT-003208,12.2,6,3,19.0,0.7347,0.6835,0.6795,13.68,2.53,0,0
PILOT-003209,40.3,2,6,13.06,0.3224,0.1195,0.3474,9.4,1.07,1,0
PILOT-003210,32.2,1,2,9.87,0.191,0.4173,0.2984,7.11,0.71,0,0
PILOT-003211,25.6,3,1,19.0,0.5371,0.7436,0.3374,13.68,2.06,0,0
PILOT-003212,11.7,2,8,13.73,0.6995,0.2744,0.3044,9.89,1.78,1,0
PILOT-003213,41.1,1,6,21.32,0.7457,0.3584,0.3486,15.35,2.64,1,0
PILOT-003214,53.6,0,3,5.0,0.0388,0.4194,0.2125,3.6,0.24,1,0
PILOT-003215,33.0,0,2,12.47,0.3376,0.4646,0.339,8.98,1.07,1,0
PILOT-003216,7.3,2,7,19.18,0.8802,0.5727,0.4952,13.81,2.87,0,1
PILOT-003217,11.4,4,3,13.49,0.7812,0.2251,0.1685,9.71,1.86,1,1
PILOT-003218,6.0,2,7,13.75,0.4327,0.6811,0.6395,9.9,1.45,1,0
PILOT-003219,12.8,2,2,13.66,0.4234,0.4354,0.3011,9.84,1.39,1,0
PILOT-003220,7.2,1,6,14.49,0.3602,0.2543,0.8404,10.43,1.41,1,1
PILOT-003221,13.6,3,9,16.96,0.7862,0.3688,0.5186,12.21,2.34,1,0
PILOT-003222,25.2,0,3,15.08,0.4805,0.5766,0.7455,10.86,1.55,0,1
PILOT-003223,32.6,0,3,14.17,0.3517,0.3374,0.608,10.2,1.24,1,0
PILOT-003224,37.5,2,7,16.81,0.6174,0.3326,0.2907,12.1,1.89,1,0
PILOT-003225,24.9,1,1,17.31,0.1893,0.4568,0.488,12.46,1.28,1,0
PILOT-003226,29.7,0,8,21.14,0.9515,0.6271,0.3839,15.22,3.14,0,0
PILOT-003227,28.0,3,9,22.38,0.9054,0.2274,0.9325,16.11,3.23,0,0
PILOT-003228,44.8,2,1,14.08,0.4525,0.4233,0.7529,10.14,1.31,0,0
PILOT-003229,62.4,0,2,10.03,0.3827,0.5194,0.1599,7.22,0.8,1,0
PILOT-003230,6.4,1,0,12.57,0.2038,0.308,0.5217,9.05,1.03,0,0
PILOT-003231,41.1,3,7,19.58,0.5682,0.4968,0.5263,14.1,2.08,0,0
PILOT-003232,8.2,1,0,14.33,0.4328,0.6078,0.6604,10.32,1.5,0,0
PILOT-003233,26.7,1,5,8.54,0.3752,0.4154,0.7208,6.15,0.78,1,0
PILOT-003234,12.5,1,4,24.0,0.7777,0.2792,0.6962,17.28,3.29,1,1
PILOT-003235,11.6,1,4,17.31,0.5904,0.2593,0.6142,12.46,2.06,1,1
PILOT-003236,9.1,8,8,15.45,0.7671,0.4823,0.5965,11.12,2.12,1,1
PILOT-003237,29.8,2,5,10.47,0.2873,0.1526,0.5604,7.54,0.86,1,0
PILOT-003238,40.1,2,4,14.94,0.4722,0.4578,0.1002,10.76,1.45,0,0
PILOT-003239,33.7,3,8,18.9,0.5713,0.3918,0.7165,13.61,2.06,1,0
PILOT-003240,30.7,2,3,11.75,0.4163,0.3697,0.5616,8.46,1.11,0,0
PILOT-003241,7.9,1,10,20.64,0.7302,0.2584,0.9256,14.86,2.77,0,0
PILOT-003242,10.0,1,1,6.86,0.0521,0.7401,0.7319,4.94,0.45,0,0
PILOT-003243,16.4,1,4,14.62,0.4341,0.408,0.7072,10.53,1.48,1,1
PILOT-003244,37.2,1,7,16.4,0.6058,0.7604,0.4116,11.81,1.82,0,0
PILOT-003245,31.6,1,1,13.28,0.3775,0.312,0.4093,9.56,1.2,1,0
PILOT-003246,16.4,0,5,16.17,0.3718,0.2604,0.1531,11.64,1.54,0,0
PILOT-003247,42.6,5,8,21.29,0.9474,0.7005,0.7111,15.33,3.05,1,0
PILOT-003248,24.7,2,4,14.5,0.5705,0.7042,0.2529,10.44,1.63,1,0
PILOT-003249,37.0,4,1,10.81,0.3331,0.8099,0.4986,7.78,0.91,1,0
PILOT-003250,15.0,0,6,13.56,0.4042,0.5445,0.8089,9.76,1.34,0,0
PILOT-003251,18.9,0,5,21.56,0.5948,0.2831,0.7112,15.52,2.52,0,0
PILOT-003252,43.3,0,6,18.75,0.4587,0.5839,0.4275,13.5,1.77,1,0
PILOT-003253,10.5,1,0,14.95,0.2516,0.3656,0.1715,10.76,1.28,1,0
PILOT-003254,35.3,1,13,18.33,0.7902,0.6478,0.5017,13.2,2.39,0,0
PILOT-003255,28.4,1,2,8.6,0.322,0.8261,0.2382,6.19,0.74,1,1
PILOT-003256,34.7,2,6,19.25,0.864,0.337,0.2787,13.86,2.65,0,0
PILOT-003257,7.4,3,7,20.53,0.8973,0.247,0.205,14.78,3.1,1,1
PILOT-003258,14.0,1,2,12.59,0.4247,0.6549,0.5709,9.06,1.28,1,0
PILOT-003259,27.4,3,5,17.53,0.7995,0.7604,0.5451,12.62,2.35,1,0
PILOT-003260,9.3,5,7,16.77,0.8166,0.5701,0.3994,12.07,2.39,0,0
PILOT-003261,13.3,1,7,9.79,0.3789,0.6105,0.3414,7.05,0.95,0,0
PILOT-003262,28.6,4,8,16.38,0.5565,0.3029,0.3674,11.79,1.79,0,0
PILOT-003263,16.5,3,6,22.59,0.8577,0.7068,0.9265,16.26,3.25,0,0
PILOT-003264,16.0,7,4,20.44,0.9617,0.1541,0.6749,14.72,3.16,1,0
PILOT-003265,44.5,9,4,15.88,0.5541,0.6649,0.2015,11.43,1.64,0,0
PILOT-003266,5.0,1,7,15.18,0.4567,0.7062,0.5654,10.93,1.64,1,1
PILOT-003267,50.5,1,8,15.97,0.6952,0.7107,0.3703,11.5,1.84,0,0
PILOT-003268,8.2,4,4,17.11,0.5435,0.3712,0.2164,12.32,1.97,1,0
PILOT-003269,15.4,0,5,9.72,0.2681,0.5484,0.3504,7.0,0.83,1,0
PILOT-003270,16.7,2,5,13.4,0.6113,0.3436,0.1694,9.65,1.6,1,0
PILOT-003271,16.8,0,1,16.21,0.5252,0.2434,0.2704,11.67,1.79,1,0
PILOT-003272,8.3,0,3,13.45,0.5888,0.2699,0.53,9.68,1.61,0,0
PILOT-003273,1.0,4,9,21.97,0.8073,0.4505,0.1827,15.82,3.17,0,0
PILOT-003274,56.7,6,4,14.13,0.6432,0.544,0.2274,10.17,1.52,1,0
PILOT-003275,21.4,2,0,14.27,0.5661,0.7619,0.2262,10.27,1.61,0,0
PILOT-003276,40.4,0,4,13.33,0.4137,0.2236,0.3718,9.6,1.21,1,1
PILOT-003277,10.2,3,8,20.08,0.7055,0.3667,0.4223,14.46,2.63,0,1
PILOT-003278,13.5,2,3,9.59,0.3273,0.6228,0.4466,6.9,0.88,1,0
PILOT-003279,73.1,0,1,10.19,0.284,0.6279,0.6692,7.34,0.67,1,0
PILOT-003280,85.4,4,9,11.61,0.4836,0.6782,0.3517,8.36,0.95,1,0
PILOT-003281,16.1,3,6,11.87,0.3341,0.4865,0.6747,8.55,1.09,1,0
PILOT-003282,35.7,2,4,18.93,0.4361,0.7996,0.7689,13.63,1.79,1,1
PILOT-003283,85.3,2,9,17.16,0.7501,0.2139,0.4596,12.36,1.86,0,0
PILOT-003284,19.3,5,5,16.17,0.8055,0.3906,0.8095,11.64,2.23,0,0
PILOT-003285,37.1,2,3,14.13,0.3871,0.4139,0.7846,10.17,1.26,1,0
PILOT-003286,43.1,1,4,10.11,0.2667,0.5053,0.5127,7.28,0.76,1,0
PILOT-003287,9.1,3,6,16.05,0.7237,0.184,0.2529,11.56,2.14,0,0
PILOT-003288,23.9,2,1,9.33,0.2395,0.788,0.4667,6.72,0.74,0,0
PILOT-003289,19.6,1,0,8.25,0.0901,0.6399,0.4345,5.94,0.54,0,0
PILOT-003290,27.7,1,5,11.16,0.5183,0.3355,0.5861,8.04,1.18,0,0
PILOT-003291,71.7,2,4,13.03,0.4251,0.7015,0.6941,9.38,1.05,0,0
PILOT-003292,37.4,0,1,11.23,0.11,0.9012,0.35,8.09,0.69,1,0
PILOT-003293,60.6,6,5,15.55,0.7125,0.6416,0.731,11.2,1.76,1,0
PILOT-003294,29.2,0,2,9.91,0.0878,0.5863,0.7191,7.14,0.62,0,0
PILOT-003295,27.6,3,8,16.35,0.7329,0.2535,0.3797,11.77,2.08,0,0
PILOT-003296,31.3,9,13,20.62,0.8335,0.5707,0.4368,14.85,2.81,1,1
PILOT-003297,21.3,11,8,22.94,0.7989,0.6655,0.3984,16.52,3.12,0,1
PILOT-003298,42.6,3,7,18.63,0.6606,0.5135,0.3921,13.41,2.14,0,0
PILOT-003299,59.3,2,3,9.16,0.2653,0.8664,0.3613,6.6,0.63,1,0
PILOT-003300,11.6,6,7,17.42,0.8608,0.7551,0.4788,12.54,2.54,1,0
PILOT-003301,18.8,1,3,11.5,0.1172,0.6545,0.2219,8.28,0.79,0,0
PILOT-003302,19.3,4,3,15.1,0.5706,0.4134,0.4391,10.87,1.72,1,0
PILOT-003303,52.2,2,7,9.96,0.4607,0.7427,0.1382,7.17,0.91,1,0
PILOT-003304,13.8,5,3,15.35,0.4945,0.4144,0.8691,11.05,1.67,1,0
PILOT-003305,28.4,2,3,16.33,0.7086,0.736,0.2768,11.76,2.04,0,1
PILOT-003306,46.5,1,4,15.64,0.6871,0.5748,0.468,11.26,1.81,0,0
PILOT-003307,10.9,2,4,19.63,0.8764,0.5454,0.7371,14.13,2.9,0,1
PILOT-003308,8.2,3,3,21.65,0.7557,0.1506,0.3963,15.59,2.96,1,0
PILOT-003309,25.3,4,5,13.9,0.5982,0.6404,0.4432,10.01,1.59,0,1
PILOT-003310,32.2,4,5,5.95,0.4312,0.2283,0.8078,4.28,0.57,0,0
PILOT-003311,30.4,5,12,16.07,0.7586,0.5199,0.5508,11.57,2.07,1,1
PILOT-003312,32.3,4,3,19.84,0.6275,0.3917,0.8619,14.28,2.28,0,0
PILOT-003313,11.9,0,3,13.44,0.3726,0.9002,0.7798,9.68,1.3,1,0
PILOT-003314,31.9,2,3,9.55,0.5381,0.6847,0.9,6.88,1.02,0,0
PILOT-003315,11.0,5,6,13.36,0.7041,0.8179,0.1632,9.62,1.74,0,1
PILOT-003316,38.6,4,4,10.44,0.3123,0.4669,0.3413,7.52,0.85,0,0
PILOT-003317,17.3,3,6,19.29,0.6811,0.6782,0.3977,13.89,2.43,0,0
PILOT-003318,9.5,1,9,21.9,0.5516,0.6207,0.772,15.77,2.53,0,0
PILOT-003319,38.8,0,0,8.62,0.064,0.4773,0.4037,6.21,0.49,0,1
PILOT-003320,41.4,2,1,15.74,0.283,0.2118,0.6597,11.33,1.22,0,0
PILOT-003321,14.2,1,6,16.23,0.843,0.7465,0.6226,11.69,2.32,0,0
PILOT-003322,4.3,5,6,18.83,0.8757,0.1249,0.4817,13.56,2.82,0,1
PILOT-003323,7.6,5,9,17.25,0.8195,0.1402,0.5257,12.42,2.47,1,1
PILOT-003324,13.8,1,5,21.41,0.7092,0.3959,0.593,15.42,2.78,0,0
PILOT-003325,77.1,1,2,16.96,0.0772,0.4944,0.6681,12.21,0.75,0,0
PILOT-003326,36.6,1,1,16.72,0.6159,0.36,0.566,12.04,1.88,1,0
PILOT-003327,13.8,0,3,22.14,0.7818,0.531,0.3689,15.94,3.04,0,0
PILOT-003328,6.0,1,2,13.39,0.359,0.2329,0.4062,9.64,1.31,0,1
PILOT-003329,6.3,6,5,17.38,0.7965,0.393,0.5546,12.51,2.46,1,0
PILOT-003330,41.6,0,0,10.66,0.1986,0.8225,0.4775,7.68,0.73,1,0
PILOT-003331,19.1,4,5,13.3,0.722,0.4275,0.1802,9.58,1.72,0,0
PILOT-003332,65.7,1,6,12.19,0.3433,0.2862,0.3617,8.78,0.91,1,1
PILOT-003333,8.1,1,3,14.67,0.3786,0.3224,0.4003,10.56,1.45,0,0
PILOT-003334,17.3,6,11,16.88,0.9187,0.4361,0.6298,12.15,2.53,1,1
PILOT-003335,13.2,4,4,16.19,0.5737,0.667,0.2174,11.66,1.89,0,1
PILOT-003336,27.3,5,3,16.1,0.532,0.4262,0.4402,11.59,1.73,0,0
PILOT-003337,14.6,2,6,15.8,0.4525,0.2092,0.2927,11.38,1.64,0,0
PILOT-003338,5.6,2,5,12.06,0.4567,0.559,0.748,8.68,1.3,0,0
PILOT-003339,20.2,3,7,19.09,0.6679,0.3734,0.6331,13.74,2.36,1,1
PILOT-003340,26.7,5,5,14.3,0.4592,0.7215,0.2374,10.3,1.43,0,0
PILOT-003341,28.0,2,4,16.39,0.7912,0.0847,0.2352,11.8,2.18,1,1
PILOT-003342,21.3,2,7,17.02,0.8964,0.313,0.7889,12.25,2.48,0,0
PILOT-003343,48.0,1,4,6.55,0.2469,0.4068,0.746,4.72,0.47,1,0
PILOT-003344,20.9,5,3,16.59,0.6483,0.6359,0.5343,11.94,2.01,1,1
PILOT-003345,48.0,1,1,12.31,0.1458,0.7077,0.2324,8.86,0.75,0,0
PILOT-003346,19.3,3,3,15.21,0.2385,0.2606,0.5731,10.95,1.23,1,1
PILOT-003347,9.0,3,11,14.22,0.5006,0.4256,0.4793,10.24,1.58,0,1
PILOT-003348,18.6,0,2,8.42,0.4731,0.7039,0.1244,6.06,0.88,0,0
PILOT-003349,31.4,1,3,13.09,0.2149,0.6758,0.3863,9.42,0.97,1,0
PILOT-003350,62.2,3,3,19.4,0.5927,0.8161,0.3951,13.97,1.96,0,1
PILOT-003351,3.6,1,6,9.76,0.366,0.3297,0.3199,7.03,0.97,0,0
PILOT-003352,15.9,6,3,18.19,0.8835,0.5153,0.6043,13.1,2.67,0,1
PILOT-003353,40.2,1,5,15.81,0.6987,0.3956,0.6606,11.38,1.89,1,1
PILOT-003354,18.9,0,8,15.24,0.4924,0.3773,0.3307,10.97,1.62,0,0
PILOT-003355,10.0,2,7,17.82,0.6214,0.5631,0.7171,12.83,2.18,1,0
PILOT-003356,68.7,1,2,13.82,0.4158,0.3384,0.6276,9.95,1.12,0,0
PILOT-003357,61.3,5,6,14.71,0.6253,0.0765,0.6176,10.59,1.54,1,0
PILOT-003358,11.4,4,2,15.63,0.5439,0.2823,0.5026,11.25,1.79,0,0
PILOT-003359,17.5,3,3,18.5,0.6431,0.2046,0.6219,13.32,2.26,1,0
PILOT-003360,22.0,2,0,14.25,0.1144,0.6872,0.404,10.26,0.96,0,0
PILOT-003361,8.2,2,7,13.06,0.3942,0.271,0.1599,9.4,1.31,1,0
PILOT-003362,24.4,1,6,11.79,0.2914,0.6441,0.1075,8.49,0.99,0,0
PILOT-003363,13.0,2,2,15.05,0.3601,0.3532,0.5761,10.84,1.43,1,0
PILOT-003364,44.1,1,4,12.09,0.3568,0.2708,0.5836,8.7,1.01,1,1
PILOT-003365,76.8,4,6,12.99,0.6828,0.2187,0.8724,9.35,1.36,1,1
PILOT-003366,17.6,1,7,15.05,0.5954,0.769,0.4701,10.84,1.76,1,0
PILOT-003367,19.5,1,5,15.06,0.3004,0.5982,0.7041,10.84,1.31,0,0
PILOT-003368,15.1,3,3,11.94,0.2918,0.5854,0.6557,8.6,1.05,1,1
PILOT-003369,18.0,3,3,14.98,0.3092,0.2147,0.7855,10.79,1.32,0,0
PILOT-003370,18.4,2,5,18.04,0.6475,0.3354,0.6046,12.99,2.2,0,0
PILOT-003371,29.3,1,3,10.79,0.3986,0.587,0.1081,7.77,1.01,0,0
PILOT-003372,26.3,4,5,14.34,0.4856,0.5468,0.2503,10.32,1.48,1,0
PILOT-003373,20.7,2,1,5.27,0.2563,0.1604,0.5071,3.79,0.43,0,0
PILOT-003374,6.8,1,2,9.98,0.2874,0.2498,0.3323,7.19,0.9,1,0
PILOT-003375,9.4,5,11,17.82,0.8442,0.7402,0.8276,12.83,2.58,1,0
PILOT-003376,18.4,1,6,16.76,0.4743,0.4443,0.6982,12.07,1.76,1,1
PILOT-003377,21.8,0,3,12.09,0.257,0.1831,0.6317,8.7,0.99,0,0
PILOT-003378,16.7,5,2,19.65,0.8501,0.145,0.3631,14.15,2.81,0,0
PILOT-003379,6.4,4,4,21.64,0.724,0.3117,0.4011,15.58,2.9,1,0
PILOT-003380,6.3,3,4,14.96,0.6763,0.3163,0.4986,10.77,1.94,1,0
PILOT-003381,30.9,0,3,9.8,0.2152,0.6587,0.1122,7.06,0.73,0,0
PILOT-003382,16.1,3,10,5.71,0.5235,0.574,0.5365,4.11,0.63,1,0
PILOT-003383,31.2,5,4,14.89,0.6777,0.6244,0.4899,10.72,1.79,0,0
PILOT-003384,8.1,3,8,16.2,0.6901,0.7434,0.5914,11.66,2.11,0,0
PILOT-003385,53.8,0,3,10.08,0.3142,0.5358,0.7589,7.26,0.77,0,0
PILOT-003386,22.0,0,0,12.23,0.2448,0.2398,0.241,8.81,0.99,0,0
PILOT-003387,29.8,3,1,8.81,0.2571,0.2158,0.2353,6.34,0.7,1,0
PILOT-003388,31.3,0,7,14.16,0.5861,0.4752,0.2954,10.2,1.58,1,0
PILOT-003389,23.5,2,2,18.4,0.8021,0.2832,0.8207,13.25,2.5,1,0
PILOT-003390,37.3,2,4,15.47,0.4404,0.2954,0.531,11.14,1.46,1,0
PILOT-003391,40.2,2,6,18.1,0.7113,0.2312,0.4207,13.03,2.18,0,0
PILOT-003392,9.8,4,11,17.21,0.9074,0.3036,0.7647,12.39,2.6,0,0
PILOT-003393,14.2,1,6,17.52,0.6737,0.405,0.7188,12.61,2.21,1,1
PILOT-003394,7.3,3,6,13.57,0.8213,0.1599,0.7491,9.77,1.95,1,0
PILOT-003395,22.9,4,2,16.96,0.475,0.7896,0.7238,12.21,1.75,1,1
PILOT-003396,29.6,1,5,11.33,0.4974,0.6665,0.4502,8.16,1.17,0,0
PILOT-003397,6.7,1,1,9.09,0.2979,0.5537,0.2359,6.54,0.83,1,0
PILOT-003398,17.4,3,3,19.32,0.7871,0.3247,0.3029,13.91,2.64,1,0
PILOT-003399,22.5,1,2,8.21,0.2568,0.4588,0.5635,5.91,0.67,1,0
PILOT-003400,12.2,2,5,15.79,0.6747,0.4104,0.4304,11.37,2.01,1,0
PILOT-003401,28.5,2,5,15.38,0.656,0.348,0.6783,11.07,1.84,1,0
PILOT-003402,15.3,1,2,14.5,0.2645,0.1702,0.6523,10.44,1.23,1,0
PILOT-003403,23.8,2,5,18.5,0.7665,0.346,0.4641,13.32,2.44,1,0
PILOT-003404,24.2,5,5,19.07,0.6907,0.3664,0.5374,13.73,2.37,0,0
PILOT-003405,22.4,4,10,14.52,0.7372,0.5072,0.8627,10.45,1.88,1,0
PILOT-003406,11.8,6,6,15.31,0.7433,0.2809,0.8121,11.02,2.05,0,0
PILOT-003407,5.4,9,5,19.38,0.8243,0.4545,0.6009,13.95,2.8,0,1
PILOT-003408,14.9,2,4,13.54,0.3562,0.7344,0.3401,9.75,1.28,1,0
PILOT-003409,24.1,2,4,14.31,0.4467,0.5771,0.782,10.3,1.43,1,1
PILOT-003410,12.8,6,7,23.08,0.9447,0.3743,0.5654,16.62,3.55,1,0
PILOT-003411,32.1,8,5,9.32,0.534,0.4708,0.4456,6.71,0.99,1,1
PILOT-003412,7.8,4,6,18.01,0.7227,0.5297,0.4882,12.97,2.4,1,1
PILOT-003413,53.8,5,6,15.06,0.706,0.1883,0.7722,10.84,1.74,0,1
PILOT-003414,8.9,2,8,12.32,0.6075,0.1642,0.5952,8.87,1.5,0,1
PILOT-003415,2.8,0,2,5.69,0.1218,0.5059,0.3723,4.1,0.43,0,1
PILOT-003416,8.9,3,7,17.96,0.6636,0.3741,0.5127,12.93,2.28,0,0
PILOT-003417,29.3,0,3,14.26,0.474,0.6009,0.8623,10.27,1.44,0,0
PILOT-003418,26.8,1,4,18.2,0.6542,0.5175,0.7049,13.1,2.18,0,0
PILOT-003419,20.8,2,5,15.28,0.617,0.8388,0.5888,11.0,1.81,1,0
PILOT-003420,11.8,0,0,7.64,0.1753,0.5236,0.2154,5.5,0.59,1,0
PILOT-003421,75.7,1,1,15.16,0.3525,0.5808,0.1866,10.92,1.09,1,0
PILOT-003422,38.1,2,4,21.19,0.826,0.1256,0.7942,15.26,2.82,1,1
PILOT-003423,30.0,1,6,11.96,0.5261,0.2437,0.3098,8.61,1.27,1,0
PILOT-003424,18.7,3,6,19.21,0.7784,0.4029,0.3183,13.83,2.6,0,0
PILOT-003425,13.9,2,8,13.16,0.5016,0.7269,0.477,9.48,1.44,0,0
PILOT-003426,16.2,5,6,14.54,0.686,0.1397,0.3982,10.47,1.84,0,0
PILOT-003427,23.1,0,4,8.1,0.3417,0.6542,0.3724,5.83,0.73,0,0
PILOT-003428,51.5,2,3,7.99,0.1933,0.56,0.538,5.75,0.52,0,0
PILOT-003429,31.0,4,6,16.04,0.6774,0.4333,0.3801,11.55,1.93,1,1
PILOT-003430,23.0,2,1,16.57,0.5868,0.4174,0.8201,11.93,1.9,1,1
PILOT-003431,91.4,1,0,10.15,0.083,0.9019,0.5142,7.31,0.41,0,0
PILOT-003432,66.2,1,1,15.57,0.168,0.5436,0.0888,11.21,0.89,1,1
PILOT-003433,44.5,1,5,16.3,0.45,0.3567,0.6267,11.74,1.52,1,0
PILOT-003434,20.1,1,3,15.25,0.4517,0.7268,0.4211,10.98,1.55,1,0
PILOT-003435,12.3,2,3,16.24,0.4948,0.7543,0.8687,11.69,1.77,0,0
PILOT-003436,24.6,3,3,10.33,0.3131,0.5928,0.2438,7.44,0.89,1,1
PILOT-003437,18.6,1,4,12.59,0.3023,0.4835,0.5364,9.06,1.1,1,0
PILOT-003438,5.7,5,3,13.71,0.7338,0.0669,0.8247,9.87,1.86,0,0
PILOT-003439,13.0,4,8,24.45,0.8362,0.5541,0.5273,17.6,3.49,0,0
PILOT-003440,13.7,2,2,11.14,0.3829,0.3604,0.3476,8.02,1.08,1,0
PILOT-003441,29.9,1,1,14.91,0.1222,0.3967,0.1587,10.74,0.98,0,0
PILOT-003442,6.2,1,5,14.56,0.2294,0.7745,0.3641,10.48,1.23,1,0
PILOT-003443,49.9,6,8,16.09,0.8566,0.2189,0.2439,11.58,2.12,0,0
PILOT-003444,16.7,2,6,15.34,0.5961,0.5541,0.3401,11.04,1.8,1,0
PILOT-003445,10.2,4,4,16.89,0.4493,0.5097,0.6166,12.16,1.78,0,1
PILOT-003446,14.2,2,1,11.36,0.5117,0.5105,0.8317,8.18,1.25,0,0
PILOT-003447,9.7,2,9,18.1,0.7263,0.4689,0.5242,13.03,2.41,0,0
PILOT-003448,4.7,1,7,17.19,0.7719,0.0384,0.4528,12.38,2.4,1,0
PILOT-003449,13.8,1,3,6.7,0.2439,0.4398,0.4146,4.82,0.56,0,0
PILOT-003450,4.8,1,8,16.66,0.7132,0.5953,0.3321,12.0,2.23,0,0
PILOT-003451,2.4,4,8,15.94,0.8161,0.2968,0.2431,11.48,2.31,1,0
PILOT-003452,12.7,4,6,15.12,0.481,0.5232,0.4701,10.89,1.63,1,0
PILOT-003453,12.2,5,4,11.86,0.5106,0.5752,0.3766,8.54,1.31,0,0
PILOT-003454,13.4,1,4,9.5,0.3929,0.225,0.3845,6.84,0.94,0,0
PILOT-003455,8.8,4,2,16.68,0.695,0.46,0.4287,12.01,2.17,1,1
PILOT-003456,75.7,1,1,12.5,0.2238,0.302,0.4009,9.0,0.74,0,0
PILOT-003457,15.9,6,3,17.51,0.6398,0.5448,0.549,12.61,2.14,0,0
PILOT-003458,106.4,2,1,13.64,0.2373,0.7133,0.4296,9.82,0.67,0,0
PILOT-003459,28.6,2,4,12.83,0.3316,0.7299,0.8498,9.24,1.11,0,0
PILOT-003460,13.4,4,11,19.34,0.8969,0.5856,0.5179,13.92,2.88,0,1
PILOT-003461,21.8,2,5,13.47,0.5547,0.4836,0.726,9.7,1.5,1,0
PILOT-003462,4.5,2,1,17.0,0.5019,0.3525,0.597,12.24,1.91,0,0
PILOT-003463,27.1,1,4,14.78,0.734,0.5201,0.653,10.64,1.89,1,0
PILOT-003464,7.3,2,3,6.3,0.1539,0.8894,0.3324,4.54,0.48,0,1
PILOT-003465,1.2,0,3,17.34,0.5439,0.4788,0.2756,12.48,2.05,1,1
PILOT-003466,25.4,2,4,18.69,0.9067,0.2906,0.4912,13.46,2.72,0,1
PILOT-003467,14.9,0,2,5.0,0.0377,0.2328,0.5468,3.6,0.31,1,0
PILOT-003468,34.9,3,1,13.9,0.496,0.6744,0.474,10.01,1.4,0,0
PILOT-003469,8.0,2,5,16.71,0.6336,0.6899,0.8013,12.03,2.08,1,1
PILOT-003470,43.8,3,7,18.04,0.6054,0.3548,0.5865,12.99,1.96,0,0
PILOT-003471,3.2,3,4,18.72,0.6897,0.3366,0.9386,13.48,2.47,1,1
PILOT-003472,35.1,4,6,14.99,0.5022,0.4832,0.6398,10.79,1.52,1,1
PILOT-003473,20.7,3,2,15.87,0.7377,0.5226,0.3956,11.43,2.07,0,0
PILOT-003474,52.5,1,6,15.55,0.2683,0.5482,0.6311,11.2,1.12,0,0
PILOT-003475,27.2,0,4,12.12,0.3861,0.5028,0.5613,8.73,1.12,0,0
PILOT-003476,47.9,1,5,19.19,0.7837,0.5817,0.4076,13.82,2.4,0,0
PILOT-003477,22.1,6,7,17.03,0.6271,0.3098,0.3763,12.26,2.02,0,0
PILOT-003478,11.5,2,3,13.94,0.3718,0.5286,0.2747,10.04,1.35,0,0
PILOT-003479,8.5,1,2,11.06,0.4138,0.7844,0.7371,7.96,1.13,0,0
PILOT-003480,51.7,4,6,13.32,0.5566,0.2895,0.1978,9.59,1.35,1,1
PILOT-003481,26.1,1,4,19.1,0.5947,0.2101,0.6793,13.75,2.18,1,0
PILOT-003482,3.3,6,1,10.2,0.2329,0.4542,0.2661,7.34,0.88,0,0
PILOT-003483,2.8,5,8,14.55,0.646,0.5749,0.4039,10.48,1.86,0,0
PILOT-003484,33.5,4,4,20.7,0.6032,0.4295,0.4832,14.9,2.32,0,0
PILOT-003485,47.8,0,1,12.9,0.3296,0.2081,0.8069,9.29,1.03,1,1
PILOT-003486,36.5,3,6,16.59,0.6962,0.3079,0.3138,11.94,2.0,0,0
PILOT-003487,65.8,2,4,12.25,0.2833,0.2704,0.3398,8.82,0.84,1,0
PILOT-003488,13.2,4,7,17.08,0.6968,0.5643,0.6076,12.3,2.2,0,0
PILOT-003489,68.0,0,1,15.73,0.1647,0.8536,0.5424,11.33,0.88,1,0
PILOT-003490,35.0,3,2,11.81,0.3813,0.1761,0.61,8.5,1.06,0,0
PILOT-003491,31.0,5,8,13.1,0.5783,0.5803,0.5702,9.43,1.45,1,0
PILOT-003492,20.5,2,2,12.15,0.2058,0.3522,0.5388,8.75,0.94,0,0
PILOT-003493,34.1,1,5,12.51,0.4097,0.6879,0.45,9.01,1.16,1,0
PILOT-003494,19.1,0,5,17.07,0.5018,0.214,0.5011,12.29,1.83,0,0
PILOT-003495,19.9,3,7,16.89,0.6319,0.2331,0.2378,12.16,2.03,1,0
PILOT-003496,37.9,2,5,12.9,0.4891,0.2319,0.4887,9.29,1.28,0,0
PILOT-003497,83.8,2,0,14.74,0.3955,0.5148,0.5476,10.61,1.08,1,0
PILOT-003498,45.7,4,4,15.97,0.3628,0.3552,0.1461,11.5,1.34,1,0
PILOT-003499,57.7,0,5,9.6,0.2568,0.5096,0.5022,6.91,0.66,0,0
PILOT-003500,38.2,1,5,9.73,0.3657,0.7642,0.7496,7.01,0.84,1,1
PILOT-003501,29.9,2,1,11.41,0.3877,0.6195,0.6588,8.22,1.05,0,0
PILOT-003502,55.8,6,6,13.9,0.617,0.4003,0.4701,10.01,1.47,1,0
PILOT-003503,29.4,4,5,15.55,0.5585,0.3107,0.5127,11.2,1.7,0,0
PILOT-003504,13.2,3,3,14.17,0.5577,0.5635,0.6311,10.2,1.63,1,0
PILOT-003505,46.9,2,8,15.77,0.6551,0.2041,0.6426,11.35,1.78,0,0
PILOT-003506,9.8,1,0,10.43,0.201,0.3603,0.3204,7.51,0.84,1,0
PILOT-003507,45.7,0,3,8.95,0.2066,0.4038,0.4689,6.44,0.61,1,0
PILOT-003508,4.6,3,7,17.12,0.7984,0.6966,0.4466,12.33,2.43,1,1
PILOT-003509,41.4,2,6,10.16,0.2252,0.4257,0.3677,7.32,0.73,0,0
PILOT-003510,9.6,0,2,13.73,0.3755,0.6939,0.7208,9.89,1.35,0,0
PILOT-003511,6.2,1,8,16.09,0.4618,0.2399,0.4433,11.58,1.74,1,0
PILOT-003512,16.2,3,4,14.86,0.7442,0.0964,0.5165,10.7,1.97,0,0
PILOT-003513,51.9,3,1,13.98,0.2525,0.8908,0.5457,10.07,0.99,1,0
PILOT-003514,34.9,2,3,18.36,0.6457,0.7546,0.2108,13.22,2.13,1,0
PILOT-003515,32.8,1,9,19.12,0.4911,0.7317,0.4319,13.77,1.94,1,0
PILOT-003516,41.6,4,4,15.0,0.6949,0.1736,0.3031,10.8,1.78,0,1
PILOT-003517,6.7,5,3,17.05,0.6906,0.4299,0.1239,12.28,2.23,1,0
PILOT-003518,1.8,1,0,15.97,0.4675,0.356,0.7866,11.5,1.76,0,0
PILOT-003519,44.9,0,1,9.9,0.2367,0.6115,0.3855,7.13,0.71,0,0
PILOT-003520,11.8,5,8,10.95,0.6478,0.3315,0.3672,7.88,1.36,1,1
PILOT-003521,2.4,3,5,15.93,0.6089,0.6704,0.5298,11.47,1.98,1,1
PILOT-003522,41.8,3,3,13.1,0.386,0.8943,0.7141,9.43,1.15,1,0
PILOT-003523,59.2,1,5,12.97,0.5194,0.4956,0.6583,9.34,1.23,1,0
PILOT-003524,30.3,1,6,12.77,0.3918,0.1745,0.4437,9.19,1.18,1,1
PILOT-003525,44.0,0,2,8.49,0.0723,0.401,0.6866,6.11,0.47,0,0
PILOT-003526,32.2,2,7,12.34,0.5303,0.1354,0.6062,8.88,1.3,0,0
PILOT-003527,8.3,4,10,16.95,0.8255,0.5606,0.508,12.2,2.43,0,1
PILOT-003528,4.6,5,8,16.75,0.8597,0.4797,0.8193,12.06,2.48,0,0
PILOT-003529,72.0,0,2,8.23,0.1053,0.9765,0.5278,5.93,0.4,1,0
PILOT-003530,56.9,1,4,13.13,0.3293,0.5042,0.2206,9.45,1.0,1,1
PILOT-003531,34.4,3,3,22.08,0.8961,0.6678,0.3668,15.9,3.12,1,1
PILOT-003532,6.2,3,10,12.5,0.581,0.3381,0.5842,9.0,1.5,1,0
PILOT-003533,5.7,1,11,15.35,0.7489,0.3549,0.501,11.05,2.1,1,0
PILOT-003534,37.6,1,6,12.65,0.1514,0.4414,0.1615,9.11,0.83,1,0
PILOT-003535,24.0,1,3,11.32,0.4345,0.4565,0.5916,8.15,1.12,0,0
PILOT-003536,21.2,1,3,18.45,0.5849,0.42,0.5355,13.28,2.12,1,0
PILOT-003537,10.1,3,10,18.64,0.8468,0.2553,0.8027,13.42,2.7,1,1
PILOT-003538,30.5,1,6,16.75,0.907,0.3921,0.6559,12.06,2.41,0,1
PILOT-003539,19.1,1,4,15.01,0.4894,0.539,0.4689,10.81,1.59,1,0
PILOT-003540,22.9,0,4,13.0,0.2996,0.4559,0.8162,9.36,1.11,0,0
PILOT-003541,33.7,1,3,15.65,0.4484,0.3206,0.6658,11.27,1.51,1,0
PILOT-003542,50.1,1,3,14.39,0.4445,0.4767,0.4628,10.36,1.3,1,0
PILOT-003543,48.4,3,5,15.97,0.7447,0.499,0.3663,11.5,1.93,1,0
PILOT-003544,99.2,2,0,10.92,0.1354,0.6732,0.8106,7.86,0.46,0,0
PILOT-003545,22.8,0,8,14.15,0.555,0.5904,0.7084,10.19,1.57,1,1
PILOT-003546,37.5,9,7,11.52,0.6887,0.4643,0.2333,8.29,1.38,0,1
PILOT-003547,36.6,3,6,17.4,0.6598,0.1175,0.5979,12.53,2.03,1,0
PILOT-003548,24.8,5,8,20.5,0.7566,0.5649,0.7742,14.76,2.68,1,0
PILOT-003549,32.9,3,1,13.71,0.325,0.4949,0.3988,9.87,1.16,0,0
PILOT-003550,26.9,2,4,10.48,0.3269,0.7285,0.6044,7.55,0.91,0,1
PILOT-003551,15.3,6,2,13.28,0.3864,0.5472,0.2697,9.56,1.29,1,1
PILOT-003552,14.2,0,0,13.32,0.2378,0.3894,0.2872,9.59,1.1,1,0
PILOT-003553,4.6,0,4,8.89,0.1652,0.4487,0.6035,6.4,0.7,1,0
PILOT-003554,4.2,0,4,16.65,0.4722,0.5185,0.4293,11.99,1.83,1,1
PILOT-003555,32.6,2,10,17.23,0.5265,0.8483,0.4682,12.41,1.81,1,0
PILOT-003556,29.7,3,6,19.98,0.7898,0.4619,0.6684,14.39,2.64,0,0
PILOT-003557,21.3,4,0,13.95,0.4299,0.486,0.3162,10.04,1.39,0,1
PILOT-003558,39.9,6,7,12.44,0.4387,0.5619,0.4179,8.96,1.16,0,0
PILOT-003559,10.6,2,8,17.02,0.4232,0.5376,0.3037,12.25,1.74,1,0
PILOT-003560,48.3,2,4,13.02,0.1992,0.4262,0.6002,9.37,0.87,0,0
PILOT-003561,29.1,2,10,14.28,0.6902,0.685,0.4481,10.28,1.75,0,0
PILOT-003562,1.7,0,3,11.67,0.3,0.1519,0.285,8.4,1.09,1,0
PILOT-003563,13.0,1,8,15.36,0.7331,0.357,0.7747,11.06,2.04,1,0
PILOT-003564,6.1,2,3,16.27,0.4051,0.484,0.8013,11.71,1.66,1,0
PILOT-003565,57.3,1,2,11.2,0.3234,0.4742,0.6064,8.06,0.85,0,0
PILOT-003566,28.4,2,5,5.0,0.2806,0.3837,0.6159,3.6,0.41,1,1
PILOT-003567,12.3,1,4,19.57,0.8405,0.6757,0.435,14.09,2.81,0,0
PILOT-003568,4.7,8,9,20.87,0.9206,0.5477,0.4646,15.03,3.22,0,1
PILOT-003569,3.3,3,6,19.24,0.8108,0.6057,0.5165,13.85,2.77,1,1
PILOT-003570,32.8,3,8,19.1,0.9122,0.5884,0.4252,13.75,2.74,1,0
PILOT-003571,67.6,1,2,12.83,0.4311,0.3908,0.5501,9.24,1.06,1,0
PILOT-003572,30.2,3,1,13.34,0.3879,0.5139,0.4722,9.6,1.23,0,0
PILOT-003573,32.1,4,5,10.93,0.6767,0.3223,0.6729,7.87,1.31,0,0
PILOT-003574,44.8,2,5,10.43,0.2702,0.8707,0.3637,7.51,0.78,0,0
PILOT-003575,27.4,1,2,15.11,0.3776,0.4567,0.4771,10.88,1.39,0,0
PILOT-003576,31.8,1,4,12.08,0.3497,0.2273,0.3025,8.7,1.06,0,0
PILOT-003577,30.2,3,4,10.13,0.345,0.6685,0.2402,7.29,0.89,1,1
PILOT-003578,3.5,1,4,9.35,0.3268,0.3635,0.6773,6.73,0.89,1,0
PILOT-003579,64.2,2,3,10.92,0.167,0.7773,0.4165,7.86,0.63,1,0
PILOT-003580,73.2,0,2,8.54,0.1168,0.3809,0.8315,6.15,0.42,0,0
PILOT-003581,4.2,1,5,17.47,0.6337,0.8029,0.2849,12.58,2.2,0,0
PILOT-003582,61.2,5,4,21.96,0.7444,0.5548,0.5962,15.81,2.56,1,0
PILOT-003583,9.9,6,6,21.28,0.8155,0.6714,0.5755,15.32,3.02,1,1
PILOT-003584,24.6,3,7,21.3,0.6621,0.236,0.4558,15.34,2.58,0,0
PILOT-003585,5.0,4,10,14.66,0.7591,0.1892,0.2578,10.56,2.02,0,1
PILOT-003586,7.1,1,3,18.4,0.6274,0.5358,0.2904,13.25,2.28,0,0
PILOT-003587,58.4,2,1,13.02,0.4504,0.5949,0.2661,9.37,1.15,0,0
PILOT-003588,19.1,2,3,11.62,0.3058,0.4212,0.5165,8.37,1.02,0,1
PILOT-003589,46.8,2,0,15.7,0.2751,0.6819,0.2894,11.3,1.17,0,1
PILOT-003590,21.6,1,3,10.88,0.3761,0.3716,0.6022,7.83,1.02,0,1
PILOT-003591,36.3,2,0,14.08,0.315,0.8978,0.5323,10.14,1.16,0,0
PILOT-003592,8.5,4,10,13.63,0.7879,0.7003,0.643,9.81,1.9,1,1
PILOT-003593,30.1,4,2,16.73,0.424,0.8665,0.2262,12.05,1.6,0,1
PILOT-003594,17.9,2,5,14.57,0.4347,0.5204,0.6,10.49,1.47,1,1
PILOT-003595,42.3,3,7,13.69,0.4228,0.8951,0.5554,9.86,1.25,0,0
PILOT-003596,11.1,1,7,9.92,0.4739,0.8031,0.5939,7.14,1.07,1,0
PILOT-003597,24.9,0,1,7.6,0.236,0.1382,0.4259,5.47,0.6,1,0
PILOT-003598,27.0,3,5,19.4,0.8048,0.6454,0.2628,13.97,2.61,0,0
PILOT-003599,16.5,2,7,18.06,0.7243,0.6668,0.7339,13.0,2.36,1,1
PILOT-003600,11.1,3,8,17.87,0.7952,0.7801,0.8227,12.87,2.49,0,0
PILOT-003601,16.7,2,6,16.95,0.8161,0.1891,0.189,12.2,2.37,0,0
PILOT-003602,32.7,0,4,9.3,0.2643,0.3578,0.5711,6.7,0.73,1,0
PILOT-003603,18.0,4,4,14.27,0.5448,0.6838,0.3959,10.27,1.6,0,0
PILOT-003604,24.5,4,5,19.33,0.9023,0.2564,0.4556,13.92,2.81,1,0
PILOT-003605,102.2,7,6,23.51,0.7752,0.1735,0.8068,16.93,2.46,1,0
PILOT-003606,10.6,2,7,16.68,0.6962,0.3717,0.8178,12.01,2.17,0,0
PILOT-003607,27.3,3,8,16.22,0.448,0.4894,0.4343,11.68,1.61,0,0
PILOT-003608,8.7,2,4,15.42,0.714,0.5825,0.7106,11.1,2.04,0,1
PILOT-003609,35.1,0,3,14.87,0.6526,0.3407,0.5107,10.71,1.73,0,0
PILOT-003610,18.9,3,2,15.42,0.7375,0.3287,0.8749,11.1,2.02,0,1
PILOT-003611,12.6,3,5,17.72,0.635,0.4843,0.4382,12.76,2.18,0,0
PILOT-003612,4.2,3,8,19.78,0.8456,0.5637,0.6387,14.24,2.91,1,1
PILOT-003613,26.7,2,8,10.37,0.244,0.5463,0.2916,7.47,0.82,1,0
PILOT-003614,3.5,4,5,20.26,0.9562,0.6,0.4356,14.59,3.21,1,1
PILOT-003615,17.6,2,6,14.9,0.4622,0.6848,0.447,10.73,1.55,1,0
PILOT-003616,34.9,1,4,12.21,0.2605,0.5268,0.5323,8.79,0.95,0,0
PILOT-003617,47.3,2,4,11.48,0.2338,0.5441,0.4164,8.27,0.81,0,0
PILOT-003618,8.6,4,5,15.83,0.5487,0.4584,0.7237,11.4,1.83,1,1
PILOT-003619,15.4,6,6,22.4,0.6254,0.5227,0.6977,16.13,2.71,1,1
PILOT-003620,27.4,3,9,13.43,0.4789,0.4565,0.4455,9.67,1.37,1,0
PILOT-003621,11.2,2,0,8.12,0.1129,0.224,0.5139,5.85,0.58,0,0
PILOT-003622,31.9,3,5,18.15,0.8663,0.2823,0.4802,13.07,2.53,1,0
PILOT-003623,36.1,2,0,10.13,0.1846,0.4926,0.3546,7.29,0.7,0,0
PILOT-003624,30.1,1,5,10.34,0.287,0.4075,0.6094,7.44,0.85,0,0
PILOT-003625,27.8,2,5,13.3,0.7169,0.6204,0.4847,9.58,1.67,0,1
PILOT-003626,25.7,5,6,14.1,0.7436,0.5301,0.6357,10.15,1.82,0,0
PILOT-003627,54.9,3,11,15.06,0.7724,0.2752,0.782,10.84,1.83,1,0
PILOT-003628,40.8,1,7,12.99,0.6624,0.7249,0.8529,9.35,1.5,0,1
PILOT-003629,38.1,2,3,12.57,0.5705,0.5985,0.3317,9.05,1.35,0,0
PILOT-003630,6.3,1,4,15.1,0.6892,0.7046,0.5571,10.87,1.97,1,0
PILOT-003631,34.3,0,4,6.49,0.2158,0.4321,0.2127,4.67,0.48,0,0
PILOT-003632,26.5,0,1,8.46,0.1253,0.3681,0.3964,6.09,0.57,0,0
PILOT-003633,106.8,1,3,9.84,0.5888,0.4947,0.3282,7.08,0.83,1,0
PILOT-003634,20.6,1,8,14.96,0.3487,0.4223,0.7043,10.77,1.37,1,0
PILOT-003635,25.1,3,3,12.72,0.3119,0.4998,0.706,9.16,1.1,1,0
PILOT-003636,14.0,3,3,21.67,0.6631,0.435,0.5168,15.6,2.71,0,1
PILOT-003637,26.1,0,6,16.81,0.5806,0.1862,0.5307,12.1,1.89,1,0
PILOT-003638,42.8,4,4,17.03,0.4287,0.7263,0.2581,12.26,1.56,1,0
PILOT-003639,120.0,1,3,14.55,0.2779,0.8281,0.5595,10.48,0.71,0,0
PILOT-003640,49.3,3,7,14.25,0.4688,0.4712,0.6503,10.26,1.33,0,0
PILOT-003641,61.8,1,0,10.61,0.2228,0.6085,0.6839,7.64,0.68,1,0
PILOT-003642,11.3,3,5,12.19,0.7058,0.7088,0.6853,8.78,1.59,1,1
PILOT-003643,31.4,2,6,20.26,0.735,0.3888,0.3963,14.59,2.56,0,0
PILOT-003644,7.2,3,2,10.17,0.2271,0.4758,0.3339,7.32,0.86,1,0
PILOT-003645,18.3,3,5,15.86,0.6296,0.2756,0.387,11.42,1.91,1,0
PILOT-003646,17.1,5,5,16.58,0.6858,0.5249,0.605,11.94,2.1,0,0
PILOT-003647,48.3,3,2,11.77,0.3289,0.6556,0.8151,8.47,0.94,0,0
PILOT-003648,21.4,5,4,22.92,0.9375,0.7662,0.3073,16.5,3.44,0,0
PILOT-003649,11.6,5,3,19.79,0.616,0.7322,0.3675,14.25,2.4,1,1
PILOT-003650,7.8,4,4,19.47,0.7738,0.727,0.4899,14.02,2.7,0,1
PILOT-003651,23.5,1,6,13.08,0.443,0.5418,0.4669,9.42,1.31,0,0
PILOT-003652,40.3,1,4,14.49,0.1854,0.7505,0.4432,10.43,0.99,0,0
PILOT-003653,22.5,3,6,18.3,0.6615,0.3749,0.2248,13.18,2.23,1,1
PILOT-003654,60.6,4,3,15.82,0.6296,0.4274,0.5806,11.39,1.66,0,0
PILOT-003655,8.0,4,3,12.74,0.5985,0.8425,0.4876,9.17,1.54,0,0
PILOT-003656,41.1,4,3,19.59,0.7705,0.6054,0.2374,14.1,2.47,1,0
PILOT-003657,7.8,5,8,22.02,0.8108,0.6314,0.7331,15.85,3.13,1,1
PILOT-003658,9.8,0,4,16.29,0.4845,0.7473,0.61,11.73,1.77,0,0
PILOT-003659,16.2,2,3,14.59,0.3908,0.2613,0.2944,10.5,1.42,0,0
PILOT-003660,68.8,0,3,11.61,0.2243,0.3764,0.5164,8.36,0.72,0,0
PILOT-003661,30.4,0,2,9.67,0.1703,0.6792,0.7419,6.96,0.68,0,0
PILOT-003662,15.8,2,5,23.9,0.7196,0.363,0.6133,17.21,3.11,0,0
PILOT-003663,25.7,4,5,17.49,0.8483,0.6643,0.6252,12.59,2.44,0,1
PILOT-003664,9.6,5,3,22.08,0.5575,0.7678,0.4997,15.9,2.57,0,0
PILOT-003665,49.5,0,7,15.85,0.3645,0.6837,0.4416,11.41,1.31,1,0
PILOT-003666,20.1,0,8,17.3,0.3667,0.2178,0.5315,12.46,1.62,0,1
PILOT-003667,32.6,3,8,13.97,0.5733,0.8511,0.3465,10.06,1.53,1,0
PILOT-003668,13.8,5,4,13.64,0.8481,0.4482,0.6884,9.82,1.96,1,0
PILOT-003669,34.7,2,4,18.78,0.6608,0.6053,0.6708,13.52,2.21,1,0
PILOT-003670,32.9,1,2,9.98,0.2226,0.5431,0.4525,7.19,0.74,0,0
PILOT-003671,54.7,2,3,15.8,0.2939,0.441,0.7618,11.38,1.16,0,0
PILOT-003672,30.4,4,8,15.4,0.7726,0.6044,0.3619,11.09,2.01,0,0
PILOT-003673,11.7,1,6,18.62,0.8336,0.0957,0.4005,13.41,2.67,1,1
PILOT-003674,24.2,0,2,10.75,0.2362,0.7422,0.4995,7.74,0.85,1,0
PILOT-003675,15.0,6,9,19.02,0.6773,0.8132,0.4804,13.69,2.4,0,0
PILOT-003676,24.2,1,4,12.05,0.3985,0.7514,0.1645,8.68,1.15,1,0
PILOT-003677,29.1,4,5,17.13,0.6593,0.7033,0.2589,12.33,2.05,0,0
PILOT-003678,24.7,2,6,14.0,0.2942,0.6279,0.6954,10.08,1.18,0,0
PILOT-003679,120.0,1,2,9.79,0.268,0.4663,0.2789,7.05,0.47,0,0
PILOT-003680,28.3,4,3,16.32,0.675,0.3839,0.353,11.75,1.98,0,0
PILOT-003681,12.0,0,6,12.62,0.5227,0.6673,0.4273,9.09,1.41,1,0
PILOT-003682,56.2,9,7,18.92,0.8549,0.7184,0.8989,13.62,2.45,1,1
PILOT-003683,31.1,2,1,11.91,0.3379,0.7515,0.3709,8.58,1.03,0,0
PILOT-003684,38.9,2,5,11.99,0.321,0.3489,0.6212,8.63,0.98,0,0
PILOT-003685,36.6,4,5,17.98,0.6844,0.2835,0.7404,12.95,2.14,0,0
PILOT-003686,20.0,5,3,18.1,0.6233,0.7459,0.8594,13.03,2.16,0,0
PILOT-003687,25.1,0,4,12.61,0.2459,0.4471,0.4462,9.08,1.0,0,1
PILOT-003688,13.4,3,1,9.7,0.2896,0.3797,0.6367,6.98,0.85,0,0
PILOT-003689,59.5,0,5,9.81,0.2228,0.5183,0.4848,7.06,0.64,0,0
PILOT-003690,4.3,3,5,15.25,0.6848,0.5115,0.7091,10.98,2.0,1,0
PILOT-003691,102.9,1,4,7.63,0.4045,0.8003,0.368,5.49,0.51,1,0
PILOT-003692,27.8,2,3,13.53,0.5309,0.6042,0.7516,9.74,1.45,1,0
PILOT-003693,13.5,1,9,18.18,0.8668,0.1302,0.4531,13.09,2.65,0,0
PILOT-003694,44.0,4,0,8.93,0.1415,0.4428,0.2849,6.43,0.56,0,0
PILOT-003695,13.2,0,1,12.93,0.1645,0.753,0.7336,9.31,0.98,1,0
PILOT-003696,5.3,4,9,20.32,0.8076,0.5268,0.366,14.63,2.9,1,0
PILOT-003697,1.4,3,9,17.06,0.7919,0.7843,0.5469,12.28,2.43,1,0
PILOT-003698,20.7,5,8,21.87,0.7389,0.6214,0.5903,15.75,2.85,1,1
PILOT-003699,43.9,4,6,21.94,0.7292,0.7048,0.1825,15.8,2.66,0,1
PILOT-003700,13.2,3,5,17.39,0.4632,0.5577,0.1568,12.52,1.84,1,0
PILOT-003701,12.6,0,1,12.01,0.0997,0.8018,0.3906,8.65,0.83,0,0
PILOT-003702,11.8,6,8,11.83,0.6206,0.4671,0.4473,8.52,1.44,0,1
PILOT-003703,18.2,0,3,12.86,0.4305,0.8672,0.6783,9.26,1.29,1,1
PILOT-003704,8.5,2,6,14.39,0.5053,0.6413,0.502,10.36,1.6,1,1
PILOT-003705,43.8,3,4,17.86,0.7304,0.8827,0.4996,12.86,2.17,1,0
PILOT-003706,16.0,3,6,20.71,0.6762,0.3757,0.3224,14.91,2.61,1,0
PILOT-003707,30.8,2,5,18.13,0.7467,0.6094,0.7512,13.05,2.31,0,0
PILOT-003708,6.8,3,4,16.71,0.5456,0.7232,0.4358,12.03,1.94,0,0
PILOT-003709,48.6,1,2,17.41,0.4587,0.6856,0.6932,12.54,1.61,1,0
PILOT-003710,8.1,7,3,15.54,0.6463,0.425,0.7461,11.19,1.95,1,1
PILOT-003711,13.7,1,2,11.85,0.2107,0.5307,0.7242,8.53,0.95,0,0
PILOT-003712,62.9,3,3,10.44,0.3193,0.3966,0.4644,7.52,0.77,1,1
PILOT-003713,5.5,1,1,12.02,0.3382,0.2755,0.4802,8.65,1.15,1,0
PILOT-003714,21.1,4,7,15.4,0.7471,0.2603,0.2751,11.09,2.02,1,0
PILOT-003715,21.6,5,9,22.66,0.9587,0.5254,0.413,16.32,3.45,1,1
PILOT-003716,0.6,3,9,14.07,0.6615,0.6066,0.7602,10.13,1.83,0,0
PILOT-003717,9.0,2,2,15.47,0.5753,0.6376,0.3905,11.14,1.83,0,0
PILOT-003718,41.1,5,4,13.61,0.5866,0.4645,0.6089,9.8,1.47,1,0
PILOT-003719,26.6,8,11,15.5,0.9151,0.5055,0.4196,11.16,2.26,0,1
PILOT-003720,29.8,1,2,10.84,0.2655,0.6288,0.8239,7.8,0.87,1,0
PILOT-003721,35.2,1,2,16.77,0.3802,0.7711,0.8482,12.07,1.5,0,0
PILOT-003722,26.0,5,8,14.35,0.8073,0.324,0.5252,10.33,1.94,1,1
PILOT-003723,19.8,1,3,11.44,0.3688,0.6901,0.2246,8.24,1.07,1,0
PILOT-003724,10.5,3,8,21.4,0.7441,0.3801,0.2293,15.41,2.88,0,0
PILOT-003725,9.2,4,5,13.9,0.5978,0.5735,0.6623,10.01,1.67,1,0
PILOT-003726,14.0,4,2,15.08,0.6662,0.5153,0.3529,10.86,1.89,0,0
PILOT-003727,52.1,2,2,9.7,0.2247,0.5863,0.1613,6.98,0.66,0,0
PILOT-003728,31.3,3,5,8.77,0.3269,0.7141,0.1012,6.31,0.75,1,0
PILOT-003729,31.4,2,3,9.99,0.2498,0.6935,0.5688,7.19,0.78,1,1
PILOT-003730,64.4,1,8,12.18,0.5161,0.3171,0.5438,8.77,1.13,0,0
PILOT-003731,6.8,3,2,20.11,0.8188,0.3944,0.535,14.48,2.88,0,0
PILOT-003732,19.0,4,1,16.07,0.4599,0.3051,0.6827,11.57,1.66,1,1
PILOT-003733,61.0,5,4,14.86,0.4183,0.4524,0.6565,10.7,1.25,0,0
PILOT-003734,26.6,0,5,15.94,0.486,0.7931,0.3901,11.48,1.64,1,1
PILOT-003735,7.5,4,5,13.4,0.4139,0.5643,0.7413,9.65,1.38,0,0
PILOT-003736,18.8,6,8,16.71,0.9029,0.4536,0.4673,12.03,2.47,1,0
PILOT-003737,65.1,0,5,15.15,0.4623,0.2589,0.2617,10.91,1.31,0,0
PILOT-003738,18.8,0,2,10.97,0.0744,0.487,0.5759,7.9,0.71,1,0
PILOT-003739,39.4,0,5,14.01,0.4957,0.8328,0.6788,10.09,1.39,0,0
PILOT-003740,80.2,3,7,14.77,0.7196,0.3063,0.7582,10.63,1.58,0,0
PILOT-003741,35.2,4,4,7.42,0.2975,0.5234,0.5071,5.34,0.6,0,0
PILOT-003742,22.9,5,9,13.96,0.7623,0.4983,0.3257,10.05,1.84,0,0
PILOT-003743,49.3,1,6,10.93,0.3464,0.5846,0.2768,7.87,0.88,1,0
PILOT-003744,25.5,2,5,14.49,0.5286,0.5316,0.4559,10.43,1.56,1,0
PILOT-003745,14.3,1,4,13.51,0.4371,0.4625,0.1757,9.73,1.39,1,0
PILOT-003746,30.6,3,2,11.42,0.2677,0.8684,0.4195,8.22,0.91,0,0
PILOT-003747,59.6,0,4,11.67,0.1896,0.4967,0.4751,8.4,0.72,1,0
PILOT-003748,18.0,2,1,12.64,0.6148,0.4711,0.8704,9.1,1.5,1,0
PILOT-003749,18.7,3,6,18.1,0.4429,0.622,0.2554,13.03,1.84,1,0
PILOT-003750,16.4,1,6,18.11,0.3231,0.3082,0.5932,13.04,1.64,0,0
PILOT-003751,6.6,0,5,14.68,0.3778,0.4771,0.4258,10.57,1.46,1,0
PILOT-003752,14.2,1,8,21.66,0.7907,0.7672,0.2311,15.6,2.99,0,0
PILOT-003753,32.9,4,11,20.46,0.7973,0.2859,0.2484,14.73,2.7,1,0
PILOT-003754,26.3,2,3,9.56,0.277,0.3103,0.7134,6.88,0.79,1,0
PILOT-003755,113.3,1,2,5.91,0.0872,0.681,0.4096,4.26,0.24,0,0
PILOT-003756,21.2,0,6,11.33,0.291,0.2549,0.3772,8.16,0.97,1,1
PILOT-003757,16.1,3,3,16.93,0.6082,0.371,0.2254,12.19,2.02,1,0
PILOT-003758,32.7,4,5,16.04,0.687,0.8101,0.7094,11.55,1.94,1,1
PILOT-003759,21.3,3,4,21.44,0.7293,0.2453,0.2704,15.44,2.77,1,1
PILOT-003760,32.5,0,5,20.38,0.7828,0.2982,0.6977,14.67,2.66,0,0
PILOT-003761,29.7,2,5,14.1,0.4778,0.278,0.6944,10.15,1.43,0,1
PILOT-003762,59.1,1,2,9.65,0.2514,0.2857,0.636,6.95,0.65,0,0
PILOT-003763,48.8,2,3,10.22,0.319,0.5732,0.4796,7.36,0.8,0,0
PILOT-003764,31.4,2,2,11.28,0.2784,0.5273,0.4016,8.12,0.91,0,1
PILOT-003765,21.8,3,1,9.78,0.416,0.4815,0.4261,7.04,0.96,1,0
PILOT-003766,12.7,0,1,14.95,0.5458,0.4671,0.5447,10.76,1.7,0,1
PILOT-003767,32.8,3,7,14.98,0.7409,0.3746,0.1439,10.79,1.89,1,0
PILOT-003768,11.2,2,3,13.15,0.4509,0.322,0.6331,9.47,1.38,1,1
PILOT-003769,19.5,4,7,20.63,0.8347,0.3206,0.5418,14.85,2.9,0,0
PILOT-003770,52.2,4,9,22.75,0.7522,0.8089,0.9067,16.38,2.74,0,0
PILOT-003771,7.1,4,7,21.8,0.9507,0.3277,0.4497,15.7,3.41,0,1
PILOT-003772,16.8,3,4,19.09,0.6674,0.6408,0.5397,13.74,2.38,1,0
PILOT-003773,19.8,5,3,15.0,0.4028,0.4643,0.3462,10.8,1.46,1,0
PILOT-003774,21.5,1,2,15.18,0.2955,0.3067,0.5761,10.93,1.3,0,0
PILOT-003775,3.0,5,7,14.41,0.615,0.3868,0.8023,10.38,1.79,1,0
PILOT-003776,20.2,3,6,12.14,0.3597,0.2646,0.2012,8.74,1.13,0,0
PILOT-003777,9.1,5,6,21.31,0.6796,0.6194,0.711,15.34,2.74,0,1
PILOT-003778,19.1,0,2,8.87,0.0764,0.6208,0.6062,6.39,0.57,1,0
PILOT-003779,13.0,0,6,14.88,0.4022,0.7819,0.4397,10.71,1.48,0,0
PILOT-003780,67.2,0,1,14.37,0.1703,0.5559,0.227,10.35,0.82,1,0
PILOT-003781,2.9,2,2,20.85,0.9232,0.7065,0.471,15.01,3.24,1,0
PILOT-003782,33.8,1,3,11.93,0.2838,0.5423,0.6359,8.59,0.96,1,0
PILOT-003783,8.8,3,3,13.19,0.3778,0.5795,0.553,9.5,1.3,0,0
PILOT-003784,21.4,1,4,10.41,0.2849,0.4046,0.6649,7.5,0.88,0,0
PILOT-003785,12.9,7,8,21.22,0.6611,0.6223,0.3613,15.28,2.66,0,1
PILOT-003786,54.9,3,3,12.35,0.3766,0.7247,0.468,8.89,1.01,1,1
PILOT-003787,22.7,1,1,9.33,0.1475,0.789,0.601,6.72,0.66,1,0
PILOT-003788,15.4,2,8,15.36,0.8343,0.1718,0.7537,11.06,2.18,1,0
PILOT-003789,5.0,3,6,21.15,0.9014,0.233,0.3398,15.23,3.22,0,1
PILOT-003790,29.5,7,5,14.33,0.7169,0.4616,0.3575,10.32,1.79,1,1
PILOT-003791,14.8,2,4,8.17,0.2725,0.6922,0.4868,5.88,0.7,0,0
PILOT-003792,63.7,2,4,16.09,0.434,0.1722,0.6606,11.58,1.36,0,0
PILOT-003793,17.5,1,1,7.93,0.1285,0.6653,0.31,5.71,0.56,0,0
PILOT-003794,108.1,2,2,16.16,0.4747,0.111,0.2648,11.64,1.17,0,0
PILOT-003795,120.0,1,2,9.82,0.2461,0.4156,0.3606,7.07,0.45,1,0
PILOT-003796,41.4,2,8,13.41,0.451,0.8075,0.7914,9.66,1.26,1,0
PILOT-003797,57.6,1,2,12.8,0.2779,0.6246,0.3753,9.22,0.91,0,0
PILOT-003798,32.1,1,6,16.01,0.5538,0.8169,0.2584,11.53,1.73,0,0
PILOT-003799,17.0,3,1,17.56,0.4411,0.7294,0.1603,12.64,1.79,1,1
PILOT-003800,20.2,2,4,24.44,0.7936,0.3912,0.677,17.6,3.33,0,1
PILOT-003801,39.3,3,12,24.16,0.9097,0.5272,0.4916,17.4,3.4,0,1
PILOT-003802,2.1,1,2,14.86,0.2606,0.639,0.3396,10.7,1.33,1,0
PILOT-003803,93.4,1,0,9.06,0.0643,0.4531,0.3732,6.52,0.36,1,0
PILOT-003804,1.8,2,4,16.1,0.7553,0.4176,0.863,11.59,2.24,0,0
PILOT-003805,16.2,8,6,16.61,0.7065,0.5732,0.215,11.96,2.14,0,0
PILOT-003806,7.9,0,0,13.68,0.1078,0.6919,0.2013,9.85,0.98,0,0
PILOT-003807,14.6,4,6,16.83,0.7009,0.6521,0.4536,12.12,2.17,0,1
PILOT-003808,37.8,2,2,14.74,0.4999,0.3935,0.6151,10.61,1.48,1,1
PILOT-003809,16.8,1,5,13.35,0.3797,0.2042,0.8118,9.61,1.28,0,1
PILOT-003810,73.6,4,9,18.23,0.7437,0.748,0.6229,13.13,2.04,0,0
PILOT-003811,21.2,2,6,18.42,0.6471,0.1622,0.5257,13.26,2.23,1,0
PILOT-003812,26.3,3,5,15.09,0.6321,0.3917,0.4809,10.86,1.78,0,0
PILOT-003813,20.9,3,5,19.04,0.714,0.3016,0.2337,13.71,2.43,0,0
PILOT-003814,5.2,1,5,9.24,0.2617,0.9592,0.3816,6.65,0.82,1,1
PILOT-003815,24.8,1,7,15.09,0.7758,0.4565,0.3004,10.86,2.0,1,0
PILOT-003816,9.8,3,4,8.86,0.3795,0.5182,0.1675,6.38,0.87,0,0
PILOT-003817,52.8,2,8,16.69,0.588,0.4554,0.5352,12.02,1.73,0,1
PILOT-003818,6.3,3,8,15.69,0.4949,0.5281,0.8023,11.3,1.75,0,1
PILOT-003819,118.9,2,4,13.04,0.3285,0.2985,0.3432,9.39,0.7,0,0
PILOT-003820,35.8,1,4,12.34,0.4828,0.5214,0.4686,8.88,1.23,0,0
PILOT-003821,15.3,5,10,17.91,0.8918,0.5892,0.5083,12.9,2.64,1,1
PILOT-003822,85.6,1,0,5.0,0.0428,0.273,0.4606,3.6,0.2,1,0
PILOT-003823,46.8,2,2,10.17,0.3913,0.7397,0.345,7.32,0.88,1,0
PILOT-003824,34.2,1,2,9.38,0.0469,0.3999,0.6006,6.75,0.53,1,1
PILOT-003825,49.3,3,3,11.91,0.4082,0.4732,0.7044,8.58,1.04,0,0
PILOT-003826,4.0,1,7,16.07,0.7407,0.2136,0.896,11.57,2.2,0,0
PILOT-003827,60.3,0,6,10.93,0.3731,0.2216,0.5435,7.87,0.87,0,0
PILOT-003828,15.8,5,7,17.91,0.7669,0.3418,0.5045,12.9,2.42,0,1
PILOT-003829,6.7,2,1,10.29,0.2554,0.4954,0.701,7.41,0.9,1,1
PILOT-003830,80.4,1,5,14.25,0.3307,0.509,0.7039,10.26,0.97,0,0
PILOT-003831,14.6,5,3,18.24,0.6479,0.1908,0.4876,13.13,2.25,1,0
PILOT-003832,27.1,1,2,10.04,0.2265,0.3491,0.219,7.23,0.77,1,0
PILOT-003833,23.4,0,2,12.26,0.2096,0.6475,0.2875,8.83,0.94,0,0
PILOT-003834,20.4,0,2,15.04,0.5118,0.2357,0.3789,10.83,1.62,0,0
PILOT-003835,27.5,3,11,17.48,0.8464,0.6125,0.6153,12.59,2.43,0,1
PILOT-003836,38.1,2,7,14.7,0.561,0.3366,0.5583,10.58,1.56,0,0
PILOT-003837,28.9,4,6,17.62,0.7403,0.7439,0.6832,12.69,2.25,1,0
PILOT-003838,7.9,7,7,15.64,0.7949,0.6474,0.5848,11.26,2.2,1,1
PILOT-003839,22.7,2,3,9.53,0.3295,0.6355,0.5212,6.86,0.85,0,0
PILOT-003840,39.0,2,6,13.97,0.7016,0.6552,0.8911,10.06,1.68,1,0
PILOT-003841,60.4,2,4,16.05,0.2896,0.1212,0.6976,11.56,1.14,0,0
PILOT-003842,30.9,0,2,12.52,0.2776,0.506,0.6452,9.01,1.01,1,0
PILOT-003843,28.4,1,1,16.02,0.5348,0.2715,0.5544,11.53,1.72,1,0
PILOT-003844,67.1,3,2,12.77,0.421,0.8188,0.3236,9.19,1.05,1,0
PILOT-003845,28.4,4,5,15.74,0.8062,0.7396,0.6539,11.33,2.12,1,0
PILOT-003846,8.3,3,6,18.4,0.7339,0.5839,0.3282,13.25,2.47,1,1
PILOT-003847,46.8,1,3,8.78,0.2247,0.7062,0.3519,6.32,0.61,1,0
PILOT-003848,33.0,0,4,9.52,0.1063,0.6979,0.256,6.85,0.6,1,0
PILOT-003849,30.4,5,5,15.99,0.5614,0.2136,0.4292,11.51,1.75,0,0
PILOT-003850,11.7,1,5,14.73,0.4216,0.6195,0.4116,10.61,1.5,1,0
PILOT-003851,19.7,3,4,15.44,0.6864,0.2727,0.5643,11.12,1.94,0,0
PILOT-003852,8.0,3,2,18.44,0.6228,0.7677,0.7628,13.28,2.28,0,1
PILOT-003853,33.5,3,9,20.06,0.7371,0.4786,0.4813,14.44,2.52,1,0
PILOT-003854,14.6,0,1,11.74,0.1969,0.4162,0.2277,8.45,0.92,1,0
PILOT-003855,15.1,3,8,17.08,0.8028,0.8068,0.7915,12.3,2.37,1,0
PILOT-003856,12.2,2,6,12.34,0.5595,0.5405,0.4268,8.88,1.43,1,1
PILOT-003857,18.7,1,9,23.27,0.7629,0.2777,0.7334,16.75,3.11,1,0
PILOT-003858,9.4,3,6,10.79,0.2892,0.4876,0.1874,7.77,0.97,0,0
PILOT-003859,4.8,4,6,23.77,0.9265,0.45,0.5292,17.11,3.68,0,1
PILOT-003860,31.7,3,3,15.21,0.6461,0.819,0.6902,10.95,1.78,0,0
PILOT-003861,37.9,3,7,21.53,0.9061,0.4207,0.6311,15.5,3.03,1,1
PILOT-003862,25.2,4,4,12.33,0.4798,0.6305,0.6548,8.88,1.27,0,1
PILOT-003863,60.1,3,7,13.11,0.4989,0.8155,0.1944,9.44,1.21,0,0
PILOT-003864,45.9,2,10,15.86,0.5906,0.7426,0.5439,11.42,1.69,0,0
PILOT-003865,11.8,5,5,20.71,0.8066,0.4267,0.441,14.91,2.91,0,0
PILOT-003866,11.5,0,3,10.13,0.1635,0.4548,0.2544,7.29,0.77,0,0
PILOT-003867,30.4,4,8,17.56,0.8752,0.7198,0.5405,12.64,2.47,1,1
PILOT-003868,32.6,4,9,17.53,0.8493,0.5433,0.6571,12.62,2.41,0,0
PILOT-003869,71.9,3,3,15.9,0.4953,0.2239,0.3921,11.45,1.39,0,0
PILOT-003870,11.3,1,3,15.16,0.2956,0.6427,0.2496,10.92,1.36,1,0
PILOT-003871,60.6,2,4,14.93,0.6003,0.1842,0.4635,10.75,1.53,1,0
PILOT-003872,13.4,0,5,11.82,0.3128,0.4334,0.2046,8.51,1.07,1,0
PILOT-003873,19.8,3,1,13.25,0.2851,0.461,0.6947,9.54,1.13,1,1
PILOT-003874,3.4,5,12,16.81,0.7876,0.7567,0.4503,12.1,2.38,0,0
PILOT-003875,30.5,1,3,7.88,0.1011,0.861,0.3123,5.67,0.5,1,1
PILOT-003876,14.9,5,5,19.17,0.7406,0.364,0.3064,13.8,2.54,0,0
PILOT-003877,36.8,4,8,17.1,0.6501,0.7265,0.2947,12.31,1.98,0,0
PILOT-003878,19.1,5,7,12.9,0.62,0.2647,0.2944,9.29,1.54,0,0
PILOT-003879,47.8,2,5,11.2,0.5419,0.5694,0.6532,8.06,1.13,1,0
PILOT-003880,31.8,1,5,15.58,0.3954,0.3614,0.4296,11.22,1.43,1,0
PILOT-003881,6.3,3,4,10.0,0.2778,0.5077,0.4643,7.2,0.9,0,1
PILOT-003882,5.1,5,5,10.22,0.4413,0.6772,0.5346,7.36,1.09,0,0
PILOT-003883,29.9,1,2,21.48,0.6994,0.5245,0.2953,15.47,2.65,0,0
PILOT-003884,13.5,1,2,10.61,0.119,0.266,0.6622,7.64,0.75,0,0
PILOT-003885,2.3,0,2,12.75,0.1505,0.4255,0.1744,9.18,1.0,0,0
PILOT-003886,120.0,4,1,14.75,0.2328,0.3102,0.6744,10.62,0.65,1,0
PILOT-003887,12.2,5,6,17.01,0.7785,0.1729,0.6167,12.25,2.34,1,0
PILOT-003888,44.8,3,3,14.48,0.3719,0.36,0.3546,10.43,1.23,0,0
PILOT-003889,4.2,5,6,15.84,0.4896,0.379,0.5152,11.4,1.77,1,0
PILOT-003890,20.9,4,10,20.68,0.7131,0.8084,0.3666,14.89,2.64,1,1
PILOT-003891,54.4,0,2,10.88,0.14,0.55,0.4074,7.83,0.64,0,1
PILOT-003892,12.0,2,8,18.44,0.6411,0.6284,0.5292,13.28,2.28,0,0
PILOT-003893,29.1,2,3,12.43,0.3911,0.2222,0.6313,8.95,1.15,0,0
PILOT-003894,2.7,2,6,20.1,0.8271,0.1444,0.7621,14.47,2.93,0,0
PILOT-003895,53.9,3,4,16.94,0.7424,0.2264,0.7749,12.2,2.01,0,0
PILOT-003896,29.9,2,1,8.3,0.3548,0.531,0.5231,5.98,0.74,1,0
PILOT-003897,71.3,2,2,10.71,0.2936,0.3255,0.2121,7.71,0.72,0,0
PILOT-003898,29.6,2,1,14.13,0.2941,0.5546,0.6355,10.17,1.17,1,1
PILOT-003899,11.8,7,6,22.81,0.8452,0.4801,0.7391,16.42,3.29,1,1
PILOT-003900,51.5,3,6,18.11,0.6297,0.7514,0.5367,13.04,1.96,0,0
PILOT-003901,42.7,3,3,15.26,0.405,0.8557,0.1354,10.99,1.36,0,1
PILOT-003902,39.7,3,2,12.15,0.4383,0.4944,0.6039,8.75,1.14,1,0
PILOT-003903,32.8,3,2,6.84,0.2905,0.8088,0.5409,4.92,0.56,1,1
PILOT-003904,16.5,4,6,13.14,0.5345,0.6336,0.5223,9.46,1.47,1,0
PILOT-003905,5.2,3,2,11.61,0.3399,0.2039,0.7084,8.36,1.12,0,0
PILOT-003906,13.8,1,4,13.77,0.3093,0.6488,0.2079,9.91,1.24,0,0
PILOT-003907,35.7,2,8,13.0,0.2808,0.7361,0.4308,9.36,1.03,1,0
PILOT-003908,58.3,2,4,8.48,0.1663,0.6704,0.498,6.11,0.51,0,1
PILOT-003909,43.6,4,1,11.51,0.3713,0.3256,0.4247,8.29,0.98,0,0
PILOT-003910,58.4,4,1,14.06,0.4416,0.3482,0.7051,10.12,1.23,1,0
PILOT-003911,10.1,3,5,18.17,0.5992,0.3643,0.4575,13.08,2.19,1,0
PILOT-003912,31.6,0,4,19.83,0.5466,0.7358,0.513,14.28,2.13,1,0
PILOT-003913,18.7,2,7,22.7,0.89,0.7536,0.7702,16.34,3.32,0,0
PILOT-003914,3.6,1,5,18.24,0.7602,0.533,0.4201,13.13,2.53,0,0
PILOT-003915,22.1,4,3,16.06,0.8011,0.375,0.48,11.56,2.19,1,0
PILOT-003916,16.0,3,3,10.24,0.3662,0.4838,0.5038,7.37,0.97,0,0
PILOT-003917,17.1,10,3,16.32,0.5775,0.3905,0.3063,11.75,1.89,0,1
PILOT-003918,4.9,4,8,16.08,0.77,0.3754,0.4577,11.58,2.24,0,0
PILOT-003919,24.0,1,6,8.78,0.404,0.3091,0.6821,6.32,0.84,1,0
PILOT-003920,10.0,1,1,10.84,0.4453,0.6258,0.2515,7.8,1.14,0,0
PILOT-003921,26.8,1,4,14.32,0.7789,0.5455,0.8408,10.31,1.89,0,0
PILOT-003922,15.7,4,6,13.59,0.5571,0.4286,0.7006,9.78,1.55,1,0
PILOT-003923,0.2,7,5,17.23,0.7675,0.4814,0.3626,12.41,2.42,1,0
PILOT-003924,62.1,3,6,15.06,0.374,0.494,0.1569,10.84,1.19,1,0
PILOT-003925,20.7,2,6,11.49,0.4294,0.5255,0.6163,8.27,1.14,1,0
PILOT-003926,18.7,0,3,12.17,0.3879,0.2873,0.6819,8.76,1.17,0,0
PILOT-003927,12.9,4,6,14.21,0.7592,0.4221,0.19,10.23,1.92,0,1
PILOT-003928,30.8,0,5,8.48,0.0756,0.5012,0.3173,6.11,0.51,1,0
PILOT-003929,3.3,4,8,19.14,0.8018,0.2295,0.6322,13.78,2.74,0,1
PILOT-003930,46.7,3,2,12.83,0.5015,0.5855,0.3543,9.24,1.25,0,1
PILOT-003931,9.8,4,7,20.02,0.904,0.4735,0.3707,14.41,3.02,0,0
PILOT-003932,8.6,6,7,18.6,0.9404,0.6961,0.6722,13.39,2.88,0,1
PILOT-003933,20.4,2,3,9.1,0.2667,0.3053,0.2659,6.55,0.76,0,0
PILOT-003934,13.2,0,5,15.28,0.4312,0.5325,0.6793,11.0,1.56,1,0
PILOT-003935,12.4,2,1,13.81,0.2625,0.7891,0.5925,9.94,1.18,1,0
PILOT-003936,17.3,2,4,14.78,0.2002,0.4851,0.4394,10.64,1.15,0,0
PILOT-003937,15.9,3,7,11.45,0.6929,0.41,0.4613,8.24,1.46,0,0
PILOT-003938,14.2,2,5,18.12,0.6644,0.6955,0.6964,13.05,2.27,1,1
PILOT-003939,17.8,6,4,17.05,0.7619,0.4924,0.4498,12.28,2.28,0,1
PILOT-003940,35.3,4,5,16.22,0.4799,0.7472,0.7485,11.68,1.61,1,1
PILOT-003941,6.7,2,2,12.42,0.4722,0.5088,0.7519,8.94,1.35,1,0
PILOT-003942,34.9,0,2,13.67,0.3664,0.5583,0.336,9.84,1.2,0,0
PILOT-003943,25.9,1,4,9.86,0.3745,0.9287,0.4424,7.1,0.91,0,0
PILOT-003944,21.5,0,3,12.22,0.3976,0.3104,0.3803,8.8,1.17,0,0
PILOT-003945,16.0,1,2,11.63,0.4149,0.7267,0.3391,8.37,1.16,1,0
PILOT-003946,17.0,12,5,18.22,0.7407,0.5009,0.6466,13.12,2.4,1,1
PILOT-003947,8.8,5,4,18.53,0.8353,0.7827,0.3035,13.34,2.68,0,0
PILOT-003948,17.8,2,4,18.56,0.5292,0.4777,0.708,13.36,2.05,0,0
PILOT-003949,41.0,2,3,11.14,0.3295,0.334,0.6523,8.02,0.92,0,0
PILOT-003950,24.0,2,5,10.53,0.4218,0.3619,0.5489,7.58,1.03,1,0
PILOT-003951,31.0,3,5,8.94,0.274,0.6408,0.1854,6.44,0.72,0,0
PILOT-003952,33.5,4,8,12.99,0.5758,0.6396,0.5573,9.35,1.42,0,0
PILOT-003953,17.4,1,4,13.87,0.6943,0.7528,0.4923,9.99,1.76,0,0
PILOT-003954,18.8,4,4,12.01,0.5604,0.6998,0.1893,8.65,1.36,1,0
PILOT-003955,8.8,0,5,14.22,0.4678,0.7621,0.4989,10.24,1.53,1,0
PILOT-003956,25.2,3,4,17.04,0.7208,0.2419,0.4932,12.27,2.16,0,0
PILOT-003957,16.7,2,10,19.46,0.8979,0.2989,0.3755,14.01,2.88,1,0
PILOT-003958,45.9,2,1,13.62,0.4853,0.8823,0.15,9.81,1.31,0,0
PILOT-003959,64.1,3,3,11.74,0.4053,0.4653,0.3967,8.45,0.96,0,0
PILOT-003960,6.2,1,6,14.04,0.4995,0.8202,0.5532,10.11,1.57,1,0
PILOT-003961,53.8,3,6,17.76,0.7702,0.3811,0.4756,12.79,2.16,0,0
PILOT-003962,20.2,5,5,18.11,0.911,0.3194,0.9503,13.04,2.68,1,1
PILOT-003963,17.9,2,6,15.69,0.4059,0.6119,0.615,11.3,1.54,1,1
PILOT-003964,15.1,0,2,16.55,0.6026,0.8563,0.4634,11.92,1.97,0,0
PILOT-003965,32.4,3,3,11.4,0.335,0.6048,0.3283,8.21,0.98,1,0
PILOT-003966,104.8,2,7,12.82,0.3779,0.6693,0.4995,9.23,0.82,0,0
PILOT-003967,24.9,0,2,11.92,0.207,0.736,0.2158,8.58,0.9,0,0
PILOT-003968,7.6,3,9,20.25,0.6264,0.4589,0.2514,14.58,2.51,1,1
PILOT-003969,20.9,8,3,14.87,0.8003,0.6023,0.212,10.71,2.03,0,1
PILOT-003970,6.2,2,4,10.27,0.2566,0.3479,0.6702,7.39,0.9,0,0
PILOT-003971,13.8,2,5,11.26,0.4204,0.3252,0.8096,8.11,1.14,1,0
PILOT-003972,7.6,3,1,12.69,0.3385,0.3182,0.705,9.14,1.21,0,0
PILOT-003973,25.3,1,4,14.27,0.3988,0.8083,0.882,10.27,1.35,0,0
PILOT-003974,16.0,1,0,10.16,0.064,0.5036,0.6294,7.32,0.66,0,0
PILOT-003975,14.6,2,4,16.24,0.668,0.3245,0.6622,11.69,2.04,0,0
PILOT-003976,16.9,1,2,12.55,0.4584,0.7664,0.2428,9.04,1.3,0,0
PILOT-003977,17.2,8,10,16.04,0.8325,0.6006,0.6128,11.55,2.26,0,1
PILOT-003978,27.9,1,5,16.82,0.75,0.4301,0.647,12.11,2.17,0,0
PILOT-003979,19.8,2,8,14.67,0.7549,0.1505,0.2471,10.56,1.94,0,1
PILOT-003980,9.7,2,9,14.1,0.6608,0.3774,0.2675,10.15,1.78,0,1
PILOT-003981,24.9,4,6,9.42,0.3063,0.6116,0.3159,6.78,0.81,0,0
PILOT-003982,20.9,0,3,9.71,0.2233,0.3164,0.7039,6.99,0.77,0,0
PILOT-003983,4.3,4,3,15.14,0.5079,0.5292,0.6049,10.9,1.71,1,0
PILOT-003984,37.4,1,2,12.64,0.2483,0.7104,0.3218,9.1,0.95,1,0
PILOT-003985,31.4,1,4,10.09,0.2495,0.4174,0.2027,7.26,0.78,0,0
PILOT-003986,3.1,1,7,13.72,0.4399,0.6633,0.3431,9.88,1.47,0,0
PILOT-003987,59.9,6,3,17.98,0.6225,0.396,0.4411,12.95,1.88,1,0
PILOT-003988,12.0,7,6,20.37,0.8222,0.4359,0.2745,14.67,2.89,1,0
PILOT-003989,21.0,2,1,11.59,0.4054,0.3578,0.3667,8.34,1.12,0,0
PILOT-003990,36.1,5,8,17.69,0.7292,0.224,0.6388,12.74,2.19,0,0
PILOT-003991,51.5,0,4,11.24,0.3276,0.3695,0.3959,8.09,0.88,0,0
PILOT-003992,9.3,2,6,18.18,0.636,0.5913,0.6812,13.09,2.26,1,0
PILOT-003993,11.0,1,3,14.39,0.4124,0.1481,0.9023,10.36,1.46,0,0
PILOT-003994,28.8,0,3,10.4,0.217,0.4381,0.5246,7.49,0.78,1,0
PILOT-003995,48.3,4,4,20.6,0.5036,0.6072,0.5417,14.83,2.0,1,0
PILOT-003996,54.6,4,3,13.95,0.6647,0.3871,0.73,10.04,1.55,1,1
PILOT-003997,10.6,3,8,13.19,0.472,0.4992,0.1087,9.5,1.42,0,0
PILOT-003998,12.1,0,8,12.96,0.6207,0.2297,0.8086,9.33,1.58,1,0
PILOT-003999,38.0,2,2,11.43,0.3603,0.2113,0.6419,8.23,0.99,1,0
PILOT-004000,17.7,3,9,15.96,0.7943,0.5516,0.3397,11.49,2.19,0,0
PILOT-004001,13.7,3,9,20.04,0.8073,0.3003,0.5128,14.43,2.8,0,0
PILOT-004002,21.8,5,4,11.65,0.787,0.6709,0.4773,8.39,1.57,1,0
PILOT-004003,17.9,2,5,11.43,0.3026,0.2058,0.6405,8.23,1.0,1,0
PILOT-004004,15.5,5,7,19.43,0.738,0.5351,0.5447,13.99,2.57,0,0
PILOT-004005,11.3,1,5,9.74,0.4681,0.3068,0.4417,7.01,1.04,0,0
PILOT-004006,44.7,1,3,11.12,0.4482,0.506,0.8153,8.01,1.03,0,0
PILOT-004007,25.7,2,3,15.18,0.7076,0.358,0.6202,10.93,1.91,1,0
PILOT-004008,13.1,2,4,9.48,0.4102,0.6803,0.7971,6.83,0.95,0,0
PILOT-004009,49.0,2,7,13.65,0.5954,0.363,0.2816,9.83,1.45,0,0
PILOT-004010,19.0,2,7,15.61,0.7479,0.3946,0.267,11.24,2.06,0,0
PILOT-004011,118.5,2,1,10.69,0.0635,0.1561,0.4859,7.7,0.43,1,0
PILOT-004012,25.9,2,8,20.04,0.7482,0.1991,0.3694,14.43,2.6,0,1
PILOT-004013,22.2,5,5,12.06,0.3471,0.3051,0.4225,8.68,1.09,1,1
PILOT-004014,7.2,3,4,16.93,0.7383,0.5835,0.4118,12.19,2.29,0,0
PILOT-004015,11.2,2,5,18.51,0.5958,0.8441,0.5537,13.33,2.21,1,1
PILOT-004016,16.1,1,1,17.09,0.3926,0.3056,0.5055,12.3,1.67,1,0
PILOT-004017,3.2,4,7,15.61,0.6848,0.3362,0.177,11.24,2.05,0,0
PILOT-004018,20.4,7,12,19.28,0.9911,0.4906,0.3125,13.88,3.0,0,1
PILOT-004019,18.0,1,3,19.88,0.7383,0.5538,0.7202,14.31,2.61,1,0
PILOT-004020,8.0,5,9,20.28,0.7775,0.5067,0.1983,14.6,2.82,0,1
PILOT-004021,28.0,0,4,10.85,0.2288,0.4999,0.4177,7.81,0.83,0,0
PILOT-004022,31.2,0,3,12.62,0.1989,0.29,0.1269,9.09,0.92,0,0
PILOT-004023,17.5,2,6,16.62,0.8169,0.439,0.7816,11.97,2.32,1,0
PILOT-004024,10.7,7,5,18.74,0.4769,0.4036,0.414,13.49,2.02,1,0
PILOT-004025,41.7,0,5,14.17,0.4385,0.7098,0.3356,10.2,1.32,1,0
PILOT-004026,76.5,1,1,9.49,0.146,0.3779,0.5433,6.83,0.48,0,0
PILOT-004027,5.4,4,8,17.42,0.8091,0.7424,0.7612,12.54,2.49,1,0
PILOT-004028,15.4,4,9,22.29,0.9561,0.4981,0.6529,16.05,3.43,1,1
PILOT-004029,52.1,0,4,14.75,0.3654,0.3171,0.6026,10.62,1.21,1,0
PILOT-004030,1.1,3,4,16.32,0.5825,0.4433,0.6559,11.75,1.99,0,1
PILOT-004031,16.1,3,6,18.29,0.6929,0.5134,0.3374,13.17,2.33,1,0
PILOT-004032,44.1,3,6,12.18,0.5878,0.4791,0.7151,8.77,1.3,1,0
PILOT-004033,12.9,3,8,15.77,0.3663,0.6235,0.7163,11.35,1.51,0,1
PILOT-004034,10.4,2,3,18.34,0.6255,0.4186,0.3919,13.2,2.25,0,0
PILOT-004035,18.1,1,3,17.32,0.8446,0.6108,0.4066,12.47,2.46,0,0
PILOT-004036,24.4,2,5,18.99,0.695,0.7704,0.1718,13.67,2.37,0,0
PILOT-004037,51.6,1,6,13.95,0.5111,0.6295,0.4952,10.04,1.35,1,0
PILOT-004038,14.8,2,6,19.83,0.7816,0.6282,0.6086,14.28,2.71,0,0
PILOT-004039,70.1,1,6,17.16,0.8167,0.7436,0.6263,12.36,2.07,1,0
PILOT-004040,27.1,4,7,14.96,0.5577,0.7841,0.5711,10.77,1.65,0,0
PILOT-004041,15.3,5,10,24.22,0.9313,0.4514,0.9091,17.44,3.67,0,1
PILOT-004042,27.5,5,5,17.46,0.6571,0.1915,0.6101,12.57,2.09,0,0
PILOT-004043,31.4,2,2,13.09,0.0975,0.5996,0.2968,9.42,0.82,0,0
PILOT-004044,43.3,0,9,11.8,0.3442,0.3827,0.2309,8.5,0.98,0,0
PILOT-004045,45.7,1,5,14.65,0.3222,0.6249,0.1451,10.55,1.17,0,0
PILOT-004046,4.9,4,5,15.93,0.4536,0.4069,0.7751,11.47,1.71,1,1
PILOT-004047,12.1,2,2,16.06,0.4572,0.683,0.4069,11.56,1.69,0,0
PILOT-004048,3.4,3,1,15.1,0.6565,0.5068,0.7054,10.87,1.94,1,0
PILOT-004049,20.3,0,4,11.75,0.4176,0.3802,0.2209,8.46,1.16,0,0
PILOT-004050,49.2,4,2,14.43,0.4779,0.5153,0.5427,10.39,1.36,1,0
PILOT-004051,120.0,6,1,11.78,0.5802,0.5232,0.3649,8.48,0.93,0,0
PILOT-004052,21.3,2,2,10.08,0.2249,0.4385,0.5354,7.26,0.79,1,0
PILOT-004053,39.7,1,1,17.61,0.304,0.7435,0.3123,12.68,1.41,1,0
PILOT-004054,26.7,2,6,14.0,0.4936,0.2304,0.4491,10.08,1.45,0,0
PILOT-004055,8.1,2,2,10.3,0.1625,0.5033,0.1758,7.42,0.8,0,0
PILOT-004056,13.7,2,3,15.98,0.4932,0.5954,0.7146,11.51,1.73,0,0
PILOT-004057,18.8,1,4,17.65,0.69,0.6915,0.6096,12.71,2.23,0,0
PILOT-004058,65.8,3,2,19.46,0.6163,0.7015,0.8973,14.01,1.98,0,0
PILOT-004059,18.0,5,5,19.63,0.8017,0.4361,0.6682,14.13,2.7,1,1
PILOT-004060,24.4,4,6,15.57,0.6031,0.7521,0.6645,11.21,1.8,1,1
PILOT-004061,35.1,3,7,19.69,0.7637,0.4587,0.5263,14.18,2.52,0,0
PILOT-004062,17.7,0,7,17.9,0.5566,0.4063,0.6117,12.89,2.03,1,1
PILOT-004063,17.8,2,2,13.11,0.3522,0.475,0.3514,9.44,1.22,1,0
PILOT-004064,61.0,3,3,14.23,0.445,0.8036,0.2762,10.25,1.23,0,0
PILOT-004065,41.2,4,10,21.91,0.8785,0.3609,0.3639,15.78,3.0,1,1
PILOT-004066,55.2,3,3,9.33,0.2463,0.6035,0.5488,6.72,0.64,0,0
PILOT-004067,0.2,2,4,12.48,0.5662,0.5096,0.6054,8.99,1.5,1,1
PILOT-004068,10.9,8,8,16.09,0.6725,0.4557,0.3742,11.58,2.05,1,0
PILOT-004069,40.7,5,4,16.14,0.6749,0.3523,0.5373,11.62,1.89,0,0
PILOT-004070,40.1,2,2,8.96,0.5183,0.184,0.8058,6.45,0.91,1,0
PILOT-004071,20.3,1,3,11.0,0.386,0.6004,0.4156,7.92,1.05,1,0
PILOT-004072,14.5,3,6,12.81,0.4795,0.3635,0.2797,9.22,1.37,1,0
PILOT-004073,31.6,2,4,13.76,0.4649,0.5522,0.4711,9.91,1.36,0,0
PILOT-004074,2.9,3,6,18.42,0.6542,0.3926,0.2658,13.26,2.36,0,1
PILOT-004075,26.2,1,7,16.58,0.4633,0.7927,0.7424,11.94,1.67,0,0
PILOT-004076,56.7,4,6,13.14,0.4246,0.7235,0.5739,9.46,1.13,1,0
PILOT-004077,76.0,3,8,10.44,0.3144,0.2476,0.5964,7.52,0.71,1,1
PILOT-004078,17.1,1,3,11.7,0.3148,0.8848,0.7331,8.42,1.05,1,0
PILOT-004079,36.7,5,4,21.64,0.8447,0.2119,0.2444,15.58,2.93,0,1
PILOT-004080,25.9,1,2,19.26,0.6649,0.6441,0.487,13.87,2.33,1,1
PILOT-004081,8.0,5,13,16.88,0.9448,0.2256,0.3697,12.15,2.63,1,0
PILOT-004082,54.3,2,3,12.49,0.3488,0.6067,0.6751,8.99,0.99,0,0
PILOT-004083,37.6,2,4,9.24,0.2369,0.2648,0.7128,6.65,0.69,1,0
PILOT-004084,21.9,1,4,13.74,0.4786,0.6327,0.7718,9.89,1.43,1,0
PILOT-004085,18.1,1,8,9.88,0.4231,0.3979,0.6314,7.11,0.99,1,0
PILOT-004086,72.5,2,4,14.71,0.4214,0.3524,0.329,10.59,1.18,0,0
PILOT-004087,16.7,1,5,18.44,0.6934,0.3334,0.6274,13.28,2.35,1,0
PILOT-004088,17.5,1,12,13.36,0.7179,0.6713,0.8175,9.62,1.73,1,1
PILOT-004089,37.5,7,10,21.25,0.8888,0.2602,0.7249,15.3,2.96,0,0
PILOT-004090,98.8,4,0,7.88,0.141,0.5143,0.3532,5.67,0.34,0,0
PILOT-004091,38.0,4,6,17.98,0.7873,0.4906,0.5858,12.95,2.32,0,0
PILOT-004092,70.2,1,4,15.16,0.6129,0.4053,0.2618,10.92,1.52,1,0
PILOT-004093,67.4,2,3,17.25,0.2877,0.6671,0.7376,12.42,1.18,0,0
PILOT-004094,18.5,5,7,18.46,0.8755,0.649,0.3692,13.29,2.67,1,1
PILOT-004095,13.7,0,1,10.09,0.0744,0.6638,0.2636,7.26,0.67,1,1
PILOT-004096,31.3,1,4,12.99,0.2572,0.3846,0.58,9.35,1.02,0,0
PILOT-004097,33.6,2,8,15.46,0.5201,0.3759,0.5234,11.13,1.61,1,1
PILOT-004098,58.6,1,3,9.91,0.2383,0.5694,0.4709,7.14,0.66,1,0
PILOT-004099,60.7,0,2,11.38,0.2039,0.1901,0.1586,8.19,0.71,1,0
PILOT-004100,33.9,5,2,11.79,0.5486,0.7068,0.8652,8.49,1.26,1,1
PILOT-004101,10.3,2,3,11.96,0.2453,0.6592,0.533,8.61,1.01,1,0
PILOT-004102,39.8,2,5,13.46,0.3723,0.694,0.4785,9.69,1.17,0,0
PILOT-004103,4.8,3,2,18.27,0.7291,0.51,0.2917,13.15,2.47,0,0
PILOT-004104,22.4,2,7,14.42,0.4189,0.2202,0.2184,10.38,1.41,1,0
PILOT-004105,47.9,0,4,11.99,0.0925,0.4163,0.576,8.63,0.67,1,0
PILOT-004106,31.3,3,4,12.79,0.3369,0.8072,0.146,9.21,1.11,0,0
PILOT-004107,23.8,2,3,13.66,0.2343,0.7342,0.6053,9.84,1.08,0,0
PILOT-004108,41.9,1,3,12.29,0.4626,0.7586,0.4211,8.85,1.17,0,0
PILOT-004109,13.1,2,6,14.51,0.4924,0.4453,0.2706,10.45,1.57,1,0
PILOT-004110,44.4,1,3,15.63,0.2431,0.9149,0.7628,11.25,1.13,1,0
PILOT-004111,68.4,0,3,15.7,0.3496,0.5791,0.3194,11.3,1.17,0,0
PILOT-004112,82.3,1,3,13.84,0.4001,0.7578,0.658,9.96,1.03,1,0
PILOT-004113,44.0,4,7,13.07,0.6394,0.2644,0.4249,9.41,1.47,0,0
PILOT-004114,34.8,7,4,17.21,0.9061,0.1294,0.691,12.39,2.45,0,0
PILOT-004115,9.8,1,1,5.99,0.1664,0.3912,0.6341,4.31,0.46,0,0
PILOT-004116,30.7,2,7,11.44,0.2901,0.4322,0.2069,8.24,0.94,1,1
PILOT-004117,11.2,1,8,19.84,0.6862,0.6251,0.5091,14.28,2.55,1,1
PILOT-004118,3.7,5,9,23.2,0.8615,0.5696,0.589,16.7,3.45,0,0
PILOT-004119,35.3,6,6,12.74,0.6057,0.5495,0.6627,9.17,1.43,0,0
PILOT-004120,9.5,1,3,7.22,0.2,0.4589,0.3983,5.2,0.58,1,0
PILOT-004121,12.5,2,3,17.96,0.6694,0.6399,0.4696,12.93,2.27,1,1
PILOT-004122,57.1,2,7,18.84,0.6439,0.3425,0.4256,13.56,2.03,1,1
PILOT-004123,19.0,1,3,7.34,0.167,0.8628,0.4638,5.28,0.54,1,1
PILOT-004124,38.2,4,4,16.45,0.4698,0.5135,0.4559,11.84,1.6,0,0
PILOT-004125,91.1,3,2,10.19,0.2798,0.4179,0.4049,7.34,0.6,0,0
PILOT-004126,32.9,1,6,12.37,0.2582,0.4922,0.3624,8.91,0.96,0,0
PILOT-004127,22.7,1,5,15.58,0.5843,0.7963,0.4795,11.22,1.78,0,0
PILOT-004128,28.8,3,10,9.98,0.6853,0.5658,0.3166,7.19,1.22,0,0
PILOT-004129,38.0,2,0,8.33,0.2083,0.6639,0.4583,6.0,0.59,1,0
PILOT-004130,13.8,2,8,18.41,0.7633,0.2563,0.4458,13.26,2.49,1,1
PILOT-004131,30.8,6,5,15.43,0.5004,0.6313,0.3413,11.11,1.59,1,0
PILOT-004132,22.2,4,4,11.04,0.3585,0.3111,0.7286,7.95,1.01,1,0
PILOT-004133,57.5,4,1,17.77,0.5142,0.4468,0.4595,12.79,1.68,0,0
PILOT-004134,28.0,2,5,16.1,0.729,0.6325,0.4057,11.59,2.04,0,0
PILOT-004135,42.5,2,2,12.75,0.4647,0.3523,0.4198,9.18,1.21,1,0
PILOT-004136,14.8,5,6,12.54,0.4053,0.2351,0.4696,9.03,1.24,0,0
PILOT-004137,17.1,3,6,9.81,0.5684,0.4481,0.6206,7.06,1.13,1,0
PILOT-004138,25.8,2,4,13.74,0.5481,0.5398,0.3398,9.89,1.5,1,0
PILOT-004139,6.2,2,6,18.87,0.7596,0.3346,0.4381,13.59,2.6,0,0
PILOT-004140,53.2,3,4,12.54,0.4999,0.6308,0.4075,9.03,1.19,1,0
PILOT-004141,39.9,1,3,14.23,0.3187,0.8742,0.3445,10.25,1.16,0,0
PILOT-004142,14.0,2,10,14.89,0.5076,0.5069,0.8482,10.72,1.63,1,0
PILOT-004143,58.5,2,1,12.69,0.2118,0.404,0.2274,9.14,0.81,0,0
PILOT-004144,77.5,0,5,7.53,0.1368,0.3932,0.0592,5.42,0.37,1,0
PILOT-004145,12.8,2,3,22.11,0.6723,0.3954,0.9387,15.92,2.8,0,1
PILOT-004146,41.7,4,7,12.79,0.434,0.2815,0.2345,9.21,1.18,0,0
PILOT-004147,35.0,4,8,20.48,0.7246,0.3508,0.7605,14.75,2.54,1,0
PILOT-004148,2.7,4,7,13.99,0.5105,0.6108,0.1946,10.07,1.6,0,0
PILOT-004149,14.6,2,5,17.14,0.3598,0.1419,0.5159,12.34,1.62,0,0
PILOT-004150,23.4,4,7,18.53,0.8389,0.4229,0.3208,13.34,2.58,0,1
PILOT-004151,76.7,1,3,17.2,0.5871,0.3771,0.6093,12.38,1.64,1,0
PILOT-004152,51.3,2,5,10.41,0.351,0.296,0.3347,7.5,0.84,0,0
PILOT-004153,28.0,5,8,19.58,0.8616,0.6917,0.5431,14.1,2.74,0,1
PILOT-004154,17.9,4,4,15.34,0.808,0.686,0.5777,11.04,2.12,1,0
PILOT-004155,28.5,3,5,18.62,0.4252,0.8522,0.5982,13.41,1.79,1,1
PILOT-004156,27.8,1,4,16.29,0.6033,0.5425,0.6347,11.73,1.86,1,0
PILOT-004157,11.6,2,5,18.08,0.7772,0.7884,0.6166,13.02,2.49,0,0
PILOT-004158,2.4,1,1,16.91,0.3471,0.6922,0.346,12.18,1.65,0,1
PILOT-004159,38.4,2,6,17.61,0.7286,0.3734,0.6842,12.68,2.17,1,1
PILOT-004160,44.3,0,5,14.94,0.3757,0.1795,0.6364,10.76,1.28,1,0
PILOT-004161,29.2,2,3,20.49,0.6192,0.7288,0.5708,14.75,2.36,0,0
PILOT-004162,33.7,2,2,16.03,0.5968,0.4157,0.6982,11.54,1.79,0,0
PILOT-004163,48.3,0,3,13.85,0.3386,0.6386,0.2178,9.97,1.11,0,0
PILOT-004164,20.4,4,7,18.42,0.7605,0.7254,0.3504,13.26,2.44,0,1
PILOT-004165,17.8,3,4,13.04,0.5283,0.36,0.1947,9.39,1.44,1,0
PILOT-004166,20.5,2,3,16.81,0.518,0.6345,0.3975,12.1,1.82,1,1
PILOT-004167,14.0,1,6,15.55,0.3695,0.1552,0.3814,11.2,1.49,0,0
PILOT-004168,35.1,3,4,14.01,0.4794,0.3369,0.7398,10.09,1.39,0,0
PILOT-004169,5.0,3,4,12.73,0.6675,0.4635,0.6884,9.17,1.64,1,1
PILOT-004170,29.8,5,8,21.88,0.862,0.4965,0.3284,15.75,3.05,1,0
PILOT-004171,33.4,2,6,17.77,0.6151,0.407,0.3665,12.79,2.02,1,0
PILOT-004172,27.3,3,3,18.14,0.6666,0.3258,0.3709,13.06,2.19,1,1
PILOT-004173,27.1,0,1,8.93,0.1679,0.6052,0.7758,6.43,0.63,0,0
PILOT-004174,3.1,2,12,17.29,0.7603,0.3442,0.8128,12.45,2.4,1,0
PILOT-004175,13.1,3,2,14.69,0.4346,0.6485,0.5389,10.58,1.51,0,0
PILOT-004176,42.6,3,3,17.39,0.7009,0.8536,0.8692,12.52,2.07,0,0
PILOT-004177,27.9,3,1,14.12,0.4449,0.6938,0.875,10.17,1.39,0,1
PILOT-004178,4.5,2,2,8.53,0.2795,0.7225,0.4987,6.14,0.77,1,0
PILOT-004179,24.6,4,6,15.77,0.798,0.3423,0.8926,11.35,2.13,0,1
PILOT-004180,29.3,3,8,17.11,0.5312,0.3442,0.5734,12.32,1.82,0,0
PILOT-004181,16.2,4,7,19.35,0.5658,0.6469,0.3459,13.93,2.22,1,1
PILOT-004182,22.0,5,3,15.26,0.4122,0.6461,0.5529,10.99,1.48,1,0
PILOT-004183,15.2,4,9,21.39,0.648,0.8357,0.6212,15.4,2.64,0,1
PILOT-004184,23.8,0,6,15.19,0.3209,0.548,0.6462,10.94,1.33,0,0
PILOT-004185,42.3,1,3,13.76,0.4474,0.5016,0.5176,9.91,1.29,0,0
PILOT-004186,38.0,3,7,20.87,0.7479,0.7703,0.208,15.03,2.61,0,0
PILOT-004187,6.1,4,8,15.44,0.7646,0.2472,0.7728,11.12,2.13,1,1
PILOT-004188,33.4,6,8,14.9,0.7252,0.5269,0.498,10.73,1.85,1,0
PILOT-004189,19.1,0,7,17.98,0.7408,0.3777,0.4295,12.95,2.36,0,0
PILOT-004190,71.9,0,3,12.71,0.3561,0.4258,0.5196,9.15,0.94,0,0
PILOT-004191,12.7,1,3,19.11,0.8463,0.502,0.7987,13.76,2.75,0,0
PILOT-004192,11.4,0,5,15.94,0.3916,0.6541,0.7959,11.48,1.58,0,0
PILOT-004193,31.6,2,7,11.61,0.457,0.4786,0.217,8.36,1.14,1,0
PILOT-004194,45.5,3,7,16.6,0.6997,0.5451,0.4311,11.95,1.95,0,0
PILOT-004195,51.3,0,4,12.54,0.167,0.4648,0.3021,9.03,0.78,0,0
PILOT-004196,36.1,3,5,19.47,0.4108,0.4128,0.2735,14.02,1.79,1,0
PILOT-004197,20.7,3,0,14.72,0.4289,0.5754,0.7704,10.6,1.46,1,0
PILOT-004198,5.2,5,9,22.08,0.8393,0.3932,0.1735,15.9,3.22,0,0
PILOT-004199,15.6,5,1,13.47,0.3979,0.7617,0.5969,9.7,1.32,1,0
PILOT-004200,18.4,1,5,17.5,0.3801,0.7438,0.8428,12.6,1.67,1,1
PILOT-004201,14.1,4,6,17.48,0.5334,0.5225,0.4366,12.59,1.96,1,1
PILOT-004202,39.9,2,6,17.67,0.7454,0.2457,0.6683,12.72,2.19,1,0
PILOT-004203,18.9,3,6,12.98,0.514,0.1681,0.6319,9.35,1.41,0,1
PILOT-004204,21.6,3,8,17.04,0.6765,0.4158,0.4003,12.27,2.11,0,0
PILOT-004205,20.2,1,4,17.18,0.4186,0.2474,0.4322,12.37,1.69,1,0
PILOT-004206,44.9,1,5,17.18,0.5287,0.2925,0.4571,12.37,1.73,0,0
PILOT-004207,85.9,1,1,15.06,0.467,0.528,0.6507,10.84,1.2,1,0
PILOT-004208,14.9,0,2,12.3,0.1076,0.4914,0.6991,8.86,0.85,1,1
PILOT-004209,10.2,1,4,15.74,0.7723,0.3726,0.3822,11.33,2.17,1,1
PILOT-004210,15.7,0,1,8.38,0.0371,0.5757,0.5283,6.03,0.52,0,0
PILOT-004211,20.0,1,4,18.84,0.7781,0.2262,0.4779,13.56,2.54,1,0
PILOT-004212,13.8,7,6,20.06,0.9497,0.6524,0.7513,14.44,3.09,0,0
PILOT-004213,16.1,2,5,20.61,0.6381,0.8322,0.7705,14.84,2.51,0,0
PILOT-004214,29.6,6,2,16.15,0.5739,0.532,0.667,11.63,1.79,0,1
PILOT-004215,31.0,2,2,11.53,0.3455,0.4857,0.4277,8.3,1.01,1,0
PILOT-004216,15.8,1,6,12.38,0.3247,0.4022,0.3783,8.91,1.12,0,0
PILOT-004217,4.2,2,8,23.13,0.8694,0.5918,0.7818,16.65,3.46,1,0
PILOT-004218,25.4,3,4,13.85,0.548,0.5139,0.4358,9.97,1.52,1,0
PILOT-004219,10.4,3,9,19.03,0.5905,0.5597,0.5556,13.7,2.27,0,0
PILOT-004220,9.9,3,2,13.96,0.5483,0.6697,0.5771,10.05,1.61,1,1
PILOT-004221,16.3,1,12,15.07,0.5708,0.3681,0.8213,10.85,1.74,0,1
PILOT-004222,69.5,6,5,11.46,0.4107,0.2887,0.4906,8.25,0.92,0,0
PILOT-004223,14.1,1,5,13.42,0.3699,0.4927,0.4193,9.66,1.29,1,0
PILOT-004224,40.4,2,7,19.07,0.6111,0.1131,0.5494,13.73,2.11,0,0
PILOT-004225,48.3,4,7,18.21,0.7965,0.3895,0.3496,13.11,2.3,1,1
PILOT-004226,27.8,2,4,15.23,0.4533,0.2135,0.3609,10.97,1.51,1,0
PILOT-004227,13.7,0,5,9.56,0.1618,0.8983,0.6169,6.88,0.72,0,0
PILOT-004228,17.9,2,4,13.12,0.3768,0.5659,0.2257,9.45,1.25,0,0
PILOT-004229,7.5,0,4,17.47,0.2996,0.5036,0.4331,12.58,1.59,1,0
PILOT-004230,18.6,1,5,9.69,0.2979,0.6995,0.4189,6.98,0.84,0,0
PILOT-004231,2.8,1,0,9.61,0.1518,0.8517,0.1697,6.92,0.75,0,0
PILOT-004232,16.8,1,2,10.22,0.237,0.5875,0.5105,7.36,0.83,1,0
PILOT-004233,3.0,1,1,15.11,0.2715,0.9098,0.5268,10.88,1.36,0,0
PILOT-004234,29.2,0,2,15.4,0.3003,0.2013,0.304,11.09,1.29,1,0
PILOT-004235,50.6,3,7,11.09,0.2239,0.7751,0.6421,7.98,0.76,1,0
PILOT-004236,12.4,2,5,16.69,0.6568,0.5383,0.4065,12.02,2.09,0,0
PILOT-004237,30.2,3,11,15.38,0.7077,0.6857,0.604,11.07,1.91,0,0
PILOT-004238,60.9,1,2,10.79,0.24,0.5585,0.1759,7.77,0.71,0,0
PILOT-004239,51.9,3,6,12.38,0.6432,0.754,0.8429,8.91,1.36,0,0
PILOT-004240,8.3,3,3,20.61,0.7878,0.1024,0.8115,14.84,2.88,0,0
PILOT-004241,18.5,2,8,15.65,0.6719,0.3239,0.5367,11.27,1.95,1,1
PILOT-004242,3.5,1,3,16.93,0.474,0.3994,0.3226,12.19,1.86,0,0
PILOT-004243,25.1,0,2,10.52,0.2296,0.2652,0.3967,7.57,0.82,1,0
PILOT-004244,22.5,3,6,17.79,0.6239,0.449,0.8929,12.81,2.1,1,0
PILOT-004245,19.0,3,2,14.77,0.3473,0.1624,0.5407,10.63,1.36,1,0
PILOT-004246,30.2,2,3,7.89,0.2805,0.4453,0.2807,5.68,0.64,1,0
PILOT-004247,18.9,2,9,17.88,0.6132,0.6298,0.6135,12.87,2.12,1,0
PILOT-004248,68.9,2,7,16.5,0.5411,0.521,0.568,11.88,1.54,1,1
PILOT-004249,68.0,2,4,16.66,0.5611,0.8009,0.227,12.0,1.59,1,0
PILOT-004250,40.3,3,4,11.06,0.5528,0.6037,0.8663,7.96,1.16,0,0
PILOT-004251,12.2,0,5,14.23,0.6324,0.4156,0.6914,10.25,1.75,0,0
PILOT-004252,7.8,2,9,15.73,0.7384,0.3979,0.6448,11.33,2.12,0,1
PILOT-004253,39.1,2,4,14.21,0.435,0.5507,0.316,10.23,1.33,1,1
PILOT-004254,36.0,1,2,11.24,0.2169,0.225,0.6003,8.09,0.82,1,0
PILOT-004255,12.6,4,9,16.73,0.7446,0.4859,0.6398,12.05,2.24,1,0
PILOT-004256,36.2,1,5,20.86,0.7617,0.2859,0.7236,15.02,2.65,1,0
PILOT-004257,20.5,5,3,16.83,0.7221,0.4655,0.3146,12.12,2.17,0,0
PILOT-004258,33.1,4,6,20.95,0.8102,0.327,0.3121,15.08,2.79,0,0
PILOT-004259,31.3,4,5,15.18,0.6177,0.3187,0.7622,10.93,1.74,0,0
PILOT-004260,5.5,2,7,15.78,0.6545,0.6763,0.6136,11.36,2.01,0,1
PILOT-004261,36.9,1,1,13.82,0.3957,0.3519,0.3108,9.95,1.25,1,0
PILOT-004262,7.8,3,4,15.09,0.4402,0.8166,0.3742,10.86,1.59,0,0
PILOT-004263,34.3,0,2,14.2,0.3741,0.3819,0.6756,10.22,1.26,1,1
PILOT-004264,15.6,1,2,14.7,0.5722,0.365,0.3907,10.58,1.7,1,0
PILOT-004265,6.6,0,1,11.29,0.2537,0.7796,0.5363,8.13,0.98,0,0
PILOT-004266,41.8,3,1,17.07,0.4136,0.8281,0.4437,12.29,1.54,0,0
PILOT-004267,18.4,0,2,5.11,0.1421,0.7137,0.2697,3.68,0.37,1,1
PILOT-004268,3.1,1,4,19.47,0.6401,0.6733,0.6296,14.02,2.47,0,0
PILOT-004269,45.5,0,3,14.58,0.4905,0.506,0.4823,10.5,1.41,1,0
PILOT-004270,4.8,5,5,14.17,0.8406,0.48,0.747,10.2,2.07,0,1
PILOT-004271,34.2,1,10,18.87,0.6646,0.3417,0.3016,13.59,2.23,1,1
PILOT-004272,61.8,2,2,12.11,0.4809,0.61,0.3161,8.72,1.09,0,0
PILOT-004273,56.9,1,3,12.95,0.3954,0.4857,0.4318,9.32,1.08,1,0
PILOT-004274,90.0,4,5,15.4,0.4726,0.5671,0.2846,11.09,1.21,0,0
PILOT-004275,9.8,7,7,17.33,0.7735,0.1582,0.708,12.48,2.39,1,1
PILOT-004276,8.9,1,6,15.92,0.6823,0.424,0.6595,11.46,2.05,0,0
PILOT-004277,36.2,2,4,16.3,0.6329,0.5054,0.8857,11.74,1.86,1,1
PILOT-004278,60.3,3,3,13.4,0.4766,0.7084,0.493,9.65,1.21,0,0
PILOT-004279,62.8,3,7,17.5,0.6758,0.6137,0.5791,12.6,1.91,1,0
PILOT-004280,6.4,0,1,15.75,0.5649,0.3136,0.389,11.34,1.86,1,0
PILOT-004281,5.2,1,2,12.41,0.1718,0.4011,0.2337,8.94,0.98,1,0
PILOT-004282,13.4,0,2,14.03,0.5853,0.4571,0.625,10.1,1.65,1,0
PILOT-004283,7.3,2,7,17.97,0.8595,0.6891,0.5668,12.94,2.65,1,0
PILOT-004284,23.6,1,3,10.71,0.3691,0.4579,0.371,7.71,0.99,0,0
PILOT-004285,33.8,5,6,20.46,0.7731,0.496,0.7625,14.73,2.64,1,1
PILOT-004286,2.9,4,7,22.41,0.8922,0.2345,0.4907,16.14,3.41,1,0
PILOT-004287,8.3,3,5,19.05,0.6627,0.5442,0.2761,13.72,2.42,1,1
PILOT-004288,66.0,3,8,16.83,0.6041,0.4474,0.2364,12.12,1.69,0,0
PILOT-004289,5.0,2,10,17.64,0.734,0.6185,0.2652,12.7,2.39,1,1
PILOT-004290,10.1,2,4,14.05,0.4299,0.2002,0.3046,10.12,1.45,1,0
PILOT-004291,4.8,2,4,16.1,0.5702,0.6109,0.5696,11.59,1.92,1,1
PILOT-004292,23.7,4,3,15.81,0.461,0.5855,0.3346,11.38,1.61,1,1
PILOT-004293,12.2,6,3,15.13,0.6028,0.4803,0.4421,10.89,1.81,0,1
PILOT-004294,19.3,1,5,15.12,0.5503,0.8365,0.2296,10.89,1.69,0,0
PILOT-004295,23.8,1,5,13.35,0.5535,0.3473,0.4608,9.61,1.48,0,0
PILOT-004296,19.3,1,2,16.99,0.591,0.3163,0.2171,12.23,1.97,0,0
PILOT-004297,13.3,3,14,18.14,0.9337,0.5436,0.4393,13.06,2.77,0,0
PILOT-004298,22.5,6,8,23.69,0.8656,0.3407,0.8422,17.06,3.37,0,1
PILOT-004299,14.2,2,5,15.2,0.5635,0.5322,0.7653,10.94,1.75,1,0
PILOT-004300,79.1,4,6,16.66,0.4652,0.6931,0.2875,12.0,1.37,1,0
PILOT-004301,65.3,0,3,11.74,0.1962,0.4308,0.4653,8.45,0.71,0,0
PILOT-004302,28.9,1,2,13.39,0.1765,0.4178,0.0475,9.64,0.95,1,0
PILOT-004303,31.1,2,6,15.17,0.6137,0.4389,0.3906,10.92,1.73,0,0
PILOT-004304,18.9,4,8,18.59,0.8876,0.1621,0.2792,13.38,2.71,1,0
PILOT-004305,17.6,1,1,12.36,0.238,0.5265,0.6804,8.9,1.01,0,0
PILOT-004306,28.9,4,6,13.28,0.5718,0.308,0.4127,9.56,1.47,1,0
PILOT-004307,15.0,4,5,15.59,0.5791,0.4456,0.5306,11.22,1.82,0,0
PILOT-004308,40.7,4,3,14.84,0.4433,0.5278,0.1995,10.68,1.39,1,1
PILOT-004309,42.0,2,7,14.47,0.8405,0.3588,0.1643,10.42,1.92,1,0
PILOT-004310,8.6,6,8,17.97,0.8618,0.2854,0.554,12.94,2.64,1,0
PILOT-004311,46.2,2,1,13.16,0.3343,0.2475,0.3148,9.48,1.06,0,0
PILOT-004312,32.1,1,2,16.72,0.5536,0.5972,0.3109,12.04,1.8,0,0
PILOT-004313,47.7,3,5,17.67,0.7752,0.3973,0.3897,12.72,2.2,0,0
PILOT-004314,6.2,6,4,15.01,0.6755,0.5421,0.5262,10.81,1.94,0,1
PILOT-004315,27.5,1,5,15.95,0.4208,0.8563,0.3374,11.48,1.53,1,1
PILOT-004316,89.8,0,1,9.8,0.0787,0.7092,0.721,7.06,0.39,0,0
PILOT-004317,22.2,5,10,15.92,0.6585,0.5018,0.631,11.46,1.94,0,0
PILOT-004318,6.1,0,1,11.06,0.2285,0.1763,0.5625,7.96,0.94,0,0
PILOT-004319,21.0,4,4,13.98,0.5988,0.3022,0.5634,10.07,1.63,0,0
PILOT-004320,11.8,2,5,17.57,0.7678,0.618,0.2383,12.65,2.4,1,0
PILOT-004321,41.9,2,10,15.02,0.6601,0.7725,0.7491,10.81,1.73,1,0
PILOT-004322,36.4,0,5,11.76,0.1644,0.7314,0.695,8.47,0.79,0,0
PILOT-004323,20.8,2,2,17.03,0.5591,0.5175,0.471,12.26,1.91,0,0
PILOT-004324,21.0,4,5,16.31,0.4668,0.3706,0.6239,11.74,1.68,1,0
PILOT-004325,2.9,1,4,15.9,0.5256,0.556,0.2325,11.45,1.84,1,0
PILOT-004326,104.1,1,2,14.02,0.3181,0.7775,0.3176,10.09,0.82,0,0
PILOT-004327,26.3,4,6,16.07,0.7294,0.4257,0.7363,11.57,2.05,0,1
PILOT-004328,36.3,3,4,14.43,0.5416,0.4651,0.2258,10.39,1.52,1,0
PILOT-004329,27.7,4,6,13.5,0.4705,0.3365,0.8137,9.72,1.36,1,0
PILOT-004330,11.3,5,8,20.03,0.8817,0.5472,0.7857,14.42,2.97,1,0
PILOT-004331,26.9,4,2,13.91,0.6128,0.4618,0.6571,10.02,1.61,1,0
PILOT-004332,45.1,4,6,21.19,0.8014,0.386,0.4741,15.26,2.71,0,0
PILOT-004333,26.3,2,9,11.82,0.7202,0.1503,0.8352,8.51,1.5,1,1
PILOT-004334,14.2,3,5,15.26,0.4256,0.5061,0.3218,10.99,1.55,1,1
PILOT-004335,31.7,2,3,12.37,0.298,0.603,0.6145,8.91,1.02,0,0
PILOT-004336,4.6,3,8,17.45,0.6687,0.5999,0.6694,12.56,2.25,0,0
PILOT-004337,32.9,3,6,15.41,0.7367,0.2668,0.6337,11.1,1.94,1,0
PILOT-004338,17.9,5,9,24.11,0.8697,0.2802,0.6374,17.36,3.48,1,0
PILOT-004339,15.3,4,9,18.5,0.7749,0.5136,0.5586,13.32,2.52,1,1
PILOT-004340,24.2,5,3,16.77,0.5642,0.1764,0.5177,12.07,1.87,1,1
PILOT-004341,55.6,1,3,9.4,0.3321,0.753,0.4933,6.77,0.73,1,0
PILOT-004342,85.4,2,5,13.88,0.5208,0.6642,0.5344,9.99,1.18,1,0
PILOT-004343,17.6,4,6,13.53,0.5759,0.4516,0.6438,9.74,1.56,0,0
PILOT-004344,4.8,2,1,9.24,0.1384,0.7972,0.5673,6.65,0.7,1,1
PILOT-004345,23.1,5,5,15.35,0.5913,0.5031,0.8004,11.05,1.76,1,0
PILOT-004346,16.3,3,6,10.68,0.4889,0.1723,0.4603,7.69,1.14,0,0
PILOT-004347,47.6,8,3,15.95,0.579,0.4734,0.5546,11.48,1.67,0,0
PILOT-004348,47.0,2,3,13.41,0.3514,0.3677,0.7041,9.66,1.1,1,0
PILOT-004349,15.2,1,6,20.53,0.8241,0.7198,0.3355,14.78,2.89,0,0
PILOT-004350,0.8,1,4,12.06,0.2697,0.2995,0.4833,8.68,1.09,0,0
PILOT-004351,40.9,3,9,8.4,0.4424,0.5303,0.6568,6.05,0.79,0,0
PILOT-004352,9.7,1,8,17.97,0.7236,0.6821,0.6775,12.94,2.39,0,0
PILOT-004353,17.9,1,3,16.3,0.5706,0.7828,0.3954,11.74,1.87,1,1
PILOT-004354,42.6,1,3,13.89,0.4565,0.4511,0.4608,10.0,1.31,0,0
PILOT-004355,48.6,1,1,12.43,0.0853,0.2237,0.4771,8.95,0.68,0,1
PILOT-004356,12.6,3,5,21.78,0.8269,0.481,0.2404,15.68,3.1,1,0
PILOT-004357,5.1,4,4,14.38,0.4218,0.8458,0.5121,10.35,1.5,1,1
PILOT-004358,13.8,3,4,19.45,0.6666,0.5546,0.413,14.0,2.44,1,0
PILOT-004359,18.1,1,2,17.52,0.4475,0.7178,0.5795,12.61,1.79,1,1
PILOT-004360,46.0,3,3,16.31,0.4297,0.4795,0.2812,11.74,1.47,0,1
PILOT-004361,20.7,0,5,17.46,0.5835,0.5729,0.1641,12.57,2.01,1,0
PILOT-004362,9.8,0,5,17.5,0.7846,0.8156,0.4466,12.6,2.43,1,0
PILOT-004363,26.3,2,6,14.04,0.3374,0.3462,0.4711,10.11,1.24,1,0
PILOT-004364,25.2,1,4,12.2,0.2906,0.6875,0.2018,8.78,1.02,1,1
PILOT-004365,26.7,0,2,8.99,0.0996,0.3076,0.3564,6.47,0.58,1,0
PILOT-004366,21.1,2,10,15.23,0.5561,0.7256,0.4338,10.97,1.71,1,0
PILOT-004367,10.9,2,9,12.41,0.3545,0.6417,0.5469,8.94,1.19,0,1
PILOT-004368,12.9,3,5,19.07,0.7455,0.4186,0.5948,13.73,2.55,0,1
PILOT-004369,40.5,0,6,16.47,0.8874,0.4541,0.3986,11.86,2.28,1,0
PILOT-004370,18.0,1,2,19.73,0.6359,0.3757,0.5848,14.21,2.39,1,0
PILOT-004371,10.9,0,5,15.12,0.4028,0.7329,0.8327,10.89,1.52,1,0
PILOT-004372,34.5,1,1,10.61,0.4978,0.381,0.586,7.64,1.08,0,1
PILOT-004373,17.3,3,3,16.36,0.6894,0.382,0.5856,11.78,2.07,1,1
PILOT-004374,34.9,0,8,12.18,0.4026,0.4034,0.1965,8.77,1.12,0,1
PILOT-004375,52.1,3,9,17.49,0.6054,0.3621,0.5015,12.59,1.85,1,0
PILOT-004376,33.0,2,3,13.32,0.2869,0.5496,0.2636,9.59,1.08,0,0
PILOT-004377,17.1,2,9,15.86,0.8898,0.3499,0.547,11.42,2.33,1,0
PILOT-004378,48.1,2,6,14.26,0.4882,0.699,0.8052,10.27,1.36,0,0
PILOT-004379,71.3,2,3,15.73,0.5731,0.4177,0.2345,11.33,1.5,1,0
PILOT-004380,30.8,2,5,11.96,0.1865,0.2902,0.5348,8.61,0.86,1,1
PILOT-004381,13.7,1,5,17.02,0.6562,0.0871,0.6279,12.25,2.12,0,1
PILOT-004382,35.6,5,5,16.07,0.7755,0.5519,0.6947,11.57,2.07,0,1
PILOT-004383,3.9,4,10,21.87,0.8688,0.7214,0.6855,15.75,3.27,1,1
PILOT-004384,15.9,0,5,16.42,0.4902,0.6098,0.6599,11.82,1.76,1,0
PILOT-004385,30.5,2,3,5.0,0.413,0.7506,0.4805,3.6,0.47,0,0
PILOT-004386,38.5,4,7,18.58,0.7378,0.4499,0.7595,13.38,2.3,0,1
PILOT-004387,14.5,2,1,14.0,0.3934,0.5231,0.4558,10.08,1.37,0,0
PILOT-004388,28.0,3,3,10.24,0.2632,0.6085,0.5537,7.37,0.82,1,1
PILOT-004389,9.3,0,5,15.51,0.54,0.6745,0.6511,11.17,1.78,0,1
PILOT-004390,8.4,2,5,15.64,0.5662,0.6523,0.5434,11.26,1.84,1,1
PILOT-004391,59.4,6,4,15.06,0.6984,0.3691,0.5416,10.84,1.69,0,0
PILOT-004392,15.9,5,6,14.63,0.7568,0.5375,0.435,10.53,1.96,1,0
PILOT-004393,5.1,1,8,19.46,0.7898,0.2914,0.5327,14.01,2.75,0,0
PILOT-004394,34.9,3,5,11.25,0.3631,0.3982,0.1829,8.1,0.99,0,0
PILOT-004395,59.3,1,4,12.42,0.3092,0.4964,0.8374,8.94,0.91,1,1
PILOT-004396,3.4,6,1,15.74,0.5961,0.4838,0.5322,11.33,1.93,0,0
PILOT-004397,9.4,3,8,16.39,0.6105,0.3318,0.4302,11.8,1.99,0,0
PILOT-004398,2.2,2,6,12.96,0.6478,0.3419,0.5511,9.33,1.66,1,0
PILOT-004399,20.9,1,8,14.88,0.7199,0.1886,0.2866,10.71,1.91,1,0
PILOT-004400,18.0,2,4,15.41,0.4466,0.5494,0.2909,11.1,1.57,1,0
PILOT-004401,68.3,1,4,8.77,0.2357,0.6376,0.4366,6.31,0.55,0,0
PILOT-004402,30.2,1,6,17.96,0.3245,0.6011,0.1308,12.93,1.54,1,0
PILOT-004403,7.7,2,2,13.38,0.6151,0.2008,0.5416,9.63,1.64,0,1
PILOT-004404,37.6,1,3,10.97,0.3076,0.1731,0.4183,7.9,0.89,1,0
PILOT-004405,43.6,1,8,11.56,0.3735,0.2796,0.5279,8.32,0.99,0,0
PILOT-004406,39.7,4,6,15.39,0.4594,0.6911,0.2221,11.08,1.47,0,0
PILOT-004407,84.7,2,6,10.87,0.3858,0.2413,0.3634,7.83,0.78,0,0
PILOT-004408,32.6,5,3,13.36,0.5068,0.5181,0.5362,9.62,1.38,0,0
PILOT-004409,31.9,0,2,7.49,0.0283,0.4155,0.7519,5.39,0.41,0,0
PILOT-004410,22.9,2,3,17.95,0.6188,0.7172,0.4379,12.92,2.11,0,0
PILOT-004411,16.1,5,5,18.38,0.7341,0.4605,0.4553,13.23,2.42,1,0
PILOT-004412,47.8,1,4,12.25,0.5024,0.4403,0.7644,8.82,1.19,1,0
PILOT-004413,41.8,4,6,8.93,0.5101,0.4476,0.6159,6.43,0.89,1,0
PILOT-004414,10.1,4,3,15.53,0.6312,0.2953,0.1635,11.18,1.92,0,0
PILOT-004415,5.5,1,6,12.22,0.5955,0.1868,0.6485,8.8,1.49,0,0
PILOT-004416,27.3,0,4,9.97,0.2916,0.7192,0.5187,7.18,0.83,1,1
PILOT-004417,11.3,3,5,12.61,0.3867,0.5804,0.4778,9.08,1.24,0,0
PILOT-004418,14.6,1,3,11.04,0.435,0.2665,0.6802,7.95,1.13,1,0
PILOT-004419,37.8,4,4,16.85,0.6214,0.7212,0.5968,12.13,1.9,0,0
PILOT-004420,14.3,2,3,9.44,0.3262,0.5192,0.363,6.8,0.86,0,0
PILOT-004421,35.4,3,2,14.06,0.4698,0.374,0.6809,10.12,1.38,0,0
PILOT-004422,30.2,0,1,11.13,0.1125,0.5343,0.5752,8.01,0.72,0,0
PILOT-004423,32.0,2,4,10.63,0.3282,0.3993,0.3493,7.65,0.91,0,0
PILOT-004424,30.9,1,0,14.06,0.3687,0.5551,0.6576,10.12,1.26,0,0
PILOT-004425,36.0,3,4,19.52,0.8958,0.3146,0.7178,14.05,2.74,0,0
PILOT-004426,29.6,2,1,13.64,0.3111,0.4665,0.4774,9.82,1.15,0,1
PILOT-004427,31.0,2,6,15.49,0.5256,0.2634,0.2664,11.15,1.63,0,0
PILOT-004428,22.7,3,4,12.55,0.4447,0.5907,0.5666,9.04,1.26,0,0
PILOT-004429,14.8,0,6,12.64,0.5898,0.8332,0.6184,9.1,1.49,1,0
PILOT-004430,38.0,3,6,9.68,0.4109,0.8523,0.3603,6.97,0.88,1,0
PILOT-004431,36.4,4,4,17.86,0.6621,0.4136,0.6513,12.86,2.09,0,0
PILOT-004432,6.0,4,6,21.38,0.8417,0.6336,0.9017,15.39,3.12,0,0
PILOT-004433,15.1,2,0,8.76,0.1689,0.7278,0.0902,6.31,0.66,0,0
PILOT-004434,15.3,3,6,14.06,0.7427,0.5896,0.3378,10.12,1.87,0,0
PILOT-004435,39.9,2,8,8.93,0.281,0.5635,0.4814,6.43,0.69,0,0
PILOT-004436,22.9,5,3,11.03,0.4076,0.3942,0.5838,7.94,1.06,1,0
PILOT-004437,66.7,0,2,11.85,0.3873,0.5844,0.7394,8.53,0.93,0,0
PILOT-004438,22.4,2,7,15.2,0.5622,0.212,0.7361,10.94,1.7,0,0
PILOT-004439,11.0,0,4,12.85,0.1508,0.3834,0.5613,9.25,0.97,0,0
PILOT-004440,4.3,6,11,21.66,0.8434,0.5723,0.5374,15.6,3.18,0,1
PILOT-004441,4.3,3,7,22.59,0.9218,0.5493,0.2599,16.26,3.49,1,0
PILOT-004442,16.6,2,4,13.64,0.4486,0.3221,0.4321,9.82,1.4,1,1
PILOT-004443,34.2,1,2,12.25,0.2707,0.4559,0.2517,8.82,0.96,0,0
PILOT-004444,16.6,4,6,16.81,0.7974,0.55,0.5826,12.1,2.32,0,0
PILOT-004445,63.1,2,3,14.37,0.4755,0.1795,0.7952,10.35,1.28,0,0
PILOT-004446,18.2,1,0,12.68,0.268,0.7308,0.2677,9.13,1.07,1,0
PILOT-004447,62.3,2,1,7.86,0.2612,0.3461,0.5888,5.66,0.53,1,0
PILOT-004448,2.0,2,1,13.54,0.3708,0.5608,0.4764,9.75,1.36,1,0
PILOT-004449,18.5,2,4,12.48,0.6472,0.3038,0.8791,8.99,1.52,0,0
PILOT-004450,32.9,2,5,19.42,0.7244,0.6836,0.3025,13.98,2.42,0,0
PILOT-004451,21.9,3,2,17.84,0.7225,0.6672,0.7881,12.84,2.29,1,1
PILOT-004452,30.9,2,5,17.06,0.3951,0.3723,0.7451,12.28,1.58,0,0
PILOT-004453,20.7,1,5,18.83,0.8805,0.8529,0.4196,13.56,2.72,1,0
PILOT-004454,63.9,2,3,9.76,0.2168,0.6582,0.4696,7.03,0.61,0,0
PILOT-004455,21.3,2,1,15.36,0.2716,0.3037,0.4162,11.06,1.28,1,0
PILOT-004456,33.0,3,11,16.07,0.8321,0.5619,0.6713,11.57,2.17,1,0
PILOT-004457,57.7,5,0,12.82,0.3878,0.755,0.2652,9.23,1.05,0,1
PILOT-004458,49.2,1,4,18.49,0.3989,0.6106,0.719,13.31,1.59,0,0
PILOT-004459,55.2,1,7,13.36,0.5751,0.5213,0.2823,9.62,1.36,0,0
PILOT-004460,22.6,1,4,12.28,0.3291,0.4599,0.3244,8.84,1.09,0,0
PILOT-004461,13.0,4,3,20.98,0.7795,0.4401,0.2725,15.11,2.88,1,1
PILOT-004462,18.7,5,9,21.74,0.7285,0.7413,0.6212,15.65,2.83,0,0
PILOT-004463,85.4,1,4,10.75,0.1654,0.7418,0.4331,7.74,0.54,1,0
PILOT-004464,12.0,2,2,20.23,0.746,0.3666,0.4237,14.57,2.72,1,1
PILOT-004465,10.8,2,8,16.9,0.7463,0.4701,0.6643,12.17,2.28,0,1
PILOT-004466,36.3,1,2,10.46,0.0384,0.7726,0.6023,7.53,0.57,1,0
PILOT-004467,16.2,4,9,22.7,0.9252,0.2853,0.5542,16.34,3.42,0,0
PILOT-004468,33.2,4,6,18.48,0.5453,0.4819,0.247,13.31,1.97,1,0
PILOT-004469,29.2,3,2,12.5,0.4542,0.2482,0.5831,9.0,1.24,0,0
PILOT-004470,35.7,2,8,18.38,0.6564,0.8219,0.8693,13.23,2.15,1,0
PILOT-004471,11.9,4,1,10.53,0.3392,0.4991,0.6993,7.58,0.99,0,0
PILOT-004472,12.8,4,2,19.76,0.5924,0.423,0.2294,14.23,2.34,1,1
PILOT-004473,1.7,4,11,19.7,0.753,0.5751,0.4665,14.18,2.73,0,0
PILOT-004474,3.6,0,3,12.09,0.0861,0.8421,0.4956,8.7,0.86,1,0
PILOT-004475,45.0,1,8,15.81,0.5093,0.5939,0.8334,11.38,1.56,1,0
PILOT-004476,27.6,1,1,9.15,0.2567,0.6273,0.5806,6.59,0.73,0,0
PILOT-004477,28.3,3,7,17.55,0.8593,0.3639,0.5654,12.64,2.45,0,1
PILOT-004478,62.8,2,3,8.48,0.2946,0.2257,0.4089,6.11,0.6,0,1
PILOT-004479,56.9,3,2,12.71,0.3739,0.5797,0.4157,9.15,1.03,0,0
PILOT-004480,14.3,1,1,14.23,0.3525,0.2752,0.6357,10.25,1.34,1,0
PILOT-004481,16.4,2,3,22.64,0.8808,0.2297,0.7022,16.3,3.31,0,0
PILOT-004482,21.7,3,9,20.4,0.94,0.6146,0.8053,14.69,3.06,0,0
PILOT-004483,11.8,6,1,14.76,0.392,0.6007,0.3043,10.63,1.46,0,0
PILOT-004484,12.3,4,6,16.87,0.707,0.5064,0.4689,12.15,2.2,1,0
PILOT-004485,15.0,2,2,15.68,0.4198,0.6464,0.7862,11.29,1.58,1,0
PILOT-004486,4.8,2,4,17.73,0.7231,0.4472,0.6779,12.77,2.39,0,0
PILOT-004487,59.3,3,5,18.29,0.5889,0.3784,0.6311,13.17,1.86,1,0
PILOT-004488,20.5,3,4,15.1,0.4013,0.6682,0.5265,10.87,1.46,1,1
PILOT-004489,35.2,7,3,20.27,0.5915,0.6622,0.7937,14.59,2.24,1,1
PILOT-004490,26.2,0,5,18.86,0.716,0.1864,0.6416,13.58,2.38,1,0
PILOT-004491,10.5,2,1,17.75,0.4036,0.7474,0.4992,12.78,1.79,0,0
PILOT-004492,27.5,0,2,15.32,0.4181,0.4003,0.1618,11.03,1.47,1,0
PILOT-004493,14.4,7,6,21.32,0.8289,0.459,0.5199,15.35,3.02,1,0
PILOT-004494,7.7,1,2,11.76,0.416,0.563,0.5405,8.47,1.21,1,0
PILOT-004495,12.7,2,9,19.44,0.764,0.4518,0.8405,14.0,2.64,1,1
PILOT-004496,45.3,0,4,14.34,0.4209,0.2543,0.8489,10.32,1.29,0,0
PILOT-004497,55.0,2,0,8.49,0.2701,0.3736,0.3053,6.11,0.6,0,0
PILOT-004498,9.8,1,3,15.17,0.8121,0.3393,0.5268,10.92,2.15,0,0
PILOT-004499,23.9,4,11,17.62,0.7097,0.4307,0.4009,12.69,2.23,1,1
PILOT-004500,25.8,2,4,12.14,0.449,0.3694,0.3408,8.74,1.21,0,0
PILOT-004501,18.9,1,4,13.39,0.3801,0.78,0.145,9.64,1.27,1,1
PILOT-004502,8.0,4,0,11.35,0.1528,0.829,0.1834,8.17,0.87,0,0
PILOT-004503,34.4,4,2,18.68,0.4588,0.713,0.905,13.45,1.82,1,1
PILOT-004504,6.2,3,5,15.32,0.7117,0.4244,0.9066,11.03,2.04,1,1
PILOT-004505,31.3,1,1,8.73,0.1046,0.8152,0.4385,6.29,0.55,0,0
PILOT-004506,23.6,0,2,12.89,0.4742,0.3029,0.6318,9.28,1.33,0,0
PILOT-004507,11.4,0,1,10.31,0.137,0.6673,0.497,7.42,0.76,0,1
PILOT-004508,8.7,6,15,22.41,0.9361,0.6179,0.7257,16.14,3.46,0,1
PILOT-004509,9.7,0,3,13.26,0.3956,0.7097,0.4746,9.55,1.33,0,0
PILOT-004510,8.1,3,3,17.85,0.5997,0.26,0.7085,12.85,2.16,0,1
PILOT-004511,4.2,5,4,15.02,0.7719,0.4637,0.5062,10.81,2.1,1,0
PILOT-004512,29.9,0,4,16.29,0.2949,0.515,0.2722,11.73,1.35,1,1
PILOT-004513,2.2,5,3,15.61,0.2984,0.7316,0.3505,11.24,1.45,0,1
PILOT-004514,24.6,5,3,17.24,0.8069,0.5551,0.5772,12.41,2.34,1,1
PILOT-004515,34.7,2,9,20.78,0.5505,0.5775,0.6392,14.96,2.21,1,0
PILOT-004516,11.2,2,10,23.41,0.7247,0.3538,0.4685,16.86,3.1,0,1
PILOT-004517,17.7,5,5,12.95,0.5704,0.4079,0.4118,9.32,1.48,0,1
PILOT-004518,0.5,2,11,10.27,0.4794,0.8509,0.3482,7.39,1.15,1,0
PILOT-004519,8.9,4,8,15.65,0.6778,0.7259,0.8081,11.27,2.01,0,1
PILOT-004520,10.6,4,8,15.5,0.5498,0.7058,0.6208,11.16,1.79,1,1
PILOT-004521,6.3,1,2,13.98,0.5659,0.1724,0.4672,10.07,1.65,0,0
PILOT-004522,82.1,1,6,14.0,0.4072,0.5982,0.2494,10.08,1.05,1,0
PILOT-004523,14.9,1,4,14.09,0.4373,0.4783,0.493,10.14,1.44,1,1
PILOT-004524,0.5,1,5,16.26,0.7681,0.4255,0.6999,11.71,2.29,0,0
PILOT-004525,31.3,2,1,14.88,0.4093,0.4801,0.3642,10.71,1.39,0,0
PILOT-004526,24.8,1,2,11.4,0.2992,0.5999,0.4979,8.21,0.97,1,0
PILOT-004527,7.3,2,6,15.81,0.7177,0.3225,0.5979,11.38,2.1,1,0
PILOT-004528,90.6,1,1,9.47,0.2328,0.6768,0.3592,6.82,0.52,0,0
PILOT-004529,10.5,4,4,14.33,0.4869,0.1478,0.4095,10.32,1.56,1,0
PILOT-004530,59.4,1,4,12.98,0.3742,0.5556,0.6985,9.35,1.04,1,0
PILOT-004531,28.4,4,6,17.57,0.7463,0.5057,0.4442,12.65,2.26,0,0
PILOT-004532,37.9,1,6,10.06,0.4673,0.635,0.364,7.24,0.98,1,0
PILOT-004533,4.5,1,5,14.1,0.5729,0.2141,0.3207,10.15,1.69,1,1
PILOT-004534,15.4,2,3,16.9,0.432,0.4405,0.4575,12.17,1.72,0,0
PILOT-004535,53.3,2,4,15.89,0.2895,0.6997,0.7884,11.44,1.17,1,1
PILOT-004536,35.5,4,6,16.47,0.5855,0.5834,0.8243,11.86,1.81,0,0
PILOT-004537,14.7,0,2,9.99,0.4034,0.5211,0.7878,7.19,0.99,0,0
PILOT-004538,8.6,3,7,12.26,0.3875,0.8199,0.7316,8.83,1.22,0,1
PILOT-004539,11.1,0,2,7.9,0.0273,0.5735,0.1893,5.69,0.5,0,0
PILOT-004540,35.4,5,6,19.81,0.6968,0.5639,0.2083,14.26,2.4,0,0
PILOT-004541,6.5,0,2,13.07,0.336,0.7235,0.3682,9.41,1.25,0,0
PILOT-004542,3.3,0,10,11.16,0.6501,0.1106,0.755,8.04,1.43,0,1
PILOT-004543,37.8,0,1,10.74,0.074,0.7174,0.3509,7.73,0.62,1,0
PILOT-004544,17.4,2,3,15.49,0.6192,0.3546,0.3834,11.15,1.85,1,0
PILOT-004545,70.5,1,2,12.95,0.304,0.4622,0.2373,9.32,0.89,1,0
PILOT-004546,53.8,2,5,13.88,0.5361,0.4965,0.577,9.99,1.36,1,0
PILOT-004547,20.6,0,1,12.36,0.0364,0.534,0.6554,8.9,0.74,1,1
PILOT-004548,14.7,0,3,15.4,0.3258,0.3219,0.3185,11.09,1.41,0,0
PILOT-004549,27.4,4,7,17.69,0.7307,0.6199,0.3544,12.74,2.25,1,1
PILOT-004550,75.0,2,3,10.9,0.3315,0.5135,0.0874,7.85,0.76,0,0
PILOT-004551,16.0,6,12,20.22,0.902,0.6912,0.8209,14.56,3.0,1,1
PILOT-004552,15.2,3,9,20.85,0.8071,0.595,0.64,15.01,2.9,0,0
PILOT-004553,14.9,3,4,17.15,0.4362,0.2847,0.3427,12.35,1.75,0,1
PILOT-004554,1.0,10,10,22.66,0.941,0.614,0.2048,16.32,3.57,1,1
PILOT-004555,60.2,4,6,13.44,0.6182,0.2099,0.5397,9.68,1.4,0,0
PILOT-004556,40.4,2,2,9.73,0.1371,0.3468,0.583,7.01,0.61,1,0
PILOT-004557,20.3,2,4,16.21,0.6343,0.5274,0.717,11.67,1.95,1,0
PILOT-004558,3.0,2,5,16.78,0.675,0.6371,0.5679,12.08,2.19,0,0
PILOT-004559,11.2,4,5,15.45,0.6927,0.3679,0.7945,11.12,2.0,1,0
PILOT-004560,106.2,1,2,10.69,0.1779,0.6575,0.7369,7.7,0.47,1,0
PILOT-004561,10.2,3,2,12.89,0.3112,0.3307,0.406,9.28,1.18,0,0
PILOT-004562,26.4,3,4,20.93,0.6709,0.2921,0.6932,15.07,2.54,1,0
PILOT-004563,7.1,0,11,19.5,0.7058,0.5559,0.7609,14.04,2.57,0,1
PILOT-004564,54.1,1,4,13.25,0.3236,0.6926,0.7915,9.54,1.02,0,1
PILOT-004565,33.0,2,0,10.86,0.3822,0.6642,0.759,7.82,0.98,0,0
PILOT-004566,13.0,1,2,11.39,0.2027,0.3842,0.6948,8.2,0.91,1,0
PILOT-004567,23.8,0,2,12.35,0.2332,0.5924,0.3963,8.89,0.97,0,0
PILOT-004568,30.1,1,7,14.48,0.5071,0.4292,0.7607,10.43,1.5,1,0
PILOT-004569,31.4,3,7,11.23,0.4635,0.658,0.4102,8.09,1.11,1,1
PILOT-004570,9.6,0,1,11.0,0.0487,0.7986,0.6035,7.92,0.72,1,0
PILOT-004571,23.2,0,1,13.44,0.2726,0.4631,0.3536,9.68,1.11,1,0
PILOT-004572,21.4,4,6,15.69,0.6825,0.5308,0.6905,11.3,1.95,0,0
PILOT-004573,5.7,4,6,15.73,0.4956,0.2978,0.5342,11.33,1.75,1,1
PILOT-004574,18.2,3,3,17.89,0.6844,0.7693,0.5518,12.88,2.25,0,1
PILOT-004575,4.8,10,4,23.75,0.932,0.579,0.2676,17.1,3.69,1,1
PILOT-004576,28.8,4,2,10.26,0.202,0.5039,0.8454,7.39,0.76,1,0
PILOT-004577,7.6,1,14,17.37,0.5247,0.5401,0.2925,12.51,1.98,1,0
PILOT-004578,18.8,2,1,10.86,0.2695,0.7211,0.4102,7.82,0.91,0,0
PILOT-004579,1.6,4,10,13.78,0.7266,0.3426,0.5027,9.92,1.88,1,0
PILOT-004580,31.4,4,8,18.57,0.8582,0.294,0.4604,13.37,2.57,1,0
PILOT-004581,19.1,2,11,15.38,0.8089,0.532,0.691,11.07,2.12,1,0
PILOT-004582,7.9,5,9,25.07,0.9495,0.2592,0.5807,18.05,3.91,1,1
PILOT-004583,40.6,3,1,11.8,0.1934,0.4524,0.5287,8.5,0.81,1,0
PILOT-004584,23.7,1,5,17.75,0.4924,0.4653,0.2587,12.78,1.86,0,0
PILOT-004585,47.1,2,7,16.36,0.7728,0.4867,0.7442,11.78,2.03,0,0
PILOT-004586,19.3,1,7,14.66,0.5315,0.1834,0.4954,10.56,1.62,0,0
PILOT-004587,29.9,2,3,13.26,0.345,0.3955,0.1719,9.55,1.16,0,0
PILOT-004588,15.2,0,8,13.56,0.2661,0.3765,0.1396,9.76,1.15,0,0
PILOT-004589,50.6,0,5,7.06,0.1324,0.7238,0.618,5.08,0.42,1,0
PILOT-004590,10.4,3,5,14.61,0.5388,0.5256,0.4784,10.52,1.67,0,0
PILOT-004591,16.8,2,4,15.71,0.5482,0.5873,0.2491,11.31,1.77,0,0
PILOT-004592,49.2,0,5,14.02,0.5288,0.2496,0.2533,10.09,1.39,0,0
PILOT-004593,8.9,3,5,12.95,0.5413,0.3069,0.6764,9.32,1.49,1,0
PILOT-004594,47.2,6,3,13.93,0.6419,0.3445,0.7327,10.03,1.55,0,0
PILOT-004595,30.9,1,3,15.12,0.4433,0.5987,0.622,10.89,1.47,1,0
PILOT-004596,38.9,3,6,19.49,0.6872,0.4299,0.2228,14.03,2.31,1,0
PILOT-004597,11.1,5,10,19.11,0.8918,0.2628,0.5529,13.76,2.85,0,0
PILOT-004598,13.3,1,4,13.92,0.4338,0.5296,0.7704,10.02,1.43,1,0
PILOT-004599,15.4,4,5,18.5,0.7444,0.5175,0.3742,13.32,2.46,0,1
PILOT-004600,8.2,5,4,18.64,0.4678,0.2429,0.7295,13.42,2.01,0,0
PILOT-004601,19.2,2,2,19.81,0.4846,0.4371,0.7484,14.26,2.09,0,0
PILOT-004602,11.2,0,4,14.51,0.519,0.6017,0.6207,10.45,1.62,0,0
PILOT-004603,33.4,0,0,11.36,0.398,0.3861,0.3526,8.18,1.04,0,0
PILOT-004604,5.2,1,7,19.37,0.6101,0.6527,0.6415,13.95,2.39,1,0
PILOT-004605,1.3,0,9,13.91,0.573,0.485,0.735,10.02,1.68,0,1
PILOT-004606,8.0,4,8,17.11,0.7129,0.3689,0.1565,12.32,2.27,0,1
PILOT-004607,61.5,0,5,15.89,0.6194,0.7076,0.6812,11.44,1.65,1,0
PILOT-004608,36.0,5,7,13.49,0.3674,0.252,0.5524,9.71,1.18,0,0
PILOT-004609,14.8,2,7,19.17,0.6392,0.7468,0.3607,13.8,2.35,0,0
PILOT-004610,20.1,4,8,19.28,0.8882,0.3519,0.7637,13.88,2.81,0,0
PILOT-004611,16.4,6,4,17.63,0.7216,0.7125,0.5959,12.69,2.3,1,1
PILOT-004612,42.0,1,4,6.88,0.3904,0.4101,0.6193,4.95,0.6,1,0
PILOT-004613,16.6,1,11,18.59,0.6821,0.3104,0.5402,13.38,2.35,1,1
PILOT-004614,9.3,1,4,18.33,0.8203,0.5649,0.6077,13.2,2.62,0,0
PILOT-004615,20.7,1,4,6.06,0.2375,0.2546,0.8213,4.36,0.49,1,0
PILOT-004616,52.0,1,8,13.39,0.3614,0.387,0.5098,9.64,1.09,1,0
PILOT-004617,43.9,4,4,13.71,0.648,0.4729,0.2614,9.87,1.55,0,0
PILOT-004618,13.7,0,6,14.49,0.683,0.3286,0.3773,10.43,1.85,0,0
PILOT-004619,7.4,1,9,15.43,0.7963,0.2207,0.5553,11.11,2.18,0,0
PILOT-004620,19.4,0,1,11.03,0.1621,0.4717,0.2676,7.94,0.81,0,0
PILOT-004621,10.8,5,5,15.77,0.8116,0.6195,0.614,11.35,2.23,1,1
PILOT-004622,18.8,0,9,22.46,0.9604,0.2975,0.3692,16.17,3.44,1,0
PILOT-004623,22.9,1,3,19.15,0.541,0.4689,0.3725,13.79,2.1,0,0
PILOT-004624,13.1,2,5,16.47,0.4053,0.5379,0.4139,11.86,1.64,0,0
PILOT-004625,25.2,4,10,18.89,0.6993,0.5695,0.2634,13.6,2.36,1,0
PILOT-004626,10.1,5,6,15.58,0.5903,0.7686,0.5821,11.22,1.86,0,0
PILOT-004627,3.1,4,0,11.0,0.3771,0.6213,0.4746,7.92,1.11,1,0
PILOT-004628,26.7,4,5,19.75,0.7053,0.3292,0.4074,14.22,2.47,0,0
PILOT-004629,6.9,4,9,15.94,0.6648,0.6909,0.5676,11.48,2.04,1,1
PILOT-004630,4.8,2,4,19.98,0.6836,0.8649,0.4176,14.39,2.61,0,1
PILOT-004631,55.3,0,1,15.28,0.1472,0.6804,0.3438,11.0,0.9,1,0
PILOT-004632,12.7,0,2,6.56,0.3507,0.5275,0.7982,4.72,0.62,0,1
PILOT-004633,28.2,2,8,15.15,0.7243,0.6426,0.2875,10.91,1.91,1,0
PILOT-004634,28.0,2,3,8.84,0.1375,0.3477,0.4705,6.36,0.6,0,0
PILOT-004635,3.8,0,8,17.32,0.6383,0.2615,0.5125,12.47,2.19,1,0
PILOT-004636,63.9,1,1,8.14,0.0423,0.8517,0.2846,5.86,0.37,1,0
PILOT-004637,38.1,0,0,12.5,0.1078,0.5758,0.6172,9.0,0.76,1,0
PILOT-004638,9.2,6,5,18.51,0.7781,0.6082,0.3483,13.33,2.56,0,1
PILOT-004639,13.7,4,8,17.99,0.7359,0.5938,0.4505,12.95,2.39,1,1
PILOT-004640,3.9,1,3,11.49,0.1403,0.3124,0.3037,8.27,0.88,1,0
PILOT-004641,41.1,1,6,12.66,0.2529,0.3787,0.836,9.12,0.94,1,0
PILOT-004642,7.0,4,5,10.43,0.3389,0.7329,0.8247,7.51,0.99,0,0
PILOT-004643,21.3,5,1,12.34,0.4096,0.8999,0.4863,8.88,1.2,0,0
PILOT-004644,18.9,1,6,19.26,0.7791,0.2077,0.3517,13.87,2.6,0,0
PILOT-004645,18.2,1,2,6.87,0.222,0.3661,0.6149,4.95,0.55,0,0
PILOT-004646,73.9,4,4,11.55,0.3934,0.7913,0.4533,8.32,0.89,0,0
PILOT-004647,6.9,2,8,14.22,0.6913,0.4524,0.4918,10.24,1.86,0,0
PILOT-004648,7.5,2,0,8.55,0.0669,0.7487,0.4196,6.16,0.58,0,0
PILOT-004649,51.3,2,1,7.55,0.1396,0.5522,0.3155,5.44,0.45,1,0
PILOT-004650,31.0,2,5,16.82,0.6327,0.3084,0.4225,12.11,1.95,1,0
PILOT-004651,92.3,1,5,7.2,0.1186,0.7865,0.179,5.18,0.31,1,0
PILOT-004652,37.4,3,8,22.43,0.6661,0.4272,0.4919,16.15,2.63,1,1
PILOT-004653,8.6,1,6,18.51,0.7577,0.7898,0.7482,13.33,2.53,1,1
PILOT-004654,15.0,1,2,10.39,0.1769,0.9603,0.1058,7.48,0.79,1,1
PILOT-004655,4.7,4,3,17.55,0.5093,0.6639,0.3507,12.64,1.99,0,1
PILOT-004656,32.9,3,3,15.51,0.3778,0.2778,0.247,11.17,1.39,0,1
PILOT-004657,14.4,4,6,19.85,0.805,0.3691,0.6388,14.29,2.77,0,0
PILOT-004658,26.6,3,3,15.16,0.5382,0.4328,0.6562,10.92,1.64,0,0
PILOT-004659,4.4,0,5,18.26,0.6312,0.7131,0.6064,13.15,2.29,0,0
PILOT-004660,15.0,0,5,9.28,0.2627,0.5201,0.6128,6.68,0.79,1,0
PILOT-004661,35.1,0,1,11.47,0.3722,0.7771,0.5218,8.26,1.02,0,0
PILOT-004662,19.7,3,10,13.27,0.7953,0.8049,0.2564,9.55,1.81,0,0
PILOT-004663,4.5,1,3,11.23,0.1711,0.8018,0.7854,8.09,0.89,0,0
PILOT-004664,64.7,1,3,8.83,0.4555,0.3173,0.2449,6.36,0.76,1,0
PILOT-004665,89.4,2,6,15.25,0.4165,0.6386,0.4519,10.98,1.12,0,0
PILOT-004666,13.1,0,6,14.09,0.3923,0.5003,0.4149,10.14,1.39,1,0
PILOT-004667,27.2,2,7,19.59,0.5572,0.6754,0.5574,14.1,2.15,0,0
PILOT-004668,24.1,4,5,17.8,0.7381,0.5274,0.4883,12.82,2.3,0,0
PILOT-004669,21.6,2,10,13.33,0.885,0.1782,0.8257,9.6,1.93,1,0
PILOT-004670,31.2,4,1,16.41,0.484,0.2916,0.3548,11.82,1.66,1,0
PILOT-004671,22.0,1,4,13.66,0.4767,0.814,0.3954,9.84,1.42,1,0
PILOT-004672,21.6,1,4,14.61,0.6401,0.3993,0.4689,10.52,1.76,0,0
PILOT-004673,32.2,4,7,18.47,0.6639,0.7914,0.5634,13.3,2.19,0,0
PILOT-004674,49.6,0,3,10.47,0.1732,0.8971,0.3467,7.54,0.66,0,0
PILOT-004675,23.3,4,3,9.34,0.443,0.8309,0.527,6.72,0.93,0,0
PILOT-004676,54.8,1,5,10.8,0.3072,0.8463,0.541,7.78,0.81,1,0
PILOT-004677,19.1,0,4,17.4,0.4947,0.6367,0.5968,12.53,1.85,1,1
PILOT-004678,7.3,1,1,14.6,0.1956,0.5619,0.5196,10.51,1.18,0,0
PILOT-004679,32.0,2,5,10.01,0.5633,0.6692,0.3207,7.21,1.09,1,0
PILOT-004680,29.2,3,5,13.72,0.3308,0.4675,0.1639,9.88,1.19,1,0
PILOT-004681,18.3,3,10,23.87,0.9126,0.6233,0.629,17.19,3.55,1,1
PILOT-004682,32.5,4,4,7.35,0.3358,0.4985,0.1121,5.29,0.63,0,0
PILOT-004683,15.9,2,2,19.3,0.687,0.304,0.5338,13.9,2.45,0,1
PILOT-004684,20.7,2,1,9.93,0.3338,0.2027,0.2823,7.15,0.89,0,0
PILOT-004685,24.9,0,1,14.01,0.4482,0.3304,0.6383,10.09,1.4,0,0
PILOT-004686,18.9,5,7,18.7,0.9077,0.0644,0.2786,13.46,2.77,0,1
PILOT-004687,12.2,1,1,18.44,0.5235,0.6016,0.496,13.28,2.06,0,0
PILOT-004688,6.9,1,4,19.15,0.5816,0.3998,0.4121,13.79,2.29,0,0
PILOT-004689,2.2,5,5,15.64,0.8373,0.234,0.5263,11.26,2.3,1,0
PILOT-004690,17.3,3,4,16.93,0.4919,0.2907,0.5892,12.19,1.81,1,1
PILOT-004691,15.6,1,8,17.87,0.6415,0.2974,0.1969,12.87,2.19,1,1
PILOT-004692,17.8,0,4,15.5,0.2417,0.7919,0.7327,11.16,1.27,1,0
PILOT-004693,46.2,1,2,13.2,0.6689,0.5367,0.536,9.5,1.51,0,1
PILOT-004694,24.2,1,4,11.81,0.3534,0.3585,0.4201,8.5,1.07,0,0
PILOT-004695,51.6,3,3,18.15,0.7135,0.3889,0.6536,13.07,2.12,0,0
PILOT-004696,73.1,1,1,5.21,0.1795,0.492,0.2518,3.75,0.29,1,0
PILOT-004697,25.6,1,4,21.13,0.7825,0.4909,0.7162,15.21,2.81,0,0
PILOT-004698,16.5,5,3,23.06,0.9055,0.5611,0.8194,16.6,3.43,0,0
PILOT-004699,73.0,2,1,15.73,0.3814,0.4394,0.6105,11.33,1.19,0,0
PILOT-004700,3.5,4,2,16.53,0.758,0.3753,0.5382,11.9,2.29,0,1
PILOT-004701,3.7,2,2,21.42,0.73,0.4508,0.6442,15.42,2.91,1,0
PILOT-004702,75.6,1,3,16.45,0.3632,0.3757,0.8266,11.84,1.2,1,0
PILOT-004703,52.2,2,3,9.42,0.5415,0.2148,0.657,6.78,0.94,1,1
PILOT-004704,22.6,2,5,21.06,0.8308,0.5858,0.6984,15.16,2.93,0,1
PILOT-004705,52.2,3,4,11.78,0.2963,0.291,0.3846,8.48,0.88,1,0
PILOT-004706,30.3,3,7,16.4,0.7063,0.1411,0.5229,11.81,2.03,0,0
PILOT-004707,3.5,3,5,20.73,0.7093,0.6992,0.6475,14.93,2.77,0,0
PILOT-004708,45.6,0,4,14.07,0.3087,0.6196,0.4407,10.13,1.1,1,0
PILOT-004709,61.6,1,3,8.27,0.0986,0.3125,0.8368,5.95,0.43,0,0
PILOT-004710,50.2,2,3,13.48,0.5229,0.3922,0.6716,9.71,1.32,0,0
PILOT-004711,28.3,5,4,18.13,0.6365,0.6269,0.4084,13.05,2.13,0,0
PILOT-004712,30.8,0,3,14.27,0.2777,0.8757,0.2241,10.27,1.15,0,0
PILOT-004713,34.3,1,6,19.8,0.5823,0.7282,0.5199,14.26,2.18,0,0
PILOT-004714,26.5,3,3,10.44,0.4317,0.5612,0.2585,7.52,1.02,1,1
PILOT-004715,63.2,1,1,10.14,0.2152,0.7815,0.4274,7.3,0.64,1,0
PILOT-004716,19.2,3,8,12.6,0.5216,0.5003,0.5115,9.07,1.38,1,0
PILOT-004717,12.5,2,5,17.84,0.6982,0.305,0.2709,12.84,2.31,1,1
PILOT-004718,23.3,1,1,9.19,0.0277,0.6368,0.3226,6.62,0.54,1,0
PILOT-004719,8.0,1,6,13.56,0.3134,0.8457,0.2042,9.76,1.25,1,0
PILOT-004720,28.3,3,7,12.34,0.5498,0.1343,0.195,8.88,1.34,1,1
PILOT-004721,17.7,2,10,16.52,0.7821,0.084,0.5202,11.89,2.24,0,0
PILOT-004722,32.3,3,4,15.13,0.6646,0.0856,0.4808,10.89,1.8,1,1
PILOT-004723,11.0,0,2,9.15,0.2882,0.5324,0.1957,6.59,0.81,1,0
PILOT-004724,28.6,4,3,14.49,0.5621,0.5545,0.3888,10.43,1.59,1,0
PILOT-004725,20.1,3,3,21.4,0.8617,0.6978,0.9372,15.41,3.06,0,0
PILOT-004726,27.4,5,8,24.68,0.8017,0.2935,0.5398,17.77,3.31,1,0
PILOT-004727,12.1,2,2,21.14,0.5541,0.7828,0.6277,15.22,2.43,0,0
PILOT-004728,33.9,5,10,18.29,0.7182,0.4472,0.9148,13.17,2.26,1,1
PILOT-004729,20.4,4,5,15.11,0.5068,0.5192,0.8099,10.88,1.62,1,1
PILOT-004730,6.4,3,1,8.68,0.2787,0.379,0.5644,6.25,0.78,0,0
PILOT-004731,23.9,2,5,17.37,0.4181,0.5748,0.1925,12.51,1.69,0,0
PILOT-004732,21.3,5,3,21.69,0.8453,0.2893,0.7511,15.62,3.06,0,0
PILOT-004733,46.9,2,3,13.85,0.6111,0.4423,0.7873,9.97,1.5,1,0
PILOT-004734,33.9,5,5,23.05,0.8854,0.6021,0.3299,16.6,3.23,0,1
PILOT-004735,3.1,0,5,14.3,0.3279,0.3708,0.6705,10.3,1.37,1,0
PILOT-004736,35.1,2,6,17.08,0.736,0.2445,0.5888,12.3,2.13,1,1
PILOT-004737,16.5,2,9,12.87,0.7443,0.3465,0.7528,9.27,1.71,1,0
PILOT-004738,7.7,0,1,21.0,0.8375,0.1616,0.5197,15.12,3.04,0,0
PILOT-004739,73.9,2,3,11.52,0.4566,0.2898,0.5785,8.29,0.96,0,0
PILOT-004740,17.5,5,4,18.31,0.9227,0.8429,0.7122,13.18,2.75,1,0
PILOT-004741,6.7,2,2,11.83,0.6306,0.3775,0.6205,8.52,1.47,1,1
PILOT-004742,55.5,7,11,22.51,0.8537,0.4683,0.5341,16.21,2.91,1,0
PILOT-004743,37.9,2,7,12.42,0.3483,0.226,0.6799,8.94,1.06,0,0
PILOT-004744,37.4,0,2,10.15,0.3234,0.7101,0.7511,7.31,0.84,0,0
PILOT-004745,8.0,4,9,17.61,0.7651,0.6321,0.3051,12.68,2.42,1,1
PILOT-004746,44.1,0,1,9.06,0.1186,0.182,0.4258,6.52,0.54,1,0
PILOT-004747,16.3,3,8,20.23,0.9461,0.4451,0.7124,14.57,3.09,0,0
PILOT-004748,9.1,1,4,15.43,0.6684,0.6683,0.4272,11.11,1.97,1,0
PILOT-004749,47.4,1,2,15.79,0.4445,0.6445,0.5767,11.37,1.44,1,1
PILOT-004750,27.5,3,3,14.25,0.781,0.754,0.2945,10.26,1.88,0,1
PILOT-004751,25.1,3,1,17.51,0.2477,0.7934,0.5956,12.61,1.4,1,0
PILOT-004752,9.0,6,2,13.93,0.5297,0.4105,0.473,10.03,1.58,1,1
PILOT-004753,7.9,1,5,17.54,0.8964,0.3407,0.4613,12.63,2.64,0,0
PILOT-004754,5.3,6,2,19.4,0.7945,0.1469,0.698,13.97,2.75,0,1
PILOT-004755,21.2,1,2,10.61,0.4281,0.2974,0.2848,7.64,1.05,1,0
PILOT-004756,4.7,2,8,16.77,0.5951,0.3122,0.3076,12.07,2.04,0,1
PILOT-004757,26.2,3,3,11.18,0.3033,0.4483,0.3857,8.05,0.95,1,1
PILOT-004758,14.3,0,2,11.12,0.1171,0.7301,0.4911,8.01,0.78,0,0
PILOT-004759,36.9,2,3,11.21,0.3783,0.6718,0.5774,8.07,0.99,0,0
PILOT-004760,39.3,1,7,14.71,0.721,0.3254,0.8909,10.59,1.79,0,1
PILOT-004761,26.4,2,7,11.02,0.2955,0.8824,0.6966,7.93,0.93,1,1
PILOT-004762,13.6,0,2,14.42,0.3299,0.7383,0.1217,10.38,1.33,1,1
PILOT-004763,6.5,2,5,15.01,0.7999,0.2754,0.228,10.81,2.13,0,0
PILOT-004764,18.2,5,7,15.82,0.7649,0.5605,0.5085,11.39,2.12,0,0
PILOT-004765,38.6,3,1,8.64,0.3079,0.6915,0.6405,6.22,0.7,1,0
PILOT-004766,83.1,0,2,13.55,0.3921,0.8321,0.6271,9.76,0.99,0,0
PILOT-004767,22.2,2,3,16.46,0.7072,0.117,0.7122,11.85,2.09,1,0
PILOT-004768,19.3,6,0,12.76,0.569,0.8451,0.6329,9.19,1.45,0,0
PILOT-004769,18.8,1,6,15.41,0.8643,0.2628,0.55,11.1,2.21,1,0
PILOT-004770,14.9,1,8,13.89,0.6059,0.506,0.4012,10.0,1.66,1,0
PILOT-004771,33.5,2,2,15.38,0.4802,0.8023,0.5397,11.07,1.54,0,0
PILOT-004772,30.5,4,8,12.86,0.6257,0.64,0.8751,9.26,1.49,1,1
PILOT-004773,20.3,2,7,12.47,0.4334,0.6161,0.3831,8.98,1.25,0,0
PILOT-004774,17.1,3,1,15.61,0.4533,0.4163,0.4255,11.24,1.61,1,0
PILOT-004775,24.7,2,3,14.25,0.3316,0.4962,0.3418,10.26,1.26,0,0
PILOT-004776,27.8,3,7,15.74,0.5944,0.2781,0.3657,11.33,1.79,0,0
PILOT-004777,29.2,1,1,12.55,0.2298,0.3939,0.25,9.04,0.96,1,0
PILOT-004778,28.4,4,8,19.82,0.883,0.5685,0.6531,14.27,2.82,0,0
PILOT-004779,17.2,3,3,10.56,0.5103,0.8565,0.6296,7.6,1.15,1,1
PILOT-004780,17.0,4,10,15.23,0.678,0.3112,0.3714,10.97,1.91,1,0
PILOT-004781,31.0,0,2,9.2,0.0596,0.4456,0.2563,6.62,0.54,0,0
PILOT-004782,17.4,0,1,10.66,0.2839,0.8021,0.2151,7.68,0.92,0,1
PILOT-004783,30.1,2,3,16.55,0.65,0.69,0.7626,11.92,1.96,1,1
PILOT-004784,14.5,1,7,14.45,0.3564,0.416,0.5303,10.4,1.36,0,0
PILOT-004785,32.2,5,5,23.07,0.882,0.4929,0.7503,16.61,3.24,0,0
PILOT-004786,9.1,1,3,11.8,0.2991,0.5299,0.439,8.5,1.07,0,1
PILOT-004787,18.1,6,7,12.83,0.5527,0.7751,0.8147,9.24,1.45,0,0
PILOT-004788,7.4,3,5,12.85,0.307,0.4161,0.8588,9.25,1.18,0,0
PILOT-004789,12.6,0,3,15.48,0.3057,0.5299,0.4668,11.15,1.39,0,1
PILOT-004790,9.4,3,7,17.02,0.8108,0.6887,0.5914,12.25,2.41,0,0
PILOT-004791,47.7,0,3,14.48,0.3055,0.659,0.7317,10.43,1.12,1,0
PILOT-004792,8.6,5,0,13.3,0.3993,0.3145,0.6118,9.58,1.34,1,0
PILOT-004793,44.0,4,3,13.98,0.2713,0.2371,0.5405,10.07,1.05,1,0
PILOT-004794,15.4,2,6,17.0,0.7647,0.6565,0.4068,12.24,2.29,1,0
PILOT-004795,20.6,3,9,18.48,0.7402,0.7644,0.1924,13.31,2.41,0,0
PILOT-004796,34.9,1,1,14.27,0.3034,0.8638,0.3451,10.27,1.17,1,0
PILOT-004797,16.2,2,4,11.76,0.5013,0.8353,0.4227,8.47,1.27,1,0
PILOT-004798,42.5,3,2,12.27,0.4008,0.5097,0.4294,8.83,1.09,0,1
PILOT-004799,13.5,2,5,23.88,0.8053,0.2201,0.7565,17.19,3.34,1,0
PILOT-004800,25.8,4,7,17.64,0.764,0.429,0.6463,12.7,2.31,0,1
PILOT-004801,22.9,2,5,16.25,0.6692,0.7304,0.3907,11.7,1.99,1,0
PILOT-004802,26.7,4,3,8.79,0.445,0.3726,0.839,6.33,0.87,1,0
PILOT-004803,59.5,1,2,15.49,0.6542,0.1863,0.4805,11.15,1.67,1,0
PILOT-004804,15.5,1,4,17.22,0.6461,0.5392,0.6117,12.4,2.12,0,0
PILOT-004805,12.8,1,7,14.4,0.5697,0.5761,0.6356,10.37,1.68,0,0
PILOT-004806,5.9,5,4,20.09,0.7606,0.226,0.3799,14.46,2.77,1,0
PILOT-004807,65.6,3,2,12.22,0.3531,0.3645,0.399,8.8,0.92,0,0
PILOT-004808,13.0,0,4,10.16,0.4024,0.478,0.2828,7.32,1.01,0,0
PILOT-004809,16.0,2,4,18.9,0.8654,0.3099,0.7187,13.61,2.74,0,0
PILOT-004810,8.2,4,4,19.05,0.5493,0.2384,0.1859,13.72,2.21,0,0
PILOT-004811,14.3,3,2,16.49,0.673,0.2013,0.2764,11.87,2.08,1,0
PILOT-004812,32.0,1,2,17.92,0.5684,0.1238,0.2016,12.9,1.96,1,0
PILOT-004813,13.4,3,3,16.34,0.4296,0.4836,0.5861,11.76,1.67,0,0
PILOT-004814,55.0,2,3,14.33,0.4761,0.5897,0.5781,10.32,1.32,0,0
PILOT-004815,35.1,3,6,15.93,0.575,0.5597,0.3688,11.47,1.73,0,0
PILOT-004816,47.3,0,5,11.23,0.4762,0.6887,0.4044,8.09,1.06,1,0
PILOT-004817,52.1,2,5,19.87,0.4939,0.4994,0.3387,14.31,1.88,0,0
PILOT-004818,45.0,0,6,10.9,0.3902,0.7691,0.4367,7.85,0.95,1,0
PILOT-004819,11.5,6,10,18.02,0.7267,0.2796,0.4817,12.97,2.39,1,1
PILOT-004820,16.9,4,4,14.78,0.8022,0.3157,0.7901,10.64,2.04,1,0
PILOT-004821,15.4,1,7,15.55,0.491,0.4362,0.3121,11.2,1.67,1,0
PILOT-004822,45.4,2,1,12.31,0.2595,0.5768,0.3616,8.86,0.91,1,0
PILOT-004823,24.5,7,8,20.09,0.7597,0.6101,0.676,14.46,2.63,0,1
PILOT-004824,82.8,3,3,12.54,0.3352,0.882,0.7004,9.03,0.85,0,0
PILOT-004825,29.1,1,1,11.15,0.3366,0.7829,0.2289,8.03,0.97,1,0
PILOT-004826,13.4,3,2,10.93,0.4548,0.6471,0.5338,7.87,1.14,1,1
PILOT-004827,15.8,1,2,11.81,0.5081,0.7163,0.3989,8.5,1.29,1,0
PILOT-004828,11.1,2,11,13.52,0.7891,0.2257,0.3106,9.73,1.88,0,1
PILOT-004829,8.6,3,1,12.5,0.5661,0.5681,0.4525,9.0,1.47,0,1
PILOT-004830,2.0,2,1,14.21,0.3654,0.2058,0.3436,10.23,1.42,1,0
PILOT-004831,6.3,3,5,18.67,0.6141,0.2546,0.6702,13.44,2.3,0,0
PILOT-004832,39.8,1,2,8.08,0.1085,0.2764,0.5948,5.82,0.49,0,0
PILOT-004833,9.5,2,4,6.98,0.4136,0.4367,0.1459,5.03,0.71,1,0
PILOT-004834,23.4,0,8,14.38,0.4545,0.5349,0.6304,10.35,1.45,0,1
PILOT-004835,26.3,1,4,11.97,0.3585,0.603,0.3695,8.62,1.08,0,1
PILOT-004836,24.5,0,5,12.4,0.5912,0.4971,0.7627,8.93,1.42,1,1
PILOT-004837,2.4,1,11,17.38,0.7565,0.618,0.4762,12.51,2.41,0,0
PILOT-004838,26.1,2,4,16.81,0.6127,0.5375,0.4183,12.1,1.95,0,0
PILOT-004839,19.0,1,11,16.05,0.8291,0.4762,0.6705,11.56,2.25,1,0
PILOT-004840,18.7,4,5,15.04,0.6682,0.5823,0.6824,10.83,1.87,1,1
PILOT-004841,12.5,1,3,15.07,0.4267,0.2802,0.308,10.85,1.54,0,1
PILOT-004842,30.1,7,2,16.64,0.5965,0.4264,0.8582,11.98,1.88,1,1
PILOT-004843,4.0,2,7,18.68,0.8139,0.3226,0.7421,13.45,2.69,1,0
PILOT-004844,56.0,1,5,13.35,0.6241,0.3884,0.6081,9.61,1.42,1,0
PILOT-004845,48.8,0,1,10.45,0.2333,0.8324,0.2777,7.52,0.73,0,1
PILOT-004846,9.5,0,5,17.36,0.7161,0.2738,0.1982,12.5,2.29,1,0
PILOT-004847,44.9,2,3,13.76,0.4092,0.28,0.3757,9.91,1.22,0,0
PILOT-004848,17.2,1,4,17.85,0.7517,0.5527,0.5902,12.85,2.37,0,0
PILOT-004849,13.5,1,6,19.79,0.8429,0.4391,0.8489,14.25,2.84,0,0
PILOT-004850,6.0,1,3,11.43,0.3311,0.5019,0.4693,8.23,1.09,0,1
PILOT-004851,64.1,2,3,14.91,0.419,0.4431,0.5763,10.74,1.23,1,0
PILOT-004852,17.3,0,7,16.42,0.561,0.423,0.5406,11.82,1.87,1,0
PILOT-004853,9.2,4,8,13.64,0.671,0.3807,0.6879,9.82,1.74,0,1
PILOT-004854,46.7,2,4,12.37,0.5585,0.3317,0.5522,8.91,1.27,0,0
PILOT-004855,14.5,4,8,18.79,0.6893,0.5483,0.5017,13.53,2.4,1,0
PILOT-004856,10.6,1,5,20.75,0.5493,0.0871,0.6764,14.94,2.39,0,0
PILOT-004857,28.9,4,5,16.0,0.4599,0.7697,0.629,11.52,1.59,1,0
PILOT-004858,38.2,1,7,12.8,0.4565,0.2654,0.3439,9.22,1.23,1,0
PILOT-004859,12.2,6,6,17.48,0.7709,0.4292,0.4703,12.59,2.39,1,1
PILOT-004860,2.3,5,6,13.37,0.4858,0.6945,0.7442,9.63,1.49,0,1
PILOT-004861,31.9,2,4,17.58,0.61,0.2683,0.7194,12.66,2.0,1,0
PILOT-004862,4.8,4,12,16.55,0.6222,0.4757,0.5108,11.92,2.06,1,0
PILOT-004863,4.3,0,3,14.47,0.5147,0.3285,0.538,10.42,1.65,0,1
PILOT-004864,20.8,3,5,21.01,0.7372,0.4572,0.9377,15.13,2.74,0,1
PILOT-004865,41.9,2,2,10.89,0.2851,0.156,0.336,7.84,0.84,0,0
PILOT-004866,9.6,2,0,10.36,0.2399,0.892,0.4761,7.46,0.88,1,1
PILOT-004867,7.1,4,6,13.1,0.3933,0.216,0.6046,9.43,1.32,1,1
PILOT-004868,30.9,0,2,6.54,0.1143,0.6375,0.2134,4.71,0.42,0,0
PILOT-004869,30.4,1,1,8.04,0.2351,0.4639,0.4651,5.79,0.62,1,0
PILOT-004870,40.1,4,2,18.63,0.7213,0.102,0.3447,13.41,2.27,0,0
PILOT-004871,22.5,4,4,11.3,0.4953,0.8033,0.2867,8.14,1.19,0,0
PILOT-004872,4.1,6,6,16.22,0.8221,0.3402,0.687,11.68,2.35,1,0
PILOT-004873,15.7,2,6,19.08,0.4642,0.6476,0.3107,13.74,2.0,0,1
PILOT-004874,55.7,2,9,15.14,0.7295,0.1644,0.263,10.9,1.77,0,0
PILOT-004875,9.6,1,3,16.04,0.2741,0.3655,0.6626,11.55,1.41,0,0
PILOT-004876,27.1,0,3,15.14,0.3952,0.2775,0.4459,10.9,1.42,0,0
PILOT-004877,30.2,0,4,5.0,0.3533,0.7404,0.6357,3.6,0.44,0,0
PILOT-004878,14.0,0,2,11.47,0.3984,0.4824,0.6739,8.26,1.13,0,0
PILOT-004879,7.9,2,0,11.01,0.3297,0.5813,0.2002,7.93,1.04,1,0
PILOT-004880,9.8,2,6,16.02,0.7811,0.5208,0.7804,11.53,2.22,0,0
PILOT-004881,41.0,1,2,12.55,0.1232,0.6788,0.3528,9.04,0.77,1,0
PILOT-004882,29.5,2,5,15.93,0.4735,0.3224,0.3043,11.47,1.6,0,0
PILOT-004883,19.7,4,8,14.04,0.7147,0.527,0.4235,10.11,1.8,1,0
PILOT-004884,12.1,7,2,19.03,0.7328,0.4842,0.6856,13.7,2.53,0,1
PILOT-004885,10.9,4,5,19.59,0.8586,0.5459,0.6753,14.1,2.86,1,0
PILOT-004886,27.0,2,3,11.4,0.1144,0.4537,0.5617,8.21,0.75,0,1
PILOT-004887,8.2,2,1,13.24,0.2734,0.4084,0.3405,9.53,1.17,0,1
PILOT-004888,15.3,0,2,10.23,0.4186,0.2537,0.4078,7.37,1.03,0,0
PILOT-004889,40.5,3,9,19.3,0.7031,0.3818,0.274,13.9,2.31,0,0
PILOT-004890,8.3,1,2,9.14,0.0856,0.608,0.0884,6.58,0.64,1,0
PILOT-004891,37.6,2,4,16.42,0.38,0.7117,0.5015,11.82,1.45,0,0
PILOT-004892,17.3,3,4,16.06,0.7096,0.2025,0.5104,11.56,2.07,1,0
PILOT-004893,27.4,2,8,18.22,0.6277,0.7607,0.4937,13.12,2.13,1,0
PILOT-004894,5.8,0,9,22.97,0.9351,0.3738,0.7183,16.54,3.57,0,0
PILOT-004895,24.9,1,4,14.16,0.5932,0.7313,0.9272,10.2,1.62,0,0
PILOT-004896,29.6,0,4,9.98,0.1256,0.9335,0.3182,7.19,0.66,0,1
PILOT-004897,38.5,3,5,11.33,0.6836,0.2641,0.4396,8.16,1.34,1,1
PILOT-004898,27.7,0,3,11.96,0.0941,0.6003,0.2218,8.61,0.76,1,0
PILOT-004899,10.1,0,3,13.77,0.3404,0.2858,0.4986,9.91,1.3,1,0
PILOT-004900,15.6,3,5,23.55,0.893,0.5586,0.2995,16.96,3.48,0,1
PILOT-004901,26.9,5,10,16.46,0.779,0.1931,0.4225,11.85,2.18,1,1
PILOT-004902,24.8,2,7,16.76,0.7486,0.2455,0.7521,12.07,2.18,0,0
PILOT-004903,14.7,2,3,15.48,0.4776,0.6791,0.2456,11.15,1.65,1,0
PILOT-004904,7.6,1,4,17.8,0.4304,0.2431,0.6152,12.82,1.86,1,0
PILOT-004905,65.5,3,2,12.78,0.4768,0.3228,0.4367,9.2,1.13,1,0
PILOT-004906,72.9,1,5,20.52,0.6813,0.5122,0.5164,14.77,2.17,0,0
PILOT-004907,9.4,5,7,22.14,0.8084,0.7538,0.6621,15.94,3.13,1,1
PILOT-004908,19.3,1,4,18.89,0.8118,0.2966,0.6655,13.6,2.61,1,0
PILOT-004909,15.0,0,0,12.27,0.2736,0.6878,0.5327,8.83,1.05,0,0
PILOT-004910,14.7,3,10,15.64,0.6133,0.4919,0.8285,11.26,1.88,0,0
PILOT-004911,28.1,2,6,11.17,0.2197,0.3094,0.3571,8.04,0.85,1,0
PILOT-004912,21.8,2,1,5.0,0.1102,0.5703,0.2552,3.6,0.34,0,0
PILOT-004913,23.7,4,5,16.78,0.818,0.1128,0.8065,12.08,2.3,1,0
PILOT-004914,60.6,3,4,16.88,0.6909,0.5012,0.531,12.15,1.88,0,0
PILOT-004915,10.5,1,3,13.56,0.4446,0.5402,0.9018,9.76,1.42,0,0
PILOT-004916,7.6,4,6,16.41,0.66,0.3354,0.8201,11.82,2.09,1,1
PILOT-004917,31.0,5,8,18.99,0.8575,0.5268,0.7447,13.67,2.63,1,1
PILOT-004918,4.0,4,7,22.3,0.9056,0.6197,0.2872,16.06,3.41,1,1
PILOT-004919,23.7,3,4,18.33,0.5108,0.5771,0.4614,13.2,1.95,1,0
PILOT-004920,14.1,3,1,14.82,0.7936,0.5146,0.6969,10.67,2.05,0,0
PILOT-004921,42.7,3,3,11.13,0.443,0.6312,0.6407,8.01,1.03,0,0
PILOT-004922,29.1,4,4,15.21,0.3155,0.2899,0.3131,10.95,1.29,1,0
PILOT-004923,31.5,4,5,11.91,0.4376,0.4049,0.1992,8.58,1.15,0,0
PILOT-004924,31.1,4,7,8.06,0.4312,0.8538,0.2023,5.8,0.77,1,0
PILOT-004925,16.9,0,2,7.31,0.2489,0.629,0.4031,5.26,0.61,0,0
PILOT-004926,7.8,2,5,18.0,0.7228,0.8464,0.6612,12.96,2.4,0,0
PILOT-004927,20.9,0,6,21.12,0.6125,0.5307,0.7,15.21,2.49,0,0
PILOT-004928,51.2,2,3,13.95,0.3897,0.3734,0.3534,10.04,1.18,1,0
PILOT-004929,57.6,1,1,7.31,0.1608,0.6255,0.3774,5.26,0.43,0,0
PILOT-004930,5.0,5,4,21.28,0.8807,0.4458,0.5245,15.32,3.2,1,1
PILOT-004931,16.9,3,4,11.04,0.4298,0.463,0.8166,7.95,1.11,0,0
PILOT-004932,19.7,1,6,10.27,0.3438,0.3394,0.7204,7.39,0.94,0,0
PILOT-004933,26.8,3,3,16.19,0.3187,0.2317,0.712,11.66,1.4,1,0
PILOT-004934,68.5,3,4,10.3,0.4016,0.7043,0.4285,7.42,0.82,1,0
PILOT-004935,13.8,3,2,18.82,0.6555,0.2723,0.8405,13.55,2.34,0,0
PILOT-004936,120.0,2,4,11.73,0.0938,0.9007,0.1368,8.45,0.47,1,0
PILOT-004937,58.5,0,5,16.86,0.6818,0.4808,0.7356,12.14,1.87,0,0
PILOT-004938,36.4,1,4,14.66,0.3669,0.5168,0.218,10.56,1.28,1,0
PILOT-004939,17.2,3,3,11.41,0.5247,0.5946,0.8516,8.22,1.26,0,0
PILOT-004940,18.1,6,5,19.24,0.8414,0.6592,0.7337,13.85,2.72,1,0
PILOT-004941,25.7,4,4,7.47,0.3654,0.3405,0.5319,5.38,0.68,0,1
PILOT-004942,49.2,0,5,11.51,0.3748,0.2704,0.4136,8.29,0.96,0,0
PILOT-004943,18.1,2,7,20.76,0.7702,0.2237,0.4256,14.95,2.79,1,0
PILOT-004944,20.8,2,3,16.39,0.5659,0.4323,0.534,11.8,1.85,0,0
PILOT-004945,20.4,2,3,16.56,0.7807,0.7335,0.4752,11.92,2.23,0,0
PILOT-004946,29.7,7,7,13.04,0.4863,0.587,0.4101,9.39,1.33,0,1
PILOT-004947,19.5,7,11,21.99,0.8273,0.6457,0.2947,15.83,3.07,1,1
PILOT-004948,11.2,2,3,18.23,0.5569,0.4248,0.5071,13.13,2.11,1,0
PILOT-004949,27.7,4,4,16.22,0.4862,0.919,0.5608,11.68,1.66,0,0
PILOT-004950,38.5,0,9,11.1,0.5578,0.2334,0.6695,7.99,1.18,1,0
PILOT-004951,30.2,3,1,8.03,0.1608,0.806,0.1599,5.78,0.56,0,0
PILOT-004952,63.0,0,1,12.44,0.0709,0.3402,0.4865,8.96,0.6,1,0
PILOT-004953,16.6,3,1,16.37,0.3013,0.208,0.3041,11.79,1.44,1,0
PILOT-004954,32.9,2,5,12.26,0.464,0.7546,0.3064,8.83,1.21,0,0
PILOT-004955,76.2,0,3,13.33,0.2281,0.2752,0.643,9.6,0.79,1,0
PILOT-004956,4.4,3,3,10.42,0.6429,0.7056,0.7226,7.5,1.32,1,1
PILOT-004957,22.3,1,9,18.08,0.6963,0.3882,0.8824,13.02,2.27,1,1
PILOT-004958,20.2,0,3,17.83,0.1304,0.863,0.5543,12.84,1.24,0,0
PILOT-004959,28.6,3,8,16.17,0.4477,0.3912,0.8259,11.64,1.59,1,0
PILOT-004960,23.2,4,6,19.51,0.7795,0.7304,0.1958,14.05,2.61,1,0
PILOT-004961,20.3,3,4,15.2,0.5107,0.7481,0.8591,10.94,1.64,0,0
PILOT-004962,5.7,4,4,12.9,0.7503,0.4593,0.7264,9.29,1.77,1,1
PILOT-004963,17.2,1,6,10.09,0.3583,0.3451,0.3077,7.26,0.94,1,0
PILOT-004964,10.4,2,3,14.67,0.3556,0.6855,0.2923,10.56,1.41,1,0
PILOT-004965,2.0,0,4,13.31,0.36,0.5426,0.2594,9.58,1.32,1,0
PILOT-004966,32.8,3,6,16.2,0.6236,0.3621,0.6342,11.66,1.86,1,1
PILOT-004967,80.2,3,4,15.57,0.3962,0.178,0.7135,11.21,1.16,0,1
PILOT-004968,10.7,7,6,20.35,0.7651,0.7092,0.2194,14.65,2.78,1,1
PILOT-004969,54.4,2,6,13.5,0.4696,0.5802,0.5392,9.72,1.23,0,0
PILOT-004970,27.4,3,4,17.37,0.7567,0.5129,0.4835,12.51,2.25,1,0
PILOT-004971,4.2,6,4,12.3,0.6421,0.6755,0.6855,8.86,1.56,0,0
PILOT-004972,22.6,3,4,11.15,0.3756,0.6724,0.6765,8.03,1.04,0,0
PILOT-004973,15.8,4,4,19.54,0.8353,0.6127,0.3694,14.07,2.77,1,1
PILOT-004974,25.3,3,10,18.58,0.7125,0.7771,0.4639,13.38,2.34,0,0
PILOT-004975,20.9,1,8,17.95,0.7005,0.6207,0.7761,12.92,2.27,1,0
PILOT-004976,37.5,4,4,15.27,0.448,0.5916,0.3789,10.99,1.46,1,1
PILOT-004977,32.2,1,2,16.44,0.3643,0.2826,0.3855,11.84,1.46,0,0
PILOT-004978,15.9,3,7,18.21,0.8547,0.5237,0.4569,13.11,2.62,0,0
PILOT-004979,21.8,4,2,14.52,0.55,0.6477,0.7721,10.45,1.61,0,1
PILOT-004980,23.0,3,2,14.06,0.2961,0.88,0.5813,10.12,1.2,1,0
PILOT-004981,12.7,2,2,10.04,0.286,0.2148,0.5712,7.23,0.88,1,0
PILOT-004982,23.2,7,5,20.16,0.9053,0.3955,0.9065,14.52,2.95,0,1
PILOT-004983,11.3,2,6,18.33,0.6413,0.6336,0.6767,13.2,2.27,0,0
PILOT-004984,34.0,4,2,12.53,0.294,0.5249,0.3955,9.02,1.02,0,0
PILOT-004985,2.0,1,4,11.38,0.34,0.5589,0.2291,8.19,1.11,1,1
PILOT-004986,18.5,1,7,13.49,0.8376,0.2769,0.7171,9.71,1.9,0,0
PILOT-004987,32.5,1,2,9.37,0.1873,0.463,0.5024,6.75,0.67,1,1
PILOT-004988,30.8,2,1,9.57,0.4804,0.3432,0.4535,6.89,0.97,0,0
PILOT-004989,20.7,2,6,15.41,0.6495,0.4384,0.4883,11.1,1.87,1,0
PILOT-004990,14.7,2,7,16.56,0.6149,0.289,0.8105,11.92,1.99,1,1
PILOT-004991,4.8,3,2,15.56,0.7845,0.5232,0.4937,11.2,2.19,0,0
PILOT-004992,27.4,3,4,18.44,0.5679,0.4085,0.7558,13.28,2.05,0,0
PILOT-004993,42.9,2,3,11.16,0.2607,0.8002,0.6074,8.04,0.83,0,0
PILOT-004994,13.1,0,2,9.44,0.236,0.5158,0.7278,6.8,0.78,0,0
PILOT-004995,19.5,1,6,12.77,0.35,0.6032,0.6626,9.19,1.17,1,1
PILOT-004996,3.9,4,5,15.44,0.4609,0.7327,0.5271,11.12,1.68,0,0
PILOT-004997,15.8,1,5,12.0,0.4076,0.7009,0.6049,8.64,1.19,1,0
PILOT-004998,1.8,6,7,19.11,0.4305,0.5868,0.7893,13.76,2.03,0,0
PILOT-004999,74.1,4,3,13.52,0.5452,0.1363,0.7481,9.73,1.24,0,0
PILOT-005000,11.7,0,8,18.56,0.6791,0.4846,0.6973,13.36,2.37,0,0
